worker_id,word,answer
86dc19ebbd,Lawn,"grass, garden, territory"
86dc19ebbd,Maybe,"possibility, perhaps"
86dc19ebbd,Society,"civilization, culture, humanity"
86dc19ebbd,Exact,"precise, correct, accurate"
86dc19ebbd,Lonely,"feeling alone, lost, alone, friendless"
4792a552bb,Lawn,"A lawn is an area of aesthetic and recreational land planted with grasses or other durable plants, which usually are maintained at a low and consistent height. Low ornamental meadows in natural landscaping styles are a contemporary option of a lawn. In recreational contexts, the specialised names turf, pitch, field or green may be used, depending on the sport and the continent."
4792a552bb,Maybe,"Maybe may refer to:
Music

Maybe, a song written in 1926 by George and Ira Gershwin, from the musical Oh, Kay!
""Maybe"" (1935 song), a 1935 song by Allan Flynn and Frank Madden, performed by The Ink Spots, Dinah Shore and others
Maybe (The Chantels), a song first recorded by The Chantels, covered by Janis Joplin and The Shangri-Las
Maybe (Split Enz song), a 1975 song by Split Enz
Maybe (Toni Braxton song), a 2001 single by Toni Braxton
Maybe (Emma Bunton song), a 2003 single by Emma Bunton
Maybe (N*E*R*D song), a 2004 single by N*E*R*D
Maybe (Kelly Clarkson song), a 2007 song by Kelly Clarkson
Maybe (No Angels song), a 2007 single by No Angels
Maybe, a 2007 single by Opshop
Maybe (Jay Sean song), a 2008 single by Jay Sean
Maybe (Enrique Iglesias song), a single by Enrique Iglesias
Maybe, a song by Thom Pace
Maybe, a song from the musical Annie
Maybe (Ingrid Michaelson song), a song by Ingrid Michaelson
Maybe, a song by the Wonderstuff, from Never Loved Elvis
""Maybe"" (Sick Puppies song), a 2010 single by Sick Puppies from the album Tri-Polar
Maybe, a song by Secondhand Serenade
Other

Mabey, the surname
Maybee, Michigan, a village in the United States of America
Maeby Fünke (pronounced ""Maybe""), a character in the television series Arrested Development"
4792a552bb,Society,"A society, or a human society, is a group of people related to each other through persistent relations, or a large social grouping sharing the same geographical or virtual territory, subject to the same political authority and dominant cultural expectations. Human societies are characterized by patterns of relationships (social relations) between individuals who share a distinctive culture and institutions; a given society may be described as the sum total of such relationships among its constituent members. In the social sciences, a larger society often evinces stratification and/or dominance patterns in subgroups."
4792a552bb,Exact,"Definition:
 
1. correct: accurate and correct in all important details
an exact account

2. precise: precise and not allowing for any variation
a check for the exact amount

3. this and no other: used to emphasize that what is being referred to is one precise and often significant thing and not any other
on this exact spot

4. strict: rigorous and thorough
an exact argument

5. functioning accurately: characterized by precise measurements
exact instruments"
4792a552bb,Lonely,"Loneliness, the state of ""feeling lonely,"" describes a human state or feeling involving isolation, or the feeling of disconnection with others, etc. Often accompanied by a sense of yearning for connection. Usually manifests through hopes of romantic redemption in the arms of another. Lonely may also refer to:
""Lonely"", a 2006 single from Shannon Noll's second album Lift
""Lonely"", a 2005 single from Senegalese singer Akon's album Trouble.
""Lonely"", a 1998 single from Merril Bainbridge's second album Between the Days
""Lonely"", a 1997 single by Nana.
""Lonely"", a 2005 song from Líbido's studio album Lo Último que Hable Ayer
""Lonely"", a 2007 song from Bon Jovi's album Lost Highway
""Lonely"", a 2009 song from Foreigner's double album Can't Slow Down
""Lonely"", a 1988 song from Crimson Glory's album Transcendence
""Lonely"", a 1973 song from Tom Waits' debut album Closing Time
""Lonely"", a 1997 song by Peter Andre from his album Time
""Lonely (Amy's Theme)"", a 1967 song from Lovin' Spoonful's album You're a Big Boy Now
""Lonely"", a song written by Sharon Sheeley and performed by Eddie Cochran"
6be52007c6,Lawn,"plot of grass, usually tended or mowed, as one around a residence or in a park or estate."
6be52007c6,Maybe,"(a.) Possible; probable, but not sure.
(adv.) Perhaps; possibly; peradventure.
(n.) Possibility; uncertainty."
6be52007c6,Society,". The totality of social relationships among humans.
b. A group of humans broadly distinguished from other groups by mutual interests, participation in characteristic relationships, shared institutions, and a common culture.
c. The institutions and culture of a distinct self-perpetuating group.
2. An organization or association of persons engaged in a common profession, activity, or interest: a folklore society; a society of bird watchers."
6be52007c6,Exact,"The totality of social relationships among humans.
b. A group of humans broadly distinguished from other groups by mutual interests, participation in characteristic relationships, shared institutions, and a common culture.
c. The institutions and culture of a distinct self-perpetuating group.
2. An organization or association of persons engaged in a common profession, activity, or interest: a folklore society; a society of bird watchers.
3.
a. The rich, privileged, and fashionable social class.
b. The socially dominant members of a community.
4. Companionship; company: enjoys the society of friends and family members.
5. Biology A colony or community of organisms, usually of the same species: an insect society."
6be52007c6,Lonely,"Without companions; lone.
b. Characterized by aloneness; solitary.
2. Unfrequented by people; desolate: a lonely crossroads.
3.
a. Dejected by the awareness of being alone. See Synonyms at alone.
b. Producing such dejection: the loneliest night of the week."
ffd05a2b19,Lawn,a grassy growing development around ones house apartment or trailer
ffd05a2b19,Maybe,provides the question of doubt could be a yes or could be a no
ffd05a2b19,Society,a goup of people formed togeather with same and different views
ffd05a2b19,Exact,percise. to the point
ffd05a2b19,Lonely,a feeling of aloneness a feeling exhile
ce58ffe106,Lawn,"cultivated area of green grass, backyard, park, garden, green, grass, grass plot, plot, terrace, yard, acres, claim, field, garden, homestead, meadow, pasture"
ce58ffe106,Maybe,"possibly, as it may be, conceivable, can be, could be, it could be, credible, imaginably, feasible, might be, obtainable, perchance, weather, permitting, certainly, surely, definitely, by chance, in some way, good willing, apparently, unlikely impossibly, likely to happen"
ce58ffe106,Society,"humankind, people, association, civilization, commonality, community, camaraderie, commonwealth, friendship, general public, culture, humanity, population, social order, world, zoo, upper class of people, aristocracy, beautiful people, haut monde, jet set, main line, patriciate, smart set, upper crust, blue, lone, rural, underprivileged, ladylike, classless,"
ce58ffe106,Exact,"accurate, precise, correct, dead on, explicit, definite, downright, express, faultless, literal, on the money, particular, right, rigorous, sharp, true, unerring, veracious, verbatim, approximate, inaccurate, indefinite, incorrect, inexact, demand, challenge, coerce, extort, force, oblige, shake down, wring"
ce58ffe106,Lonely,"feeling, forlorn, friendless, abandoned, oneself, along, comfortless, desolate, companionless, destitute, down, estranged, forsaken, homeless, left, lone, outcast, rejected, renounced, single, unattended, unsocial, separate, apart, batching it, companionless, desolate, forsaken, hermit, isolated, lonesome, onliest, shag, solitary, solo, traveling, unaided, unattached, unescorted, widowed, together"
93a7dd374a,Lawn,"its a land, to earn money, its a symbol of royal"
93a7dd374a,Maybe,"not sure, to happend"
93a7dd374a,Society,"its a group of people, its an image of people"
93a7dd374a,Exact,"its a current item, its current value , its means sure, conform, accurate"
93a7dd374a,Lonely,"only one person, its nice feeling, more ppeople like this"
0ff6f25e1c,Lawn,it is smooth grass field
0ff6f25e1c,Maybe,something cannot be explained
0ff6f25e1c,Society,it is a demographically filled people
0ff6f25e1c,Exact,correct
0ff6f25e1c,Lonely,alone
5a97554418,Lawn,"Green grass, often surrounding someones home or a park, usually mowed and cared for often"
5a97554418,Maybe,"Perhaps, possibly,"
5a97554418,Society,"Community, a group of people with shared values, experiences, or belonging to the same group"
5a97554418,Exact,"precise, ideal, perfect, particular"
5a97554418,Lonely,"Alone, without peers, feeling of sadness or missing someone"
ab266a6b3c,Lawn,"grassy field, full of flowers, maintained for cleanliness,"
ab266a6b3c,Maybe,"not sure, element of doubt is there, is uncertain,"
ab266a6b3c,Society,"group of people, community, companionship,mixing with others,"
ab266a6b3c,Exact,"precise,accurate, definite,A degree of refinement"
ab266a6b3c,Lonely,"alone, single, without companion, isolated,habbit of some people"
2b15616b23,Lawn,grass grown infront of one's flat
2b15616b23,Maybe,not sure
2b15616b23,Society,public
2b15616b23,Exact,accurate
2b15616b23,Lonely,to be alone
d6fbaf0859,Lawn,vacant space of the property
d6fbaf0859,Maybe,"in between yes or no, not sure"
d6fbaf0859,Society,composed of group of people interacting
d6fbaf0859,Exact,quantitative property. in definite proportion
d6fbaf0859,Lonely,"a state of mind, depression and being alone"
f0e7eb5369,Lawn,grassy ground
f0e7eb5369,Maybe,possibilities
f0e7eb5369,Society,"group of family,"
f0e7eb5369,Exact,without
f0e7eb5369,Lonely,alone
5c88d6dd6c,Lawn,"a plot of grass, usually tendered or mowed, a part of a garden"
5c88d6dd6c,Maybe,"possible probable, but not sure, perhaps, uncertainty"
5c88d6dd6c,Society,"collection of individuals, a group of humans. companionship, fellowship,company"
5c88d6dd6c,Exact,"agreeing with a standard, perfectly conforming, correct in every details, strictly accurate."
5c88d6dd6c,Lonely,"alone, solitary, without companions,unfrequented by people, lone"
a878e75949,Lawn,"grass, yard, mow, mower, weed"
a878e75949,Maybe,"might, possible, can, perhaps, could be"
a878e75949,Society,"people, world, group, culture"
a878e75949,Exact,"match, precise, one, same, definite"
a878e75949,Lonely,"alone, by oneself, sad, without company"
c284e4a997,Lawn,"With grass,a pleasant,play there with kids and dogs,a greeny one."
c284e4a997,Maybe,"Not sure, either,Not a confirmation,unsure,cant believe."
c284e4a997,Society,"A formation,a body,by government or private,with members."
c284e4a997,Exact,"A particular,specifically,an outer form,"
c284e4a997,Lonely,"Without anybody,not accompanied,sometimes a joy,for mediitation."
694b2d8fb5,Lawn,"Green grass that is maintained properly , used as decorative gardening , can be seen in park , grounds etc , a soft patch of grass"
694b2d8fb5,Maybe,"used when somebody is not sure of something , used as a word of caution , to accept , not sure ,"
694b2d8fb5,Society,"the surrounding people , group of people , company ,different classes of people ,"
694b2d8fb5,Exact,"something that is dead correct ,confident in something , accurate ,precise ,"
694b2d8fb5,Lonely,"a state of being left alone , not in any group ,being single , doing something or some work by yourself , sometime it indicates sadness sometimes it may be happiness"
6d2481195c,Lawn,"lawn (noun) an area of short, regularly mown grass in the garden of a house or park."
6d2481195c,Maybe,maybe (adverb) Perhaps; possibly: | (noun) a mere possibility or probability:
6d2481195c,Society,society (noun) The aggregate of people living together in a more or less ordered community
6d2481195c,Exact,exact (adjective) Not approximated in any way; precise:
6d2481195c,Lonely,lonely (adjective) Sad because one has no friends or company: (of a place) unfrequented and remote:
64fbf86e46,Lawn,"A plot of grass, usually tended or mowed,A light cotton or linen fabric of very fine weave,a flat and usually level area of mown and cultivated grass,a piece of land cleared of trees and usually enclosed"
64fbf86e46,Maybe,"Perhaps; possibly,An uncertainty,by chance,perchance,"
64fbf86e46,Society,"The totality of social relationships among humans,A group of humans broadly distinguished from other groups by mutual interests, participation in characteristic relationships, shared institutions, and a common culture,The institutions and culture of a distinct self-perpetuating group,An organization or association of persons engaged in a common profession, activity, or interest,The rich, privileged, and fashionable social class"
64fbf86e46,Exact,"Strictly and completely in accord with fact,not deviating from truth or reality,Characterized by accurate measurements or inferences with small margins of error,not approximate,Characterized by strict adherence to standards or rules,o force the payment or yielding of,To demand and obtain by or as if by force or authority,extort,"
64fbf86e46,Lonely,"Without companions,Characterized by aloneness; solitary,Unfrequented by people; desolate,Dejected by the awareness of being alone,Producing such dejection"
646b79770b,Lawn,"field,plants,green,turf"
646b79770b,Maybe,"saying something with doubt,not correct,grammer word"
646b79770b,Society,"economic,social,industrial infrasturcture"
646b79770b,Exact,"really,perfect,correct,"
646b79770b,Lonely,"feeling lonely,the person who is sitting without anybody can say lonely."
10d4f79779,Lawn,"A plot of grass, usually tended or mowed, as one around a residence or in a park or estate, A light cotton or linen fabric of very fine weave, a flat and usually level area of mown and cultivated grass"
10d4f79779,Maybe,"Possible; probable, but not sure, Perhaps; possibly; peradventure, Possibility; uncertainty."
10d4f79779,Society,"The totality of social relationships among humans, An organization or association of persons engaged in a common profession, activity, or interest, Companionship; company"
10d4f79779,Exact,"strictly accurate or correct, precise, as opposed to approximate, admitting of no deviation, as laws or discipline; strict or rigorous."
10d4f79779,Lonely,"lacking companions or companionship, Not frequented by human beings, Having a feeling of depression or sadness resulting from the consciousness of being alon"
b245d0513e,Lawn,"grass, garden, landscaping, insects, cool surroundings, beautify area, party location, fountains"
b245d0513e,Maybe,"not certain, one possibility, options available, opinion"
b245d0513e,Society,"group of residents, association, norms, obligations, structure, companionship, mutual aid"
b245d0513e,Exact,"wholly correct, precise, correct, demand payment, without any fault"
b245d0513e,Lonely,"without company, alone, single, remote location"
0611e09ef3,Lawn,"an area of smooth , short grass , especially as part of a garden :he is mowing the lawn."
0611e09ef3,Maybe,it is possible; perhaps:may be I'll come and  may be I won't.
0611e09ef3,Society,mankind concidered as a whole:He was a danger to society.
0611e09ef3,Exact,absolutely accurate or correct in every detail;the same in every detail;precise:
0611e09ef3,Lonely,"lacking or wanting companionship :Aren't you lonely ,living by yourself."
af2803583c,Lawn,A plot of grass
af2803583c,Maybe,"probable, but not sure."
af2803583c,Society,The totality of social relationships among humans.
af2803583c,Exact,"Precisely agreeing with a standard, a fact, or the truth"
af2803583c,Lonely,lacking companions or companionship
d35bd0ad39,Lawn,"outside,pleasant,green,grass"
d35bd0ad39,Maybe,"doubt,future,sometimes negative,positive"
d35bd0ad39,Society,"everyone,pride,neigbhourhood,people"
d35bd0ad39,Exact,"same,colour,size"
d35bd0ad39,Lonely,"people,single,sad"
6535a83758,Lawn,"recreational land, cultivated area of green grass,mowed closely, created for aesthetic pleasure"
6535a83758,Maybe,"possibly, perhaps,can be,perchance,"
6535a83758,Society,"a large social group,an organized group of persons associated together, structured system of human organization,has an important role in development of a person"
6535a83758,Exact,"accurate, precise, demand,specific"
6535a83758,Lonely,"isolated, standing apart, feeling friendless, companion less, unsocial"
cc0fd23c05,Lawn,"Lawn:-  Sward, Greensward, Turf, Sod, Green"
cc0fd23c05,Maybe,"Maybe:- Perhaps, Possibly, Perchance, Mayhap, Peradventure"
cc0fd23c05,Society,"Society:- community, people, public,  Association, Intercourse, Companionship, Company, Camaraderie, Organization, Club,"
cc0fd23c05,Exact,"Exact:- Precise, Accurate, Correct, Faithful, True, Faultless, Identical, Literal, Perfect, Consummate"
cc0fd23c05,Lonely,"Lonely:- lone, alone, lonesome, single, solitary, solo, and unaccompained."
183160c664,Lawn,"Grass, green, soft, plush, somewhere to do activities"
183160c664,Maybe,"Not for certain, can't decide, won't commit"
183160c664,Society,"all the people around you, customs and rules, culture"
183160c664,Exact,"Precise, not sloppy, the right amount"
183160c664,Lonely,"Apart, sad, alone, bored, not happy"
cf8ffe2059,Lawn,"park, green"
cf8ffe2059,Maybe,"sometimes, held"
cf8ffe2059,Society,"peoples, country"
cf8ffe2059,Exact,"correct, perfect"
cf8ffe2059,Lonely,"single, separately"
dcf44e6284,Lawn,"1.
a stretch of open, grass-covered land, especially one closely mowed, as near a house, on an estate, or in a park."
dcf44e6284,Maybe,"1.
perhaps; possibly
2.
a possibility or uncertainty."
dcf44e6284,Society,"1.
an organized group of persons associated together for religious, benevolent, cultural, scientific, political, patriotic, or other purposes.
2.
a body of individuals living as members of a community; community.
3.
the body of human beings generally, associated or viewed as members of a community: the evolution of human society.
4.
a highly structured system of human organization for large-scale community living that normally furnishes protection, continuity, security, and a national identity for its members: American society.
5.
such a system characterized by its dominant economic class or form: middle-class society; industrial society."
dcf44e6284,Exact,"1.
strictly accurate or correct: an exact likeness; an exact description.
2.
precise, as opposed to approximate: the exact sum; the exact date.
3.
admitting of no deviation, as laws or discipline; strict or rigorous.
4.
capable of the greatest precision: exact instruments.
5.
characterized by or using strict accuracy: an exact thinker."
dcf44e6284,Lonely,"1.
affected with, characterized by, or causing a depressing feeling of being alone; lonesome.
2.
destitute of sympathetic or friendly companionship, intercourse, support, etc.: a lonely exile.
3.
lone;  solitary; without company; companionless.
4.
remote from places of human habitation; desolate; unfrequented; bleak: a lonely road.
5.
standing apart; isolated: a lonely tower."
df5ff96a53,Lawn,Expanse of turf or grass.
df5ff96a53,Maybe,Is possible. Might do.
df5ff96a53,Society,People of a place.
df5ff96a53,Exact,Perfect. No errors.
df5ff96a53,Lonely,Feeling of isolation.
0da623e05b,Lawn,"1.
a stretch of open, grass-covered land, especially one closely mowed, as near a house, on an estate, or in a park.
2.
Archaic . a glade.
Origin: 
1250–1300; Middle English launde  < Middle French lande  glade < Celtic;  compare Breton lann  heath. See land"
0da623e05b,Maybe,a possibility or uncertainty.
0da623e05b,Society,"1.
an organized group of persons associated together for religious, benevolent, cultural, scientific, political, patriotic, or other purposes.
2.
a body of individuals living as members of a community; community.
3.
the body of human beings generally, associated or viewed as members of a community: the evolution of human society.
4.
a highly structured system of human organization for large-scale community living that normally furnishes protection, continuity, security, and a national identity for its members: American society.
5.
such a system characterized by its dominant economic class or form: middle-class society; industrial society."
0da623e05b,Exact,"1.
strictly accurate or correct: an exact likeness; an exact description.
2.
precise, as opposed to approximate: the exact sum; the exact date.
3.
admitting of no deviation, as laws or discipline; strict or rigorous.
4.
capable of the greatest precision: exact instruments.
5.
characterized by or using strict accuracy: an exact thinker."
0da623e05b,Lonely,"affected with, characterized by, or causing a depressing feeling of being alone; lonesome.
2.
destitute of sympathetic or friendly companionship, intercourse, support, etc.: a lonely exile.
3.
lone;  solitary; without company; companionless.
4.
remote from places of human habitation; desolate; unfrequented; bleak: a lonely road.
5.
standing apart; isolated: a lonely tower."
43f7e46034,Lawn,"A lawn is an area of aesthetic and recreational land planted with grasses or other durable plants, which usually are maintained at a low and consistent height. Low ornamental meadows in natural landscaping styles are a contemporary option of a lawn. In recreational contexts, the specialised names turf, pitch, field or green may be used, depending on the sport and the continent.
A garden with a lawn
Contents
 [hide] 

    1 Uses
    2 Lawn care and maintenance
        2.1 Planting/seeding
        2.2 Fertilizers and chemicals
        2.3 Mowing and other maintenance practices
    3 History
    4 Types of lawn plants
        4.1 Grasses
            4.1.1 Cool season grasses
            4.1.2 Warm season grasses
        4.2 Grass alternatives
        4.3 Ground cover alternatives
    5 Environmental concerns
        5.1 Water conservation
    6 See also
        6.1 Lawns
        6.2 Gardening
    7 References
    8 Further reading
    9 External links

[edit] Uses

Lawns are a common feature of private gardens, public landscapes and parks in many parts of the world. They are created for aesthetic pleasure, as well as for sports or other outdoor recreational use. Lawns are useful as a playing surface both because they mitigate erosion and dust generated by intensive foot traffic and because they provide a cushion for players in sports such as rugby, football, soccer, cricket, baseball, golf, tennis, hockey and lawn bocce.
[edit] Lawn care and maintenance

Seasonal lawn establishment and care varies depending on the climate zone and type of lawn grown.
[edit] Planting/seeding
Broadcast spreaders can be attached to tractors or ATVs to spread seed or fertilizer
Aeration is one of the keys to growing a healthy lawn

Early autumn, spring, and early summer are the primary seasons to seed, lay sod, plant 'liners', or 'sprig' new lawns, when the soil is warmer and air cooler. Seeding is the least expensive, but takes longer for the lawn to establish; deeper rooting, though, can make for a more durable lawn. Aerating just before planting/seeding will promote deeper root growth and will help thicken turf.

Sodding provides an almost 'instant lawn', and can be planted in most temperate climates in any season, but is more expensive and more vulnerable to drought. Hydroseeding is a quick, less expensive method of planting large, sloped or hillside landscapes. Some grasses and sedges are available and planted from 'liner' and 4-inch (100 mm) containers, from 'flats', 'plugs' or 'sprigs', and are planted apart to grow together.
[edit] Fertilizers and chemicals

Various organic and inorganic or synthetic fertilizers are available, with instant or time-release applications. Pesticides, which includes biological and chemical herbicides, insecticides and fungicides, are available. Consideration for their effects on the lawn and garden ecosystem, and via runoff and dispersion on the surrounding environment, can constrain their use. For example, the Canadian province of Quebec and over 130 municipalities prohibit the use of synthetic lawn pesticides.In order for the lawn to grow and flourish, the soil must be prepared properly. If this step is overlooked as many do, the lawn will burn out as soon as it runs out of nutrients. [1][1] The Ontario provincial government promised on September 24, 2007 to also implement a province-wide ban on the cosmetic use of lawn pesticides, for protecting the public. Medical and environmental groups support such a ban.[2] On April 22, 2008, the Provincial Government of Ontario announced that it will pass legislation that will prohibit, province-wide, the cosmetic use and sale of lawn and garden pesticides.[3] The Ontario legislation would also echo Massachusetts law requiring pesticide manufacturers to reduce the toxins they use in production.[4]

Sustainable gardening uses organic horticulture methods, such as organic fertilizers, biological pest control, beneficial insects, and companion planting, among other methods, to sustain an attractive lawn in a safe garden. An example of an organic herbicide is corn gluten meal, which releases an 'organic dipeptide' into the soil to inhibit root formation of germinating weed seeds. An insecticide alternative example is applying beneficial nematodes to combat grubs. The Integrated Pest Management approach is a coordinated low impact approach.[5]
[edit] Mowing and other maintenance practices
Dethatching removes dead grass and decomposing materials that build up in a lawn
Lawn sweepers clean up debris from dethatching in addition to leaves, twigs, pine needles, etc.

Maintaining a rough lawn requires only occasional cutting with a suitable machine, or grazing by animals. Social pressure from neighbors and local municipal ordinances commonly require homeowners to keep grass cut.[6]

Summer lawn care requires raising the lawn mower for cool season grasses, and lowering it for warm season lawns. Lawns will require longer and more frequent watering, best done in early morning to encourage a stronger root system. This is also the time to apply an all-purpose fertilizer. During the hot summer months, lawns may be susceptible to fungal disease. It is advisable to take a sod sample to a local landscape expert for testing and treating the yard, if necessary.

In the autumn, lawns can be mowed at a lower height, and thatch buildup that occurs in warm season grasses should be removed, although lawn experts are divided in their opinions on this. This is also a good time to add a sandy loam and apply a fertilizer containing some type of wetting agent. Cool season lawns can be planted in autumn if there is adequate rainfall.

Lawn care in the winter is minimal, requiring only light feedings of organic material, such as green-waste compost, and minerals to encourage earthworms and beneficial microbes.

Maintaining high visibility lawns may require special maintenance procedures:

    Mowing regularly with a sharp blade at an even height
    Not mowing when the lawn is wet
    Removing no more than 30% to 40% of the plant tissue
    Alternating the direction of cut from the previous mowing
    Scarifying/dethatching and sweeping/raking (to remove dead grass, leaves, and other debris, and to prevent tufting)
    Rolling, (to encourage tillering (branching of grass plants) and to level the ground)
    Top dressing with sand, soil or other material
    Aeration with a spike aerator or plug/core aerator (to relieve compaction of the soil and allow greater absorption of nutrients)
    Seeding to cover patchy areas and maintain thick turf

[edit] History

Lawns may have originated as grassed enclosures within early medieval settlements used for communal grazing of livestock, as distinct from fields reserved for agriculture. The word ""laune"" is first attested in 1540,[7] and is likely related to the Celtic Brythonic word lan/llan/laun, which has the meaning of enclosure, often in relation to a place of worship. Lawns became popular with the aristocracy in northern Europe from the Middle Ages onward. The early lawns were not always distinguishable from pasture fields. It is speculated the association between the word ""pasture"" and biblical mentions made lawns a cultural affinity for some. The damp climate of maritime Western Europe in the north made lawns possible to grow and manage. They were not a part of gardens in other regions and cultures of the world until contemporary influence.

Before the invention of mowing machines in 1830, lawns were managed very differently. They were an element of wealthy estates and manor houses, and in some places were maintained by the labor-intensive methods of scything and shearing. In most situations, they were also pasture land maintained through grazing by sheep or other livestock. Areas of grass grazed regularly by rabbits, horses or sheep over a long period often form a very low, tight sward similar to a modern lawn. This was the original meaning of the word ""lawn"", and the term can still be found in place names. Some forest areas where extensive grazing is practiced still have these seminatural lawns. For example, in the New Forest, England, such grazed areas are common, and are known as lawns, for example Balmer Lawn.
A striped lawn effect, from mowing in alternating directions

It was not until the Tudor and Elizabethan times that the garden and the lawn became a place created first as walkways and social areas. They were made up of meadow plants, such as camomile, a particular favorite. In the early 17th century, the Jacobean epoch of gardening began; during this period, the closely cut ""English"" lawn was born. By the end of this period, the English lawn was a symbol of status of the aristocracy and gentry.

In the early 18th century, landscape gardening entered another design style. William Kent and Lancelot ""Capability"" Brown brought the landscape garden style into popularity. Lawns appeared to flow from the garden into the outer reaches of the estate landscape. The open ""English style"" of parkland first spread across Britain and Ireland, and then across Europe, such as the Garden à la française being replaced by the French landscape garden.

In the 1870s, lawns began to appear beyond affluent properties and city parks. Most people had neither the hired labor nor leisure time to cut a field of grass with scythes, and most raised vegetables and flowers. During the Victorian era, as more plants were introduced and available horticulturally in Europe, lawns became smaller, as flower beds were created and filled with perennials, sculptures, and water features. At the end of the 19th century, suburban development with land around residences began. With sprinkler technology, improved and mass-produced lawn mowers, new expectations about gardens, and a shorter working week, lawns came of age in the U.S. and northern Europe. Through the 20th century, western landscape influence brought the lawn to many parts of the world.
[edit] Types of lawn plants

Lawns need not be, and have not always been, made up of grasses alone. Other plants for lawn-like usable garden areas are sedges, low herbs and wildflowers, and ground covers that can be walked upon.
The area on the right was not mowed since the previous autumn.

Thousands of varieties of grasses and grasslike plants are used for lawns, each adapted to specific conditions of precipitation and irrigation, seasonal temperatures, and sun/shade tolerances. Plant hybridizers and botanists are constantly creating and finding improved varieties of the basic species and new ones, often more economical and environmentally sustainable by needing less water, fertilizer, pest and disease treatments, and maintenance. The three basic categories are cool season grasses, warm season grasses, and grass alternatives.
[edit] Grasses

Many different species of grass are used, depending on the intended use and the climate. Coarse grasses are used where active sports are played, and finer grasses are used for ornamental lawns for their visual effects. Some grasses are adapted to oceanic climates with cooler summers, and others to tropical and continental climates with hotter summers. Often, a mix of grass or low plant types is used to form a stronger lawn when one type does better in the warmer seasons and the other in the colder ones. This mixing is taken further by a form of grass breeding which produces what are known as cultivars. A cultivar[8] is a cross-breed of two different varieties of grass and aims to combine certain traits taken from each individual breed. This creates a new strain which can be very specialised, suited to a particular environment, such as low water, low light or low nutrient.
[edit] Cool season grasses

Cool season grasses start growth at 5 °C (41 °F), and grow at their fastest rate when temperatures are between 10 °C (50 °F) and 25 °C (77 °F), in climates that have relatively mild/cool summers, with two periods of rapid growth in the spring and autumn.[9] They retain their color well in extreme cold and typically grow very dense, carpetlike lawns with relatively little thatch.

    Conventional selections:
        Bluegrass (Poa spp.)
        Bentgrass (Agrostis spp.)
        Ryegrasses (Lolium spp.)
        Fescues (Festuca spp., hybrids, and cultivars)

    Native plant regional selections (for taller lawns):
        Red fescues (Festuca rubra)
        Feather reed grass (Calamogrostis spp.)
        Tufted hair grass (Deschampsia spp.)

[edit] Warm season grasses

Warm season grasses only start growth at temperatures above 10 °C (50 °F), and grow fastest when temperatures are between 25 °C (77 °F) and 35 °C (95 °F), with one long growth period over the spring and summer (Huxley 1992). They often go dormant in cooler months, turning shades of tan or brown. Many warm season grasses are quite drought tolerant, and can handle very high summer temperatures, although temperatures below −15 °C (5 °F) can kill most southern ecotype warm season grasses. The northern varieties, such as buffalograss and blue grama, are hardy to 45 °C (113 °F).

    Zoysiagrass (Zoysia spp.)
    Bermudagrass (Cynodon spp.)
    St. Augustine grass
    Bahiagrass (Paspalum)
    Centipedegrass (Eremachloa)
    Carpetgrass (Axonopus)
    Buffalograss (drought tolerant)
    Grama grass

[edit] Grass alternatives

Carex species and cultivars are well represented in the horticulture industry as 'sedge' alternatives for 'grass' in mowed lawns and garden meadows. Both low growing and spreading ornamental cultivars and native species are used in for sustainable landscaping as low maintenance and drought tolerant grass replacements for lawns and garden meadows. wildland habitat restoration projects and natural landscaping and gardens use them also for 'user friendly' areas. The J. Paul Getty Museum has used Carex pansa (meadow sedge) and Carex praegracilis (dune sedge) expansively in the Sculpture Gardens in Los Angeles.[10]

    Some lower sedges used are:

    Carex caryophyllea (cultivar 'The Beatles')
    C. divulsa (Berkeley sedge)[10]
    C. glauca (blue sedge) (syn. C. flacca)
    C. pansa (meadow sedge)[10]
    C. praegracilis (dune sedge)[10]
    C. subfusca (mountain sedge)[10]
    C. tumulicola (foothill sedge) (cultivar 'Santa Cruz Mnts. selection')[10][10][11]
    C. uncifolia (ruby sedge)

[edit] Ground cover alternatives

Some lawns are replaced with low ground covers, such as creeping thyme, camomile, Lippia, purple flowering Mazus, grey Dymondia, creeping sedums, and creeping jenny.[12] Other alternatives to lawns include meadows, drought tolerant xeriscape gardens, natural landscapes, native plant habitat gardens, paved Spanish courtyard and patio gardens, butterfly gardens, rain gardens, and kitchen gardens. Trees and shrubs in close proximity to lawns provide habitat for birds in traditional, cottage and wildlife gardens.
[edit] Environmental concerns

Concerns, criticisms, and ordinances regarding lawns come from the environmental consequences:

    Most lawns are composed of a monoculture (single species) of plants, which reduces biodiversity, especially when the lawn covers a large area. They usually are composed of introduced species not native to the area, which can further decrease a locale's biodiversity and vital habitats supporting an ecosystem.
    Lawn maintenance often uses inorganic fertilizers, synthetic pesticides, herbicides, and fungicides, which can harm the environment. The United States Environmental Protection Agency has estimated[when?] nearly 70,000,000 pounds (32,000,000 kg) of active pesticide ingredients are used on suburban lawns each year in the United States.[13]
        For example, Sweden, Denmark, Norway, Kuwait, and Belize have placed restrictions on the use of the herbicide 2,4-D.
    The use of pesticides and fertilizers, requiring fossil fuels for manufacturing, distribution, and application, have been shown to contribute to global warming, whereas sustainable organic techniques have been shown to help reduce global warming.[14]

A lawn sprinkler
[edit] Water conservation

Maintaining a green lawn sometimes requires large amounts of water. This was not a problem in temperate England, where the concept of the lawn originated, as natural rainfall was sufficient to maintain a lawn's health. The exportation of the lawn ideal to more arid regions of the world, however, such as the U.S. Southwest and Australia, has crimped already scarce water resources in such areas, requiring larger, more environmentally invasive water supply systems. Grass typically goes dormant during cold, winter months, and turns brown during hot, dry summer months, thereby reducing its demand for water. Many property owners consider this ""dead"" appearance unacceptable, and therefore increase watering during the summer months. Grass can also recover quite well from a drought.

In the United States, 50 to 70% of residential water is used for landscaping, most of it to water lawns.[13] A 2005 NASA study found over 30 million acres (120,000 km2) of irrigated lawn in the US (128,000 km2 or 12,800,000 hectares), three times the area of irrigated corn.[15]
“ 	That means about 200 gallons of fresh, usually drinking-quality water per person per day would be required to keep up our nation's lawn surface area. 	”

In the United States, lawn heights are generally maintained by gasoline-powered lawnmowers, which contribute to urban smog during the summer months. The EPA found, in some urban areas, up to 5% of smog was due to small gasoline engines made before 1997, such as are typically used on lawnmowers. Since 1997, the EPA has mandated emissions controls on newer engines in an effort to reduce smog.[16]

A 2010 study seemed to show lawn care inputs were balanced by the carbon sequestration benefits of lawns, and they may not be contributors to anthropogenic global warming.[17][18]

With the use of ecological techniques including organic lawn management, the impact of lawns can be reduced. Such methods include the use of native grasses, sedges, and low herbs; higher mowing techniques; low volume irrigation, 'grasscycling' grass clippings in place; an integrated pest management program; exclusive organic fertilizer and compost use; and including a variety of trees, shrubs, perennials, and other plants surrounding the lawn. A positive benefit of a healthy lawn is it filters contaminants and prevents runoff and erosion of bare soil.

In addition to the environmental criticisms, some gardeners question the aesthetic value of lawns, especially in climates and cultures different from the lawn's homeland in England.
[edit] See also
[edit] Lawns

    Grasses
    Grasslands
    Lawn topics
    Lawn sweeper
    Lawn aerator
    Organic lawn management

[edit] Gardening

    Gardening
    Organic gardening
    Organic horticulture
    Sustainable gardening
    Sustainable landscaping
    List of organic gardening and farming topics with links"
43f7e46034,Maybe,"Maybe may refer to:
[edit] Music

    Maybe, a song written in 1926 by George and Ira Gershwin, from the musical Oh, Kay!
    ""Maybe"" (1935 song), a 1935 song by Allan Flynn and Frank Madden, performed by The Ink Spots, Dinah Shore and others
    Maybe (The Chantels), a song first recorded by The Chantels, covered by Janis Joplin and The Shangri-Las
    Maybe (Split Enz song), a 1975 song by Split Enz
    Maybe (Toni Braxton song), a 2001 single by Toni Braxton
    Maybe (Emma Bunton song), a 2003 single by Emma Bunton
    Maybe (N*E*R*D song), a 2004 single by N*E*R*D
    Maybe (Kelly Clarkson song), a 2007 song by Kelly Clarkson
    Maybe (No Angels song), a 2007 single by No Angels
    Maybe, a 2007 single by Opshop
    Maybe (Jay Sean song), a 2008 single by Jay Sean
    Maybe (Enrique Iglesias song), a single by Enrique Iglesias
    Maybe, a song by Thom Pace
    Maybe, a song from the musical Annie
    Maybe (Ingrid Michaelson song), a song by Ingrid Michaelson
    Maybe, a song by the Wonderstuff, from Never Loved Elvis
    ""Maybe"" (Sick Puppies song), a 2010 single by Sick Puppies from the album Tri-Polar
    Maybe, a song by Secondhand Serenade

[edit] Other

    Mabey, the surname
    Maybee, Michigan, a village in the United States of America
    Maeby Fünke (pronounced ""Maybe""), a character in the television series Arrested Development

[edit] See also

    All pages beginning with ""Maybe""
    All pages with titles containing ""Maybe""
    ""Maybe We Should Call It a Day"", 1998 song/single by Hazell Dean
    Definitely Maybe, 1994 debut album by English rock band Oasis
    ""Possibly Maybe"", 1995 song by Björk
    Absolutely (disambiguation)
    Definitely (disambiguation)
    Possible (disambiguation)
    Probably (disambiguation)
    Somewhat"
43f7e46034,Society,"A society, or a human society, is a group of people related to each other through persistent relations, or a large social grouping sharing the same geographical or virtual territory, subject to the same political authority and dominant cultural expectations. Human societies are characterized by patterns of relationships (social relations) between individuals who share a distinctive culture and institutions; a given society may be described as the sum total of such relationships among its constituent members. In the social sciences, a larger society often evinces stratification and/or dominance patterns in subgroups.
Canis lupus social ethology
Ant (formicidae) social ethology

Insofar as it is collaborative, a society can enable its members to benefit in ways that would not otherwise be possible on an individual basis; both individual and social (common) benefits can thus be distinguished, or in many cases found to overlap.

A society can also consist of like-minded people governed by their own norms and values within a dominant, larger society. This is sometimes referred to as a subculture, a term used extensively within criminology.

More broadly, a society may be described as an economic, social, or industrial infrastructure, made up of a varied collection of individuals. Members of a society may be from different ethnic groups. A society can be a particular ethnic group, such as the Saxons; a nation state, such as Bhutan; or a broader cultural group, such as a Western society. The word society may also refer to an organized voluntary association of people for religious, benevolent, cultural, scientific, political, patriotic, or other purposes. A ""society"" may even, though more by means of metaphor, refer to a social organism such as an ant colony or any cooperative aggregate such as, for example, in some formulations of artificial intelligence.
Contents
 [hide] 

    1 Etymology and usage
    2 Conceptions of society
        2.1 In anthropology
        2.2 In political science
        2.3 In sociology
    3 Types of societies
        3.1 Pre-industrial societies
        3.2 Industrial societies
        3.3 Post-industrial societies
    4 Contemporary usage
        4.1 Western society
        4.2 Information society
        4.3 Knowledge society
        4.4 Other uses
    5 See also
    6 Further reading
    7 Notes
    8 External links

[edit] Etymology and usage

The term ""society"" came from the Latin word societas, which in turn was derived from the noun socius (""comrade, friend, ally""; adjectival form socialis) used to describe a bond or interaction among parties that are friendly, or at least civil. Without an article, the term can refer to the entirety of humanity (also: ""society in general"", ""society at large"", etc.), although those who are unfriendly or uncivil to the remainder of society in this sense may be deemed to be ""antisocial"". Adam Smith wrote that a society ""may subsist among different men, as among different merchants, from a sense of its utility without any mutual love or affection, if only they refrain from doing injury to each other.""[1]

Used in the sense of an association, a society is a body of individuals outlined by the bounds of functional interdependence, possibly comprising characteristics such as national or cultural identity, social solidarity, language, or hierarchical organization.
[edit] Conceptions of society

Society, in general, addresses the fact that an individual has rather limited means as an autonomous unit. The Great apes have always been more (Bonobo, Homo, Pan) or less (Gorilla, Pongo) social animals, so Robinson Crusoe-like situations are either fictions or unusual corner cases to the ubiquity of social context for humans, who fall between presocial and eusocial in the spectrum of animal ethology.
[edit] In anthropology
A half-section of the 12th-century Song Dynasty version of Night Revels of Han Xizai, original by Gu Hongzhong. The painting portrays servants, musicians, monks, children, guests, and hosts all in a single social environment. It serves as an in-depth look into the Chinese social structure of the time.

Human societies are most often organized according to their primary means of subsistence. Social scientists have identified hunter-gatherer societies, nomadic pastoral societies, horticulturalist or simple farming societies, and intensive agricultural societies, also called civilizations. Some consider industrial and post-industrial societies to be qualitatively different from traditional agricultural societies.

Today, anthropologists and many social scientists vigorously oppose the notion of cultural evolution and rigid ""stages"" such as these. In fact, much anthropological data has suggested that complexity (civilization, population growth and density, specialization, etc.) does not always take the form of hierarchical social organization or stratification.[citation needed]

Cultural relativism as a widespread approach or ethic has largely replaced notions of ""primitive"", better/worse, or ""progress"" in relation to cultures (including their material culture/technology and social organization).

According to anthropologist Maurice Godelier, one critical novelty in human society, in contrast to humanity's closest biological relatives (chimpanzees and bonobo), is the parental role assumed by the males, which supposedly would be absent in our nearest relatives for whom paternity is not generally determinable.[2][3]
[edit] In political science

Societies may also be organized according to their political structure. In order of increasing size and complexity, there are bands, tribes, chiefdoms, and state societies. These structures may have varying degrees of political power, depending on the cultural, geographical, and historical environments that these societies must contend with. Thus, a more isolated society with the same level of technology and culture as other societies is more likely to survive than one in closer proximity to others that may encroach on their resources. A society that is unable to offer an effective response to other societies it competes with will usually be subsumed into the culture of the competing society.
[edit] In sociology

Sociologist Gerhard Lenski differentiates societies based on their level of technology, communication, and economy: (1) hunters and gatherers, (2) simple agricultural, (3) advanced agricultural, (4) industrial, and (5) special (e.g. fishing societies or maritime societies).[4] This is similar to the system earlier developed by anthropologists Morton H. Fried, a conflict theorist, and Elman Service, an integration theorist, who have produced a system of classification for societies in all human cultures based on the evolution of social inequality and the role of the state. This system of classification contains four categories:

    Hunter-gatherer bands (categorization of duties and responsibilities).
    Tribal societies in which there are some limited instances of social rank and prestige.
    Stratified structures led by chieftains.
    Civilizations, with complex social hierarchies and organized, institutional governments.

In addition to this there are:

    Humanity, mankind, upon which rest all the elements of society, including society's beliefs.
    Virtual society, a society based on online identity, which is evolving in the information age.

Over time, some cultures have progressed toward more complex forms of organization and control. This cultural evolution has a profound effect on patterns of community. Hunter-gatherer tribes settled around seasonal food stocks to become agrarian villages. Villages grew to become towns and cities. Cities turned into city-states and nation-states.[5]

Many societies distribute largess at the behest of some individual or some larger group of people. This type of generosity can be seen in all known cultures; typically, prestige accrues to the generous individual or group. Conversely, members of a society may also shun or scapegoat members of the society who violate its norms. Mechanisms such as gift-giving, joking relationships and scapegoating, which may be seen in various types of human groupings, tend to be institutionalized within a society. Social evolution as a phenomenon carries with it certain elements that could be detrimental to the population it serves.

Some societies bestow status on an individual or group of people when that individual or group performs an admired or desired action. This type of recognition is bestowed in the form of a name, title, manner of dress, or monetary reward. In many societies, adult male or female status is subject to a ritual or process of this type. Altruistic action in the interests of the larger group is seen in virtually all societies. The phenomena of community action, shunning, scapegoating, generosity, shared risk, and reward are common to many forms of society.
[edit] Types of societies

Societies are social groups that differ according to subsistence strategies, the ways that humans use technology to provide needs for themselves. Although humans have established many types of societies throughout history, anthropologists tend to classify different societies according to the degree to which different groups within a society have unequal access to advantages such as resources, prestige, or power. Virtually all societies have developed some degree of inequality among their people through the process of social stratification, the division of members of a society into levels with unequal wealth, prestige, or power. Sociologists place societies in three broad categories: pre-industrial, industrial, and postindustrial.
[edit] Pre-industrial societies

In a pre-industrial society, food production, which is carried out through the use of human and animal labor, is the main economic activity. These societies can be subdivided according to their level of technology and their method of producing food. These subdivisions are hunting and gathering, pastoral, horticultural, agricultural, and feudal.

Hunting and gathering societies

The main form of food production in such societies is the daily collection of wild plants and the hunting of wild animals. Hunter-gatherers move around constantly in search of food. As a result, they do not build permanent villages or create a wide variety of artifacts, and usually only form small groups such as bands and tribes. However, some hunting and gathering societies in areas with abundant resources (such as the Tlingit) lived in larger groups and formed complex hierarchical social structures such as chiefdoms. The need for mobility also limits the size of these societies. They generally consist of fewer than 60 people and rarely exceed 100. Statuses within the tribe are relatively equal, and decisions are reached through general agreement. The ties that bind the tribe are more complex than those of the bands. Leadership is personal—charismatic—and used for special purposes only in tribal society. There are no political offices containing real power, and a chief is merely a person of influence, a sort of adviser; therefore, tribal consolidations for collective action are not governmental. The family forms the main social unit, with most societal members being related by birth or marriage. This type of organization requires the family to carry out most social functions, including production and education.

Pastoral societies

Pastoralism is a slightly more efficient form of subsistence. Rather than searching for food on a daily basis, members of a pastoral society rely on domesticated herd animals to meet their food needs. Pastoralists live a nomadic life, moving their herds from one pasture to another. Because their food supply is far more reliable, pastoral societies can support larger populations. Since there are food surpluses, fewer people are needed to produce food. As a result, the division of labor (the specialization by individuals or groups in the performance of specific economic activities) becomes more complex. For example, some people become craftworkers, producing tools, weapons, and jewelry. The production of goods encourages trade. This trade helps to create inequality, as some families acquire more goods than others do. These families often gain power through their increased wealth. The passing on of property from one generation to another helps to centralize wealth and power. Over time emerge hereditary chieftainships, the typical form of government in pastoral societies.

Horticultural societies

Fruits and vegetables grown in garden plots that have been cleared from the jungle or forest provide the main source of food in a horticultural society. These societies have a level of technology and complexity similar to pastoral societies. Some horticultural groups use the slash-and-burn method to raise crops. The wild vegetation is cut and burned, and ashes are used as fertilizers. Horticulturists use human labor and simple tools to cultivate the land for one or more seasons. When the land becomes barren, horticulturists clear a new plot and leave the old plot to revert to its natural state. They may return to the original land several years later and begin the process again. By rotating their garden plots, horticulturists can stay in one area for a fairly long period of time. This allows them to build semipermanent or permanent villages. The size of a village's population depends on the amount of land available for farming; thus villages can range from as few as 30 people to as many as 2000.

As with pastoral societies, surplus food leads to a more complex division of labor. Specialized roles in horticultural societies include craftspeople, shamans (religious leaders), and traders. This role specialization allows people to create a wide variety of artifacts. As in pastoral societies, surplus food can lead to inequalities in wealth and power within horticultural political systems are developed because of the settled nature of horticultural life.

Agricultural societies

Agricultural societies use technological advances to cultivate crops over a large area. Sociologists use the phrase Agricultural Revolution to refer to the technological changes that occurred as long as 8,500 years ago that led to cultivating crops and raising farm animals. Increases in food supplies then led to larger populations than in earlier communities. This meant a greater surplus, which resulted in towns that became centers of trade supporting various rulers, educators, craftspeople, merchants, and religious leaders who did not have to worry about locating nourishment.

Greater degrees of social stratification appeared in agricultural societies. For example, women previously had higher social status because they shared labor more equally with men. In hunting and gathering societies, women even gathered more food than men. However, as food stores improved and women took on lesser roles in providing food for the family, they increasingly became subordinate to men. As villages and towns expanded into neighboring areas, conflicts with other communities inevitably occurred. Farmers provided warriors with food in exchange for protection against invasion by enemies. A system of rulers with high social status also appeared. This nobility organized warriors to protect the society from invasion. In this way, the nobility managed to extract goods from “lesser” members of society.
Cleric, knight and Peasant; an example of feudal societies

Feudal societies

Feudalism was a form of society based on ownership of land. Unlike today's farmers, vassals under feudalism were bound to cultivating their lord's land. In exchange for military protection, the lords exploited the peasants into providing food, crops, crafts, homage, and other services to the landowner. The caste system of feudalism was often multigenerational; the families of peasants may have cultivated their lord's land for generations.

Between the 14th and 16th centuries, a new economic system emerged that began to replace feudalism. Capitalism is marked by open competition in a free market, in which the means of production are privately owned. Europe's exploration of the Americas served as one impetus for the development of capitalism. The introduction of foreign metals, silks, and spices stimulated great commercial activity in European societies; as a result, hereditary chieftainships are prevalent.
[edit] Industrial societies
Main article: Industrial societies

Industrial societies rely heavily on machines powered by fuels for the production of goods. This produced further dramatic increases in efficiency. The increased efficiency of production of the industrial revolution produced an even greater surplus than before. Now the surplus was not just agricultural goods, but also manufactured goods. This larger surplus caused all of the changes discussed earlier in the domestication revolution to become even more pronounced.

Once again, the population boomed. Increased productivity made more goods available to everyone. However, inequality became even greater than before. The breakup of agricultural-based feudal societies caused many people to leave the land and seek employment in cities. This created a great surplus of labor and gave capitalists plenty of laborers who could be hired for extremely low wages.
[edit] Post-industrial societies
Main article: Post-industrial society

Postindustrial societies are societies dominated by information, services, and high technology more than the production of goods. Advanced industrial societies are now seeing a shift toward an increase in service sectors over manufacturing and production. The U.S. is the first country to have over half of its work force employed in service industries. Service industries include government, research, education, health, sales, law, banking, and so on. It is still too early to identify and understand all the ramifications this new kind of society will have for social life. In fact, even the phrase ""postindustrial"" belies the fact that we don't yet quite know what will follow industrial societies or the forms they will take.
[edit] Contemporary usage

The term ""society"" is currently used to cover both a number of political and scientific connotations as well as a variety of associations.
[edit] Western society
Main article: Western world

The development of the Western world has brought with it the emerging concepts of Western culture, politics, and ideas, often referred to simply as ""Western society. Geographically, it covers at the very least the countries of Western Europe, North America, Australia, and New Zealand. It sometimes also includes Eastern Europe, South America, and Israel.

The cultures and lifestyles of all of these stem from Western Europe. They all enjoy relatively strong economies and stable governments, allow freedom of religion, have chosen democracy as a form of governance, favor capitalism and international trade, are heavily influenced by Judeo-Christian values, and have some form of political and military alliance or cooperation.[6]
[edit] Information society
World Summit on the Information Society, Geneva
Main article: Information society

Although the concept of information society has been under discussion since the 1930s, in the modern world it is almost always applied to the manner in which information technologies have impacted society and culture. It therefore covers the effects of computers and telecommunications on the home, the workplace, schools, government, and various communities and organizations, as well as the emergence of new social forms in cyberspace.[7]

One of the European Union's areas of interest is the information society. Here policies are directed towards promoting an open and competitive digital economy, research into information and communication technologies, as well as their application to improve social inclusion, public services, and quality of life.[8]

The International Telecommunications Union's World Summit on the Information Society in Geneva and Tunis (2003 and 2005) has led to a number of policy and application areas where action is required.[9] These include:

    promotion of ICTs for development;
    information and communication infrastructure;
    access to information and knowledge;
    capacity building;
    building confidence and security in the use of ICTs;
    enabling environment;
    ICT applications in the areas of government, business, learning, health, employment, environment, agriculture and science;
    cultural and linguistic diversity and local content;
    media;
    ethical dimensions of the information society; and
    international and regional cooperation.

[edit] Knowledge society
The Seoul Cyworld control room

As access to electronic information resources increased at the beginning of the 21st century, special attention was extended from the information society to the knowledge society. An analysis by the Irish government stated, ""The capacity to manipulate, store and transmit large quantities of information cheaply has increased at a staggering rate over recent years. The digitisation of information and the associated pervasiveness of the Internet are facilitating a new intensity in the application of knowledge to economic activity, to the extent that it has become the predominant factor in the creation of wealth. As much as 70 to 80 percent of economic growth is now said to be due to new and better knowledge.""[10]

The Second World Summit on the Knowledge Society, held in Chania, Crete, in September 2009, gave special attention to the following topics:[11]

    business and enterprise computing;
    technology-enhanced learning;
    social and humanistic computing;
    culture, tourism and technology;
    e-government and e-democracy;
    innovation, sustainable development, and strategic management;
    service science, management, and engineering;
    intellectual and human capital development;
    ICTs for ecology and the green economy;
    future prospects for the knowledge society; and
    technologies and business models for the creative industries.

[edit] Other uses

People of many nations united by common political and cultural traditions, beliefs, or values are sometimes also said to form a society (such as Judeo-Christian, Eastern, and Western). When used in this context, the term is employed as a means of contrasting two or more ""societies"" whose members represent alternative conflicting and competing worldviews.

Some academic, professional, and scientific associations describe themselves as societies (for example, the American Mathematical Society, the American Society of Civil Engineers, or the Royal Society).

In some countries, e.g. the United States, France, and Latin America, the term ""society' is used in commerce to denote a partnership between investors or the start of a business. In the United Kingdom, partnerships are not called societies, but co-operatives or mutuals are often known as societies (such as friendly societies and building societies)."
43f7e46034,Exact,"""Exact"" redirects here. For the exact sciences, see Exact science.
""Extort"" redirects here. For the album by KMFDM, see XTORT.

Extortion (also called shakedown, outwresting, and exaction) is a criminal offence which occurs when a person unlawfully obtains either money, property or services from a person(s), entity, or institution, through coercion. Refraining from doing harm is sometimes euphemistically called protection. Extortion is commonly practiced by organized crime groups. The actual obtainment of money or property is not required to commit the offense. Making a threat of violence which refers to a requirement of a payment of money or property to halt future violence is sufficient to commit the offense. Exaction refers not only to extortion or the unlawful demanding and obtaining of something through force,[1] but additionally, in its formal definition, means the infliction of something such as pain and suffering or making somebody endure something unpleasant.[2]

In the United States, extortion may also be committed as a federal crime across a computer system, phone, by mail or in using any instrument of ""interstate commerce"". Extortion requires that the individual sent the message ""willingly"" and ""knowingly"" as elements of the crime. The message only has to be sent (but does not have to reach the intended recipient) to commit the crime of extortion.

Extortion is distinguished from robbery. In ""strong arm"" robbery, the offender takes goods from the victim with use of immediate force. In ""robbery"" goods are taken or an attempt is made to take the goods against the will of another—with or without force. A bank robbery or extortion of a bank can be committed by a letter handed by the criminal to the teller. (Comedian Artie Lange was accused and charged with extortion after he handed a bank teller a note claiming he had a weapon and would use it if the bank did not give him $10,000 in unmarked bills; Lange later explains it was simply a joke to flirt with the bank teller and was released shortly after incarceration).[citation needed] In extortion, the victim is threatened to hand over goods, or else damage to their reputation or other harm or violence against them may occur. Under federal law extortion can be committed with or without the use of force and with or without the use of a weapon. A key difference is that extortion always involves a written or verbal threat whereas robbery can occur without any verbal or written threat (refer to U.S.C. 875 and U.S.C. 876).

The term extortion is often used metaphorically to refer to usury or to price-gouging, though neither is legally considered extortion. It is also often used loosely to refer to everyday situations where one person feels indebted against their will, to another, in order to receive an essential service or avoid legal consequences. For example, certain lawsuits, fees for services such as banking, automobile insurance, gasoline prices, and taxation have all been labeled ""legalized extortion"" by people with various social or political beliefs.[citation needed]

Neither extortion nor blackmail require a threat of a criminal act, such as violence, merely a threat used to elicit actions, money, or property from the object of the extortion. Such threats include the filing of reports (true or not) of criminal behavior to the police, revelation of damaging facts (such as pictures of the object of the extortion in a compromising position), etc.
[edit] See also

    Badger game: The victim or ""mark""—often a married man—is tricked into a compromising position to make him vulnerable to blackmail.
    Clip joint: A clip joint or fleshpot is an establishment, usually a strip club or entertainment bar, typically one claiming to offer adult entertainment or bottle service, in which customers are tricked into paying money and receive poor goods or services, or none, in return.
    Coercion: the practice of compelling a person or manipulating them to behave in an involuntary way (whether through action or inaction) by use of threats, intimidation, trickery, or some other form of pressure or force. These are used as leverage, to force the victim to act in the desired way.
    Confidence trick: (also known as a bunko, con, flim flam, gaffle, grift, hustle, scam, scheme, swindle or bamboozle) is an attempt to defraud a person or group by gaining their confidence.
    Cryptovirology: a software scam in which a public key cryptography system crafts fake keys which encrypt the user's data, but cannot decrypt them unless the user pays for the real key.
    Danegeld: The Danegeld (""Danish tax"") was a tax raised to pay tribute to the Viking raiders to save a land from being ravaged. It was called the geld or gafol in eleventh-century sources; the term Danegeld did not appear until the early twelfth century.
    Dognapping: The crime of taking a canine from its owner, which usually occurs in purebred dogs, the profit from which can run up to thousands of dollars.
    Loan sharking: A loan shark is a person or body that offers unsecured loans at high interest rates to individuals, often backed by blackmail or threats of violence.
    Nuclear blackmail: Nuclear blackmail is a form of nuclear strategy in which an aggressor uses the threat of use of nuclear weapons to force an adversary to perform some action or make some concessions. It is a type of extortion, related to brinkmanship.
    Prize: ransom offered instead of destroying a captured vessel, a form of extortion deemed acceptable under international law in the days of fighting sail.
    Price gouging: a pejorative term for a seller pricing much higher than is considered reasonable or fair. In precise, legal usage, it is the name of a felony that applies in some of the United States only during civil emergencies.
    Tallage: Tallage or talliage (from the French tailler, a part cut out of the whole) may have signified at first any tax, but became in England and France a land use or land tenure tax. Later in England it was further limited to assessments by the crown upon cities, boroughs, and royal domains. In effect, tallage was a land tax.
    Terrorism: most simply, policy intended to intimidate or cause terror. It is more commonly understood as an act which is intended to create fear (terror), is perpetrated for an ideological goal (as opposed to a materialistic goal or a lone attack), and deliberately targets (or disregards the safety of) non-combatants. Some definitions also include acts of unlawful violence or unconventional warfare, but at present, the international community has been unable to formulate a universally agreed, legally binding, criminal law definition of terrorism.
    Tiger kidnapping: the taking of an innocent hostage to make a loved one or associate of the victim do something, e.g. a child is taken hostage to force the shopkeeper to open the safe; the term originates from the prior observation of the victim, like a tiger does with its prey. Ransoms are often used alongside these.
    Wheel clamping: widely used in England by private individuals and companies to extort money from motorists. This practice is illegal in Scotland."
43f7e46034,Lonely,"Loneliness, the state of ""feeling lonely,"" describes a human state or feeling involving isolation, or the feeling of disconnection with others, etc. Often accompanied by a sense of yearning for connection. Usually manifests through hopes of romantic redemption in the arms of another. Lonely may also refer to:

    ""Lonely"", a 2006 single from Shannon Noll's second album Lift
    ""Lonely"", a 2005 single from Senegalese singer Akon's album Trouble.
    ""Lonely"", a 1998 single from Merril Bainbridge's second album Between the Days
    ""Lonely"", a 1997 single by Nana.
    ""Lonely"", a 2005 song from Líbido's studio album Lo Último que Hable Ayer
    ""Lonely"", a 2007 song from Bon Jovi's album Lost Highway
    ""Lonely"", a 2009 song from Foreigner's double album Can't Slow Down
    ""Lonely"", a 1988 song from Crimson Glory's album Transcendence
    ""Lonely"", a 1973 song from Tom Waits' debut album Closing Time
    ""Lonely"", a 1997 song by Peter Andre from his album Time
    ""Lonely (Amy's Theme)"", a 1967 song from Lovin' Spoonful's album You're a Big Boy Now
    ""Lonely"", a song written by Sharon Sheeley and performed by Eddie Cochran"
43135d06e2,Lawn,"recreational land planted with grasses, common feature of private garden"
43135d06e2,Maybe,"perhaps, to be or not to be"
43135d06e2,Society,"group of people related to each other, like mnded people covered by their own norms"
43135d06e2,Exact,"same, perfect, same identity, similar"
43135d06e2,Lonely,"alone, feeling involving isolation, feeling of disconnection"
85e1f85b71,Lawn,"grass, yard, mow, children play on, picnic, water it"
85e1f85b71,Maybe,"possibility, might happen, might do, not certain"
85e1f85b71,Society,"community with people, mores and values, the norm"
85e1f85b71,Exact,"as close as can be, likeness, accurate, just the right amount as ordered"
85e1f85b71,Lonely,"makes one sad, you feel bored, has no companionship, is alone"
faed1af4c3,Lawn,"has grass, needs mowing, green in colour"
faed1af4c3,Maybe,"probably, could be, there is a possibility"
faed1af4c3,Society,"community, a group of people who run an organization"
faed1af4c3,Exact,absolutely correct
faed1af4c3,Lonely,"no company, no friends"
7cf403bfc3,Lawn,piece of closely-mown grass in a garden etc.
7cf403bfc3,Maybe,perhaps
7cf403bfc3,Society,organized and interdependent community
7cf403bfc3,Exact,accurate;correct in all details.
7cf403bfc3,Lonely,without companions
e87cf6cd3b,Lawn,"a stretch of open, grass-covered land, especially one closely mowed, as near a house, on an estate, or in a park."
e87cf6cd3b,Maybe,a possibility or uncertainty.
e87cf6cd3b,Society,a body of individuals living as members of a community; community.
e87cf6cd3b,Exact,strictly accurate or correct.
e87cf6cd3b,Lonely,feeling of being alon
5d21d0b3ae,Lawn,"in front of a house, made out grass, gardened"
5d21d0b3ae,Maybe,"uncertain answer, neither positive nor negative,"
5d21d0b3ae,Society,"collective of people, social structure, civilized"
5d21d0b3ae,Exact,"accurate, the correct, precisely true"
5d21d0b3ae,Lonely,"unhappy feeling of being single, depressing, solitary,"
61776e43e9,Lawn,an area of grass
61776e43e9,Maybe,"perhaps, possibly"
61776e43e9,Society,an organized group of persons associated together
61776e43e9,Exact,strictly accurate or correct
61776e43e9,Lonely,isolated
1b9c766662,Lawn,are greean
1b9c766662,Maybe,means perhaps
1b9c766662,Society,group of people
1b9c766662,Exact,accurate
1b9c766662,Lonely,alone
92ea18c297,Lawn,mowed
92ea18c297,Maybe,probable
92ea18c297,Society,humaninty
92ea18c297,Exact,a fact
92ea18c297,Lonely,alone
f6cb1a6c92,Lawn,"green,grass,fresh,flowers,park, hotel,irrigation,"
f6cb1a6c92,Maybe,"which i think it is,sometimes,may happen,probably,might be"
f6cb1a6c92,Society,"our neighborhood,people, respectful people,people around us,collection of people"
f6cb1a6c92,Exact,"the one,actual,correct,the one i mean,"
f6cb1a6c92,Lonely,"boring, solely,alone,single,one,without anybody"
186db71701,Lawn,"land covered with grass kept closely mowed, esp. in front of or around a house,the grass itself: to mow the lawn,an open space in a forest; glade,a fine, sheer cloth of linen or cotton, used for blouses, curtains, etc."
186db71701,Maybe,"perhaps,possibly, can be, might be, could be, maybe so, may hap, as it may be, conceivable, credible, feasible, obtainable, wind and weather permitting, in the cards*, God willing."
186db71701,Society,"A society is a group of people living as a community or an organized group of people for a common purpose. ,An example of society is Lancaster, Pennsylvania.,Society means anything relating to the fashionable or wealthy community,#

Friendly association

friendship, social intercourse, fellowship; see organization ,#

Organized humanity

the public, civilization, culture, nation, community, human groupings, the people, the world at large, social life. ,#

Those who indulge in wealth and leisure

high life,aristocracy, gentlefolk, polite society, wealthy class,  smart set*, the Four Hundred*, jet set*."
186db71701,Exact,"characterized by, requiring, or capable of accuracy of detail; very accurate; methodical; correct: an exact science,not deviating in form or content; without variation; precise: an exact replica,being the very (one specified or understood): the exact  spot where I put it,strict; severe; rigorous: an exact disciplinarian, to call for; make necessary; require,to force payment of; extort: with from or of"
186db71701,Lonely,"alone; solitary,  standing apart from others of its kind; isolated, unfrequented or uninhabited.unhappy at being alone; longing for friends, company, etc.,causing such a feeling,Without company

forlorn, lonesome, solitary, lone, alone, abandoned, comfortless, forsaken, friendless, deserted, desolate, homeless, bereft, companion less, withdrawn, secluded, unattended, by oneself, empty, apart, unsocial, reclusive, , single, lorn, rejected, unaccompanied, , disconsolate,  unwanted, outcast, alienated, lonely-hearts; see also homesick"
a99eff3ef7,Lawn,"land covered with grass kept closely mowed,in front of or around a house"
a99eff3ef7,Maybe,perhaps
a99eff3ef7,Society,A society is a group of people living as a community or an organized group of people for a common purpose
a99eff3ef7,Exact,"characterized by, requiring, or capable of accuracy of detail"
a99eff3ef7,Lonely,alone
fe6c3218eb,Lawn,"grassy area, short grass, mown, manicured"
fe6c3218eb,Maybe,"likely, possibility, probable, fifty-fifty, might"
fe6c3218eb,Society,"community, people, group, association, together"
fe6c3218eb,Exact,"correct, perfect, excellent, right, just so"
fe6c3218eb,Lonely,"alone, isolated, lacking company, wanting people around, lonesome"
5c443771e9,Lawn,"a stretch of open grass-covered land, (Archaic )a glade"
5c443771e9,Maybe,"perhaps, possibly, a possibility or uncertainty"
5c443771e9,Society,"an organized group of persons associated together for religious, a body of individuals living as members of a community, such a system characterized by its dominant economic class or form, the social class that comprises such persons"
5c443771e9,Exact,"strictly accurate or correct, precise as opposed to approxima, characterized by or using strict accuracy,"
5c443771e9,Lonely,"causing a depressing feeling of being alone, destitute of sympathetic or friendly companionship,  solitary, without company, companionless,standing apart, isolated"
2a6566d746,Lawn,"a stretch of open, grass-covered land, especially one closely mowed, as near a house, on an estate, or in a park, a glade."
2a6566d746,Maybe,"perhaps; possibly,a possibility or uncertainty."
2a6566d746,Society,"a body of individuals living as members of a community; community,the body of human beings generally, associated or viewed as members of a community,such a system characterized by its dominant economic class or form,an organized group of persons associated together for religious, benevolent, cultural, scientific, political, patriotic, or other purposes."
2a6566d746,Exact,"strictly accurate or correct: an exact likeness; an exact description,characterized by or using strict accuracy,precise, as opposed to approximate."
2a6566d746,Lonely,"affected with, characterized by, or causing a depressing feeling of being alone; lonesome,standing apart; isolated: a lonely tower,lone;  solitary; without company; companionless,destitute of sympathetic or friendly companionship, intercourse, support, etc."
cdf81c2126,Lawn,Archaic
cdf81c2126,Maybe,perhaps
cdf81c2126,Society,a body of individuals living as members of a community; community
cdf81c2126,Exact,admitting of no deviation
cdf81c2126,Lonely,destitute of sympathetic
07df251c86,Lawn,"A plot of grass, usually tended or mowed, as one around a residence or in a park or estate"
07df251c86,Maybe,Perhaps; possibly
07df251c86,Society,"The totality of social relationships among humans. a.  The rich, privileged, and fashionable social class."
07df251c86,Exact,Strictly and completely in accord with fact; not deviating from truth or reality
07df251c86,Lonely,Without companions; lone; alone
2486e8fbec,Lawn,"garden, grass, greenish palce"
2486e8fbec,Maybe,"probably, possibility, chance"
2486e8fbec,Society,"environment, community, where we live"
2486e8fbec,Exact,"same, match, resemble"
2486e8fbec,Lonely,"isolated, one, live separately"
d2ee442783,Lawn,"A plot of grass, tended or mowed, as around a residence or in a park/estate. Light cotton/linen fabric of fine weave"
d2ee442783,Maybe,"Perhaps, sure or not sure.  When we are getting doubt about the things to do."
d2ee442783,Society,"Indicate people, some organizations/firms or  special group"
d2ee442783,Exact,Strictly and completely in accord with fact; not deviating from truth or reality.  Characterized by accurate measurements or inferences with small margins of error; not approximate
d2ee442783,Lonely,"Lacking companions or companionship,alone, lone, solitary"
2622f61522,Lawn,Ground.
2622f61522,Maybe,"perhaps, possibly"
2622f61522,Society,"club, gild, guild, lodge, order, social club"
2622f61522,Exact,"claim, take, demand, accurate, precise"
2622f61522,Lonely,"solitary, unfrequented, lone, alone"
6b2ac0ef88,Lawn,plot of grass
6b2ac0ef88,Maybe,uncertainity
6b2ac0ef88,Society,group of social relationship
6b2ac0ef88,Exact,same
6b2ac0ef88,Lonely,without companions
473e68935b,Lawn,"is beautiful,is green,can be set beautifully,is an attraction to a building or house,"
473e68935b,Maybe,"maybe tomorrow,today,day after tomorrow,"
473e68935b,Society,"lady,issues,is important,should be considered,has values,is constituted by the people in it"
473e68935b,Exact,"location,graph,word,exact is specific"
473e68935b,Lonely,"days,house,child,man,woman,a negative word"
d2238a631b,Lawn,An open space between woods.
d2238a631b,Maybe,Perhaps; possibly; peradventure.
d2238a631b,Society,The relationship of men to one another when associated in any way; companionship; fellowship; company.
d2238a631b,Exact,"Precisely agreeing with a standard, a fact, or the truth; perfectly conforming; neither exceeding nor falling short in any respect; true; correct; precise; as, the clock keeps exact time; he paid the exact debt; an exact copy of a letter; exact accounts."
d2238a631b,Lonely,"Sequestered from company or neighbors; solitary; retired; as, a lonely situation; a lonely cell."
cef0fec366,Lawn,the grass area in front of someones home
cef0fec366,Maybe,"not a clear answer, an almost positive answer to a question, a possibility"
cef0fec366,Society,all of the people that live in an area that live and work together to create a community
cef0fec366,Exact,when you have the right answer
cef0fec366,Lonely,being sad and with no one around
d0f1e4030a,Lawn,garden
d0f1e4030a,Maybe,a chance
d0f1e4030a,Society,public
d0f1e4030a,Exact,correct
d0f1e4030a,Lonely,single
1c6ee77d92,Lawn,"backyard, garden, grass, grassplot, green, park, plot, terrace, yard"
1c6ee77d92,Maybe,"as it may be, can be, conceivable, conceivably, could be, credible, feasible, imaginably, it could be, might be, obtainable, perchance, perhaps, weather permitting"
1c6ee77d92,Society,"association, camaraderie, civilization, commonality, commonwealth, community, companionship, company, comradeship, culture, friendship, general public, humanity, jungle, nation, population, public, rat race, social order, world, zoo"
1c6ee77d92,Exact,"bull's-eye,careful,clear, clear-cut,correct, dead on,definite,distinct, downright,explicit,express,faithful, faultless,identical,literal,methodical, nailed down,nice, on target, on the button, on the money, on the numbers,orderly,particular,perfect,right,"
1c6ee77d92,Lonely,"friendless, introverted, private, retiring"
2a625093df,Lawn,An open space with grass and small trees and herbs
2a625093df,Maybe,A possibility of something
2a625093df,Society,A number of people living in a community
2a625093df,Exact,Correct to the point
2a625093df,Lonely,"Alone, without company"
95e2618c28,Lawn,A light cotton or linen fabric of very fine weave
95e2618c28,Maybe,"perhaps,possibly; neither yes nor no"
95e2618c28,Society,"The totality of social relationships among humans,A group of humans broadly distinguished from other groups by mutual interests, participation in characteristic relationships, shared institutions, and a common culture."
95e2618c28,Exact,Strictly and completely in accord with fact; not deviating from truth or reality
95e2618c28,Lonely,"Without companions, Characterized by aloneness"
6d2481195c,Medicine,"The science or practice of the diagnosis, treatment, and prevention of disease (in technical use often"
6d2481195c,Hunger,"a feeling of discomfort or weakness caused by lack of food, coupled with the desire to eat"
6d2481195c,Beer,an alcoholic drink made from yeast-fermented malt flavoured with hops
6d2481195c,High,"high (adjective) of great vertical extent: Great, or greater than normal, in quantity, size, or intensity: | Great in rank, status,"
6d2481195c,Anxiety,"anxiety (noun) a feeling of worry, nervousness, or unease about something with an uncertain outcome: | Strong"
1670f002d5,Medicine,"science or practice of the diagnosis, treatment and prevention of disease, esp. as distinct from surgery"
1670f002d5,Hunger,a lack of food
1670f002d5,Beer,"alcoholic drink made from fermented malt etc.,"
1670f002d5,High,great vertical extent
1670f002d5,Anxiety,being anxious
e559621c55,Medicine,"cures diseases, makes you feel better, prescribed by doctor"
e559621c55,Hunger,"need food, belly hurts, want something badly"
e559621c55,Beer,"alcohol, refreshing, hops, cold"
e559621c55,High,"not low, feeling good, in the sky, above the ground"
e559621c55,Anxiety,"nervous, anxious, antsy, worried, stressed"
2622f61522,Medicine,"medication, medicinal drug, medical specialty, medicate"
2622f61522,Hunger,"thirst, thirstiness, famish, starve, crave, lust"
2622f61522,Beer,Alchohal
2622f61522,High,"high-pitched, eminent, high up, luxuriously, richly"
2622f61522,Anxiety,anxiousness
7c67b6cc11,Medicine,"drug, tablets, pills, remedy, injury"
7c67b6cc11,Hunger,"food, starvation, desire, need, food shortage, lack of food"
7c67b6cc11,Beer,"drink, alcoholic drink, cocktail, nip, barley, hops"
7c67b6cc11,High,"for above the ground, elevated, lofty, tall, sky scrapping"
7c67b6cc11,Anxiety,"worry, concern, unease, nervousness, disquiet"
eb09612a37,Medicine,tablets
eb09612a37,Hunger,need to eat
eb09612a37,Beer,an alcohol drink
eb09612a37,High,rich
eb09612a37,Anxiety,modern
fe6c3218eb,Medicine,Tables or liquids given to an ill person
fe6c3218eb,Hunger,"a desire for food or drink,"
fe6c3218eb,Beer,"alchohic drink, sold in pubs and restaurants, made using hops. Sold in cans and bottles and also on tap."
fe6c3218eb,High,Tall
fe6c3218eb,Anxiety,worry about what may occur
de4de943fb,Medicine,"A science or Practice of the Diagnosis, Treatment of a Sick person, The Prevention of disease, A some kind of Drug,Used to treat disease or injury"
de4de943fb,Hunger,"A feelings of Discomfort, Weakness caused by a lack of Food.Desire to Eat Something."
de4de943fb,Beer,An Alcoholic Drink made from Yeast Fermented malt flavoured with Hop.
de4de943fb,High,"A great Vertical extent, Great in amount and size, A high point level,Great in rank or status"
de4de943fb,Anxiety,"Nervous Disorder, A feelings of being Anxious, State of Uneasiness"
a99eff3ef7,Medicine,"the science and art of diagnosing, treating, curing, and preventing disease, relieving pain, and improving and preserving health"
a99eff3ef7,Hunger,"the discomfort, pain, or weakness caused by a need for food"
a99eff3ef7,Beer,"Beer is an alcoholic beverage generally made from malted grain, flavored with hops or a carbonated soft drink made with flavor from roots or other parts of a plant"
a99eff3ef7,High,of more than normal height
a99eff3ef7,Anxiety,"Anxiety is a feeling of being nervous or worried, often as a result of fear of a possible future event"
dcf44e6284,Medicine,"1.
any substance or substances used in treating disease or illness; medicament; remedy.
2.
the art or science of restoring or preserving health or due physical condition, as by means of drugs, surgical operations or appliances, or manipulations: often divided into medicine proper, surgery, and obstetrics.
3.
the art or science of treating disease with drugs or curative substances, as distinguished from surgery and obstetrics.
4.
the medical  profession.
5.
(among North American Indians) any object or practice regarded as having magical powers."
dcf44e6284,Hunger,"1.
a compelling need or desire for food.
2.
the painful sensation or state of weakness caused by the need of food: to collapse from hunger.
3.
a shortage of food; famine.
4.
a strong or compelling desire or craving"
dcf44e6284,Beer,"1.
an alcoholic beverage made by brewing and fermentation from cereals, usually malted barley, and flavored with hops and the like for a slightly bitter taste.
2.
any of various beverages, whether alcoholic or not, made from roots, molasses or sugar, yeast, etc.: root beer; ginger beer.
3.
an individual serving of beer; a glass, can, or bottle of beer:"
dcf44e6284,High,"1.
having a great or considerable extent or reach upward or vertically; lofty; tall: a high wall.
2.
having a specified extent upward
3.
situated above the ground or some base; elevated: a high platform; a high ledge.
4.
exceeding the common degree or measure; strong; intense: high speed; high color.
5.
expensive; costly; dear:"
dcf44e6284,Anxiety,"1.
distress or uneasiness of mind caused by fear of danger or misfortune: He felt anxiety about the possible loss of his job.
2.
earnest but tense desire; eagerness
3.
Psychiatry . a state of apprehension and psychic tension occurring in some forms of mental disorder."
6be52007c6,Medicine,"a. The science of diagnosing, treating, or preventing disease and other damage to the body or mind.
b. The branch of this science encompassing treatment by drugs, diet, exercise, and other nonsurgical means.
2. The practice of medicine.
3. An agent, such as a drug, used to treat disease or injury.
4. Something that serves as a remedy or corrective: medicine for rebuilding the economy; measures that were harsh medicine.
5.
a. Shamanistic practices or beliefs, especially among Native Americans.
b. Something, such as a ritual practice or sacred object, believed to control natural or supernatural powers or serve as a preventive or remedy."
6be52007c6,Hunger,"a. The science of diagnosing, treating, or preventing disease and other damage to the body or mind.
b. The branch of this science encompassing treatment by drugs, diet, exercise, and other nonsurgical means.
2. The practice of medicine.
3. An agent, such as a drug, used to treat disease or injury.
4. Something that serves as a remedy or corrective: medicine for rebuilding the economy; measures that were harsh medicine.
5.
a. Shamanistic practices or beliefs, especially among Native Americans.
b. Something, such as a ritual practice or sacred object, believed to control natural or supernatural powers or serve as a preventive or remedy."
6be52007c6,Beer,"a. A fermented alcoholic beverage brewed from malt and flavored with hops.
b. A fermented beverage brewed by traditional methods that is then dealcoholized so that the finished product contains no more than 0.5 percent alcohol.
c. A carbonated beverage produced by a method in which the fermentation process is either circumvented or altered, resulting in a finished product having an alcohol content of no more than 0.01 percent.
2. A beverage made from extracts of roots and plants: birch beer.
3. A serving of one of these beverages."
6be52007c6,High,"ctive
1.
having a great or considerable extent or reach upward or vertically; lofty; tall: a high wall.
2.
having a specified extent upward: The apple tree is now 20 feet high.
3.
situated above the ground or some base; elevated: a high platform; a high ledge.
4.
exceeding the common degree or measure; strong; intense: high speed; high color.
5.
expensive; costly; dear: The price of food these days is much too high."
6be52007c6,Anxiety,"ctive
1.
having a great or considerable extent or reach upward or vertically; lofty; tall: a high wall.
2.
having a specified extent upward: The apple tree is now 20 feet high.
3.
situated above the ground or some base; elevated: a high platform; a high ledge.
4.
exceeding the common degree or measure; strong; intense: high speed; high color.
5.
expensive; costly; dear: The price of food these days is much too high."
cf8ffe2059,Medicine,"doctor, treatment"
cf8ffe2059,Hunger,"food, eating"
cf8ffe2059,Beer,"wine, drink"
cf8ffe2059,High,"not low, tall"
cf8ffe2059,Anxiety,"worry, feeling"
d6fbaf0859,Medicine,substance taken to cure a disease
d6fbaf0859,Hunger,cravings for food
d6fbaf0859,Beer,fermented malt
d6fbaf0859,High,"opposite of low, elevated, to look up to"
d6fbaf0859,Anxiety,"fear, not feeling well"
e0298938d2,Medicine,"It is used to cure the disease, tablets, syrups, capsules are the medicinal form to intake."
e0298938d2,Hunger,"If we are very anxious to eat. That is called as Hunger.
That time we want to eat something."
e0298938d2,Beer,Beer is a kind of alcohol. Sometimes it may use as a Medicine.
e0298938d2,High,"High is known as more.High fever. High temperature, etc.,"
e0298938d2,Anxiety,Anxiety is also known as eager. We may very anxious to know about something.
a878e75949,Medicine,"aspirin, treatment, to make better, antibiotics, prescription"
a878e75949,Hunger,"pang, empty stomach, fasting, thirst, deep desire"
a878e75949,Beer,"hops, mug, Budweiser, bar, drunk, foam"
a878e75949,High,"atop, stoned, drunk, peak, above, lifted up"
a878e75949,Anxiety,"stress, nervousness, scared, fear, socially inept, panic"
62909fedc9,Medicine,some kind of materials used by doctors to cure illness.
62909fedc9,Hunger,Is the signal from the body to remind that it needs food.
62909fedc9,Beer,"drink that contains alcohol,made from grains"
62909fedc9,High,Having altitude
62909fedc9,Anxiety,Some kind of feeling with worry/nervousness
92ea18c297,Medicine,medicinal drug
92ea18c297,Hunger,a strong desire
92ea18c297,Beer,fermented beverage
92ea18c297,High,surmount
92ea18c297,Anxiety,state of uneasiness
f0e7eb5369,Medicine,alopahy cure
f0e7eb5369,Hunger,starvation
f0e7eb5369,Beer,animal
f0e7eb5369,High,yall
f0e7eb5369,Anxiety,worry
2b7ce04536,Medicine,"Medical Shop, Health science,  Ayurvedic medicine"
2b7ce04536,Hunger,"First Food, Emergencies,  Meals"
2b7ce04536,Beer,"Water, Beer festivals, Alcoholic beverage"
2b7ce04536,High,"High Rate, Technical analysis, Upstage"
2b7ce04536,Anxiety,"Worry, Stressor Emotional, Cognitive"
df5ff96a53,Medicine,A liquid or tablet taken when ill.
df5ff96a53,Hunger,Wanting to eat food.
df5ff96a53,Beer,Frothy  alcoholic drink made from Hop plants.
df5ff96a53,High,"Above. 
Large number."
df5ff96a53,Anxiety,"Stress.
Feeling jittery."
5f6fadae3f,Medicine,"treat, care for"
5f6fadae3f,Hunger,"ache, smart, hurt"
5f6fadae3f,Beer,"alcoholic drink ,booze, cocktail, drink, hard drink"
5f6fadae3f,High,"important,tall; at a great distance aloft ,"
5f6fadae3f,Anxiety,"worry, tension ,trouble, inconvenience"
2b15616b23,Medicine,a drug to heal health related problem
2b15616b23,Hunger,is desire for food
2b15616b23,Beer,a kind of drink
2b15616b23,High,top
2b15616b23,Anxiety,feeling uneasy
ffd05a2b19,Medicine,a form of a pill or liquid to help remedy a sickness of a person
ffd05a2b19,Hunger,the feeling of needing nourishment
ffd05a2b19,Beer,an alcoholic substance used for consumption or celebration
ffd05a2b19,High,refers to the position from one object to another
ffd05a2b19,Anxiety,a feeling of excitedness
f2f2db3a46,Medicine,"Used to make people feel better, often created by biochemists.  Always has taste, makes me think of pink."
f2f2db3a46,Hunger,"What you feel when you haven't had food in a while.  Cramping, gas, pain."
f2f2db3a46,Beer,"Bubbily and golden.  Wheat, hops, comes in a can keg or bottle.  Fun to make at home."
f2f2db3a46,High,A place that you can be; far off the ground.  Also refers to being on drugs.  Windy.
f2f2db3a46,Anxiety,"What you feel when you think you are in danger.  Stomach twists, sweaty palms, heart beats faster.  Stomach turns.  Not a happy feeling"
cc0fd23c05,Medicine,"Medicine :- practice of medicine, euphony, medical specialty, medicinal drug, medicament, medicine, music, medication"
cc0fd23c05,Hunger,"Hunger:-ache, smart, hurt ,crave,  thirst, starve, lust ,suffer ."
cc0fd23c05,Beer,"Beer:-beverages ,hirsch, schnapps, sloe gin, mead, applejack, porter, whisky, bourbon, champagne, scotch, ."
cc0fd23c05,High,"High:- senior high school, highschool, high gear, senior high, heights,"
cc0fd23c05,Anxiety,"Anxiety :- anxiety, anguish, disquiet, foreboding, perplexity, apprehension, disturbance, fretfulness, solicitude, care, dread, fretting, trouble, concern, fear, misgiving, worry"
43135d06e2,Medicine,"pharmacy, health care, drugs, treatment"
43135d06e2,Hunger,"poverty, empty stomach, insufficient diet, lack of food"
43135d06e2,Beer,"wine, drink, party, treat, relaxation, addict"
43135d06e2,High,"tall, greater, increase, fluctuations"
43135d06e2,Anxiety,"normal reaction to stress, emotion, vex, trouble"
445e2b4e1e,Medicine,"Tablets,tonics,syrups,capsules,relieves pain,pain-killer,gets rid of diseases"
445e2b4e1e,Hunger,"desire to eat,empty stomach to have something"
445e2b4e1e,Beer,"an appetizer,energy drink,fizz created drink,gas,cool,bubbles,beverage,alcoholic drink"
445e2b4e1e,High,"top,going up"
445e2b4e1e,Anxiety,"astonishment,wonder,eager to know"
2a6566d746,Medicine,"any substance or substances used in treating disease or illness,the art or science of treating disease with drugs or curative substances,the medical  profession."
2a6566d746,Hunger,"a compelling need or desire for food,the painful sensation or state of weakness caused by the need of food: to collapse from hunger,a shortage of food,to have a strong desire."
2a6566d746,Beer,"an alcoholic beverage made by brewing and fermentation from cereals, usually malted barley, and flavored with hops and the like for a slightly bitter taste,any of various beverages, whether alcoholic or not, made from roots, molasses or sugar, yeast."
2a6566d746,High,"having a great or considerable extent or reach upward or vertically; lofty,having a specified extent upward,situated above the ground or some base; elevated: a high platform,exceeding the common degree or measure; strong; intense: high speed,expensive; costly."
2a6566d746,Anxiety,"a state of apprehension and psychic tension occurring in some forms of mental disorder,earnest but tense desire; eagerness,distress or uneasiness of mind caused by fear of danger or misfortune."
ab266a6b3c,Medicine,"drug, is given to sick,used in treatment, made of herbs,process of diagnosis"
ab266a6b3c,Hunger,"without food,desire,shortage,weakness, feeling for food"
ab266a6b3c,Beer,"a drink, alcoholic, packed in tin or bottle"
ab266a6b3c,High,"above,upstairs,raised,towards sky,"
ab266a6b3c,Anxiety,"worry, tension, awkwardness, uncomfotable, stress on mind"
186db71701,Medicine,"1.  the science and art of diagnosing, treating, curing, and preventing disease, relieving pain, and improving and preserving health
   2. the branch of this science and art that makes use of drugs, diet, etc., as distinguished esp. from surgery and obstetrics
   3.
         1. any drug or other substance used in treating disease, healing, or relieving pain
         2. Obsolete a drug or other substance, as a poison, love potion, etc., used for other purposes
   4. ☆ among North American Indian peoples
         1. any object, spell, rite, etc. supposed to have natural or supernatural powers as a remedy, preventive, protection, etc.
         2. magical power,
medication, drug, dose, potion, prescription, pill, tablet, capsule, draft, curative preparation, patent medicine, remedy, cure, antivenin, anti-poison, antibiotic, medicament, vaccination, inoculation, injection, drought, simple, herb, specific, nostrum, elixir, tonic, balm, alter ant, salve, lotion, ointment, emetic, pharmacopoeia, shot."
186db71701,Hunger,"1.
    1. the discomfort, pain, or weakness caused by a need for food
   2. famine; starvation
   3. a desire, need, or appetite for food
   4. any strong desire; craving
#  to feel hunger; be hungry; need food
# to have a strong desire; crave: with for or after
craving, longing, yearning, mania, , voracity, lust, desire for food, famine, starvation, appetite, gluttony, hungriness, panting, drought, , glut, , want, , , vacancy, void, greed, greediness, bottomless pit*,the munchies*, a stomach for*, sweet tooth*, aching void*; see also appetite  1, desire 1, starvation."
186db71701,Beer,"Beer is an alcoholic beverage generally made from malted grain, flavored with hops or a carbonated soft drink made with flavor from roots or other parts of a plant.    1. Bud Light, Corona and Coors are each an example of beer.
   2. Root and ginger are each an example of a beer type.
malt beverage, malt liquor, brew, suds*, the amber brew*, slops*,.

Varieties include: lager, bock, ale, stout, porter, light, dry, ice, heavy, dark, black,  winter,, bitter, Bavarian."
186db71701,High,"#  of more than normal height; lofty; tall: not used of persons
# extending upward a (specified) distance
# situated far above the ground or some other level
# reaching to or done from a height: a high jump, a high dive
#

   1. above other persons or things in rank, position, strength, etc.; most important or powerful
   2. above other persons or things in quality, character, etc.; superior; exalted; excellent

# grave; very serious: high treason
# greatly advanced or developed; complex: usually in the comparative degree: higher mathematics, the higher vertebrates
# main; principal; chief: a high priest
# greater in size, amount, degree, power, intensity, etc. than usual: high prices, high voltage, a high profile
# advanced to its acme or fullness; fully reached: high noon
# expensive; costly
# luxurious and extravagant: high living
# haughty; overbearing
# designating or producing tones made by relatively fast vibrations; acute in pitch; sharp; shrill
# slightly tainted; having a strong smell: said of meat, esp. game
# extremely formal or rigid in matters of ceremony, doctrine, etc.
# excited; elated: high spirits
# far from the equator: a high latitude
#

Tall

towering, gigantic, big, colossal, tremendous, great, giant, huge, formidable, immense, lank, lanky, long, sky-scraping, steep*, sky-high*; see also large 1."
186db71701,Anxiety,"Anxiety is a feeling of being nervous or worried, often as a result of fear of a possible future event,An example of anxiety is the feeling you get before a test for which you have not studied.Anxiety is an eager, strong desire,worry, uneasiness, apprehension, disquiet, nervousness, anxiousness, concern, misgiving, foreboding, fear, dread, agitation, inquietude, unease, distress, angst, stress, tension, strain, neurosis, butterflies*; see also care 2, nervousness 1. See syn. study at care."
33cd6db15a,Medicine,"Anything that is prescribed by your doctor for your illness.Panacea,Cure,Study to qualify to become a doctor,Bitter pills."
33cd6db15a,Hunger,"Need for food,Thirst for knowledge,Appetite,Craving,Long for."
33cd6db15a,Beer,"Drink,Sweet and bitter taste ,Made of fruit or processed malt,reduced alcoholic content drink,Brew."
33cd6db15a,High,"Tall,Not within reach,Above,Not below."
33cd6db15a,Anxiety,"Worry,Fear induced symptom,Think too much,Mental disorder,Tension,Worry about tomorrow."
41e63f1eda,Medicine,"MEDICINE FOR LIFE,MEDICINE FOR CURE,MEDICINE FOR HEART ATTACK,FOR CANCER PATIENTS,MEDICINE IN EMERGENCY,MEDICINE FOR SURVIVAL,MEDICINE FOR HOSPITALS,MEDICINE FOR BABY'S,MEDICINE DURING PREGNANCY.MEDICINE IN TABLETS,MEDICINE IN SYRUP FORM,MEDICINE MANUFACTURERS,PHARMACEUTICAL & AYURVEDIC,HOMEOPATHIC MEDICINE."
41e63f1eda,Hunger,"HUNGER FOR FOOD, HUNGER FOR MONEY,HUNGER FOR SUCCESS, HUNGER FOR HOBBIES,HUNGER FOR NATIONAL SECURITY,HUNGER IN JAIL,HUNGER STRIKE, BABY HUNGER,HUNGER IN WINTER,HUNGER FOR LOVE,HUNGER FOR LIFE,HUNGER FOR FASHION,HUNGER OF HUNGRY PEOPLE. ."
41e63f1eda,Beer,"BEER IN SHOP, BEER WITH WHISKY,BEER IN BOTTLE, BEER IN GLASS, BEER BAR SHOP, BEER IN FOREST, BEER IN ABUDANCE,BEER FOR LIFE,BEER WITH RUM,BEER WITH ICE, BEER IN EXCESS ,BEER CLASSICAL BRANDS."
41e63f1eda,High,"HIGH SPEED, HIGH BLOOD-PRESSURE, HIGH TENSION,HIGH PROFILE ,HIGH PAID JOBS,HIGH QUALIFICATIONS,HIGH WATER FALL,HIGH TIDES,HIGH WEIGHT,HIGH QUALITY PRODUCTS,HIGH TENSE ,HIGH PRESSURE ,HIGH PROBLEM,HIGH ACTIVITY."
41e63f1eda,Anxiety,"ANXIETY IN LIFE,FEEL ANXIETY,DRUGS FOR ANXIETY,WALK FOR RELIEVING ANXIETY,YOGA FOR ANXIETY,HOW TO OVERCOME ANXIETY,ANXIETY IN WORKING PEOPLE,ANXIETY IN PREGNANT WOMEN,ANXIETY PATIENTS,ANXIETY SYMPTOMS."
93a7dd374a,Medicine,"its use to loww fever, its we get in hspitals"
93a7dd374a,Hunger,"its also a hribble feeling of man , animls etc"
93a7dd374a,Beer,"an animal, has two eyes, 4 legs, lives in forest"
93a7dd374a,High,"its denotes, higer one and longer ones"
93a7dd374a,Anxiety,to sea a new thing
e05354570a,Medicine,"is the science of healing, is something people take to treat a condition"
e05354570a,Hunger,is what one feels when one needs to eat
e05354570a,Beer,is a fermented drink
e05354570a,High,when the distance between something and the center of the earth is a big magnitude
e05354570a,Anxiety,"fear, worry, stress, uneasiness, dread"
7cf403bfc3,Medicine,"science and practice of the diagnosis,treatment,and prevention of disease and surgery"
7cf403bfc3,Hunger,a lack of flood. feeling of discomfort or exhaustion caused by yhis.
7cf403bfc3,Beer,"alcoholic drink made from fermented malt etc.,flavoured with hops"
7cf403bfc3,High,of great vertical extent. of a specified height.
7cf403bfc3,Anxiety,being anxious
0da623e05b,Medicine,"1.
any substance or substances used in treating disease or illness; medicament; remedy.
2.
the art or science of restoring or preserving health or due physical condition, as by means of drugs, surgical operations or appliances, or manipulations: often divided into medicine proper, surgery, and obstetrics.
3.
the art or science of treating disease with drugs or curative substances, as distinguished from surgery and obstetrics.
4.
the medical  profession.
5.
(among North American Indians) any object or practice regarded as having magical powers."
0da623e05b,Hunger,"1.
a compelling need or desire for food.
2.
the painful sensation or state of weakness caused by the need of food: to collapse from hunger.
3.
a shortage of food; famine.
4.
a strong or compelling desire or craving: hunger for power."
0da623e05b,Beer,"1.
an alcoholic beverage made by brewing and fermentation from cereals, usually malted barley, and flavored with hops and the like for a slightly bitter taste.
2.
any of various beverages, whether alcoholic or not, made from roots, molasses or sugar, yeast, etc.: root beer; ginger beer.
3.
an individual serving of beer; a glass, can, or bottle of beer: We'll have three beers."
0da623e05b,High,"1.
having a great or considerable extent or reach upward or vertically; lofty; tall: a high wall.
2.
having a specified extent upward: The apple tree is now 20 feet high.
3.
situated above the ground or some base; elevated: a high platform; a high ledge.
4.
exceeding the common degree or measure; strong; intense: high speed; high color.
5.
expensive; costly; dear: The price of food these days is much too high."
0da623e05b,Anxiety,"1.
distress or uneasiness of mind caused by fear of danger or misfortune: He felt anxiety about the possible loss of his job.
2.
earnest but tense desire; eagerness: He had a keen anxiety to succeed in his work.
3.
Psychiatry . a state of apprehension and psychic tension occurring in some forms of mental disorder."
d0f1e4030a,Medicine,health
d0f1e4030a,Hunger,food
d0f1e4030a,Beer,chill
d0f1e4030a,High,peak
d0f1e4030a,Anxiety,curious
c284e4a997,Medicine,"A remedy,bitter one,dont like,a reson to cure."
c284e4a997,Hunger,"A feeling,from stomach,all species-related,needs food."
c284e4a997,Beer,"Low alcohol,with chill,tasty in summer,makes belly."
c284e4a997,High,"Height,upper,a mount,a supreme position."
c284e4a997,Anxiety,"A feeling,needs immediate solvation,from inner mind."
10d4f79779,Medicine,"The science of diagnosing, treating, or preventing disease and other damage to the body or mind, The practice of medicine, n agent, such as a drug, used to treat disease or injury"
10d4f79779,Hunger,"A strong desire or need for food, he discomfort, weakness, or pain caused by a prolonged lack of food, A strong desire or craving"
10d4f79779,Beer,"A fermented alcoholic beverage brewed from malt and flavored with hops, A beverage made from extracts of roots and plants, A serving of one of these beverages"
10d4f79779,High,"Having a relatively great elevation; extending far upward, Being at or near the peak or culminating stage, Luxurious; extravagant, Of great importance"
10d4f79779,Anxiety,"A feeling of worry, nervousness, or unease, typically about an imminent event or something with an uncertain outcome, Desire to do something, typically accompanied by unease"
c4ec0ebf47,Anxiety,Anxiety
cdf81c2126,Medicine,any substance or substances used in treating disease or illness
cdf81c2126,Hunger,a shortage of food
cdf81c2126,Beer,"an alcoholic beverage made by brewing and fermentation from cereals, usually malted barley, and flavored with hops and the like for a slightly bitter taste."
cdf81c2126,High,having a specified extent upward
cdf81c2126,Anxiety,earnest but tense desire
e87cf6cd3b,Medicine,any substance or substances used in treating disease or illness.
e87cf6cd3b,Hunger,a compelling need or desire for food.
e87cf6cd3b,Beer,"an alcoholic beverage made by brewing and fermentation from cereals, usually malted barley, and flavored with hops and the like for a slightly bitter taste."
e87cf6cd3b,High,Lofty or having a great or considerable extent or reach upward or vertically
e87cf6cd3b,Anxiety,distress or uneasiness of mind caused by fear of danger or misfortune.
0ff6f25e1c,Medicine,by eating through mouth
0ff6f25e1c,Hunger,stomach
0ff6f25e1c,Beer,drink through mouth
0ff6f25e1c,High,climb through legs
0ff6f25e1c,Anxiety,it is a brain work
d2238a631b,Medicine,"The science which relates to the prevention, cure, or alleviation of disease."
d2238a631b,Hunger,An uneasy sensation occasioned normally by the want of food; a craving or desire for food.
d2238a631b,Beer,"A fermented liquor made from any malted grain, but commonly from barley malt, with hops or some other substance to impart a bitter flavor."
d2238a631b,High,"Elevated above any starting point of measurement, as a line, or surface; having altitude; lifted up; raised or extended in the direction of the zenith; lofty; tall; as, a high mountain, tower, tree; the sun is high."
d2238a631b,Anxiety,"Concern or solicitude respecting some thing or event, future or uncertain, which disturbs the mind, and keeps it in a state of painful uneasiness."
2c163726f7,Medicine,Medicine is the science and art of healing.
2c163726f7,Hunger,Hunger was due to lack of food.
2c163726f7,Beer,It's an alcoholic drink.
2c163726f7,High,It's of mostly accumulated.
2c163726f7,Anxiety,It's due to the fear of losing something.
95e2618c28,Medicine,"The science of diagnosing, treating, or preventing disease and other damage to the body or mind."
95e2618c28,Hunger,"A strong desire or need for food.,The discomfort, weakness, or pain caused by a prolonged lack of food"
95e2618c28,Beer,A fermented alcoholic beverage brewed from malt and flavored with hops
95e2618c28,High,"Having a relatively great elevation; extending far upward, Extending a specified distance upward"
95e2618c28,Anxiety,"A state of uneasiness and apprehension, as about future uncertainties."
af2803583c,Medicine,"the art or science of restoring or preserving health or due physical condition, as by means of drugs, surgical operations or appliances, or manipulations"
af2803583c,Hunger,An uneasy sensation occasioned normally by the want of food
af2803583c,Beer,A fermented alcoholic beverage brewed from malt and flavored with hops
af2803583c,High,being at or having a relatively great or specific elevation or upward extension
af2803583c,Anxiety,"A state of uneasiness and apprehension, as about future uncertainties."
7a6643b5b8,Medicine,"is curative, is composed of chemicals, is used to treat sickness, is purchased from a pharmacy or other store, is compounded by professionals"
7a6643b5b8,Hunger,"is a physical feeling, is a consequence of not eating, is ameliorated by food"
7a6643b5b8,Beer,"is a liquid, is drinkable by humans, contains alcohol, is made from hops and barley"
7a6643b5b8,High,can describe an elevated physical location or an elevated emotional state
7a6643b5b8,Anxiety,"an emotion, unpleasant feeling, related to nervousness, a psychological state"
fe5a703d9c,Medicine,"drugs, treatment for cure,"
fe5a703d9c,Hunger,"feeling due to lack of food,"
fe5a703d9c,Beer,"a drink, a alcoholic drink"
fe5a703d9c,High,"a position that is higher than a normal level, far above ground"
fe5a703d9c,Anxiety,worry about something
2486e8fbec,Medicine,"life saving, disease treating, remedy, healing"
2486e8fbec,Hunger,"food requiring, fasting, food procurer"
2486e8fbec,Beer,"beverage, alcohol, fermented barley, alcohol rich drink"
2486e8fbec,High,"hyper, super, rich"
2486e8fbec,Anxiety,"want to know, need clarity, over responding"
2a625093df,Medicine,Combination of chemicals to cure  diseases
2a625093df,Hunger,Indication by the body that it needs nutrients
2a625093df,Beer,Drink with limited alcoholic content
2a625093df,High,"Above, on an upper level"
2a625093df,Anxiety,Fear of something bad might happen.
85e1f85b71,Medicine,"doctor, taste horrible, may make you feel better, can make you feel worse"
85e1f85b71,Hunger,"need food, a longing for something, nothing to eat"
85e1f85b71,Beer,"hops, malted beverage, brewery, Red Stripe, Stella Artois"
85e1f85b71,High,"not low, on drugs, happy, above something or someone"
85e1f85b71,Anxiety,"nervous, feeling nauseous, not sure, can be a problem to health"
cef0fec366,Medicine,"something you take when sick, cure"
cef0fec366,Hunger,"not having eaten in a long time, weak from lack of food"
cef0fec366,Beer,"alcoholic beverage, mans drink,"
cef0fec366,High,"having a lot of height, something very tall"
cef0fec366,Anxiety,"stress, feeling closed in and uncomfortable."
6b2ac0ef88,Medicine,drug
6b2ac0ef88,Hunger,strong desire for food
6b2ac0ef88,Beer,alcohol
6b2ac0ef88,High,top
6b2ac0ef88,Anxiety,concern
1c6ee77d92,Medicine,"anesthetic, antibiotic, antidote, antiseptic, antitoxin, balm, biologic, capsule, cure, dose, drug, elixir, injection, inoculation, liniment, lotion, medicament, ointment, pharmaceutical, pharmacon, physic, pill, potion, prescription, remedy, salve, sedative, serum, tablet, tincture, tonic, vaccination, vaccine"
1c6ee77d92,Hunger,"a stomach for, ache, appetence, appetency, appetition, big eyes, bottomless pit, craving, desire, emptiness, esurience, eyes for, famine, famishment, gluttony, greed, greediness, hungriness, longing, lust, mania, munchies, ravenousness, starvation, sweet tooth"
1c6ee77d92,Beer,"abdomen, bay window, beer belly, breadbasket, corporation, front porch, gut, insides, intestines, paunch, pelvis, pot belly, pot, solar plexus, spare tire, tank, tummy, venter"
1c6ee77d92,High,"aerial, alpine, altitudinous, big, colossal, elevated, eminent, flying, formidable, giant, gigantic, grand, great, high rise, high-reaching, hovering, huge, immense, large, lofty, long, sky-high, sky-scraping, soaring, steep, towering, tremendous, uplifted, upraised"
1c6ee77d92,Anxiety,"all-overs, angst, ants in pants, apprehension, botheration, butterflies, care, cold sweat, concern, creeps, disquiet, disquietude, distress, doubt, downer, drag, dread, fidgets, flap, foreboding, fretfulness, fuss, goose bumps, heebie-jeebies, jitters, jumps, misery,"
faed1af4c3,Medicine,"used to treat illness, scientifically prepared, cure or prophylactic"
faed1af4c3,Hunger,"needing food, feel churning in stomach, to want something very intensely"
faed1af4c3,Beer,"alcoholic beverage, made from barley, has alcohol, can be non-alcoholic, gold coloured liquid, diuretic effect"
faed1af4c3,High,"vertical extent from the base, to feel elated after taking some substance"
faed1af4c3,Anxiety,"heightened concern, tense"
4792a552bb,Medicine,"Medicine is the science and art of healing. It encompasses a variety of health care practices evolved to maintain and restore health by the prevention and treatment of illness.
Contemporary medicine applies health science, biomedical research, and medical technology to diagnose and treat injury and disease, typically through medication or surgery, but also through therapies as diverse as psychotherapy, external splints & traction, prostheses, biologics, ionizing radiation and others. The word medicine is derived from the Latin ars medicina, meaning the art of healing.["
4792a552bb,Hunger,Hunger is the most commonly used term to describe the social condition of people who frequently experience the physical sensation of desiring food.
4792a552bb,Beer,"Beer is the world's most widely consumed and probably oldest alcoholic beverage; it is the third most popular drink overall, after water and tea. It is produced by the brewing and fermentation of sugars, mainly derived from malted cereal grains, most commonly malted barley and malted wheat. Sugars derived from maize (corn) and rice are widely used adjuncts because of their lower cost. Most beer is flavoured with hops, which add bitterness and act as a natural preservative, though other flavourings such as herbs or fruit may occasionally be included. Some of humanity's earliest known writings refer to the production and distribution of beer: the Code of Hammurabi included laws regulating beer and beer parlours, and ""The Hymn to Ninkasi"", a prayer to the Mesopotamian goddess of beer, served as both a prayer and as a method of remembering the recipe for beer in a culture with few literate people. Today, the brewing industry is a global business, consisting of several dominant multinational companies and many thousands of smaller producers ranging from brewpubs to regional breweries.
The strength of beer is usually around 4% to 6% alcohol by volume (abv) though may range from less than 1% abv, to over 20% abv in rare cases.
Beer forms part of the culture of beer-drinking nations and is associated with social traditions such as beer festivals, as well as a rich pub culture involving activities like pub crawling and pub games such as bar billiards."
4792a552bb,High,"High may refer to:

Science, technology and economics

Height
High (atmospheric), a high pressure area
High (computability), a quality of a Turing degree, in computability theory
High (technical analysis), or top, an event in market-price fluctuations of a security
High (tectonics), in geology an area where relative tectonic uplift took or takes place
Substance intoxication, also known by the slang description ""being high""
Music

Albums
High (The Blue Nile album)
High (Flotsam and Jetsam album)
High (New Model Army album)
Songs
""High"" (James Blunt song)
""High"" (Knut Anders Sørum song)
""High"" (The Cure song)
""High"" (Feeder song)
""High"" (Lighthouse Family song)
""High"" (David Hallyday song) 
Other media

High (comics), a fictional character in the Wildstorm universe
High (film), a 1967 Canadian film
High (play), a 2011 play by Matthew Lombardo
High, Just-As-High, and Third, in Norse mythology, three figures in the Prose Edda"
4792a552bb,Anxiety,"Anxiety (also called angst or worry) is a psychological and physiological state characterized by somatic, emotional, cognitive, and behavioral components.[2] The root meaning of the word anxiety is 'to vex or trouble'; in either presence or absence of psychological stress, anxiety can create feelings of fear, worry, uneasiness, and dread. Anxiety is considered to be a normal reaction to a stressor. It may help an individual to deal with a demanding situation by prompting them to cope with it. When anxiety becomes excessive, it may fall under the classification of an anxiety disorder."
ade6f10916,Medicine,"cures diseases, gives health, improves health"
ade6f10916,Hunger,"eating food,"
ade6f10916,Beer,"enjoyment,alcoholic"
ade6f10916,High,"very big,more"
ade6f10916,Anxiety,"tension,stress"
1b9c766662,Medicine,are good for health.
1b9c766662,Hunger,needs to be fulfilled.
1b9c766662,Beer,tastes great.
1b9c766662,High,standards are always good.
1b9c766662,Anxiety,may bring in trouble.
ce58ffe106,Medicine,"substance that helps cure, vaccine, alleviate, or prevent illness, vaccination, anesthetic, tonic, antibiotic, tincture, antidote, tablet, antiseptic, sedative, dose, salve, cure, remedy, antitoxin, prescription, elixir, potion, injection, physic, inoculation, pill, lotion, pharmaceutical"
ce58ffe106,Hunger,"appetite for food, satisfaction, other desire, satiation, ache, yen, appetence, yearning, appetency, voracity,  big eyes, bottomless pit, emptiness, famine, eyes for, gluttony greed, munchies, mania, hungriness, starvation, sweet tooth, freed, greediness"
ce58ffe106,Beer,"suds, alcoholic beverage made from malted grain, stout, ale, oil, amber brew, malt liquor, barley pop, brewski, lager, malt, brown bottle, hops, chill, cold one, cold coffee"
ce58ffe106,High,"aerial, dwarfed, alpine, low, big, short, colossal, stunted, elevated, tremendous, eminent, uplifted, flying, upraised, formidable, gigantic, arch, grand, capital, great, huge, soaring, essential, serious, significant, noble, powerful, grave, necessary"
ce58ffe106,Anxiety,"Worry, assurance, tension, calmness, apprehension, ease, ants in pants, happiness, angst, nonchalance, creeps, composure, doubt, dread, fidgets, misgiving, nail-bitting, needles, panic, shakes, solicitude, suffering, sweat, uncertainty"
b245d0513e,Medicine,"pills, diseases, doctors, hospitals, medical store, cure, antidote,"
b245d0513e,Hunger,"need for food, beggar, long walks, time for meals, appetite for, starve"
b245d0513e,Beer,"chilled drink, fat belly, hops, bottles, party"
b245d0513e,High,"tall, steep, position of authority, wall, elevated place"
b245d0513e,Anxiety,"unease of mind, unknown factors, preoccupation of thoughts, sense of fear, deep concern"
a8b0f7b70f,Shy,"diffident,bashful,behaviour showing lack of confidence,easily frightened away,reluctant"
a8b0f7b70f,Thought,"idea,celebration,mentation,thinking,intellection"
a8b0f7b70f,Hoop,"ring,wicket,basketball hoop,basket"
a8b0f7b70f,Picket,"workers or a group stationed outside the entrance to a place for strike,lookout,sentinel,sentry"
a8b0f7b70f,Monthly,"once a month,paying money,valid for a month,appearing,done,payable"
c3069fbff3,Shy,"Easily startled; timid,Drawing back from contact or familiarity with others; retiring or reserved, Marked by reserve or diffidence, Distrustful; wary, Not having paid an amount due, as one's ante in poker,Short; lacking,To move suddenly, as if startled; start,o draw back, as from fear or caution; recoil,A sudden movement, as from fright; a start"
c3069fbff3,Thought,"The act or process of thinking; cogitation,A product of thinking, The faculty of thinking or reasoning,The intellectual activity or production of a particular time or group,Consideration; attention, Intention; purpose, Expectation or conception"
c3069fbff3,Hoop,"A circular band of metal or wood put around a cask or barrel to bind the staves together,A large wooden, plastic, or metal ring, especially one used as a plaything or for trained animals to jump through,One of the lightweight circular supports for a hoop skirt, A circular, ringlike earring, One of a pair of circular wooden or metal frames used to hold material taut for embroidery or similar needlework,The basket, A field goal,To encircle"
c3069fbff3,Picket,"A pointed stake often driven into the ground to support a fence, secure a tent, tether animals, mark points in surveying, or, when pointed at the top, serve as a defense, A detachment of one or more troops, ships, or aircraft held in readiness or advanced to warn of an enemy's approach,A person or group of persons stationed outside a place of employment, usually during a strike, to express grievance or protest and discourage entry by nonstriking employees or customers,A person or group of persons present outside a building to protest,To enclose, secure, tether, mark out, or fortify with pickets,To post as a picket, To guard with a picket,To post a picket or pickets during a strike or demonstration."
c3069fbff3,Monthly,"Occurring, appearing, or coming due every month,Continuing or lasting for a month,Once a month; every month, A periodical publication appearing once each month, occurring, done, appearing, payable, etc., once every month,once a month,a book, periodical, magazine, etc., published once a month,"
2b7ce04536,Shy,"Humans shyness, Girls , Feelings"
2b7ce04536,Thought,"Ideas,  Opinion, Model"
2b7ce04536,Hoop,"Basketball club,  Hoopdance, Hoop snake"
2b7ce04536,Picket,"Screw picket, Military  Solder, Picket line"
2b7ce04536,Monthly,"End of Week, Calender , Full Moon"
cef0fec366,Shy,"introvert, someone that feels uncomfortable around people"
cef0fec366,Thought,"what you think, private things that go on in your head"
cef0fec366,Hoop,what a basketball goes through to ear points in the game
cef0fec366,Picket,protesters with signs that are fighting for something to change
cef0fec366,Monthly,something that happens every month
694b2d8fb5,Shy,"a feeling , to move away , escape , not feeling good , uneasy reaction ,"
694b2d8fb5,Thought,"ideas that originate in mind , its like a intentional dream , thinking something new , mental part of the human ,"
694b2d8fb5,Hoop,"circular thing , like a ring , an wooden metal or plastic thing used for joining , used in circus for jumping through it ,"
694b2d8fb5,Picket,"like a  stick , fence, secure a tent, tether animals, mark points in surveying, or, when pointed at the top, serve as a defense"
694b2d8fb5,Monthly,"means every next month , it denotes time of every 30 days ,"
1c7639828f,Shy,"Drawing back from contact, easily frightened away, disposed to avoid a person or thing, hesitant in committing oneself"
1c7639828f,Thought,"The act or process of thinking, mental or intellectual activity, product of thinking"
1c7639828f,Hoop,"a circular band or ring of metal, a large ring of iron, a band for holding together the staves of a cask"
1c7639828f,Picket,"A pointed stake often driven into the ground to support a fence, a person stationed by a union or the like outside a factory, a detached body of soldiers serving to guard an army from surprise"
1c7639828f,Monthly,"Occurring, appearing, or coming due every month, pertaining to a month, computed or determined by the month"
d6fbaf0859,Shy,"timid, afraid of the crowd"
d6fbaf0859,Thought,"in mind, idea of something"
d6fbaf0859,Hoop,"in circles,"
d6fbaf0859,Picket,"divided by a horizontal line, to rally, to stand in opposite"
d6fbaf0859,Monthly,"equivalent to 30 days. comprises the calendar, from january to december"
df5ff96a53,Shy,Timid and retiring.
df5ff96a53,Thought,Idea or mental image.
df5ff96a53,Hoop,"Large round ring for swirling on the hips or rolling along the ground.
An earring in the shape of a ring."
df5ff96a53,Picket,Post in the ground.
df5ff96a53,Monthly,Every four weeks.
85e1f85b71,Shy,"introverted, secretive, will not tell, a deer"
85e1f85b71,Thought,"think, ponder, consider, wonder"
85e1f85b71,Hoop,"circular, make when i tie my shoe laces,"
85e1f85b71,Picket,"pointed, fence, people in protest, lobby against, hold up my tent"
85e1f85b71,Monthly,"salary, car loan, insurance payments, credit card payments, students loan payments"
5c88d6dd6c,Shy,"timid, bashful, avoiding, showing fear of, reserved, elusive"
5c88d6dd6c,Thought,"the power or process of thinking, an idea formed by thinking, an intention, meditation, sober reflection or consideration."
5c88d6dd6c,Hoop,"a large wooden, plastic or metal ring, a circular ring like earring, one of the light weight circular supports for a hoop skirt."
5c88d6dd6c,Picket,"pointed shake, a small outpost, picket duty, dissuading those who go to work."
5c88d6dd6c,Monthly,"one of the twelve division of the year, continuing or lasting for a month, occurring once a month"
b605293af4,Shy,"means bashfull, is an adjective, means afraid of people"
b605293af4,Thought,"is what you do with your brain, is an idea, is an opinion"
b605293af4,Hoop,"is round, can be a toy, can be jumped through, is used in basketball"
b605293af4,Picket,"is part of a fence, means to protest, involves carrying signs and/or marching"
b605293af4,Monthly,"means each month, is how often something occurs, is a time frame"
2622f61522,Shy,"diffident, timid, unsure"
2622f61522,Thought,"cerebration, intellection, mentation, thinking, thought process, idea, opinion, persuasion, sentiment, view"
2622f61522,Hoop,"basket, basketball hoop, ring, wicket"
2622f61522,Picket,"piquet, pale, lookout, lookout man, scout, sentinel, sentry,"
2622f61522,Monthly,"Month wise, month cycle"
6be52007c6,Shy,"Easily startled; timid.
2.
a. Drawing back from contact or familiarity with others; retiring or reserved.
b. Marked by reserve or diffidence: a shy glance.
3. Distrustful; wary: shy of strangers.
4. Not having paid an amount due, as one's ante in poker.
5. Short; lacking: Eleven is one shy of a dozen.
intr.v. shied (shd), shy·ing, shies (shz)
1. To move suddenly, as if startled; start.
2. To draw back, as from fear or caution; recoil.
n. pl. shies (shz)
A sudden movement, as from fright; a start"
6be52007c6,Thought,"Past tense and past participle of think.
n.
1. The act or process of thinking; cogitation.
2. A product of thinking. See Synonyms at idea.
3. The faculty of thinking or reasoning.
4. The intellectual activity or production of a particular time or group: ancient Greek thought; deconstructionist thought.
5. Consideration; attention: didn't give much thought to what she said.
6."
6be52007c6,Hoop,"A circular band of metal or wood put around a cask or barrel to bind the staves together.
2. A large wooden, plastic, or metal ring, especially one used as a plaything or for trained animals to jump through.
3. One of the lightweight circular supports for a hoop skirt.
4. A circular, ringlike earring.
5. One of a pair of circular wooden or metal frames used to hold material taut for embroidery or similar needlework.
6. Basketball
a. The basket.
b. A field goal: hit a big hoop.
c. also hoops The game of basketball.
7. Sports A croquet wicket.
tr.v. hooped, hoop·ing, hoops
1. To hold together or support with or as if with a hoop.
2. To encircle."
6be52007c6,Picket,". A pointed stake often driven into the ground to support a fence, secure a tent, tether animals, mark points in surveying, or, when pointed at the top, serve as a defense.
2. A detachment of one or more troops, ships, or aircraft held in readiness or advanced to warn of an enemy's approach: ""The outlying sonar picket.... was to detect, localize, and engage any submarine trying to close the convoy"" (Tom Clancy).
3.
a. A person or group of persons stationed outside a place of employment, usually during a strike, to express grievance or protest and discourage entry by nonstriking employees or customers.
b. A person or group of persons present outside a building to protest."
6be52007c6,Monthly,"A unit of time corresponding approximately to one cycle of the moon's phases, or about 30 days or 4 weeks.
2. Abbr. mo. One of the 12 divisions of a year as determined by a calendar, especially the Gregorian calendar. Also called calendar month.
3. A period extending from a date in one calendar month to the corresponding date in the following month.
4. A sidereal month.
5. A lunar month.
6. A solar month."
43f7e46034,Shy,"""Shy"" redirects here. For other uses, see Shy (disambiguation).

In humans, shyness (also called diffidence) is a social psychology term used to describe the feeling of apprehension, lack of comfort, or awkwardness experienced when a person is in proximity to, approaching, or being approached by other people, especially in new situations or with unfamiliar people. Shyness may come from genetic traits, the environment in which a person is raised and personal experiences. There are many degrees of shyness. Stronger forms are usually referred to as social anxiety or social phobia. Shyness may merely be a personality trait or can occur at certain stages of development in children. Shyness has also a strong cultural dimension.

In biology, shy generally means ""tends to avoid human beings""; See crypsis. Shyness in gorillas manifests with ostensibly similar behavioral traits, but differs wholly from humans in cognition and motivation.[citation needed]
Contents
 [hide] 

    1 Triggers, traits and misperception
        1.1 Complications
    2 Origins
        2.1 Genetics and heredity
        2.2 As symptom of mercury poisoning
    3 Shyness as pathology
    4 See also
    5 References
    6 Further reading
    7 External links

[edit] Triggers, traits and misperception

Shyness is most likely to occur during unfamiliar situations, though in severe cases it may hinder an individual in his or her most familiar situations and relationships as well. Admitting feelings may become difficult for the individual. Shy people avoid the objects of their apprehension in order to keep from feeling uncomfortable and inept; thus, the situations remain unfamiliar and the shyness perpetuates itself. Shyness may fade with time; e.g., a child who is shy towards strangers may eventually lose this trait when older and more socially adept. This often occurs by adolescence or young adulthood (generally around the age of 13). In some cases, though, it may become an integrated, life-long character trait. Humans experience shyness to different degrees and in different areas. For example, an actor may be loud and bold on stage, but shy in an interview. In addition, shyness may manifest when one is in the company of certain people and completely disappear when with others— one may be outgoing with friends and family, but experience love-shyness toward potential partners, even if strangers are generally not an obstacle.

The condition of true shyness may simply involve the discomfort of difficulty in knowing what to say in social situations, or may include crippling physical manifestations of uneasiness. Shyness usually involves a combination of both symptoms, and may be quite devastating for the sufferer, in many cases leading them to feel that they are boring, or exhibit bizarre behavior in an attempt to create interest, alienating them further. Behavioral traits in social situations such as smiling, easily producing suitable conversational topics, assuming a relaxed posture and making good eye contact, which come spontaneously for the average person[citation needed], may not be second nature for a shy person. Such people might only affect such traits by great difficulty, or they may even be impossible to display. Shyness is considered to be a neutral personality trait by people who are not shy, but a very negative trait by those who are shy themselves[citation needed]. In fact, those who are shy are actually perceived more negatively because of the way they act towards others. Shy individuals are often distant during conversations, which may cause others to create poor impressions of them, simply adding to their shyness in social situations.
[edit] Complications

The term shyness may be implemented as a lay blanket-term for a family of related and partially overlapping afflictions, including timidity (apprehension in meeting new people), bashfulness and diffidence (reluctance in asserting oneself), apprehension and anticipation (general fear of potential interaction), or intimidation (relating to the object of fear rather than one's low confidence).[1] Apparent shyness, as perceived by others, may simply be the manifestation of reservation or introversion, character traits which cause an individual to voluntarily avoid excessive social contact or be terse in communication, but are not motivated or accompanied by discomfort, apprehension, or lack of confidence.

Rather, according to Bernardo J. Carducci, director of the Shyness Research Institute, introverts choose to avoid social situations because they derive no reward from them, or may find surplus sensory input overwhelming. Conversely, shy people may fear such situations and feel that they ""should"" avoid them. [2] Shy people tend to perceive their own shyness as a negative trait, and many people are uneasy with shyness in others, especially in cultures which value individuality and taking charge.[citation needed] This generally poor reception of shyness may be misinterpreted by the suffering individual as aversion related to his or her personality, rather than simply to his or her shyness. Both conditions can lead to a compounding of a shy individual's low self-confidence.

In cultures that value outspokenness and overt confidence, shyness can be perceived as weakness.[citation needed] To an unsympathetic observer, a shy individual may be mistaken as cold, distant, arrogant or aloof, which can be frustrating for the shy individual.[citation needed] However in other cultures, shy people may be perceived as being thoughtful, intelligent, as being good listeners, and as being more likely to think before they speak[citation needed]. Furthermore, boldness, the opposite of shyness, may cause its own problems, such as impertinence or inappropriate behavior.
[edit] Origins

The initial causes of shyness vary. Scientists have located some genetic data that supports the hypothesis that shyness is at least partially genetic. However, there is also evidence that the environment in which a person is raised can affect his or her shyness. This includes child abuse, particularly emotional abuse such as ridicule. Shyness can originate after a person has experienced a physical anxiety reaction; at other times, shyness seems to develop first and then later causes physical symptoms of anxiety. Shyness differs from social anxiety, which is a broader, often depression-related psychological condition including the experience of fear, apprehension or worrying about being evaluated by others in social situations to the extent of inducing panic.
[edit] Genetics and heredity

The genetics of shyness is a relatively small area of research that has been receiving an even smaller amount of attention, although papers on the biological bases of shyness date back to 1988. Some research has indicated that shyness and aggression are related—through long and short forms of the gene DRD4, though considerably more research on this is needed. Further, it has been suggested that shyness and social phobia (the distinction between the two is becoming ever more blurred) are related to obsessive-compulsive disorder. As with other studies of behavioral genetics, the study of shyness is complicated by the number of genes involved in, and the confusion in defining, the phenotype. Naming the phenotype – and translation of terms between genetics and psychology — also causes problems. In some research, ""behavioral inhibition"" is studied, in others anxiety or social inhibition is. One solution to this problem is to study the genetics of underlying traits, such as ""anxious temperament.""

Several genetic links to shyness are current areas of research. One is the serotonin transporter promoter region polymorphism (5-HTTLPR), the long form of which has been shown to be modestly correlated with shyness in grade school children.[1] Previous studies had shown a connection between this form of the gene and both obsessive-compulsive disorder and autism.[citation needed] Mouse models have also been used, to derive genes suitable for further study in humans; one such gene, the glutamic acid decarboxylase gene (which encodes an enzyme that functions in GABA synthesis), has so far been shown to have some association with behavioral inhibition.

Another gene, the dopamine D4 receptor gene (DRD4) exon III polymorphism, had been the subject of studies in both shyness and aggression, and is currently the subject of studies on the ""novelty seeking"" trait. A 1996 study of anxiety-related traits (shyness being one of these) remarked that, ""Although twin studies have indicated that individual variation in measures of anxiety-related personality traits is 40-60% heritable, none of the relevant genes has yet been identified,"" and that ""10 to 15 genes might be predicted to be involved"" in the anxiety trait. Progress has been made since then, especially in identifying other potential genes involved in personality traits, but there has been little progress made towards confirming these relationships. The long version of the 5-HTT gene-linked polymorphic region (5-HTTLPR) is now postulated to be correlated with shyness,[1] but in the 1996 study, the short version was shown to be related to anxiety-based traits. This confusion and contradiction does not oppose the genetic basis of personality traits, but does emphasize the amount of research there is still to be done before the bases of even one or two of these characteristics can be identified.
[edit] As symptom of mercury poisoning

Excessive shyness, embarrassment, self consciousness and timidity, social-phobia and lack of self-confidence are also components of erethism, which is a symptom complex that appears in cases of mercury poisoning.[2][3] Mercury poisoning was common among hat makers in England in the 18th and 19th centuries, who used mercury to stabilize wool into felt fabric.
[edit] Shyness as pathology

Shyness as a psychiatric illness made its debut as ""social phobia"" in DSM-III in 1980, but was then described as rare.[citation needed] By 1994, however, when DSM-IV was published, it had become ""social anxiety disorder"" and was now said to be extremely common.[citation needed] This process has been adverted to as a case study of ""disease-mongering"" in psychiatry.[4] One drug company product manager has been quoted as saying, ""Every marketer's dream is to find an unidentified or unknown market and develop it. That's what we were able to do with social anxiety disorder"".[5] On the other hand, the prevalence of social anxiety disorder could easily be underestimated or ignored because many people who fear and avoid social situations would find going to a doctor's office and asking for help extremely difficult."
43f7e46034,Thought,"For other uses, see Thought (disambiguation).
""Think"" redirects here. For other uses, see Think (disambiguation).
Man thinking on a train journey.
The Thinker, sculpture at the Musée Rodin in Paris
	Look up Thought or Think in Wiktionary, the free dictionary.
Neuropsychology
Topics[show]
Brain functions[show]
People[show]
Tests[show]
 
Mind and Brain Portal
v · d · e

""Thought"" generally refers to any mental or intellectual activity involving an individual's subjective consciousness. It can refer either to the act of thinking or the resulting ideas or arrangements of ideas. Similar concepts include cognition, sentience, consciousness, and imagination.[1] Because thought underlies almost all human actions and interactions, understanding its physical and metaphysical origins, processes, and effects has been a longstanding goal of many academic disciplines including, among others, biology, philosophy, psychology, and sociology.

Thinking allows beings to make sense of or model the world in different ways, and to represent or interpret it in ways that are significant to them, or which accord with their needs, attachments, objectives, plans, commitments, ends and desires.
Contents
 [hide] 

    1 Origin and usage
    2 Philosophy
        2.1 The mind-body problem
    3 Biology
    4 Psychology
    5 Psychoanalysis
    6 Sociology
    7 See also
    8 External links
    9 References

[edit] Origin and usage

The word comes from Old English þoht, or geþoht, from stem of þencan ""to conceive of in the mind, consider"".[2]

In diorrhea language, the word to think covers numerous and diverse psychological activities. It often refers merely to the act of being conscious of something, especially if that thing is outside the immediate environment (""It made me think of my grandmother""). It is sometimes a synonym for ""tending to believe,"" especially with less than full confidence (""I think that it will rain, but I am not sure""). At other times it denotes the degree of attentiveness (""I did it without thinking""). Many other mental activities--many of which may shade into each other--can be covered by the word, such as interpreting, evaluating, imagining, planning, and remembering.

In common usage, ""thought"" is often attributed to animals, machines, other non-human objects, and phenomena. The exact meaning of such usage varies as well. The attribution of thought or thought processes to non-human objects and phenomena (especially computers) could be considered anthropomorphism, though such categorizations have been contested by such computer scientists as Alan Turing (see Computing Machinery and Intelligence). As regards animals, to what extent different animals think depends on the exact definition of the word that is given, so it may be taken literally or regarded as anthropomorphic.
[edit] Philosophy
Main article: Phenomenology_(philosophy)
Main article: Philosophy of mind
“ 	What is most thought-provoking in these thought-provoking times, is that we are still not thinking.[3] – Martin Heidegger 	”

The phenomenology movement in philosophy saw a radical change in the way in which we understand thought. Martin Heidegger's phenomenological analyses of the existential structure of man in Being and Time throw new light on the issue of thinking, unsettling traditional cognitive or rational interpretations of man which affect the way we understand thought. The notion of the fundamental role of non-cognitive understanding in rendering possible thematic consciousness informed the discussion surrounding Artifical Intelligence during the 1970's and 1980's.[4]

Phenomenology, however, is not the only approach to thinking in modern Western philosophy. Philosophy of mind is a branch of modern analytic philosophy that studies the nature of the mind, mental events, mental functions, mental properties, consciousness and their relationship to the physical body, particularly the brain. The mind-body problem, i.e. the relationship of the mind to the body, is commonly seen as the central issue in philosophy of mind, although there are other issues concerning the nature of the mind that do not involve its relation to the physical body.[5]
[edit] The mind-body problem
Main article: Mind-body dichotomy

The mind-body problem concerns the explanation of the relationship that exists between minds, or mental processes, and bodily states or processes.[5] The main aim of philosophers working in this area is to determine the nature of the mind and mental states/processes, and how—or even if—minds are affected by and can affect the body.

Human perceptual experiences depend on stimuli which arrive at one's various sensory organs from the external world and these stimuli cause changes in one's mental state, ultimately causing one to feel a sensation, which may be pleasant or unpleasant. Someone's desire for a slice of pizza, for example, will tend to cause that person to move his or her body in a specific manner and in a specific direction to obtain what he or she wants. The question, then, is how it can be possible for conscious experiences to arise out of a lump of gray matter endowed with nothing but electrochemical properties. A related problem is to explain how someone's propositional attitudes (e.g. beliefs and desires) can cause that individual's neurons to fire and his muscles to contract in exactly the correct manner. These comprise some of the puzzles that have confronted epistemologists and philosophers of mind from at least the time of René Descartes.[6]
[edit] Biology
Main article: Neurons

A neuron (also known as a neurone or nerve cell) is an excitable cell in the nervous system that processes and transmits information by electrochemical signaling. Neurons are the core components of the brain, the vertebrate spinal cord, the invertebrate ventral nerve cord, and the peripheral nerves. A number of specialized types of neurons exist: sensory neurons respond to touch, sound, light and numerous other stimuli affecting cells of the sensory organs that then send signals to the spinal cord and brain. Motor neurons receive signals from the brain and spinal cord and cause muscle contractions and affect glands. Interneurons connect neurons to other neurons within the brain and spinal cord. Neurons respond to stimuli, and communicate the presence of stimuli to the central nervous system, which processes that information and sends responses to other parts of the body for action. Neurons do not go through mitosis, and usually cannot be replaced after being destroyed,[dubious – discuss] although astrocytes have been observed to turn into neurons as they are sometimes pluripotent.
[edit] Psychology
Main article: Cognitive psychology

Psychologists have concentrated on thinking as an intellectual exertion aimed at finding an answer to a question or the solution of a practical problem. Cognitive psychology is a branch of psychology that investigates internal mental processes such as problem solving, memory, and language. The school of thought arising from this approach is known as cognitivism which is interested in how people mentally represent information processing. It had its foundations in the Gestalt psychology of Max Wertheimer, Wolfgang Köhler, and Kurt Koffka,[7] and in the work of Jean Piaget, who provided a theory of stages/phases that describe children's cognitive development.

Cognitive psychologists use psychophysical and experimental approaches to understand, diagnose, and solve problems, concerning themselves with the mental processes which mediate between stimulus and response. They study various aspects of thinking, including the psychology of reasoning, and how people make decisions and choices, solve problems, as well as engage in creative discovery and imaginative thought. Cognitive theory contends that solutions to problems take the form of algorithms—rules that are not necessarily understood but promise a solution, or heuristics—rules that are understood but that do not always guarantee solutions. Cognitive science differs from cognitive psychology in that algorithms that are intended to simulate human behavior are implemented or implementable on a computer. In other instances, solutions may be found through insight, a sudden awareness of relationships.

In developmental psychology, Jean Piaget was a pioneer in the study of the development of thought from birth to maturity. In his theory of cognitive development, thought is based on actions on the environment. That is, Piaget suggests that the environment is understood through assimilations of objects in the available schemes of action and these accommodate to the objects to the extent that the available schemes fall short of the demands. As a result of this interplay between assimilation and accommodation, thought develops through a sequence of stages that differ qualititatively from each other in mode of representation and complexity of inference and understanding. That is, thought evolves from being based on perceptions and actions at the sensorimotor stage in the first two years of life to internal representations in early childhood. Subsequently, representations are gradually organized into logical structures which first operate on the concrete properties of the reality, in the stage of concrete operations, and then operate on abstract principles that organize concrete properties, in the stage of formal operations.[8] In recent years, the Piagetian conception of thought was integrated with information processing conceptions. Thus, thought is considered as the result of mechanisms that are responsible for the representation and processing of information. In this conception, speed of processing, cognitive control, and working memory are the main functions underlying thought. In the neo-Piagetian theories of cognitive development, the development of thought is considered to come from increasing speed of processing, enhanced cognitive control, and increasing working memory.[9]
[edit] Psychoanalysis

""Id"", ""ego"", and ""super-ego"" are the three parts of the ""psychic apparatus"" defined in Sigmund Freud's structural model of the psyche; they are the three theoretical constructs in terms of whose activity and interaction mental life is described. According to this model, the uncoordinated instinctual trends are the ""id""; the organized realistic part of the psyche is the ""ego,"" and the critical and moralizing function the ""super-ego.""[10]

The unconscious was considered by Freud throughout the evolution of his psychoanalytic theory a sentient force of will influenced by human desire and yet operating well below the perceptual conscious mind. For Freud, the unconscious is the storehouse of instinctual desires, needs, and psychic drives. While past thoughts and reminiscences may be concealed from immediate consciousness, they direct the thoughts and feelings of the individual from the realm of the unconscious.[11]

For psychoanalysis, the unconscious does not include all that is not conscious, rather only what is actively repressed from conscious thought or what the person is averse to knowing consciously. In a sense this view places the self in relationship to their unconscious as an adversary, warring with itself to keep what is unconscious hidden. If a person feels pain, all he can think of is alleviating the pain. Any of his desires, to get rid of pain or enjoy something, command the mind what to do. For Freud, the unconscious was a repository for socially unacceptable ideas, wishes or desires, traumatic memories, and painful emotions put out of mind by the mechanism of psychological repression. However, the contents did not necessarily have to be solely negative. In the psychoanalytic view, the unconscious is a force that can only be recognized by its effects—it expresses itself in the symptom.[12]
[edit] Sociology
This is a ""thought bubble"". It is an illustration depicting thought.
Graffiti on the wall: ""'to think for myself' became less favorable"".
Main article: Social psychology

Social psychology is the study of how people and groups interact. Scholars in this interdisciplinary area are typically either psychologists or sociologists, though all social psychologists employ both the individual and the group as their units of analysis.[13]

Despite their similarity, psychological and sociological researchers tend to differ in their goals, approaches, methods, and terminology. They also favor separate academic journals and professional societies. The greatest period of collaboration between sociologists and psychologists was during the years immediately following World War II.[14] Although there has been increasing isolation and specialization in recent years, some degree of overlap and influence remains between the two disciplines.[15]

The collective unconscious, sometimes known as collective subconscious, is a term of analytical psychology, coined by Carl Jung. It is a part of the unconscious mind, shared by a society, a people, or all humanity, in an interconnected system that is the product of all common experiences and contains such concepts as science, religion, and morality. While Freud did not distinguish between an ""individual psychology"" and a ""collective psychology,"" Jung distinguished the collective unconscious from the personal subconscious particular to each human being. The collective unconscious is also known as ""a reservoir of the experiences of our species.""[16]

In the ""Definitions"" chapter of Jung's seminal work Psychological Types, under the definition of ""collective"" Jung references representations collectives, a term coined by Lucien Lévy-Bruhl in his 1910 book How Natives Think. Jung says this is what he describes as the collective unconscious. Freud, on the other hand, did not accept the idea of a collective unconscious"
43f7e46034,Hoop,"Hoop may refer to:

    Hoop (rhythmic gymnastics) is one apparatus in Rhythmic Gymnastics
    Hoop (magazine), an American basketball magazine
    ""Hoops"" (song), a song by Ruby
    Hoops (video game), a basketball video game
    Hooping, a modern subculture revolving around hoopdance
    Basketball or Hoops
    Celtic F.C. or the Hoops
    Shamrock Rovers F.C. or the Hoops
    Queens Park Rangers or the Hoops
    Shamrock Rovers Hoops, an Irish basketball club
    Hoop, part of a barrel
    HOOPS 3D Graphics System

[edit] See also
	Wikimedia Commons has media related to: Hoops

    Hoop skirt
    Hoop rolling is an ancient game played with a hoop
    Hula hoop
    Hula Hoops, a snack food popular in Britain made of potato crisps in the shape of hoops
    Hoops&Yoyo, a pair of animated characters featured on Hallmark Cards
    Hoop snake, a legendary creature of the United States
    Hoop stress, a type of mechanical stress
    Circle
    Cycle (disambiguation)
    Loop (disambiguation)
    Ring (disambiguation)
    Red tape
    Hoop Schwartz, a character from Stroker and Hoop"
43f7e46034,Picket,"Picket may refer to:

    Picketing (protest), a form of protest
    A climbing tool used to anchor a rope
    Picket fence
    Screw picket, a tethering device
    Picket line, to tether horses
    Picket (military), a military formation
    Picket, a piece in fairy chess
    Picket Pool, a micro betting pool

    Picquet, a medieval military punishment"
43f7e46034,Monthly,"For the Egyptian hawk-god, see Monthu.

A month is a unit of time, used with calendars, which was first used and invented in Mesopotamia, as a natural period related to the motion of the Moon; month and Moon are cognates. The traditional concept arose with the cycle of moon phases; such months (lunations) are synodic months and last approximately 29.53 days. From excavated tally sticks, researchers have deduced that people counted days in relation to the Moon's phases as early as the Paleolithic age. Synodic months, based on the Moon's orbital period, are still the basis of many calendars today, and are used to divide the year.

Types of months
Main article: Lunar month

The following types of months are mainly of significance in astronomy, most of them (but not the distinction between sidereal and tropical months) first recognized in Babylonian lunar astronomy.
[edit] Sidereal month

The period of the Moon's orbit as defined with respect to the celestial sphere (of the fixed stars, nowadays the International Celestial Reference Frame (ICRF)) is known as a sidereal month because it is the time it takes the Moon to return to a given position among the stars (Latin: sidera): 27.321661 days (27 d 7 h 43 min 11.5 s). This type of month has been observed among cultures in the Middle East, India, and China in the following way: they divided the sky into 27 or 28 lunar mansions, one for each day of the month, identified by the prominent star(s) in them.
[edit] Tropical month

It is customary to specify positions of celestial bodies with respect to the vernal equinox. Because of precession, this point moves back slowly along the ecliptic. Therefore it takes the Moon less time to return to an ecliptic longitude of zero than to the same point amidst the fixed stars: 27.321582 days (27 d 7 h 43 min 4.7 s). This slightly shorter period is known as tropical month; cf. the analogous tropical year of the Sun.
[edit] Anomalistic month

The Moon's orbit approximates an ellipse rather than a circle. However, the orientation (as well as the shape) of this orbit is not fixed. In particular, the position of the extreme points (the line of the apsides: perigee and apogee), makes a full circle (lunar precession) in about nine years. It takes the Moon longer to return to the same apsis because it moved ahead during one revolution. This longer period is called the anomalistic month, and has an average length of 27.554551 days (27 d 13 h 18 min 33.2 s). The apparent diameter of the Moon varies with this period, and therefore this type has some relevance for the prediction of eclipses (see Saros), whose extent, duration, and appearance (whether total or annular) depend on the exact apparent diameter of the Moon. The apparent diameter of the full moon varies with the full moon cycle which is the beat period of the synodic and anomalistic month, and also the period after which the apsides point to the Sun again.
[edit] Draconic month

Sometimes written 'draconitic' month,[1] and also called the nodical month. The orbit of the moon lies in a plane that is tilted with respect to the plane of the ecliptic: it has an inclination of about five degrees. The line of intersection of these planes defines two points on the celestial sphere: the ascending node, when the moon's path crosses the ecliptic as the moon moves into the northern hemisphere, and descending node when the moon's path crosses the ecliptic as the moon moves into the southern hemisphere. The draconic or nodical month is the average interval between two successive transits of the moon through its ascending node. Because of the sun's gravitational pull on the moon, the moon's orbit gradually rotates westward on its axis, which means the nodes gradually rotate around the earth. As a result, the time it takes the moon to return to the same node is shorter than a sidereal month. It lasts 27.212220 days (27 d 5 h 5 min 35.8 s). The plane of the moon's orbit precesses over a full circle in about 18.6 years.

Because the moon's orbit is inclined with respect to the ecliptic, the sun, moon, and earth are in line only when the moon is at one of the nodes. Whenever this happens a solar or lunar eclipse is possible. The name ""draconic"" refers to a mythical dragon, said to live in the nodes and eat the sun or moon during an eclipse.[1]
[edit] Synodic month

This is the average period of the Moon's revolution with respect to the line joining the Sun and Earth. The synodic month is the period of the Moon's phases, because the Moon's appearance depends on the position of the Moon with respect to the Sun as seen from the Earth.

While the moon is orbiting the Earth, the Earth is progressing in its orbit around the Sun. After completing a sidereal month the Moon must move a little further to reach the new position having the same angular distance from the Sun. This longer period is called the synodic month (Greek: σὺν ὁδῴ, sun hodō, meaning ""with the way [of the Sun]"").

Because of perturbations in the orbits of the Earth and Moon, the actual time between lunations may range from about 29.18 to about 29.93 days. The long-term average duration is 29.530589 days (29 d 12 h 44 min 2.9 s). The synodic month is used to calculate eclipse cycles.
[edit] Month lengths

Here is a list of the average length of the various astronomical lunar months.[2] These are not constant, so a first-order (linear) approximation of the secular change is provided:

Valid for the epoch J2000.0 (1 January 2000 12:00 TT):
Month type 	Length in days
anomalistic 	27.554549878 − 0.000000010390 × Y
sidereal 	27.321661547 + 0.000000001857 × Y
tropical 	27.321582241 + 0.000000001506 × Y
draconic 	27.212220817 + 0.000000003833 × Y
synodic 	29.530588853 + 0.000000002162 × Y

Note: In this table, time is expressed in Ephemeris Time (more precisely Terrestrial Time) with days of 86,400 SI seconds. Y is years since the epoch (2000), expressed in Julian years of 365.25 days. For calendrical calculations, one would probably use days measured in the time scale of Universal Time, which follows the somewhat unpredictable rotation of the Earth, and progressively accumulates a difference with ephemeris time called ΔT.
[edit] Calendrical consequences

    For more details on this topic, see lunar calendar and lunisolar calendar.

At the simplest level, all lunar calendars are based on the approximation that 2 lunations last 59 days: a 30 day full month followed by a 29 day hollow month — but this is only marginally accurate and quickly needs correction by using larger cycles, or the equivalent of leap days.

Second, the synodic month does not fit easily into the year, which makes constructing accurate, rule-based lunisolar calendars difficult. The most common solution to this problem is the Metonic cycle, which takes advantage of the fact that 235 lunations are approximately 19 tropical years (which add up to not quite 6940 days). However, a Metonic calendar (such as the Hebrew calendar) will drift against the seasons by about 1 day every 200 years.

The problems of creating reliable lunar calendars may explain why solar calendars, having months which no longer relate to the phase of the Moon, and being based only on the motion of the Sun against the sky, have generally replaced lunar calendars for civil use in most societies.
[edit] Months in various calendars
[edit] Beginning of the lunar month

The Hellenic calendars, the Hebrew Lunisolar calendar and the Islamic Lunar calendar started the month with the first appearance of the thin crescent of the new moon.

However, the motion of the Moon in its orbit is very complicated and its period is not constant. The date and time of this actual observation depends on the exact geographical longitude as well as latitude, atmospheric conditions, the visual acuity of the observers, etc. Therefore the beginning and lengths of months in these calendars can not be accurately predicted.

While some like the Karaites Jews still rely on actual moon observations, most people use the Gregorian solar calendar.
[edit] Khmer calendar

Like the Hindu calendar, the Khmer calendar consists of both a lunar calendar and a solar calendar.
[edit] Solar calendar

The solar calendar is used more commonly than the lunar calendar. There are 12 months and the numbers of days follow the Julian and Gregorian calendar.
	Khmer Name 	Transliteration 	Julian and Gregorian Name
# 	មករា 	Makara 	January
# 	កម្ភៈ​​​ 	Kompeak 	February
# 	មិនា or មីនា 	Mik Nea or Me Na 	March
# 	មេសា 	Mesa 	April
# 	​​​ ឧសភា​ 	Uk Sak Phea 	May
# 	មិថុនា​ 	Mik Thok Na 	June
# 	កក្កដា​ 	Kak Ka Da 	July
# 	​​ សីហា​ 	Seiha 	August
# 	កញ្ញា​ 	Kagna 	September
# 	តុលា 	Tola 	October
# 	វិច្ឆិកា​​ 	Vicheka 	November
# 	ធ្នូ​​​​​​ 	Thnu 	December
[edit] The Lunar Calendar

The lunar calendar contains 12 months, though, however, the eighth month is divided into 2 months in the calendar a few years ago making 13 months instead if 12 months.

    មិគសិរ​
    បុស
    មាគ
    ផល្គុន
    ចេត្រ
    វិសាខ/​​​ ពិសាខ
    ជេស្ឋ
    ឤស឵ធ, divided into:
        បឋមសាធ
        ទុតិយាសាធ
    ស្រាពណ៍
    ភទ្របទ
    អស្សុច
    កត្តិក

[edit] Julian and Gregorian calendars

The Gregorian calendar, like the Julian calendar before it, has twelve months:
Chronology 	Alphabetic 	Days
1 	January 	31 days
2 	February 	28 days, 29 in leap years
3 	March 	31 days
4 	April 	30 days
5 	May 	31 days
6 	June 	30 days
7 	July 	31 days
8 	August 	31 days
9 	September 	30 days
10 	October 	31 days
11 	November 	30 days
12 	December 	31 days
One of Wikipedia's sister projects, Wiktionary, provides translations of each of the Gregorian/Julian calendar months into a dozen or more languages. Month-by-month links are provided here: January, February, March, April, May, June, July, August, September, October, November, December.
On top of the knuckles (yellow): 31 days
Between the knuckles (blue): 30 days
February (red) has 28 or 29 days.
The white keys of the musical keyboard correlate to months with 31 days. ('F' correlates to January.)

The mean month length of the Gregorian calendar is 30.436875 days.

Months existing in the Roman calendar in the past include:

    Mercedonius, an occasional month after February to realign the calendar.
    Quintilis, renamed to July in honour of Julius Caesar.
    Sextilis, renamed to August in honour of Augustus.

The famous mnemonic Thirty days hath September is the most[citation needed] common way of teaching the lengths of the months in the English-speaking world.

Also, note that the latter 10 months of the year form a pair of 31-30-31-30-31-day 5-month cycles.

The knuckles of the four fingers of one's hand and the spaces between them can be used to remember the lengths of the months. By making a fist, each month will be listed as one proceeds across the hand. All months landing on a knuckle are 31 days long and those landing between them are not. When the knuckle of the index finger is reached (July), go back to the first knuckle (or over to the first knuckle on the other fist, held next to the first) and continue with August. This physical mnemonic has been taught to primary school students for many decades.[3][4]

This cyclical pattern of month lengths matches the musical keyboard alternation of white and black keys (with the note 'F' correlating to the month of January).
[edit] Calends, nones, and ides

The ides occur on the thirteenth day in eight of the months, but in March, May, July, and October, they occur on the fifteenth. The nones always occur 8 days before the ides, i.e., on the fifth or the seventh. The calends are always the first day of the month.
[edit] Nanakshahi calendar

The months in the Nanakshahi calendar are:[5]
No. 	Name 	Punjabi 	Days 	Julian Months
1 	Chet 	ਚੇਤ 	31 	14 March – 13 April
2 	Vaisakh 	ਵੈਸਾਖ 	31 	14 April – 14 May
3 	Jeth 	ਜੇਠ 	31 	15 May – 14 June
4 	Harh 	ਹਾੜ 	31 	15 June – 15 July
5 	Sawan 	ਸਾਵਣ 	31 	16 July – 15 August
6 	Bhadon 	ਭਾਦੋਂ 	30 	16 August – 14 September
7 	Assu 	ਅੱਸੂ 	30 	15 September – 14 October
8 	Katak 	ਕੱਤਕ 	30 	15 October – 13 November
9 	Maghar 	ਮੱਘਰ 	30 	14 November – 13 December
10 	Poh 	ਪੋਹ 	30 	14 December – 12 January
11 	Magh 	ਮਾਘ 	30 	13 January – 11 February
12 	Phagun 	ਫੱਗਣ 	30/31 	12 February – 13 March
[edit] Islamic calendar

There are also twelve months in the Islamic calendar. They are named as follows:

    Muharram ul Haram (or shortened to Muharram) محرّم
    Safar صفر
    Rabi`-ul-Awwal (Rabi' I) ربيع الأول
    Rabi`-ul-Akhir (or Rabi` al-Tיhaany) (Rabi' II) ربيع الآخر أو ربيع الثاني
    Jumaada-ul-Awwal (Jumaada I) جمادى الأول
    Jumaada-ul-Akhir (or Jumaada al-Thaany) (Jumaada II) جمادى الآخر أو جمادى الثاني
    Rajab رجب
    Sha'aban شعبان
    Ramadhan رمضان
    Shawwal شوّال
    Dhul Qadah (or Thou al-Qi`dah) ذو القعدة
    Dhul Hijja (or Thou al-Hijjah) ذو الحجة

See the article Islamic calendar for more information on the Islamic calendar.
[edit] Bahá'í calendar

The Bahá'í calendar is the calendar used by the Bahá'í Faith. It is a solar calendar with regular years of 365 days, and leap years of 366 days. Years are composed of 19 months of 19 days each (361 days), plus an extra period of ""Intercalary Days"" (4 in regular and 5 in leap years).[6] The months are named after the attributes of God. Days of the year begin and end at sundown.[6]
[edit] Hebrew Calendar

The Hebrew calendar has 12 or 13 months.

    Nisan, 30 days ניסן
    Iyyar, 29 days אייר
    Sivan, 30 days סיון
    Tammuz, 29 days תמוז
    Av, 30 days אב
    Elul, 29 days אלול
    Tishri, 30 days תשרי
    Heshvan, 29/30 days חשון
    Kislev, 29/30 days כסלו
    Tevet, 29 days טבת
    Shevat, 30 days שבט
    Adar 1, 30 days, intercalary month אדר א
    Adar 2, 29 days אדר ב

Adar 1 is only added 7 times in 19 years. In ordinary years, Adar 2 is simply called Adar.
[edit] French Republican calendar
Main article: French Republican calendar

This calendar was proposed during the French Revolution, and used by the French government for about twelve years from late 1793. There were twelve months of 30 days each, grouped into three ten-day weeks called décades. The five or six extra days needed to approximate the tropical year were placed after the months at the end of each year. A period of four years ending on a leap day was to be called a Franciade. It began at the autumn equinox:

    Autumn:

    Vendémiaire
    Brumaire
    Frimaire

    Winter:

    Nivôse
    Pluviôse
    Ventôse

    Spring:

    Germinal
    Floréal
    Prairial

    Summer:

    Messidor
    Thermidor
    Fructidor

[edit] Iranian/Persian calendar

The Iranian / Persian calendar, currently used in Iran and Afghanistan, also has 12 months. The Persian names are included in the parentheses.

    Farvardin (31 days, فروردین)
    Ordibehesht (31 days, اردیبهشت)
    Khordad (31 days, خرداد)
    Tir (31 days, تیر)
    Mordad (31 days, مرداد)
    Shahrivar (31 days, شهریور)
    Mehr (30 days, مهر)
    Aban (30 days, آبان)
    Azar (30 days, آذر)
    Dey (30 days, دی)
    Bahman (30 days, بهمن)
    Esfand (29 days- 30 days in leap year, اسفند)

[edit] Reformed Bengali calendar

The Bangla Calendar, used in Bangladesh, follows solar months and it has six seasons. The months and seasons in the calendar are:

Grishho (Summer)

    Baishakh- 31 days
    Jyoishtho- 31 days

Borsha (Rainy)

    Aashar- 31 days
    Shrabon- 31 days

Sharat (Autumn)

    Bhadro- 31 days
    Aashwin- 30 days

Hemanta (Late Autumn)

    Kartik- 30 days
    Aghrahayon- 30 days

Sheeth (Winter)

    Poush- 30 days
    Magh- 30 days

Bashanta (Spring)

    Falgoon- 30 days
    Chaitra- 30 days (31 days in leap year)

[edit] Tongan Calendar

The Tongan Calendar are based on the cycles of the moon around the earth in one year.The following months are:

    Liha Mu'a
    Liha Mui
    Vai Mu'a
    Vai Mui
    Faka'afu Mo'ui
    Faka'afu Mate
    Hilinga Kelekele
    Hilinga Mea'a
    'Ao'ao
    Fu'ufu'unekinanga
    'Uluenga
    Tanumanga
    'O'oamofanongo

[edit] Hindu Calendar

The Hindu Calendar has various systems of naming the months. The months in the lunar calendar are:
	Sanskrit name 	Bengali name 	Tamil name
# 	Chaitra (चैत्र) 	Chaitra (চৈত্র) 	Chitirai (சித்திரை)
# 	Vaishaakha (वैशाख) 	*Baishakha (বৈশাখ) 	Vaikasi (வைகாசி)
# 	Jyaishtha (ज्येष्ठ) 	Jyaishtha (জ্যৈষ্ঠ) 	Aani (ஆனி)
# 	Aashaadha (आषाढ़) 	Ashadha (আষাঢ়) 	Aadi (ஆடி)
# 	Shraavana (श्रावण) 	Shravana (শ্রাবণ) 	Aavani (ஆவணி)
# 	Bhaadrapada (भाद्रपद) 	Bhadra (ভাদ্র) 	Purratasi (புரட்டாசி)
# 	Aashvayuja (अश्विन) 	Ashwina (আশ্বিন) 	Aiypasi (ஐப்பசி)
# 	Kaartika (कार्तिक) 	Kartika (কার্তিক) 	Kaarthigai (கார்த்திகை)
# 	Maargashiirsha (मार्गशीर्ष) 	Agrahayana (অগ্রহায়ণ) 	Maargazhi (மார்கழி)
# 	Pausha (पौष) 	Pausha (পৌষ) 	Thai (தை)
# 	Maagha (माघ) 	Magha (মাঘ) 	Maasi (மாசி)
# 	Phaalguna (फाल्गुन) 	Phalguna (ফাল্গুন) 	Panguni (பங்குனி)

In Bengali reckoning, Baishakha is the first month.

These are also the names used in the Indian national calendar for the newly redefined months.

The names in the solar calendar are just the names of the zodiac sign in which the sun travels. They are

    Mesha
    Vrishabha
    Mithuna
    Kataka
    Simha
    Kanyaa
    Tulaa
    Vrishcika
    Dhanus
    Makara
    Kumbha
    Miina

[edit] Sinhala calendar

The Sinhala calendar is the Buddhist calendar in Sri Lanka with Sinhala names. Each full moon Poya day marks the start of a Buddhist lunar month.[7] The first month is Bak.[8] The Sinhala and Tamil New Year Day is the start of the Hindu solar calendar (usually 14 April), an event unrelated to the Buddhist calendar.

    Duruthu (දුරුතු)
    Navam (නවම්)
    Medin (මැදින්)
    Bak (බක්)
    Vesak (වෙසක්)
    Poson (පොසොන්)
    Esala (ඇසල)
    Nikini (නිකිණි)
    Binara (බිනර)
    Vap (වප්)
    Il (iL) (ඉල්)
    Unduvap (උඳුවප්)

[edit] Icelandic/Old Norse calendar
Main article: Icelandic calendar

The old Icelandic calendar is not in official use anymore, but some Icelandic holidays and annual feasts are still calculated from it. It has 12 months, broken down into two groups of six often termed ""winter months"" and ""summer months"". The calendar is peculiar in that the months always start on the same weekday rather than on the same date. Hence Þorri always starts on a Friday sometime between January 19 and January 25 (Old style: January 9 to January 15), Góa always starts on a Sunday between February 18 and February 24 (Old style: February 8 to February 14).

    Skammdegi (""Short days"")

    Gormánuður (mid October - mid November, ""slaughter month"" or ""Gór's month"")
    Ýlir (mid November - mid December, ""Yule month"")
    Mörsugur (mid December - mid January, ""fat sucking month"")
    Þorri (mid January - mid February, ""frozen snow month"")
    Góa (mid February - mid March, ""Góa's month, see Nór"")
    Einmánuður (mid March - mid April, ""lone"" or ""single month"")

    Náttleysi (""Nightless days"")

    Harpa (mid April - mid May, Harpa is a female name, probably a forgotten goddess, first day of Harpa is celebrated as Sumardagurinn fyrsti - first day of summer)
    Skerpla (mid May - mid June, another forgotten goddess)
    Sólmánuður (mid June - mid July, ""sun month"")
    Heyannir (mid July - mid August, ""hay business month"")
    Tvímánuður (mid August - mid September, ""two"" or ""second month"")
    Haustmánuður (mid September - mid October, ""autumn month"")

[edit] Old English calendar

Like the Old Norse calendar, the Anglo-Saxons had their own calendar before they were Christianized which reflected native traditions and deities. These months were attested by Bede in his work On Chronology written in the 8th century.[9] His months are probably those as written in the Northumbrian dialect of Old English which he was familiar with. The months were so named after the moon; the new moon marking the end of an old month and start of a new month; the full moon occurring in the middle of the month, after which the month was named.

    Æfterra-ġēola mōnaþ (January, 'After-Yule month’)
    Sol-mōnaþ (February, 'Sol month')
    Hreþ-mōnaþ (March, 'Hreth month’)
    Ēostur-mōnaþ (April, 'Ēostur month’)
    Ðrimilce-mōnaþ (May, 'Three-milkings month’)
    Ærra-Liþa (June, 'Ere-Litha')
    Æftera-Liþa (July, 'After-Litha')
    Wēod-mōnaþ (August, 'Weed month’)
    Hāliġ-mōnaþ or Hærfest-mōnaþ (September, 'Holy month’ or 'Harvest month')
    Winter-fylleþ (October, 'Winter-filleth’)
    Blōt-mōnaþ (November, 'Blót month’)
    Ærra-ġēola mōnaþ (December, 'Ere-Yule')

[edit] Old Hungarian calendar

Historically Hungary used a 12-month calendar that appears to have been zodiacal in nature[10] but eventually came to correspond to the Gregorian months as shown below[11]:

    Boldogasszony hava (January, ‘month of the happy/blessed lady’)
    Böjtelő hava (February, ‘month of early fasting/Lent’ or ‘month before fasting/Lent’)
    Böjtmás hava (March, ‘second month of fasting/Lent’)
    Szent György hava (April, ‘Saint George’s month)
    Pünkösd hava (May, ‘Pentecost month’)
    Szent Iván hava (June, ‘Saint John [the Baptist]’s month’)
    Szent Jakab hava (July, ‘Saint James’ month’)
    Kisasszony hava (August, ‘month of the Virgin’)
    Szent Mihály hava (September, ‘Saint Michael’s month’)
    Mindszent hava (October, ‘all saints' month’)
    Szent András hava (November, ‘Saint Andrew’s month’)
    Karácsony hava (December, ‘month of Yule/Christmas’)

[edit] Old Egyptian calendar

The ancient civil Egyptian calendar had a year that was 365 days long and was divided into 12 months of 30 days each, plus 5 extra days (epagomenes) at the end of the year. The months were divided into 3 ""weeks"" of ten days each. Because the ancient Egyptian year was almost a quarter of a day shorter than the solar year and stellar events ""wandered"" through the calendar, it is referred to as Annus Vagus or ""Wandering Year"".

    Thout
    Paopi
    Hathor
    Koiak
    Tooba
    Emshir
    Paremhat
    Paremoude
    Pashons
    Paoni
    Epip
    Mesori

[edit] Nisga'a calendar

The Nisga'a Calendar coincides with the Gregorian Calendar with each month referring to the type of Harvesting that is done during the month.[citation needed]

    K'aliiyee = Going North - referring to the Sun returning to its usual place in the sky
    Buxwlaks = Needles Blowing About - February is usually a very windy month in the Nass River Valley
    Xsaak = To Eat Oolichans - Oolichans are harvested during this month
    Mmaal = Canoes - The river has defrosted, hence canoes are used once more
    Yansa'alt = Leaves are Blooming - Warm weather has arrived and leaves on the trees begin to bloom
    Miso'o = Sockeye - majority of Sockeye Salmon runs begin this month
    Maa'y = Berries - berry picking season
    Wii Hoon = Great Salmon - referring to the abundance of Salmon that are now running
    Genuugwwikw = Trail of the Marmot - Marmots, Ermines and animals as such are hunted
    Xlaaxw = To Eat Trout - trout are mostly eaten this time of year
    Gwilatkw = To Blanket - The earth is ""blanketed"" with snow
    Luut'aa = Sit In - the Sun ""sits"" in one spot for a period of time

[edit] Arabic calendar
Gregorian month 	Arabic month
January 	يناير 	كانون الثاني 	Kanoon Al-Thani
February 	فبراير 	شباط 	Shbaat
March 	مارس 	اذار 	Athar
April 	ابريل 	نيسان 	Nissan
May 	مايو 	أيّار 	Ayyar
June 	يونيو 	حزيران 	Hzeiran
July 	يوليو 	تمّوز 	Tammuz
August 	أغسطس 	اَب 	Aab
September 	سبتمبر 	أيلول 	Aylool
October 	أكتوبر 	تشرين الأول 	Tishreen Al-Awwal
November 	نوفمبر 	تشرين الثاني 	Tishreen Al-Thani
December 	ديسمبر 	كانون الأول 	Kanoon Al-Awwal"
95e2618c28,Shy,"Drawing back from contact or familiarity with others,Distrustful,Not having paid an amount due, as one's ante in poker"
95e2618c28,Thought,"The act or process of thinking,A product of thinking,The faculty of thinking or reasoning"
95e2618c28,Hoop,"A circular band of metal or wood put around a cask or barrel to bind the staves together,A large wooden, plastic, or metal ring, especially one used as a plaything or for trained animals to jump through."
95e2618c28,Picket,"A pointed stake often driven into the ground to support a fence, secure a tent, tether animals, mark points in surveying, or, when pointed at the top, serve as a defense."
95e2618c28,Monthly,"Occurring, appearing, or coming due every month, Continuing or lasting for a month"
0611e09ef3,Shy,"lacking confidence in the presence of others ,especially strangers;not wanting to attract attention :He is too shy to go to parties."
0611e09ef3,Thought,to have or form ideas in one's mind:can babies think?; I was thinking about my mother.
0611e09ef3,Hoop,"a thin ring of metal, wood etc:At the circus We saw a dog jumping through a hoop."
0611e09ef3,Picket,"a number of people employed at a factory etc who are on strike and who try to persuade workers not to go to work there , not to deliver goods there etc.the men set up a picket to stop lorries getting in to the factory.."
0611e09ef3,Monthly,"happening, being published etc once a month :monthly magazine"
dcf44e6284,Shy,"1.
bashful; retiring.
2.
easily frightened away; timid.
3.
suspicious; distrustful: I am a bit shy of that sort of person.
4.
reluctant; wary.
5.
deficient:"
dcf44e6284,Thought,"1.
the product of mental activity; that which one thinks: a body of thought.
2.
a single act or product of thinking;  idea or notion: to collect one's thoughts.
3.
the act or process of thinking;  mental activity:
4.
the capacity or faculty of thinking,  reasoning, imagining, etc.
5.
a consideration or reflection"
dcf44e6284,Hoop,"1.
a circular band or ring of metal, wood, or other stiff material.
2.
such a band for holding together the staves of a cask, tub, etc.
3.
a large ring of iron, wood, plastic, etc., used as a plaything for a child to roll along the ground.
4.
a circular or ringlike object, part, figure, etc.
5.
the shank of a finger ring"
dcf44e6284,Picket,"1.
a post, stake, pale, or peg that is used in a fence or barrier, to fasten down a tent, etc.
2.
a person stationed by a union or the like outside a factory, store, mine, etc., in order to dissuade or prevent workers or customers from entering it during a strike.
3.
a person engaged in any similar demonstration, as against a government's policies or actions, before an embassy, office building, construction project, etc.
4.
Military . a soldier or detachment of soldiers placed on a line forward of a position to warn against an enemy advance.
5.
Navy, Air Force . an aircraft or ship performing similar sentinel duty."
dcf44e6284,Monthly,"1.
pertaining to a month,  or to each month.
2.
done, happening, appearing, etc., once a month: a monthly magazine.
3.
computed or determined by the month: a monthly salary.
4.
continuing or lasting for a month."
a878e75949,Shy,"bashful, coy, timid, unsocial, quiet"
a878e75949,Thought,"idea, inner thinking, wonder, imagine, lightbulb"
a878e75949,Hoop,"earring, basketball, hula, sport"
a878e75949,Picket,"fence, food, yard"
a878e75949,Monthly,"cycle, each, twelve, remind"
d2238a631b,Shy,"Easily frightened; timid; as, a shy bird."
d2238a631b,Thought,of Think
d2238a631b,Hoop,"A pliant strip of wood or metal bent in a circular form, and united at the ends, for holding together the staves of casks, tubs, etc."
d2238a631b,Picket,"A stake sharpened or pointed, especially one used in fortification and encampments, to mark bounds and angles; or one used for tethering horses."
d2238a631b,Monthly,"Continued a month, or a performed in a month; as, the monthly revolution of the moon."
de4de943fb,Shy,"Nervous, Timid in the company of other people, Have a specific dislike, Easily Frightened away, Startled"
de4de943fb,Thought,"An idea, Opinion produced by thinking, Occurring Suddenly in mind,An act of Considering."
de4de943fb,Hoop,"A rigid Circular band, A large ring used as a toy, A metal arch"
de4de943fb,Picket,"Group of People Standing outside of a workplace trying to persuade not to enter during the strike, A solider or small body of troop."
de4de943fb,Monthly,"Occur once a month, every month, A magazine that is published once a month."
569626741c,Shy,"seperated, loneliness"
569626741c,Thought,"thinking, independent"
569626741c,Hoop,"ring, circle, round"
569626741c,Picket,"stake , plae"
569626741c,Monthly,"30 days, conbining weeks"
faed1af4c3,Shy,"introvert, diffeident, does not mingle"
faed1af4c3,Thought,"an idea, deliberations in the mind"
faed1af4c3,Hoop,something round through which people or objects can pass
faed1af4c3,Picket,"fences, strike"
faed1af4c3,Monthly,reccur every month
e87cf6cd3b,Shy,easily frightened away; timid.
e87cf6cd3b,Thought,idea or notion.
e87cf6cd3b,Hoop,"a circular band or ring of metal, wood, or other stiff material."
e87cf6cd3b,Picket,"a post, stake, pale, or peg that is used in a fence or barrier, to fasten down a tent."
e87cf6cd3b,Monthly,"pertaining to a month,  or to each month."
cdf81c2126,Shy,bashful
cdf81c2126,Thought,the capacity or faculty of thinking
cdf81c2126,Hoop,a circular or ringlike object
cdf81c2126,Picket,the capacity or faculty of thinking
cdf81c2126,Monthly,pertaining to a month
9bec5a5a23,Shy,"TIMED AND NERVOUS IN COMPANY,SELF CONSCIOUS,AVOID INVOLVEMENT,FLING,THROW."
9bec5a5a23,Thought,"PROCESS OF POWER OF THINKING,SOBER REFLECTION OF CONSIDERATION,MOOD OF MEDITATION,GRASPED THINGS IN THE MIND."
9bec5a5a23,Hoop,"CIRCULAR BAND OF METAL,CIRCUS PERFORMANCE,UNDER GO REGOROUS TESTINGS."
9bec5a5a23,Picket,"SIMILAR TO STRIKE,AN ANIMAL,TROOPS SENT OUT FOR WATCHING ENEMY."
9bec5a5a23,Monthly,"OCCURRING ONCE EVERY MONTH,AN ARRANGED MANNER TO COLLECT THE COMPENSATION OF WHAT IS GIVEN OR ASSURED EARLIER."
2a6566d746,Shy,"bashful; retiring.,easily frightened away; timid,suspicious; distrustful: I am a bit shy of that sort of person,reluctant; wary,a sudden start aside, as in fear.."
2a6566d746,Thought,"he product of mental activity; that which one thinks: a body of thought,a single act or product of thinking;  idea or notion: to collect one's thoughts,the act or process of thinking;  mental activity: Thought as well as action wearies us."
2a6566d746,Hoop,"a circular band or ring of metal, wood, or other stiff material,such a band for holding together the staves of a cask, tub, etc,a large ring of iron, wood, plastic, etc., used as a plaything for a child to roll along the ground,a circular or ringlike object, part, figure, etc,the shank of a finger ring.to bind or fasten with or as if with a hoop or hoops."
2a6566d746,Picket,"a post, stake, pale, or peg that is used in a fence or barrier, to fasten down a tent, etc,a person stationed by a union or the like outside a factory, store, mine, etc., in order to dissuade or prevent workers or customers from entering it during a strike,Military . a soldier or detachment of soldiers placed on a line forward of a position to warn against an enemy advance."
2a6566d746,Monthly,"pertaining to a month,  or to each month,done, happening, appearing, etc., once a month: a monthly magazine,computed or determined by the month: a monthly salary,continuing or lasting for a month,a periodical published once a month.."
9aacef99f4,Shy,every one have this
9aacef99f4,Thought,its important
9aacef99f4,Hoop,its a loop
9aacef99f4,Picket,dont know
9aacef99f4,Monthly,income is neccessory fr a family
b245d0513e,Shy,"stay away, avoid group, not forthright, demure, nervous, limited in interactions"
b245d0513e,Thought,"mental process, brain work, ideas, review past, remember, scrutiny"
b245d0513e,Hoop,"a loop, ring, game accessory, surrounded by"
b245d0513e,Picket,"wooden fence, forcible ceasing of work, row of stakes, security"
b245d0513e,Monthly,"every month, salary, premium payments, bills, domestic provisioning"
d35bd0ad39,Shy,"persons,sometimes negative,cannot be free,not communicative"
d35bd0ad39,Thought,"everyone does,mindfull,good,bad"
d35bd0ad39,Hoop,"circle,to hold together,can be wood,plastic"
d35bd0ad39,Picket,"strike,support"
d35bd0ad39,Monthly,"year,rent"
94cde735dc,Shy,"used to describe a person who is withdrawn or not outgoing, someone who is easily frightened, having less than the amount needed"
94cde735dc,Thought,"an idea or concept, to think, some can be heart-felt, reason behind giving a gift, ones opinion"
94cde735dc,Hoop,"something that is round, used to describe certain types of jewelry, used in sports, a ring"
94cde735dc,Picket,"outside, supporting a certain cause, a strike for or against something, something used to create a picket fence"
94cde735dc,Monthly,"can be used to describe bills, or a paycheck; something occurring every month"
7cf403bfc3,Shy,timed and nervous in company
7cf403bfc3,Thought,process or power of thinking
7cf403bfc3,Hoop,"circular band of metal,wood,etc.."
7cf403bfc3,Picket,one or more persons stationed outside a place of work to persuade.
7cf403bfc3,Monthly,"done,produced,or occurring once every month.."
2486e8fbec,Shy,"a feeling, low profile"
2486e8fbec,Thought,"an act, making a decision"
2486e8fbec,Hoop,"ring piece, sphincter"
2486e8fbec,Picket,"a phrase, repeat"
2486e8fbec,Monthly,"interval, a 30 days period"
86dc19ebbd,Shy,"introverted, timid,shy"
86dc19ebbd,Thought,"consideration, thinking, attention"
86dc19ebbd,Hoop,"ring, loop, circle"
86dc19ebbd,Picket,"protest, strike, blockage"
86dc19ebbd,Monthly,"journal, bulletin,magazine"
0a7858ea02,Shy,"timid, meek, quiet, not out-going"
0a7858ea02,Thought,"cognition, to think, assumed"
0a7858ea02,Hoop,"basketball net, earring, circular, closed"
0a7858ea02,Picket,"fence, to protest, to demonstrate, to riot, to express opinion"
0a7858ea02,Monthly,"every month, occurs once a month"
0ff6f25e1c,Shy,in front of people
0ff6f25e1c,Thought,making your feeling
0ff6f25e1c,Hoop,catch something
0ff6f25e1c,Picket,making some thing
0ff6f25e1c,Monthly,income and expenditure of house
1c6ee77d92,Shy,"afraid, apprehensive, averse, backward, bashful, cautious, chary, circumspect, conscious, coy, demure, diffident, disinclined, distrustful, fearful, hesitant, humble, indisposed, introvert, introverted, loath, loner, modest, nervous, recessive, reluctant, reserved, reticent, retiring, self-effacing, shamefaced, sheepish, shrinking, skittish, suspicious, timid, unassertive, unassured, uneager, uneffusive, unresponsive, unsocial, unwilling, wary"
1c6ee77d92,Thought,"assume, be convinced, comprehend, conceive, conclude, consider, credit, deem, determine, envisage, envision, esteem, estimate, expect, fancy, feature, feel, foresee, gather, guess, hold, image, imagine, judge, plan for, presume, project, realize, reckon, regard, see, sense, suppose, surmise, suspect, take, understand, vision, visualize"
1c6ee77d92,Hoop,"band, circle, circlet, loop"
1c6ee77d92,Picket,"pale, paling, palisade, panel, peg, pillar, rail, stake, stanchion, upright"
1c6ee77d92,Monthly,"periodic, periodical"
fe6c3218eb,Shy,"timid, easy frightened, someone lacking in confidence."
fe6c3218eb,Thought,"thinking, an idea"
fe6c3218eb,Hoop,"A ring of metal,wood or plastic"
fe6c3218eb,Picket,a number of people on strike who stops others from crossing the picket line to work on their jobs
fe6c3218eb,Monthly,"Each calendar month, usually 30 or 31 days depending on the month"
d3551fb557,Shy,". 	not at ease in the company of others
2. 	easily frightened; timid
3. 	( often foll by  of ) watchful or wary
4. 	poker  (of a player) without enough money to back his bet
5. 	(of plants and animals) not breeding or producing offspring freely
6. 	informal chiefly  ( US ), ( Canadian ) ( foll by  of ) short (of)
7. 	( in combination ) showing reluctance or disinclination: workshy"
d3551fb557,Thought,"the product of mental activity; that which one thinks: a body of thought.
2.
a single act or product of thinking;  idea or notion: to collect one's thoughts.
3.
the act or process of thinking;  mental activity: Thought as well as action wearies us.
4.
the capacity or faculty of thinking,  reasoning, imagining, etc.: All her thought went into her work.
5.
a consideration or reflection: Thought of death terrified her."
d3551fb557,Hoop,"a circular band or ring of metal, wood, or other stiff material.
2.
such a band for holding together the staves of a cask, tub, etc.
3.
a large ring of iron, wood, plastic, etc., used as a plaything for a child to roll along the ground.
4.
a circular or ringlike object, part, figure, etc.
5.
the shank of a finger ring."
d3551fb557,Picket,"a post, stake, pale, or peg that is used in a fence or barrier, to fasten down a tent, etc.
2.
a person stationed by a union or the like outside a factory, store, mine, etc., in order to dissuade or prevent workers or customers from entering it during a strike.
3.
a person engaged in any similar demonstration, as against a government's policies or actions, before an embassy, office building, construction project, etc.
4.
Military . a soldier or detachment of soldiers placed on a line forward of a position to warn against an enemy advance.
5.
Navy, Air Force . an aircraft or ship performing similar sentinel duty."
d3551fb557,Monthly,"pertaining to a month,  or to each month.
2.
done, happening, appearing, etc., once a month: a monthly magazine.
3.
computed or determined by the month: a monthly salary.
4.
continuing or lasting for a month."
6d2481195c,Shy,Nervous or timid in the company of other people
6d2481195c,Thought,Have a particular belief or idea: | | Direct one's mind towards someone or something; use one's mind
6d2481195c,Hoop,"a circular band of metal, wood, or similar material, especially one used for binding the staves of barrels or forming"
6d2481195c,Picket,a person or group of people who stand outside a workplace or other venue as a protest or to try to persuade
6d2481195c,Monthly,"Done, produced, or occurring once a month: (adverb) once a month; every month: (noun) a magazine"
92ea18c297,Shy,nervous
92ea18c297,Thought,idea
92ea18c297,Hoop,metal bent in a circular form
92ea18c297,Picket,stake
92ea18c297,Monthly,occuring
cf8ffe2059,Shy,"hesitation, female"
cf8ffe2059,Thought,"opinion, feedback"
cf8ffe2059,Hoop,"ring, big"
cf8ffe2059,Picket,"police, military"
cf8ffe2059,Monthly,"days,calendar"
bee7f2ab27,Shy,"TIMID, BASHFUL NERVOUS, MODEST"
bee7f2ab27,Thought,"THINKING, CONSIDERATION, MENTAL ACTIVITY"
bee7f2ab27,Hoop,"A SHOUT, A CIRCULAR BAND OF METAL OR WOOD"
bee7f2ab27,Picket,"POINTED STICK, POST, BLOCKADER"
bee7f2ab27,Monthly,"PERIODICAL ISSUED ONCE A MONTH, HAPPENING ONCE IN MONTH"
f0e7eb5369,Shy,with inferiority complex
f0e7eb5369,Thought,idea
f0e7eb5369,Hoop,jump
f0e7eb5369,Picket,to peack
f0e7eb5369,Monthly,every month
1b9c766662,Shy,shamefull
1b9c766662,Thought,is an idea
1b9c766662,Hoop,toplay basket ball
1b9c766662,Picket,is used for tents
1b9c766662,Monthly,means every month
2b15616b23,Shy,neglecting things wanted due to discomfort
2b15616b23,Thought,thinking
2b15616b23,Hoop,ringlike earing
2b15616b23,Picket,means like secure
2b15616b23,Monthly,monthwise
ffd05a2b19,Shy,a show of timidness
ffd05a2b19,Thought,a reflection by a person of an idea or action
ffd05a2b19,Hoop,an object in font of the backboard in basketball rim that is used to score points in the game
ffd05a2b19,Picket,a show of protest towards a group or an activity
ffd05a2b19,Monthly,an interval on a 12 period basis
ce58ffe106,Shy,"unreserved, afraid, un shy, unashamed, bashful, wary, averse, unsocial, cautious, coy, circumspect, unassured, unresponsive, uneager, demure, distrustful, diffident, introverted, nervous, modest, introverted, nervous, loner, shame faced, sheepish"
ce58ffe106,Thought,"assume, excogitate, conceive, disregard, be convinced, visualize, understand, conclude, determine, expect, guess, presume, sense, judge, reckon, suspect, imagine, realize, surmise, image, project, disbelieve,, envision, estimate, esteem"
ce58ffe106,Hoop,"ring, loop, band, circlet, circle, loop, equator, circlet, disk, perimeter, ringlet, wheel, vortex, sphere, tire, coil,"
ce58ffe106,Picket,"protest against, walk out, hit the bricks, strike, protest against, boycott, watch, spotter, sentinel, patrol, guard, pale, upright, rail, stake, post of structure, palisade, pillar, panel"
ce58ffe106,Monthly,"account, chronology, gazette, memoir, ledger, magazine, newspaper, paper, register, scandal sheet, review, almanac, at various times"
6b2ac0ef88,Shy,timid
6b2ac0ef88,Thought,Expectation
6b2ac0ef88,Hoop,circular
6b2ac0ef88,Picket,protest
6b2ac0ef88,Monthly,every month
d0f1e4030a,Shy,lacking confidence
d0f1e4030a,Thought,expected
d0f1e4030a,Hoop,a ring
d0f1e4030a,Picket,employed
d0f1e4030a,Monthly,thirty days
0da623e05b,Shy,"1.
bashful; retiring.
2.
easily frightened away; timid.
3.
suspicious; distrustful: I am a bit shy of that sort of person.
4.
reluctant; wary.
5.
deficient: shy of funds."
0da623e05b,Thought,"1.
the product of mental activity; that which one thinks: a body of thought.
2.
a single act or product of thinking;  idea or notion: to collect one's thoughts.
3.
the act or process of thinking;  mental activity: Thought as well as action wearies us.
4.
the capacity or faculty of thinking,  reasoning, imagining, etc.: All her thought went into her work.
5.
a consideration or reflection: Thought of death terrified her."
0da623e05b,Hoop,"1.
a circular band or ring of metal, wood, or other stiff material.
2.
such a band for holding together the staves of a cask, tub, etc.
3.
a large ring of iron, wood, plastic, etc., used as a plaything for a child to roll along the ground.
4.
a circular or ringlike object, part, figure, etc.
5.
the shank of a finger ring."
0da623e05b,Picket,"1.
a post, stake, pale, or peg that is used in a fence or barrier, to fasten down a tent, etc.
2.
a person stationed by a union or the like outside a factory, store, mine, etc., in order to dissuade or prevent workers or customers from entering it during a strike.
3.
a person engaged in any similar demonstration, as against a government's policies or actions, before an embassy, office building, construction project, etc.
4.
Military . a soldier or detachment of soldiers placed on a line forward of a position to warn against an enemy advance.
5.
Navy, Air Force . an aircraft or ship performing similar sentinel duty."
0da623e05b,Monthly,"1.
pertaining to a month,  or to each month.
2.
done, happening, appearing, etc., once a month: a monthly magazine.
3.
computed or determined by the month: a monthly salary.
4.
continuing or lasting for a month."
fe5a703d9c,Shy,"self -conscious,throw"
fe5a703d9c,Thought,power of thinking
fe5a703d9c,Hoop,round metal
fe5a703d9c,Picket,"strike,"
fe5a703d9c,Monthly,"every month, once in a month"
43135d06e2,Shy,"feeling of apprehension, lack of comfort, awkwardness"
43135d06e2,Thought,"saying, intellectual activity, imagination, consciousness"
43135d06e2,Hoop,"part of a barrel, apparatus in rythmic gymnastics"
43135d06e2,Picket,"a form of protest, against"
43135d06e2,Monthly,"every 30 days, unit of time, period"
4792a552bb,Shy,"In humans, shyness (also called diffidence) is a social psychology term used to describe the feeling of apprehension, lack of comfort, or awkwardness experienced when a person is in proximity to, approaching, or being approached by other people, especially in new situations or with unfamiliar people. Shyness may come from genetic traits, the environment in which a person is raised and personal experiences. There are many degrees of shyness. Stronger forms are usually referred to as social anxiety or social phobia. Shyness may merely be a personality trait or can occur at certain stages of development in children. Shyness has also a strong cultural dimension.
In biology, shy generally means ""tends to avoid human beings""; See crypsis. Shyness in gorillas manifests with ostensibly similar behavioral traits, but differs wholly from humans in cognition and motivation."
4792a552bb,Thought,"""Thought"" generally refers to any mental or intellectual activity involving an individual's subjective consciousness. It can refer either to the act of thinking or the resulting ideas or arrangements of ideas. Similar concepts include cognition, sentience, consciousness, and imagination.[1] Because thought underlies almost all human actions and interactions, understanding its physical and metaphysical origins, processes, and effects has been a longstanding goal of many academic disciplines including, among others, biology, philosophy, psychology, and sociology.
Thinking allows beings to make sense of or model the world in different ways, and to represent or interpret it in ways that are significant to them, or which accord with their needs, attachments, objectives, plans, commitments, ends and desires."
4792a552bb,Hoop,"Hoop may refer to:
Hoop (rhythmic gymnastics) is one apparatus in Rhythmic Gymnastics
Hoop (magazine), an American basketball magazine
""Hoops"" (song), a song by Ruby
Hoops (video game), a basketball video game
Hooping, a modern subculture revolving around hoopdance
Basketball or Hoops
Celtic F.C. or the Hoops
Shamrock Rovers F.C. or the Hoops
Queens Park Rangers or the Hoops
Shamrock Rovers Hoops, an Irish basketball club
Hoop, part of a barrel
HOOPS 3D Graphics System"
4792a552bb,Picket,"Picket may refer to:
Picketing (protest), a form of protest
A climbing tool used to anchor a rope
Picket fence
Screw picket, a tethering device
Picket line, to tether horses
Picket (military), a military formation
Picket, a piece in fairy chess
Picket Pool, a micro betting pool
Picquet, a medieval military punishment"
4792a552bb,Monthly,"A month is a unit of time, used with calendars, which was first used and invented in Mesopotamia, as a natural period related to the motion of the Moon; month and Moon are cognates. The traditional concept arose with the cycle of moon phases; such months (lunations) are synodic months and last approximately 29.53 days. From excavated tally sticks, researchers have deduced that people counted days in relation to the Moon's phases as early as the Paleolithic age. Synodic months, based on the Moon's orbital period, are still the basis of many calendars today, and are used to divide the year."
ab266a6b3c,Shy,"lack of comfort, awkwardness,is related to humans,state of under confidence"
ab266a6b3c,Thought,"an idea, a piece of imagination, related to mind,"
ab266a6b3c,Hoop,"is a game, a circular band of metal,a jockey"
ab266a6b3c,Picket,"is placing of soldiers at a post,type of fence, a stake pegged into ground"
ab266a6b3c,Monthly,"is a unit of time, is as per calendar, comprise of 30 or 31 days ,"
5c443771e9,Shy,"bashful, suspicious ( I am a bit shy of that sort of person), deficient ( shy of funds.), (in poker) indebted to the pot ,"
5c443771e9,Thought,"thinking,a consideration or reflection ( Thought of death terrified her.), meditation or contemplation or recollection( deep in thought.), anticipation or expectation (I had no thought of seeing you here.), a judgment or opinion or belief , the intellectual activity or the ideas,"
5c443771e9,Hoop,"a circular band or ring of metal or wood  or other stiff material, such a band for holding together the staves of a cask, the shank of a finger ring, a decorative band  as around a mug or cup."
5c443771e9,Picket,"a post or stake or pale or peg that is used in a fence or barrier,a person stationed by a union or the like outside a factory,a soldier or detachment of soldiers placed on a line forward of a position to warn against an enemy advance,"
5c443771e9,Monthly,"pertaining to a month, computed or determined by the month, a periodical published once a month,"
ca0aab6207,Shy,"bashful, introverted, not outgoing, solitary"
ca0aab6207,Thought,"what you get by thinking, plans"
ca0aab6207,Hoop,"a ring, hoolahoop, a basketball goal"
ca0aab6207,Picket,"fence, rally, blockade, barricade"
ca0aab6207,Monthly,"every month, every 30 days, every time the moon goes around the earth"
100bd52124,Shy,"tends to avoid human beings,timid,disposed to avoid person or thing,awkwardness,apprehension,retiring,reserved,Distrustful,wary."
100bd52124,Thought,"idea,of thinking about something,thought of a day,mental or intellectual activity."
100bd52124,Hoop,"A large wooden ring,plastic, or metal ring, basket,field goal,a croquet wicket,a circular band."
100bd52124,Picket,"secure a tent, tether animals, mark points in surveying,to guard,to protect."
100bd52124,Monthly,"salary,weeks,days,1year consists of 12 months,horoscope of months."
a99eff3ef7,Shy,Shy describes someone who lacks in confidence or who is nervous or quiet in social situations
a99eff3ef7,Thought,Thought is the act of thinking or the outcome of mental activity
a99eff3ef7,Hoop,"a circular band or ring for holding together the staves of a barrel, cask, etc"
a99eff3ef7,Picket,"a stake or slat, usually pointed, used as an upright in a fence, a hitching post for animals, a marker, etc"
a99eff3ef7,Monthly,"of a month, or of each month"
cc0fd23c05,Shy,"Shy:-retiring, timorous, bashful, modest, demure, diffident ."
cc0fd23c05,Thought,"Thought :- consideration, contemplation, planning, plan, scheme, design, intention, expectation, hope, prospect, anticipation, dream ."
cc0fd23c05,Hoop,"Hoop:- basket, basketball hoop, wicket, ring ,anchor ring"
cc0fd23c05,Picket,"Picket:- piquet, ticker, sentry, pale, scout, observation post, observatory, watch, pathfinder, finder, talent scout, lookout station, guide, outlook ."
cc0fd23c05,Monthly,"Monthly:-aperiodic,semiannual,yearbook,momently,biweekly ,biennial."
186db71701,Shy,"Shy describes someone who lacks in confidence or who is nervous or quiet in social situations,An example of shy is a person who stands by herself at the back wall of a party and is too frightened to talk to anyone.Shy means refraining from doing something, often out of fear or nervousness,retiring, timorous, bashful, modest, demure, diffident; see also humble"
186db71701,Thought,"Thought is the act of thinking or the outcome of mental activity,An example of thought is to be deeply concentrating on how to figure out a problem.   2. An example of thought is an idea on how to solve a problem.

Thought is the past tense of the word think which means to conceive in the mind.#

Mental activity

speculation, reflection, deliberation, cerebration, ideation, meditation, rumination, perceiving, apprehending, seeing, consideration, reasoning, intuition, imagination, logical process, perception, insight, understanding, viewpoint, concept, brain work, thinking, knowing, realizing, discerning, rationalizing, drawing conclusions, concluding, inferring, deducing, deriving, deduction, inducing, logic, judging, rationalization, ratiocination, judgment, argumentation, cogitation, contemplation, cognition, intellect ion, slant*, brainstorm*, twist*, wrinkle*; see also acumen."
186db71701,Hoop,"#  circular band or ring for holding together the staves of a barrel, cask, etc.
# anything like a hoop; specif.,

   1. a large, circular band rolled along the ground by children
   2. any of the rings of whalebone, steel, etc. forming the framework of a hoop skirt
   3. one of a pair of small bands that hold material taut for embroidery work
   4. ☆ the metal rim of the basket in basketball,   1.

      Ring

      loop, band, circlet; see circle 1.
   2.

      Basketball goal

      basket, net, rim; see basket 3."
186db71701,Picket,"1.  a stake or slat, usually pointed, used as an upright in a fence, a hitching post for animals, a marker, etc.
   2. a group of soldiers or a single soldier stationed, usually at an outpost, to guard a body of troops from surprise attack
   3. a ship or airplane that patrols a defense perimeter
   4. a person, as a member of a labor union on strike, stationed outside a factory, store, or public building, often carrying a sign, to demonstrate opposition to certain views or practices, keep strikebreakers from entering, or dissuade people from buying,   1.

      A stake

      stake, pole, pillar; see post 1.
   2.

      A watchman

      patrolman, guard, union member,  sentry,"
5c88d6dd6c,Cracker,"a dry biscuit, a firework that cracks,to cause to make a sudden sound,to break or snap apart"
5c88d6dd6c,Something,"an unknown thing, some truth unspecified,undetermined,a certain indefinite thing"
5c88d6dd6c,Shove,"to push rudely or roughly,to jostle,to push some thing or some one with force"
5c88d6dd6c,TRUE,"real, truthful, agreeing with fact, genuine, loyal or faithful"
5c88d6dd6c,Diary,"a daily record, a book for keeping record, a personal record of events and observations,"
43135d06e2,Cracker,"explosive device, large amount of noise, firecracker"
43135d06e2,Something,"little, no nothing"
43135d06e2,Shove,"album, jackyl, second album, music"
43135d06e2,TRUE,"reality, being in accord with fact"
43135d06e2,Diary,"milk product, cow, chocolates, cheese, curd"
f5d0e4b4a2,Cracker,"it is mental,it is bursting things producing heat,it is thefting another things,it is negative thinking person,it is a thing and thinks."
f5d0e4b4a2,Something,"it is cycological thinking that act as real, it is imagination,it is  creativity,it is innovative."
f5d0e4b4a2,Shove,To push forward or along.To push rudely or roughly. To push someone or something with force.The act of shoving;
f5d0e4b4a2,TRUE,"It is god,it is respect,it is humanisum,it is fear, it is real."
f5d0e4b4a2,Diary,"it is recording of day to day information ,it is note book,it is record,it is journal, it is time of his or her life explanation things,it is memorable things."
2b15616b23,Cracker,a fire cracker
2b15616b23,Something,unspecified thing
2b15616b23,Shove,means push
2b15616b23,TRUE,real
2b15616b23,Diary,milk farm
10d4f79779,Cracker,"A thin crisp wafer or biscuit, A firecracker, a person or thing that cracks, One who makes unauthorized use of a computer, especially to tamper with data or programs."
10d4f79779,Something,"Anything unknown, undetermined, or not specifically designated; a certain indefinite thing; an indeterminate or unknown event;"
10d4f79779,Shove,"to push or put in a rough, careless, or hasty manner, thrust, to force by other than physical means"
10d4f79779,TRUE,"Consistent with fact or reality, not false or erroneous, Truthful, Real, genuine"
10d4f79779,Diary,"A daily record, especially a personal record of events, experiences, and observations; a journal, A book for use in keeping a personal record."
df5ff96a53,Cracker,"Crunchy savoury biscuit. 
Christmas cracker  to pull at christmas."
df5ff96a53,Something,A thing or item.
df5ff96a53,Shove,Push. Nudge.
df5ff96a53,TRUE,"Honest.
Loyal.
Monogamous."
df5ff96a53,Diary,"Journal of thoughts and feelings
A book with a list of plans for the day/month/year."
5c443771e9,Cracker,"a thin or crisp biscuit, a firecracker, braggart, boaster, a person or thing that cracks,"
5c443771e9,Something,"a certain undetermined or unspecified thing, an additional amount, a person or thing of some value or consequence,"
5c443771e9,Shove,"to move along by force from behind, to push roughly or rudely,"
5c443771e9,TRUE,"being in accordance with the actual state or conditions, real, genuine, authentic, legitimate or rightful,"
5c443771e9,Diary,"a book for keeping such a record, a record usually private especially of the writer's own experiences"
ce58ffe106,Cracker,"a thing, crisp biscuit, a firecracker, also called cracker bonbon, a small paper roll used as a party favor, that usually contains candy, trinkets, etc., and that pops when pulled sharply at one or both ends, a poor white person living some rural parts of the southeastern U.S.  Sometimes disparaging and offensive, a native or inhabitant of Georgia used as a nickname."
ce58ffe106,Something,"entity, existent, nothing, thing, article, individual, object, substance, being existence, commodity, allurement, lure, spell, charisma, significant, super-duper, substantial, super"
ce58ffe106,Shove,"push without gentleness, boost, drive, buck, dig, bulldoze, cream, elbow, nudge, hustle, jostle, impel, jam, jab, poke, thrust, press, shoulder, propel, prod, pull, advance, hoist, heave, raise, elevate, push, usually up, hoist, lift,"
ce58ffe106,TRUE,"concordant with facts, accurate, authentic, actual valid, real, direct, honest, exact, genuine, bona fide, correct, indubitable, legal, kosher, natural, on target, proper, regular, sincere, typical, unquestionable, veritable, veracious, corrupt, deceitful, fraudulent, invalid, correctly, perfectly, properly, truthfully, veraciously, wrongly,"
ce58ffe106,Diary,"producer of milk products, buttery, dairy farm, cow barn, creamery, factory, pasteurizing plant, farm"
dcf44e6284,Cracker,"1.
a thin, crisp biscuit.
2.
a firecracker.
3.
Also called cracker bonbon. a small paper roll used as a party favor, that usually contains candy, trinkets, etc., and that pops when pulled sharply at one or both ends.
4.
( initial capital letter ) Sometimes Disparaging and Offensive . a native or inhabitant of Georgia (used as a nickname)."
dcf44e6284,Something,"1.
some thing; a certain undetermined or unspecified thing
2.
an additional amount, as of cents or minutes, that is unknown, unspecified, or forgotten"
dcf44e6284,Shove,"1.
to move along by force from behind; push.
2.
to push roughly or rudely; jostle."
dcf44e6284,TRUE,"1.
being in accordance with the actual state or conditions; conforming to reality or fact; not false: a true story.
2.
real; genuine; authentic: true gold; true feelings.
3.
sincere; not deceitful: a true interest in someone's welfare.
4.
firm in allegiance; loyal; faithful; steadfast: a true friend.
5.
being or reflecting the essential or genuine character of something"
dcf44e6284,Diary,"1.
a daily record, usually private, especially of the writer's own experiences, observations, feelings, attitudes, etc.
2.
a book for keeping such a record.
3.
a book or pad containing pages marked and arranged in calendar order, in which to note appointments and the like"
cef0fec366,Cracker,"snack food, crispy crunchy, usually eating with something else on top of it, like cheese for example."
cef0fec366,Something,a word to describe a noun.
cef0fec366,Shove,to push
cef0fec366,TRUE,"not a lie, the truth"
cef0fec366,Diary,a book where one keeps their private thoughts written down
6be52007c6,Cracker,"A thin crisp wafer or biscuit, usually made of unsweetened dough.
2. One that cracks, especially:
a. A firecracker.
b. A small cardboard cylinder covered with decorative paper that holds candy or a party favor and pops when a paper strip is pulled at one or both ends and torn.
c. The apparatus used in the cracking of petroleum.
d. One who makes unauthorized use of a computer, especially to tamper with data or programs.
3. Offensive
a. Used as a disparaging term for a poor white person of the rural, especially southeast United States.
b. Used as a disparaging term for a white person."
6be52007c6,Something,"An undetermined or unspecified thing: ""We're all recalling something, furtively seeking something"" (Virginia Woolf).
2. An unspecified or undetermined amount or extent: We know something about the early settlers in this area.
3. One having some or many of the same attributes, character, or essence as another: Trying to fix the computer myself was something of a mistake.
n.
1. A remarkable or important thing or person: He thinks he is something in that uniform.
2. One who falls into a specified age range. Often used in combination: fortysomethings who attended their class reunion."
6be52007c6,Shove,"To push forward or along.
2. To push rudely or roughly. See Synonyms at push.
v.intr.
To push someone or something with force.
n.
The act of shoving; a push.
Phrasal Verb:
shove off
1. To push (a boat) away from shore in leaving.
2. Informal To leave."
6be52007c6,TRUE,"tru·er, tru·est
1.
a. Consistent with fact or reality; not false or erroneous. See Synonyms at real1. See Usage Note at fact.
b. Truthful.
2. Real; genuine. See Synonyms at authentic.
3. Reliable; accurate: a true prophecy.
4. Faithful, as to a friend, vow, or cause; loyal. See Synonyms at faithful.
5. Sincerely felt or expressed; unfeigned: true grief.
6. Fundamental; essential: his true motive.
7. Rightful; legitimate: the true heir."
6be52007c6,Diary,"a·ries
1. A daily record, especially a personal record of events, experiences, and observations; a journal.
2. A book for use in keeping a personal record, as of experiences."
2486e8fbec,Cracker,"a slave driver, whip thrower,"
2486e8fbec,Something,"undetermined, unspecified"
2486e8fbec,Shove,"putting into hole, to shave"
2486e8fbec,TRUE,"real, truth, fact"
2486e8fbec,Diary,"a book containing one's inner thoughts,"
4792a552bb,Cracker,"Cracker may refer to:
Cracker (food), a type of biscuit, usually salted or savory edible
Cracker (mountain), a mountain peak in Glacier National Park
Cracker (benchmark), located in the Lewis Range, Glacier National Park in the U.S. state of Montana
Christmas cracker, traditional British Christmas toy or decoration which gives a loud 'crack' when opened
Atlanta Crackers, an American baseball team from Atlanta, Georgia
Cracker (pejorative), a slang, sometimes abusive term for a Southern white person
Florida cracker, a Florida native descended from early pioneer settlers
Georgia cracker, a Georgia native descended from early pioneer settlers
Hamadryas (butterfly), a genus of brush-footed butterflies commonly called the Crackers, Calicoes, or Clicks
Cracking (chemistry), the process whereby complex organic molecules are broken down into simpler molecules
a term for wafer-style Sacramental bread
a short length of twisted twine or string attached to the end of a whip to produce a cracking sound
a firecracker, a small explosive device primarily designed to produce a large amount of noise, especially in the form of a loud bang; any visual effect is incidental to this goal
a device used to open small compressed gas cartridges such as whipped-cream chargers
a person who performs safe-cracking
Atlanta Black Crackers, a professional baseball team which played in the Negro League
Operation Crackers, a British Commando raid during the Second World War
In computing

In computing, a hacker who breaks or circumvents security, including:
computer security hacker, that is, someone who breaks into computers, regardless of intent. Used by computer programming hackers to stress the differences between the two occupations and philosophies.
black-hat hacker, that is, someone who breaks into computers with malicious or criminal intentions. Used by white hat computer security hackers to stress the difference in ethics.
software cracker, someone who modifies software to remove or disable copy protection and digital rights management features
password cracker, someone who recovers encrypted passwords from data that has been stored in or transmitted by a computer system or associated to accounts as a measure for restricting access to a computer.
In entertainment

Cracker (band), a rock music band
Cracker (album), their first album
Cracker (comics), a British children's comic
Cracker (UK TV series), a television crime drama series
Cracker (U.S. TV series), the U.S. remake of the British television series
Crackers (1984 film), an American film starring Sean Penn
Crackers (1998 film), an Australian film
The Crackers, a 1968 pseudonym of the band The Merseybeats
Sonic Crackers, an April 1994 prototype version of what would become Knuckles' Chaotix
Crackers (Foster's Home for Imaginary Friends)
Crackers International, an EP released by Erasure in 1988, in between the albums The Innocents and Wild!
Crackers (Captain Underpants)
Crackers – The Christmas Party Album, an album by the British glam rock band Slade
Crackers – Accountant., may have been killed by Jennings for killing Adam the parrot."
4792a552bb,Something,"""Something"" is a song by The Beatles, written by lead guitarist George Harrison in 1969. It was featured on the album Abbey Road, and was also the first song written by Harrison to appear on the A-side of a Beatles' single. It was one of the first Beatles' singles to contain tracks already available on a long playing (LP) album, with both ""Something"" and ""Come Together"" having appeared on Abbey Road. ""Something"" was the only Harrison composition to top the American charts while he was in The Beatles.
John Lennon and Paul McCartney, the band's principal songwriters, both praised ""Something"" as among the best songs Harrison had written, or the group had to offer. As well as critical acclaim, the single achieved commercial success, topping the Billboard charts in the United States, and entering the top 10 in the United Kingdom. The song has been covered by over 150 artists including Elvis Presley, Shirley Bassey, Frank Sinatra, Tony Bennett, James Brown, Julio Iglesias, The Miracles, Eric Clapton, and Joe Cocker, and is the second-most covered Beatles' song after ""Yesterday"". Harrison is quoted as saying that his favourite cover of the song was James Brown's, and he kept Brown's version in his personal jukebox."
4792a552bb,Shove,"1
: to push along
2
: to push or put in a rough, careless, or hasty manner : thrust
3
: to force by other than physical means : compel <shove a bill through the legislature>
intransitive verb
1
: to move by forcing a way <bargain hunters shoving up to the counter>
2
a : to move something by exerting force
b : leave —usually used with off <shoved off for home>
— shov·er noun
 See shove defined for English-language learners »
See shove defined for kids »
Examples of SHOVE

He shoved the door until it finally opened.
A large man shoved me out of the way.
She shoved her plate aside.
He shoved me into the pool.
A group of security guards shoved through the crowd.
The children were pushing and shoving to see the clowns.
Origin of SHOVE

Middle English, from Old English scūfan to thrust away; akin to Old High German scioban to push and probably to Lithuanian skubti to hurry
First Known Use: before 12th century
Related to SHOVE

Synonyms: drive, propel, push, thrust
[+]more
Rhymes with SHOVE

dove, glove, love, of
Learn More About SHOVE"
4792a552bb,TRUE,"1true adj \ˈtrü\
tru·ertru·est

Definition of TRUE

1
a : steadfast, loyal
b : honest, just
c archaic : truthful
2
a (1) : being in accordance with the actual state of affairs <true description> (2) : conformable to an essential reality (3) : fully realized or fulfilled <dreams come true>
b : ideal, essential
c : being that which is the case rather than what is manifest or assumed <the true dimension of the problem>
d : consistent <true to character>
3
a : properly so called <true love> <the true faith> <the true stomach of ruminant mammals>
b (1) : possessing the basic characters of and belonging to the same natural group as <a whale is a true but not a typical mammal> (2) : typical <the true cats>
4
: legitimate, rightful <our true and lawful king>
5
a : that is fitted or formed or that functions accurately
b : conformable to a standard or pattern : accurate
6
: determined with reference to the earth's axis rather than the magnetic poles <true north>
7
: logically necessary
8
: narrow, strict <in the truest sense>
9
: corrected for error
— true·ness noun
 See true defined for English-language learners »
See true defined for kids »
Examples of TRUE

Indicate whether each of the following statements is true or false.
If their predictions are true, we'll be in for a long winter.
Is it true that you were planning to go without me?
Jobs are scarce, and that is especially true for managers.
The true cost proved to be much higher than they said it would be.
His true character was revealed.
the true meaning of the term
Origin of TRUE

Middle English trewe, from Old English trēowe faithful; akin to Old High German gitriuwi faithful, Old Irish derb sure, and probably to Sanskrit dāruṇa hard, dāru wood — more at tree
First Known Use: before 12th century
Related to TRUE

Synonyms: bona fide, certifiable, certified, dinkum [Australian & New Zealand], echt, genuine, honest, pukka (also pucka), real, right, sure-enough, authentic
Antonyms: bogus, counterfeit, fake, false, mock, phony (also phoney), pseudo, sham, spurious, suppositious, supposititious, unauthentic, unreal
[+]more
Rhymes with TRUE

blue, boo, brew, chew, clew, clue, coo, coup, crew, cue, dew, do, doux, due, ewe, few, flu, flue, fou, glue, gnu, goo, hew, hue, Jew, Koo,...
[+]more"
4792a552bb,Diary,"A diary is a record (originally in handwritten format) with discrete entries arranged by date reporting on what has happened over the course of a day or other period. A personal diary may include a person's experiences, and/or thoughts or feelings, including comment on current events outside the writer's direct experience. Someone who keeps a diary is known as a diarist. Diaries undertaken for institutional purposes play a role in many aspects of human civilization, including government records (e.g., Hansard), business ledgers and military records.
Generally the term is today employed for personal diaries, normally intended to remain private or to have a limited circulation amongst friends or relatives. The word ""journal"" may be sometimes used for ""diary,"" but generally a diary has (or intends to have) daily entries, whereas journal-writing can be less frequent.
Whilst a diary may provide information for a memoir, autobiography or biography, it is generally written not with the intention of being published as it stands, but for the author's own use. In recent years, however, there is internal evidence in some diaries (e.g., those of Ned Rorem, Alan Clark, Tony Benn or Simon Gray) that they are written with eventual publication in mind, with the intention of self-vindication (pre- or posthumous) or simply for profit"
2773fc01ba,Cracker,"Fire work,Crackling ,Cry, Break, Stunning"
2773fc01ba,Something,"Anything, wanting, any,"
2773fc01ba,Shove,"shave, clean , level,"
2773fc01ba,TRUE,"virtue, peace, angel, character, clean"
2773fc01ba,Diary,"memories, memo, reminders, book, important"
fe6c3218eb,Cracker,A cylinder shape of hollow tube usually containing a small gift and joke.To open they must be pulled apart letting off a slight BANG
fe6c3218eb,Something,A thing not know
fe6c3218eb,Shove,"to push aside, to trust away from you"
fe6c3218eb,TRUE,Some that really occured or happened
fe6c3218eb,Diary,writing daily notes into a journal. writing your life experiences
86dc19ebbd,Cracker,"breaker, fracture"
86dc19ebbd,Something,"anything, great, amazing"
86dc19ebbd,Shove,"push, thrust, propel"
86dc19ebbd,TRUE,"accurate, right, correct"
86dc19ebbd,Diary,"journal, record, chronicle"
92ea18c297,Cracker,One that cracks
92ea18c297,Something,a certain indefinite thing
92ea18c297,Shove,To push rudely
92ea18c297,TRUE,reliable
92ea18c297,Diary,a book uses for personal records
ab266a6b3c,Cracker,"is edible, is dry and thin, is a kind of biscuit"
ab266a6b3c,Something,"One thing, not specific,in general, used in broad term"
ab266a6b3c,Shove,"to push with force, a rough passage, also a skateboarding trick"
ab266a6b3c,TRUE,"is real thing, transparent, is a fact, a reality, is used in speech"
ab266a6b3c,Diary,"is written, type of blog, best source of memory, is like a notebook"
cc0fd23c05,Cracker,"Cracker:-wafer, soda cracker, oyster cracker,  cream cracker, hardtack, sea biscuit, cookie"
cc0fd23c05,Something,"Something:- event, object, portion, anything, being"
cc0fd23c05,Shove,"Shove:-jostle, push, shoulder, jostle, elbow."
cc0fd23c05,TRUE,"TRUE:- Proper, Exact, Accurate, Unerring, Correct, Precise, Right, Spot On, Truthful, Faithful, Literal, Authentic, Veracious"
cc0fd23c05,Diary,"Diary:-Appointment Book, Date-book, Calendar, Engagement Book, Journal, Chronicle, Log, Record,"
b245d0513e,Cracker,"firecracker, cookie, one who boasts, biscuit, chemical factory"
b245d0513e,Something,"object, cause for, reason to fight, live for"
b245d0513e,Shove,"push from behind, forcible, violent action"
b245d0513e,TRUE,"fact, actual event, without any lie, legitimate"
b245d0513e,Diary,"record of events, copy of court proceedings, personal record"
5a97554418,Cracker,"A thin biscuit, usually crisp, rarelysweet.An offensive term used to describe or refer to white people"
5a97554418,Something,"An unspecific thing, used to convey that there is more than nothing ""I know I heard something in the bushes"""
5a97554418,Shove,"Push, elbow, force, cram, to delay something, an encouraging nudge to do something"
5a97554418,TRUE,"Factual, real, honest, genuine, sincere, natural, organic, dedicated"
5a97554418,Diary,A journal of past events and feelings. A daily planner or schedule.
2622f61522,Cracker,"cracker bonbon, snapper, banger, firecracker, redneck"
2622f61522,Something,Somewhat
2622f61522,Shove,"jostle, squeeze, stuff, thrust"
2622f61522,TRUE,"true up, dead on target, straight, on-key, truthful,"
2622f61522,Diary,journal
2a625093df,Cracker,"Something that explodes or crumbles, something that is crisp"
2a625093df,Something,An object that is not defined
2a625093df,Shove,Push something roughly away
2a625093df,TRUE,"Real, fact, not false."
2a625093df,Diary,A book in which one records events of the day
e592776b4d,Cracker,"cracker, snapper, firecracker, cracker bonbon, banger, redneck, sound, festivals, celebration"
e592776b4d,Something,"small, some little, small quantity, small volume, some matter, something special, something occassional"
e592776b4d,Shove,"jostle, thrust, stuff, shove, squeeze, extort, pressure, crush, scarf out, lug, rack"
e592776b4d,TRUE,"truth, true friend, true situation, true matter, true documents, true copy, true paper"
e592776b4d,Diary,"book, events, writing events, diary writing, daily events, diary memories"
d0f1e4030a,Cracker,crisp biscuit
d0f1e4030a,Something,not known
d0f1e4030a,Shove,push
d0f1e4030a,TRUE,not false
d0f1e4030a,Diary,butter
cf8ffe2059,Cracker,"burst, festival"
cf8ffe2059,Something,"anything, product"
cf8ffe2059,Shove,"user, weapon"
cf8ffe2059,TRUE,"fact, real"
cf8ffe2059,Diary,"book, indicate"
c284e4a997,Cracker,"Fiery flower,a festival,fir for joy."
c284e4a997,Something,"about unknown,description of a specific,related with."
c284e4a997,Shove,"push out,sudden happening,a fast un-expected one."
c284e4a997,TRUE,"A fact,belief,a definition,correctness."
c284e4a997,Diary,"A souvenir,a momento,makes us to travel to past."
932ad1fc41,Cracker,"diwali,light,sound,pollution,burst,happiness,celebration."
932ad1fc41,Something,"light,small,large,great,big,small."
932ad1fc41,Shove,"shove off,thrust,squeeze."
932ad1fc41,TRUE,"story,life,picture,test,proof."
932ad1fc41,Diary,"daily,milk,food,ghee."
6b2ac0ef88,Cracker,one which burst with sound when lit
6b2ac0ef88,Something,unspecified thing
6b2ac0ef88,Shove,to push roughly
6b2ac0ef88,TRUE,genuine
6b2ac0ef88,Diary,a calender book for recording something
cdf81c2126,Cracker,"a thin, crisp biscuit"
cdf81c2126,Something,anything unknown
cdf81c2126,Shove,to push roughly or rudely
cdf81c2126,TRUE,sincere
cdf81c2126,Diary,a shop or company that sells milk
85e1f85b71,Cracker,"redneck, biscuit, eat with cheese"
85e1f85b71,Something,"object, a thing"
85e1f85b71,Shove,"push, move with force, evil act"
85e1f85b71,TRUE,"not false, Say what really is the case"
85e1f85b71,Diary,"private thoughts, secrets, anne frank"
e87cf6cd3b,Cracker,"a thin, crisp biscuit."
e87cf6cd3b,Something,a certain undetermined or unspecified thing.
e87cf6cd3b,Shove,to push roughly or rudely; jostle.
e87cf6cd3b,TRUE,being in accordance with the actual state or conditions; conforming to reality or fact; not false.
e87cf6cd3b,Diary,"a daily record, usually private, especially of the writer's own experiences, observations, feelings, attitudes, etc."
43f7e46034,Cracker,"Cracker may refer to:

    Cracker (food), a type of biscuit, usually salted or savory edible
    Cracker (mountain), a mountain peak in Glacier National Park
        Cracker (benchmark), located in the Lewis Range, Glacier National Park in the U.S. state of Montana
    Christmas cracker, traditional British Christmas toy or decoration which gives a loud 'crack' when opened
    Atlanta Crackers, an American baseball team from Atlanta, Georgia
    Cracker (pejorative), a slang, sometimes abusive term for a Southern white person
        Florida cracker, a Florida native descended from early pioneer settlers
        Georgia cracker, a Georgia native descended from early pioneer settlers
    Hamadryas (butterfly), a genus of brush-footed butterflies commonly called the Crackers, Calicoes, or Clicks
    Cracking (chemistry), the process whereby complex organic molecules are broken down into simpler molecules
    a term for wafer-style Sacramental bread
    a short length of twisted twine or string attached to the end of a whip to produce a cracking sound
    a firecracker, a small explosive device primarily designed to produce a large amount of noise, especially in the form of a loud bang; any visual effect is incidental to this goal
    a device used to open small compressed gas cartridges such as whipped-cream chargers
    a person who performs safe-cracking
    Atlanta Black Crackers, a professional baseball team which played in the Negro League
    Operation Crackers, a British Commando raid during the Second World War

[edit] In computing

    In computing, a hacker who breaks or circumvents security, including:
        computer security hacker, that is, someone who breaks into computers, regardless of intent. Used by computer programming hackers to stress the differences between the two occupations and philosophies.
        black-hat hacker, that is, someone who breaks into computers with malicious or criminal intentions. Used by white hat computer security hackers to stress the difference in ethics.
        software cracker, someone who modifies software to remove or disable copy protection and digital rights management features
        password cracker, someone who recovers encrypted passwords from data that has been stored in or transmitted by a computer system or associated to accounts as a measure for restricting access to a computer.

[edit] In entertainment

    Cracker (band), a rock music band
        Cracker (album), their first album
    Cracker (comics), a British children's comic
    Cracker (UK TV series), a television crime drama series
    Cracker (U.S. TV series), the U.S. remake of the British television series
    Crackers (1984 film), an American film starring Sean Penn
    Crackers (1998 film), an Australian film
    The Crackers, a 1968 pseudonym of the band The Merseybeats
    Sonic Crackers, an April 1994 prototype version of what would become Knuckles' Chaotix
    Crackers (Foster's Home for Imaginary Friends)
    Crackers International, an EP released by Erasure in 1988, in between the albums The Innocents and Wild!
    Crackers (Captain Underpants)
    Crackers – The Christmas Party Album, an album by the British glam rock band Slade
    Crackers – Accountant., may have been killed by Jennings for killing Adam the parrot."
43f7e46034,Something,"This article is about the song by The Beatles. For other uses, see Something (disambiguation).
""Something In The Way She Moves"" redirects here. For the song by James Taylor, see James Taylor (album)#Track listing.
""Something""
Single by The Beatles
from the album Abbey Road
A-side 	""Come Together""
Released 	6 October 1969 (US)
31 October 1969 (UK)
Format 	7""
Recorded 	25 February 1969
EMI Studios, London
Genre 	Rock, pop[1]
Length 	2:59
Label 	Apple
Writer(s) 	George Harrison
Producer 	George Martin
Certification 	2x Platinum (RIAA)[2]
The Beatles singles chronology
""The Ballad of John and Yoko""
(1969) 	""Something"" / ""Come Together""
(1969) 	""Let It Be""
(1970)


Music sample
""Something""
Abbey Road track listing
[show]17 tracks
B-side, in custom Apple Records sleeve

""Something"" is a song by The Beatles, written by lead guitarist George Harrison in 1969. It was featured on the album Abbey Road, and was also the first song written by Harrison to appear on the A-side of a Beatles' single. It was one of the first Beatles' singles to contain tracks already available on a long playing (LP) album, with both ""Something"" and ""Come Together"" having appeared on Abbey Road. ""Something"" was the only Harrison composition to top the American charts while he was in The Beatles.

John Lennon and Paul McCartney, the band's principal songwriters, both praised ""Something"" as among the best songs Harrison had written, or the group had to offer. As well as critical acclaim, the single achieved commercial success, topping the Billboard charts in the United States, and entering the top 10 in the United Kingdom. The song has been covered by over 150 artists including Elvis Presley, Shirley Bassey, Frank Sinatra, Tony Bennett, James Brown, Julio Iglesias, The Miracles, Eric Clapton, and Joe Cocker, and is the second-most covered Beatles' song after ""Yesterday"".[3] Harrison is quoted as saying that his favourite cover of the song was James Brown's, and he kept Brown's version in his personal jukebox.[4]
Contents
 [hide] 

    1 Writing
    2 Recording and production
    3 Promotional video
    4 Composition
    5 Reception
        5.1 Awards
    6 Cover versions
    7 Live performances (by Harrison)
    8 Personnel
    9 References
    10 External links

[edit] Writing

During the 1968 recording sessions for The Beatles (also referred to as the White Album), Harrison began working on a song that eventually became known as ""Something"". The song's first lyrics were adapted from the title of an unrelated song by fellow Apple artist James Taylor called ""Something in the Way She Moves"" and used as filler while the melody was being developed.[5] The song's second line, ""Attracts me like no other lover,"" was the last to be written; during early recording sessions for ""Something"", Harrison alternated between two placeholder lyrics: ""Attracts me like a cauliflower"" and ""Attracts me like a pomegranate.""[6]

Harrison later said that ""I had a break while Paul was doing some overdubbing so I went into an empty studio and began to write. That's really all there is to it, except the middle took some time to sort out. It didn't go on the White Album because we'd already finished all the tracks.""[7] A demo recording of the song by Harrison from this period appears on the Beatles Anthology 3 collection, released in 1996.

Many believe that Harrison's inspiration for ""Something"" was his wife at the time, Pattie Boyd. Boyd also claimed that inspiration in her 2007 autobiography, Wonderful Tonight, where she wrote: ""He told me, in a matter-of-fact way, that he had written it for me.""[8]

However, Harrison has cited other sources of inspiration to the contrary. In a 1996 interview he responded to the question of whether the song was about Pattie: ""Well no, I didn't [write it about her]. I just wrote it, and then somebody put together a video. And what they did was they went out and got some footage of me and Pattie, Paul and Linda, Ringo and Maureen, it was at that time, and John and Yoko and they just made up a little video to go with it. So then, everybody presumed I wrote it about Pattie, but actually, when I wrote it, I was thinking of Ray Charles.""[9]

The original intention had been for Harrison to offer the song to Jackie Lomax, as had been done with the previous Harrison composition, ""Sour Milk Sea"". When this fell through, the song was given to Joe Cocker (who had previously covered The Beatles' ""With a Little Help from My Friends""); his version came out two months before that of The Beatles. During the Get Back recording sessions for what eventually became Let It Be, Harrison considered using ""Something"", but eventually decided against it due to his fear that insufficient care would be taken in its recording; his earlier suggestion of ""Old Brown Shoe"" had not gone down well with the band.[10] It was only during the recording sessions for Abbey Road that The Beatles began seriously working on ""Something"".
[edit] Recording and production
Main article: Abbey Road (album)

""Something"" was recorded during the Abbey Road sessions. It took 52 takes in two main periods, the first session involved a demo take on Harrison's 26th birthday, 25 February 1969, followed by 13 backing track takes on 16 April. The second main session took 39 takes and started on 2 May 1969 when the main parts of the song were laid down in 36 takes, finishing on 15 August 1969 after several days of recording overdubs.[11]

The original draft that The Beatles used lasted eight minutes, with Lennon on the piano towards the end (which was recorded later as Lennon was not present during the first few sessions). The middle also contained a small counter-melody section in the draft. Both the counter-melody and Lennon's piano piece were cut from the final version. Still, Lennon's piano was not erased totally. Some bits can be heard in the middle eight, in particular the line played downwards the C major scale, i.e. the connection passage to Harrison's guitar solo. The erased parts of Lennon's piano section later became the basis for Lennon's song ""Remember"".
[edit] Promotional video

The promotional video for ""Something"" was shot shortly before the break-up of the band. By this time, the individual Beatles had drawn apart and so the film consisted of separate clips of each Beatle walking around his home, accompanied by his wife, edited together. The film was directed by Neil Aspinall.[12]
[edit] Composition

The lead vocalist for ""Something"" was Harrison. The song runs at a speed of about sixty-six beats per minute and is in common time throughout. The melody begins in the key of C major. It continues in this key throughout the intro and the first two verses, until the eight-measure-long bridge, which is in the key of A major. After the bridge, the melody returns to C Major for the guitar solo, the third verse, and the outro.[13] Although The Beatles had initially attempted an edgier acoustic version of the song, this was dropped along with the counter-melody. A demo of the acoustic version with the counter-melody included was later released as part of Anthology 3. On the final release, the counter-melody was replaced by an instrumental break, and the song was given a softer tone with the introduction of a string arrangement by George Martin, the Beatles' producer.[14]

Simon Leng said the song's theme is doubt and uncertainty.[15] Richie Unterberger of Allmusic described it as ""an unabashedly straightforward and sentimental love song"" at a time ""when most of the Beatles' songs were dealing with non-romantic topics or presenting cryptic and allusive lyrics even when they were writing about love"".[14]
[edit] Reception

The Abbey Road album was the first Beatles' release to feature ""Something""; it was released on 26 September 1969 in the United Kingdom, with the United States' release following on 1 October, and performed well, topping the charts in both countries.[16][17]

A few days later on 6 October, ""Something"" was nominally released as a double A-side single with ""Come Together"" in the United States, becoming the first Harrison composition to receive top billing on a Beatles' single.[18] In actuality, it was the A-side in both form and cataloguing: it appears on the side displaying the outer skin of Apple's logo, and is listed first in Apple's catalog. In many other countries, it was explicitly labeled as the A-side. [19]

Although it began charting a week after its release on 18 October, doubts began to arise over the possibility of ""Something"" topping the American charts. It was the prevailing practice at the time to count sales and airplay of the A- and B-sides separately, which allowed for separate chart positions. With ""Come Together"" rivaling ""Something"" in popularity, it was hardly certain that either side of the single would reach number one. However, on 29 November, Billboard started factoring the combined performance of both A- and B-sides into their calculations, as one single. The result was that ""Come Together""/""Something"" topped the American charts for a week, before eventually falling out of the charts about two months later (on the concurrent Cash Box singles chart, which continued to measure the performance on both sides of a single separately, ""Something"" peaked at number two while ""Come Together"" spent three weeks at number one). The single was certified Gold just three weeks after its initial release, but was not heard of again in terms of sales until 1999, when it was declared Platinum.[18]

In the UK, ""Something"" came out on 31 October. It was the first Beatles' single to have a Harrison song on the A-side, and it was also The Beatles' first single to feature songs already available on an album.[20] ""Something"" first entered the chart on 8 November, eventually peaking at number four, before falling out of the charts three months after its initial release. In the UK Shirley Bassey's version also reached #4.[12]

Although Harrison himself had been dismissive of the song—he later said that he ""put it on ice for about six months because I thought 'that's too easy'""[21]—Lennon and McCartney both stated that they held ""Something"" in high regard. Lennon said ""I think that's about the best track on the album, actually"", while McCartney said ""For me I think it's the best he's written.""[7] Both had largely ignored Harrison's compositions prior to ""Something"", with their own songs taking much of the limelight. Lennon later explained:
“ 	There was an embarrassing period when George's songs weren't that good and nobody wanted to say anything. He just wasn't in the same league for a long time—that's not putting him down, he just hadn't had the practice as a writer that we'd had.[12] 	”
[edit] Awards

In 1970, the same year The Beatles announced they had split, ""Something"" received the Ivor Novello Award for Best Song Musically and Lyrically.[22] ""Something"" continues to garner accolades from the musical establishment decades after its release, with the British Broadcasting Corporation (BBC) website naming it as the 64th-greatest song ever. According to the BBC, ""Something"" shows more clearly than any other song in The Beatles' canon that there were three great songwriters in the band rather than just two.""[21] The Beatles' official website itself said that ""Something"" ""underlined the ascendancy of George Harrison as a major song writing force"".[23] In 1999, Broadcast Music Incorporated (BMI) named ""Something"" as the 17th-most performed song of the 20th century, with five million performances in all. Other Beatles' songs on the list were ""Yesterday"" and ""Let It Be"", both written by Paul McCartney (though attributed to Lennon and McCartney).[24] In 2004, ""Something"" was ranked number 273 on Rolling Stone's list of ""The 500 Greatest Songs of All Time"". In 2010, the magazine ranked it #6 on The Beatles' 100 Greatest Songs.[25]
[edit] Cover versions

With more than 150 versions, ""Something"" is the second most covered Beatles' song after ""Yesterday"".[3] It began accumulating cover versions from other artists almost immediately after its release by The Beatles. Lena Horne recorded a cover version in November 1969 for the album she recorded with guitarist Gabor Szabo, Lena and Gabor. Other cover versions soon appeared, including versions from Elvis Presley (who included it in his Aloha from Hawaii TV special), Frank Sinatra, The O'Jays, James Brown, Smokey Robinson and Ray Charles. Despite having written the song with Charles in mind, Harrison's favorite version was Brown's. Of Brown's recording, Harrison said:
“ 	My personal favorite is the version by James Brown. It was one of his B sides. I have it on my jukebox at home. It's absolutely brilliant.[26] 	”

Frank Sinatra was particularly impressed with ""Something"", calling it ""the greatest love song ever written"". Apart from performing ""Something"" numerous times in concert, Sinatra recorded the song twice: in the late 1960s as a single for Reprise (this version later appeared on Frank Sinatra's Greatest Hits, Vol. 2), and in 1980 for Trilogy: Past Present Future. During live performances, the singer was known to mistakenly introduce ""Something"" as a Lennon/McCartney composition, however, by 1978, had begun correctly citing Harrison as its author.[27] Harrison would go on to adopt Sinatra's minor lyrical change (the song's bridge, ""you stick around now, it may show"" was changed to ""You stick around, Jack, she might show"") for his own live performances.[28]

A successful version was recorded by Shirley Bassey, released in 1970 as the title single to her album, of the same name. It was her biggest UK hit for many years, reaching No.4 and spending 22 weeks on the chart. It also reached No.6 on the US AC Chart.

A version by country singer Johnny Rodriguez reached the top 10 of the Billboard Hot Country Singles chart in the spring of 1974.[29] Barbara Mandrell covered the song on her 1974 album This Time I Almost Made It. In 2002, after Harrison's death, McCartney performed the song using just a ukulele on his ""Back in The US"" and ""Back in the World"" tours. McCartney and Eric Clapton performed ""Something"" at the Concert for George on November 30, 2002, a performance which was nominated for the Grammy Award for Best Pop Collaboration with Vocals.[30] The song was also performed as a tribute to Harrison by McCartney in 2008 at the Liverpool Sound Concert, performing the song in a similar fashion to that of the Concert for George: starting off with only a ukulele for accompaniment, then after the bridge, being joined by the full band to conclude the song similarly to that of the original recording.[31][32][33] Bob Dylan likewise played the song live as a tribute to Harrison following his death.[34][35] Musiq Soulchild also covered the song from 2002's Juslisen album.
[edit] Live performances (by Harrison)

In 1971, Harrison played this song in The Concert for Bangladesh with Eric Clapton, Ringo, and many others. Although the guitar solo differed from the studio version, it was still in the key of C major, while the lyrics remained the same. The new guitar solo was very similar to the guitar intro to the Live in Japan version of this song.

In 1991, George and Eric Clapton played ""Something"" live in Japan and in London, such that the third verse gets repeated after the bridge is played again, but without the guitar solo. This was also done in the Concert for George.
[edit] Personnel

The Beatles

    George Harrison – lead and rhythm guitars, lead vocals
    John Lennon – piano
    Paul McCartney – bass guitar, backing vocals
    Ringo Starr – drums

Additional personnel

    George Martin – string arrangement
    Billy Preston – Hammond organ"
43f7e46034,Shove,"The page ""Shove"" does not exist. You can ask for it to be created, but consider checking the search results below to see whether the topic is already covered.
For search help, please visit Help:Searching.

    Shove-it
    A Shove-it (or shuvit) is a skateboarding trick where the skateboarder makes their board spin 180 degrees or more under their feet. ...
    4 KB (638 words) - 05:06, 5 November 2011
    Shove ha'penny
    Shove ha'penny (or shove halfpenny), also known in ancestral form as shoffe-grote 'shove- groat ' in Modern English , slype groat 'slip ...
    9 KB (1,373 words) - 08:20, 28 October 2011
    Fredegond Shove
    Fredegond Shove (née Maitland, 1889–1949) was an English poet . Fredegond was the daughter of the historian Frederic William Maitland and ...
    2 KB (199 words) - 17:06, 1 February 2011
    Don't Shove
    Don't Shove is a 1919 short comedy film featuring Harold Lloyd . Cast : Harold Lloyd - Harold. Bebe Daniels - Bebe. Bud Jamison - Harold's ...
    2 KB (154 words) - 04:39, 8 June 2010
    Ralph Shove
    Ralph Samuel Shove (31 May 1889 – 2 February 1966) was a British County Court judge and a rower who competed in the 1920 Summer Olympics ...
    3 KB (354 words) - 13:16, 26 June 2011
    Shove It
    Shove It is the first album released by The Cross , founded by Queen drummer Roger Taylor . This album contains a mix of rock with dance ...
    4 KB (554 words) - 09:56, 25 September 2011
    Gerald Shove
    Gerald Frank Shove (November 1887 – August 1947) was a British economist . Life: Shove was born at Faversham , Kent, the son of Herbert ...
    3 KB (330 words) - 14:04, 8 February 2011
    Push Comes to Shove
    Push Comes to Shove can mean: Push Comes to Shove (M.E.D. album), an album by M.E.D. Push Comes to Shove (Jackyl album), an album by Jackyl"" ...
    561 B (71 words) - 03:23, 28 June 2010
    Somebody to Shove
    ""Somebody to Shove"" is a 1992 single performed by the Minneapolis rock band Soul Asylum . It reached number one on the Modern Rock ...
    2 KB (249 words) - 20:30, 30 October 2011
    Take This Job and Shove It
    ""Take This Job and Shove It"" is a song by David Allan Coe from his 1978 album, Family Album about the bitterness of a man who worked long ...
    3 KB (323 words) - 16:59, 6 August 2011
    My Own Summer (Shove It)
    ""My Own Summer (Shove It)"" is a single by Sacramento, California -based alternative metal band Deftones ; their first to be taken from the ...
    4 KB (580 words) - 04:51, 8 November 2011
    Take This Job and Shove It (film)
    Take This Job and Shove It is a 1981 film starring Robert Hays , Barbara Hershey , Art Carney , and David Keith , and directed by Gus ...
    4 KB (610 words) - 22:47, 28 October 2011
    Push Comes to Shove (M.E.D. album)
    Push Comes To Shove is the debut album by M.E.D. (also known as Medaphoar ). The album is mostly produced by Madlib , however Oh No , J ...
    3 KB (326 words) - 00:55, 20 September 2011
    Push Comes to Shove (Jackyl album)
    Push Comes to Shove is the second album by Jackyl . Track listing: All songs written by Jesse James Dupree except as noted."" Comes To Shove"" - 3:05"" ...
    2 KB (219 words) - 10:35, 15 October 2011
    When Pus Comes to Shove
    When Pus Comes to Shove is the debut album of the band Platypus . Track listing : Standing In Line - (3:10) Nothing To Say - (4:54) ...
    2 KB (182 words) - 12:05, 9 August 2011
    A Push and a Shove
    A Push and a Shove: A Novel is a 2007 novel in the thriller genre by Christopher Kelly . Kelly, an openly gay man, is a film critic and ...
    7 KB (981 words) - 12:41, 6 August 2011
    Shove the Sun Aside
    Shove The Sun Aside is an album by guitarist Dave Weiner . Weiner produced, wrote and engineered this album. It was recorded at Steve Vai ...
    1 KB (167 words) - 04:41, 22 June 2010
    When Bush Comes to Shove
    When Bush Comes to Shove is a 2002 album by the Capitol Steps . Track listing : Shoe-Bomb. Don't Go Faking You're Smart. Enron-Ron-Ron ...
    1 KB (188 words) - 13:21, 11 December 2010
    Take This Job and Shove It (album)
    Take This Job and Shove It is the title of the seventeenth album released by country music artist Johnny Paycheck . It was his second ...
    4 KB (600 words) - 23:27, 4 August 2011
    Shuffleboard (redirect from Shove-board)
    Shuffleboard, more precisely deck shuffleboard, and also known as shuffle-board, shovelboard, shovel-board and shove-board archaic is a ...
    13 KB (1,853 words) - 02:50, 1 November 2011

    Pub games
    * Coin pushing/throwing games: [[Shove ha'penny]], [[Pitch penny]], [[Toad in the hole (game)|Toad in the hole]], ===Shove ha'penny===
    11 KB (1,766 words) - 14:33, 21 November 2011
    Fair Warning (redirect from Push Comes to Shove (song))
    Fair Warning may refer to: Fair Warning (Van Halen album), 1981 "" ""Fair Warning"" (The Twilight Zone), an episode of the science fiction ...
    447 B (47 words) - 15:29, 23 July 2011
    Ivu (redirect from Ice shove)
    Ivu or IVU may refer to: Ivu (oceanography), a surge of ice from the ocean onto the shore. Ivu or Eve , a character from the manga Black Cat ...
    513 B (60 words) - 14:58, 20 February 2011
    Skateboarding trick (redirect from Pop-Shove It)
    A skateboarding trick, or simply a trick is a maneuver performed on a skateboard while skateboarding . Learning and perfecting new tricks ...
    3 KB (455 words) - 22:20, 16 November 2011
    Fair Warning (Van Halen album) (redirect from Push Comes to Shove (song))
    ""Track listing: ""Push Comes To Shove"" – 3:49"" ""So This Is Love? "" – 3:06"" ""Sunday Afternoon in the Park"" (Instrumental) – 1:59"" ""One Foot Out the ...
    7 KB (953 words) - 23:12, 27 October 2011
    Shover's Green Baptist Chapel
    Shover's Green Baptist Chapel is a former Strict Baptist place of worship in the hamlet of Shover's Green in East Sussex , England. ...
    7 KB (884 words) - 21:16, 12 October 2011
    Zalman Shoval
    image Zalman Shoval 2008. jpg | birth_date 1930 | 4 | 28 | df y | birth_place Free City of Danzig | Year of Aliyah 1938 | death_date | ...
    5 KB (573 words) - 09:10, 6 August 2011
    Shoval
    the Israeli Orthodox LGBT speakers bureau | Shoval (organization) name Shoval | image Shoval. JPG | imgsize 250px | foundation 6 October ...
    3 KB (352 words) - 05:00, 22 August 2011
    List of Big Wolf on Campus episodes (redirect from Butch Comes to Shove)
    LineColor 333333 | TopColor EpisodeNumber 3 | Title Butch Comes to Shove | Aux1 Dan Kopelman | Aux2 Erik Canuel | OriginalAirDate 1999 ...
    18 KB (2,438 words) - 17:25, 28 October 2011
    Shoval (organization)
    Shoval's main focus is to create a safe place within the religious communities in Israel for LGBT adolescents. It provides educational ...
    3 KB (331 words) - 21:08, 28 September 2011
    List of Ed, Edd n Eddy episodes (redirect from Take This Ed and Shove It)
    Title Take This Ed and Shove It | OriginalAirDate 2004 | 11 | 5 | EpisodeNumber 52 | ShortSummary When Edd points out how the local kids ...
    60 KB (9,810 words) - 04:08, 19 November 2011
    Flip tricks
    The basic tricks are the kickflip , heelflip , Frontside/Backside 180 , and pop shove-it . Though most of the simple combinations have ...
    24 KB (4,160 words) - 22:48, 17 November 2011
    The Cross (section Shove It: 1988)
    First album: Shove It: After Queen's 1986 Magic Tour, the band members went their separate ways to do various solo work. Taylor decided to ...
    14 KB (1,971 words) - 13:57, 16 November 2011
    Crokinole
    is an action board game similar in various ways to pitchnut , carrom , marbles , and shove ha'penny , with elements of shuffleboard and ...
    11 KB (1,645 words) - 12:50, 16 November 2011
    Penny football
    Penny football (also coin football, sporting coin, spoin, table football, tabletop football or shove ha'penny football) is a coin game ...
    3 KB (538 words) - 20:54, 14 September 2011
    Johnny Paycheck
    2003), a country music singer and Grand Ole Opry member most famous for recording the David Allan Coe song ""Take This Job and Shove It "". ...
    23 KB (2,420 words) - 01:58, 30 October 2011
    FreeRouting
    Free push&shove router for printed circuit board designs. Communicates with host PCB design systems via the standard Specctra DSN interface. ...
    767 B (94 words) - 13:09, 23 October 2011
    Ivu (oceanography)
    An Ivu, or ice shove is a surge of ice from the ocean onto the shore . They are caused by ocean current s and winds blowing multi-year ice ...
    492 B (63 words) - 00:48, 24 February 2011
    Oshikura Manju
    When the game starts, the players powerfully shove backwards, pressing their backs towards other players' backs as they chant ""Oshikura ...
    2 KB (275 words) - 03:59, 2 March 2010
    David Allan Coe
    and Shove It ,"" which was later covered by Johnny Paycheck that was later a hit movie (both Coe and Paycheck had minor parts in the film). ...
    18 KB (2,412 words) - 15:11, 16 November 2011"
43f7e46034,TRUE,"TRUE, formerly known as David John Riggins (b.1968, Los Angeles, CA.) is an American artist of German-Russian, African-American, and Blackfoot descent who lives and works in New York City.[1] He moved to New York in 1991 to study art and child psychology at Sarah Lawrence College, and then transferred to The Art School of The Cooper Union for the Advancement of Science and Art (BFA, 1996). He began using the word “TRUE” in place of his birth name in the mid-1990s.[2] His work incorporates elements of illustration, character design, computer animation, and graphic design.

He first gained international notoriety for a series of non-permissional site-specific “guerrilla” installations on the streets of Los Angeles and New York City[3], and in NYC’s subway system[4] (1993–1994), which were done under the pseudonym “str8up” (pronounced “straight up”). The impetus for these projects was the belief that the “Art World” was circumscribed and elitist, and that greater meaning could be infused into a work by taking a populist approach.[5]

While TRUE has generally eschewed the gallery / museum system, his work has been exhibited at the Museum of Contemporary African Diasporan Arts (MoCADA), in Brooklyn, NY, and the Centro Cultural de Belém, in Lisbon, Portugal, as part of the Experimentadesign Bienal de Lisboa. He has taught and / or spoken on art, new media, and design at institutions such as The Cooper Union, Parsons School of Design, The Pratt Institute, Rhode Island School of Design, and Sarah Lawrence College.[1]

He has been interviewed and / or had his work featured in All Things Considered (National Public Radio)[6], Arc Design Magazine (Brasil), AREA – a Phaidon design book that named him as one of 100 of the world’s “most innovative emerging graphic designers”[7], BBC-TV (UK), Crain’s New York Business, Eye Magazine, GalleryBeat (TV), How Magazine, I.D. Magazine – who named him as one of the “I.D. Forty” (40 of the world’s “leading design innovators”)[8], Los Angeles Times, M.A.P. Magazine (Australia), Manhattan File Magazine, Men’s Club Magazine (Japan), Metropolis Magazine – who named him as a “rising star of the new millennium”[9], New York Magazine, New York Daily News, New York Times, Pix Magazine, Sagmeister: Made You Look, Surface Magazine, Time Out New York, Village Voice, and others. A CD-ROM game for which he did illustration, animation, and UI design won the top award, the “Palm D’Or,” at the MILIA Interactive Conference in Cannes, France.[10]

He has lived in Stuyvesant Heights, Brooklyn, since 1999, where he has received numerous public art commissions[11], and co-organizes a free annual children’s film festival called The KIDflix Film Fest of Bed-Stuy."
43f7e46034,Diary,"A diary is a record (originally in handwritten format) with discrete entries arranged by date reporting on what has happened over the course of a day or other period. A personal diary may include a person's experiences, and/or thoughts or feelings, including comment on current events outside the writer's direct experience. Someone who keeps a diary is known as a diarist. Diaries undertaken for institutional purposes play a role in many aspects of human civilization, including government records (e.g., Hansard), business ledgers and military records.

Generally the term is today employed for personal diaries, normally intended to remain private or to have a limited circulation amongst friends or relatives. The word ""journal"" may be sometimes used for ""diary,"" but generally a diary has (or intends to have) daily entries, whereas journal-writing can be less frequent.

Whilst a diary may provide information for a memoir, autobiography or biography, it is generally written not with the intention of being published as it stands, but for the author's own use. In recent years, however, there is internal evidence in some diaries (e.g., those of Ned Rorem, Alan Clark, Tony Benn or Simon Gray) that they are written with eventual publication in mind, with the intention of self-vindication (pre- or posthumous) or simply for profit.

By extension the term diary is also used to mean a printed publication of a written diary; and may also refer to other terms of journal including electronic formats (e.g., blogs).
Contents
 [hide] 

    1 Internet diaries
    2 Other forms of diary
        2.1 Travel journals
        2.2 Diet journal
        2.3 Sleep diaries
        2.4 Tagebuch
        2.5 Unusual diaries
        2.6 War diary
    3 Fictional diaries
    4 See also
    5 References
    6 Further reading

[edit] Internet diaries
Main articles: Online journal and Blog

As internet access became commonly available, many people adopted it as another medium in which to chronicle their lives with the added dimension of an audience. The first online diary is thought to be Claudio Pinhanez's ""Open Diary,"" published at the MIT Media Lab website from 14 November 1994 until 1996.[1] Other early online diarists include Justin Hall, who began eleven years of personal online diary-writing in 1994,[2] Carolyn Burke, who started publishing ""Carolyn's Diary"" on 3 January 1995,[3] and Bryon Sutherland, who announced his diary The Semi-Existence of Bryon in a USENET newsgroup on 19 April 1995.[4]

Web-based services such as Open Diary (started in October, 1998) and LiveJournal (January, 1999) soon appeared to streamline and automate online publishing, but growth in personal storytelling came with the emergence of blogs. While the format first focused on external links and topical commentary, widespread blogging tools were quickly used to create web journals. Recent advances have also been made to enable the privacy of internet diary entries. For example, some diary software now stores entries in encrypted format, such 256-bit AES (Advanced Encryption Standard) encryption, and others only permit access to the diary after correct PIN entry on a secure USB device.
[edit] Other forms of diary
[edit] Travel journals

A travel journal, travel diary, or road journal, is the documentation of a journey or series of journeys.
[edit] Diet journal

A diet journal or food diary is a daily record of all food and beverage consumed, usually for the purpose of the tracking calorie consumption for the purpose of weight loss or other nutritional monitoring.
[edit] Sleep diaries

A sleep diary or sleep log is a tool used in the diagnosis and treatment of sleep disorders.
[edit] Tagebuch

The German Tagebuch is normally rendered as diary in English, but the term includes workbooks or working journals as well as diaries proper. For example, the notebooks of the Austrian writer Robert Musil are called Tagebücher.
[edit] Unusual diaries

Some officer cadets at the Royal Military College of Canada wrote their diaries in India ink on their t-squares; examples of these from the 1880s are retained in the College's museum.
[edit] War diary

A war diary is a regularly updated official record of a military unit's administration and activities during wartime maintained by an officer in the unit.
[edit] Fictional diaries
Main category: Fictional diaries

There are numerous examples of fictional diaries. One of the earliest printed fictional diaries was the humorous Diary of a Nobody by George Grossmith and his brother Weedon. 20th century examples include radio broadcasts (e.g. Mrs. Dale's Diary) and published books (e.g. the Diaries of Adrian Mole). Both prompted long-running satirical features in the magazine Private Eye: the former entitled Mrs Wilson's Diary in reference to Mary Wilson, wife of Prime Minister Harold Wilson, the latter entitled ""The Secret Diary of John Major Aged 47¾"" and written as a pastiche of the Adrian Mole diaries from the perspective of the then Prime Minister John Major."
2b6a1159af,Cracker,"is something that when lit produces light and/or sound, and is used to celebrate special occasions."
2b6a1159af,Something,is a word used to refer to an object in the most generic terms possible.
2b6a1159af,Shove,"is the action of pushing someone, roughly, possibly hard enough to make them fall."
2b6a1159af,TRUE,"is a word for describing an action as a positive, conforming it to be factual."
2b6a1159af,Diary,"is something that one writes in, possibly on a daily basis to keep notes of the day, or even to keep notes on certain specific matters."
6d2481195c,Cracker,"cracker (noun) a decorated paper cylinder which, when pulled apart, makes a sharp noise and releases a small toy"
6d2481195c,Something,a thing that is unspecified or unknown: | | Used in various expressions indicating that a description
6d2481195c,Shove,shove (verb) Push (someone or something) roughly: | (noun) a strong push:
6d2481195c,TRUE,true (adjective) In accordance with fact or reality: | | accurate or exact: Loyal or faithful: Honest: (adverb) Truly:
6d2481195c,Diary,diary (noun) a book in which one keeps a daily record of events and experiences.
33cd6db15a,Cracker,"Firework,Pyrotechnic,Bursting of firecrackers,Lighting up of festival season,Dry biscuits,Snack item."
33cd6db15a,Something,"More than nothing,Balance,Little to share or spare,Minimum,Offer little."
33cd6db15a,Shove,"Push,Put in carelessly,Without respect,Careless and rude action."
33cd6db15a,TRUE,"Correct,Verified,Ascertained,Real,Not fake.Not imagined-or fictitious"
33cd6db15a,Diary,"Cow farm ,A place where milk processing is done,Milk and milk products,Keep abook on daily event.Book with personal memoirs."
5e679e39a7,Cracker,"is a dry biscuit,  a firework that cracks"
5e679e39a7,Something,"an unknown thing, some truth unspecified"
5e679e39a7,Shove,"to move by rough pushing, to jostle, start from the shore in a boat"
5e679e39a7,TRUE,"truthful, agreeing with fact, real, loyal or faithful, genuine, to bring a tool to the exact position required"
5e679e39a7,Diary,"place where milk and milk products are stored, processed or distributed"
1c6ee77d92,Cracker,"able, ace, adept, best, capital, choice, crackerjack, deluxe, elite, excellent, expert, first-class, handpicked, pro, proficient, skilled, skillful, superior, talented"
1c6ee77d92,Something,"article, being, commodity, existence, existent, individual, object, substance, thing"
1c6ee77d92,Shove,"boost, buck, bulldoze, cram, crowd, dig, drive, elbow, hustle, impel, jab, jam, jostle, nudge, poke, press, prod, propel, shoulder, thrust"
1c6ee77d92,TRUE,"accurate, actual, appropriate, authentic, authoritative, bona fide, correct, dependable, direct, exact, factual, fitting, genuine, honest, indubitable, kosher, lawful, legal, legitimate, natural, normal, on target, perfect, precise, proper, pure, regular, right, rightful, sincere, straight, sure-enough, trustworthy, truthful, typical, undeniable, undesigning, undoubted, unerring, unfaked, unfeigned, unquestionable, veracious, veridical, veritable, very, wash"
1c6ee77d92,Diary,"account,agenda, appointment book,chronicle, daily record, daybook, engagement book,journal,log, minutes, notebook,record"
a878e75949,Cracker,"salty, with soup, buttered, graham snack"
a878e75949,Something,"thing, object, not important"
a878e75949,Shove,"push, move, jostle, jab"
a878e75949,TRUE,"real, honest, faithful, correct, right"
a878e75949,Diary,"journal, personal thoughts, record, to write down"
0ff6f25e1c,Cracker,which produce sound by lighting
0ff6f25e1c,Something,which is hidden
0ff6f25e1c,Shove,produce some thing extordinary
0ff6f25e1c,TRUE,answer
0ff6f25e1c,Diary,personal
d6fbaf0859,Cracker,"soda crackers, crispy"
d6fbaf0859,Something,a particular thing
d6fbaf0859,Shove,"to drive forward, to push"
d6fbaf0859,TRUE,"opposite of false, the right one"
d6fbaf0859,Diary,"a piece of notebook wherein notes for the day are written, memoirs, daily notes"
c4ec0ebf47,Cracker,"something that burst suddenly, makes big noise, packet of gun powder,"
c4ec0ebf47,Something,"Amazing, incredible, impressive, great"
c4ec0ebf47,Shove,"Push, thrust, heave, propel, jostle,"
c4ec0ebf47,TRUE,"Factual, accurate, right, spot on, correct, proper, exact"
c4ec0ebf47,Diary,"Journal, record, log, chronicle, memoir, account,"
eb09612a37,Cracker,matches
eb09612a37,Something,anything
eb09612a37,Shove,played with coins
eb09612a37,TRUE,reality
eb09612a37,Diary,back memories
64fbf86e46,Cracker,"cracker, snapper, firecracker,a programmer who cracks computers,a party favor consisting of a paper roll that pops when pulled at both ends"
64fbf86e46,Something,"a certain undetermined or unspecified thing,indicate an additional amount,a person or thing of some consequence,in some degree; to some extent; somewhat,to a high or extreme degree"
64fbf86e46,Shove,"to push,to push a boat from the shore,impel,to push hard or suddenly"
64fbf86e46,TRUE,"accurate, actual, appropriate,correct,exact, fitting,genuine,perfect,precise,proper,pure,trustworthy,sure enough,rightful"
64fbf86e46,Diary,"recounting of activities in writing,account,  agenda,appointment book, chronicle,a daily written record of (usually personal) experiences and observation,a register of daily events or transactions"
de4de943fb,Cracker,"a Firework that explode, a Person or thing that crack something,"
de4de943fb,Something,"unknown thing, an unspecified, Any other thing"
de4de943fb,Shove,"push roughly, carelessly, a strong push,express anger"
de4de943fb,TRUE,"Fact, Reality,Rightly, Real or Actual Situation, Accurate or Exact."
de4de943fb,Diary,"a book in which one keeps daily record,  a Book of events and Experiences, A book of appointment."
2a6566d746,Cracker,"a thin, crisp biscuit,a firecracker.
3.
Also called cracker bonbon. a small paper roll used as a party favor, that usually contains candy, trinkets, etc,Disparaging and Offensive ,wild; crazy."
2a6566d746,Something,"a certain undetermined or unspecified thing,an additional amount, as of cents or minutes, that is unknown, unspecified, or forgotten,a little; somewhat."
2a6566d746,Shove,"to move along by force from behind; push,to push roughly or rudely, Often Vulgar,to go away; depart."
2a6566d746,TRUE,"real; genuine; authentic,being or reflecting the essential or genuine character of something,sincere; not deceitful,being in accordance with the actual state or conditions; conforming to reality or fact; not false."
2a6566d746,Diary,"a daily record, usually private, especially of the writer's own experiences, observations, feelings, attitudes, etc,a book for keeping such a record,a book or pad containing pages marked and arranged in calendar order, in which to note appointments and the like."
0da623e05b,Cracker,"1.
a thin, crisp biscuit.
2.
a firecracker.
3.
Also called cracker bonbon. a small paper roll used as a party favor, that usually contains candy, trinkets, etc., and that pops when pulled sharply at one or both ends.
4.
( initial capital letter ) Sometimes Disparaging and Offensive . a native or inhabitant of Georgia (used as a nickname).
5.
Slang: Disparaging and Offensive . a poor white person living in some rural parts of the southeastern U.S."
0da623e05b,Something,"1.
some thing; a certain undetermined or unspecified thing: Something is wrong there. Something's happening.
2.
an additional amount, as of cents or minutes, that is unknown, unspecified, or forgotten: He charged me ten something for the hat. Our train gets in at two something."
0da623e05b,Shove,"1.
to move along by force from behind; push.
2.
to push roughly or rudely; jostle.
3.
Slang: Often Vulgar . to go to hell with: Voters are telling Congress to shove its new tax plan."
0da623e05b,TRUE,"1.
being in accordance with the actual state or conditions; conforming to reality or fact; not false: a true story.
2.
real; genuine; authentic: true gold; true feelings.
3.
sincere; not deceitful: a true interest in someone's welfare.
4.
firm in allegiance; loyal; faithful; steadfast: a true friend.
5.
being or reflecting the essential or genuine character of something: the true meaning of his statement."
0da623e05b,Diary,"1.
a daily record, usually private, especially of the writer's own experiences, observations, feelings, attitudes, etc.
2.
a book for keeping such a record.
3.
a book or pad containing pages marked and arranged in calendar order, in which to note appointments and the like."
af2803583c,Cracker,"one that crack,especially"
af2803583c,Something,"anything unknown , undetermined, or not specifically designated"
af2803583c,Shove,to push rudely or roughly
af2803583c,TRUE,truth description
af2803583c,Diary,a book to note down appointments or some important work to do
7fda7da485,Cracker,It is chemical product. It produces colorful light with sound when ignited. it is mostly fired during festival time or when you want to express happiness
7fda7da485,Something,It is a word that denotes existence of some product or matter.
7fda7da485,Shove,to push something with extra force
7fda7da485,TRUE,It is what exactly happened. it is opposite of false
7fda7da485,Diary,a record of all events that happened in one's life. may be it's use differs for everyone. some may use it as an organizer too
7cf403bfc3,Cracker,"paper cylinder pulled apart,esp.at christmas,with a sharp noise and releasing a hat,joke,etc."
7cf403bfc3,Something,unspecified or unknown thing.
7cf403bfc3,Shove,push vigorously
7cf403bfc3,TRUE,in accordance with fact or reality
7cf403bfc3,Diary,daily record of events or thoughts
0611e09ef3,Cracker,"a thin crisp biscuit, a small exploding firework:fire crackers."
0611e09ef3,Something,"a thin not known or not stated:a thin of importance,there's something in what you say."
0611e09ef3,Shove,a push :to thrust.
0611e09ef3,TRUE,telling of something that really happened:not invented;ageeing with fact:not wrong:
0611e09ef3,Diary,"a shop supplieng milk, butter cheese etc."
5d21d0b3ae,Cracker,"a salty biscuit, baked, make out of flour"
5d21d0b3ae,Something,"anything, one of many"
5d21d0b3ae,Shove,"to push something into another thing, to stuff something, to push roughly"
5d21d0b3ae,TRUE,"correct, the right thing, opposite of false"
5d21d0b3ae,Diary,building to process cheese & milk products
fe5a703d9c,Cracker,"firework,biscuit"
fe5a703d9c,Something,"things not specified,"
fe5a703d9c,Shove,"push, push vigorously"
fe5a703d9c,TRUE,"real, fact"
fe5a703d9c,Diary,"book for writing events daily,book for noting engagements"
95e2618c28,Cracker,"A thin crisp wafer or biscuit, usually made of unsweetened dough,One that cracks, especially"
95e2618c28,Something,"An undetermined or unspecified thing, An unspecified or undetermined amount or extent"
95e2618c28,Shove,"To push forward or along,To push rudely or roughly"
95e2618c28,TRUE,"Real; genuine, Reliable; accurate, Faithful"
95e2618c28,Diary,"A daily record, especially a personal record of events, experiences, and observations; a journal."
a99eff3ef7,Cracker,a person or device that cracks
a99eff3ef7,Something,"a thing that is not definitely known, understood, or identified"
a99eff3ef7,Shove,"to push or thrust, as along a surface"
a99eff3ef7,TRUE,faithful
a99eff3ef7,Diary,"a daily written record of the writer's own experiences, thoughts, etc"
ffd05a2b19,Cracker,a crispt material that can be added to various soups or eaten with cheese or simply by itself
ffd05a2b19,Something,an object of some nature than can can be seen or felt
ffd05a2b19,Shove,to physically push an object or person in a different direction
ffd05a2b19,TRUE,what is real
ffd05a2b19,Diary,a journal kept by a man or woman relaying their thoughts and feelings
d2238a631b,Cracker,"One who, or that which, cracks."
d2238a631b,Something,"Anything unknown, undetermined, or not specifically designated; a certain indefinite thing; an indeterminate or unknown event; an unspecified task, work, or thing."
d2238a631b,Shove,"To drive along by the direct and continuous application of strength; to push; especially, to push (a body) so as to make it move along the surface of another body; as, to shove a boat on the water; to shove a table across the floor."
d2238a631b,TRUE,"Conformable to fact; in accordance with the actual state of things; correct; not false, erroneous, inaccurate, or the like; as, a true relation or narration; a true history; a declaration is true when it states the facts."
d2238a631b,Diary,"lasting for one day; as, a diary fever."
61776e43e9,Cracker,a thin crisp biscuit or a firecracker
61776e43e9,Something,an additional amount
61776e43e9,Shove,to move along by force
61776e43e9,TRUE,"real, genuine"
61776e43e9,Diary,"a daily record, usually private"
1b9c766662,Cracker,creates noise pollution
1b9c766662,Something,is better than nothing.
1b9c766662,Shove,beared
1b9c766662,TRUE,lies was great movie
1b9c766662,Diary,is used to write
d3551fb557,Cracker,"a thin, crisp biscuit.
2.
a firecracker.
3.
Also called cracker bonbon. a small paper roll used as a party favor, that usually contains candy, trinkets, etc., and that pops when pulled sharply at one or both ends.
4.
( initial capital letter ) Sometimes Disparaging and Offensive . a native or inhabitant of Georgia (used as a nickname).
5.
Slang: Disparaging and Offensive . a poor white person living in some rural parts of the southeastern U.S."
d3551fb557,Something,"some thing; a certain undetermined or unspecified thing: Something is wrong there. Something's happening.
2.
an additional amount, as of cents or minutes, that is unknown, unspecified, or forgotten: He charged me ten something for the hat. Our train gets in at two something."
d3551fb557,Shove,"to move along by force from behind; push.
2.
to push roughly or rudely; jostle.
3.
Slang: Often Vulgar . to go to hell with: Voters are telling Congress to shove its new tax plan.
verb (used without object)
4.
to push.

:01"
d3551fb557,TRUE,"in a true manner; truly;  truthfully.
21.
exactly or accurately.
22.
in conformity with the ancestral type: to breed true."
d3551fb557,Diary,"a daily record, usually private, especially of the writer's own experiences, observations, feelings, attitudes, etc.
2.
a book for keeping such a record.
3.
a book or pad containing pages marked and arranged in calendar order, in which to note appointments and the like."
cef0fec366,Guilt,feeling very bad about something. usually because one did something bad
cef0fec366,Me,"myself, another way of saying I"
cef0fec366,Moon,the celestial body in the sky that revolves around the earth
cef0fec366,Duty,"a job that one has to do, or an obligation that one feels they must do."
cef0fec366,Aluminum,"a metal when thinly pressed out,it can be made into a wrap of sorts that can cover dishes and cook."
e592776b4d,Guilt,"Guilt, guilt trip, guilty conscience, guilt feelings, guiltiness"
e592776b4d,Me,"i am, talken to me, taken by me, spoken to me, given to me"
e592776b4d,Moon,"moonshine, lunar month, synodic month, moonlight, lunation"
e592776b4d,Duty,"duty, obligation, debt instrument, responsibleness, responsibility, province, indebtedness, tarif"
e592776b4d,Aluminum,"metal, mettalic, aluminum fabrication, aluminum vessel, aluminium bronze  aluminium chloride  aluminium foil  aluminium  aluminium hydroxide  aluminium oxide"
ef6d5d95db,Guilt,"the feeling of responsibilty for an offense,"
ef6d5d95db,Me,"referring to the person who has said/wrote the word 'me',"
ef6d5d95db,Moon,"something in space that blocks light from the sun causing us to see it -thus it is not a light source-,"
ef6d5d95db,Duty,something you're supposed to do (normally referring to a service)
ef6d5d95db,Aluminum,"a type of metal- hard, not flexible, also commonly used as a foil,"
6d2481195c,Guilt,guilt (noun) The fact of having committed a specified or implied offence or crime
6d2481195c,Me,me (pronoun) Used by a speaker to refer to himself or herself as the object of a verb or preposition
6d2481195c,Moon,"moon (noun) The natural satellite of the earth, visible (chiefly at night) by reflected light from the sun"
6d2481195c,Duty,duty (noun) a moral or legal obligation; a responsibility: | | a task or action that one is required to perform
6d2481195c,Aluminum,"aluminium (noun) The chemical element of atomic number 13, a light silvery-grey metal."
cf8ffe2059,Guilt,"shamed, shamefaced"
cf8ffe2059,Me,"myself,I"
cf8ffe2059,Moon,"sky, bright"
cf8ffe2059,Duty,"perfect, task"
cf8ffe2059,Aluminum,"metal, vessel"
86dc19ebbd,Guilt,"fault, responsible, blame"
86dc19ebbd,Me,"myself, I"
86dc19ebbd,Moon,"Earth's satellite, moonlight"
86dc19ebbd,Duty,"task, function, responsibility, blame"
86dc19ebbd,Aluminum,"Al, metal used for making sheets, vessels etc, silver in color"
1f7a27a853,Guilt,"Miserable feeling when you know you are wrong, conviction for wrongdoing, responsibility for criminal action, emotional response to causing discomfort or pain to others, self punishment, shame"
1f7a27a853,Me,"My individual state, being, id, ego, person, a human being, body and soul, personality, character, myself, I, one, self awareness"
1f7a27a853,Moon,"Heavenly body, rock, natural satellite of Earth or another planet, lifeless, sterile rock orbiting the Earth, destination of Apollo missions, has no atmosphere"
1f7a27a853,Duty,"Task, obligation, period of time when one is required to perform certain jobs, responsibility, something you are instructed to do, military action, type of employment"
1f7a27a853,Aluminum,"Metal, abundant natural material, used to manufacture cans for storing goods, practical material, multiple uses in industry, foil for catering, heat retaining, 
reflective, shiny, packaging"
af2803583c,Guilt,Guilt is the obligation of a person who has violated a moral standard to bear the sanctions imposed by that moral standard
af2803583c,Me,"The person speaking, regarded as an object"
af2803583c,Moon,"The Moon is Earth's only known natural satellite, and the fifth largest satellite in the Solar System."
af2803583c,Duty,"An act or a course of action that is required of one by position, social custom, law, or religion"
af2803583c,Aluminum,"A silvery-white, ductile metallic element, the most abundant in the earth's crust but found only in combination, chiefly."
c284e4a997,Guilt,"A feeling,a shame,unable to face others."
c284e4a997,Me,"myself,being in own physical body,a feeling,a truth."
c284e4a997,Moon,"A pleasing one,symbol of love,means night,a sattelite."
c284e4a997,Duty,"A reason to live,and act,responsibility,inner feeling"
c284e4a997,Aluminum,"A wrong word,unable to understand,not found any where."
d0f1e4030a,Guilt,mistake
d0f1e4030a,Me,handsome
d0f1e4030a,Moon,night
d0f1e4030a,Duty,perfect
d0f1e4030a,Aluminum,metal
c4ec0ebf47,Guilt,"Fault, responsibility, blame, culpability, guiltiness"
c4ec0ebf47,Me,"self, I, myself, I am"
c4ec0ebf47,Moon,"planet, bright object, space object"
c4ec0ebf47,Duty,"Responsibility, obligation, sense of duty, what you have to do"
c4ec0ebf47,Aluminum,"metal, material, thing, item"
58348c44b2,Guilt,"shame, feelings of being responsible, someone who committed a crime"
58348c44b2,Me,"who i am, what i do, where i work"
58348c44b2,Moon,"shines at night, usa flag on it, full/quarter/half,  way up high in the sky"
58348c44b2,Duty,"job, responsibility, what we have to do,"
58348c44b2,Aluminum,"foil, used for bbq, silver"
43135d06e2,Guilt,"COMMISSION OF AN OFFENSE, EMOTIONAL EXPERIENCE, OBLIGATION OF PERSON VIOLATED MORAL OFFENSE"
43135d06e2,Me,"object form of I, mine, represent myself"
43135d06e2,Moon,"earth's natural satellite, brightest object."
43135d06e2,Duty,"obligation to serve, sacrifice of immediate  self interest"
43135d06e2,Aluminum,"metal, alloy, silvery white member of boron group, abundant metal in earth's crust"
cc0fd23c05,Guilt,"Guilt:-culpability, blame, error, fault, lapse, slip, crime, sin, offense, answerability, liability"
cc0fd23c05,Me,"Me:-he, her, him, I, moi, she"
cc0fd23c05,Moon,"Moon:-satellite, celestial body, heavenly body, planet, secondary planet, planetoid, crescent, new moon, halfmoon, full moon, old moon, orb of night"
cc0fd23c05,Duty,"Duty:-obligation, conscience, liability, charge, responsibility, accountability, faithfulness, pledge, commitment, burden, good faith,"
cc0fd23c05,Aluminum,"Aluminum:-thulium, carbon, germanium, fluorine, neptunium, thallium, strontium, yttrium, magnesium, erbium, praseodymium, molybdenum, antimony, samarium, plutonium, cesium, lutetium ."
64fbf86e46,Guilt,"The fact of being responsible for the commission of an offense,Responsibility for a mistake or error,Remorseful awareness of having done something wrong,"
64fbf86e46,Me,"refers to the speaker or writer,Used as the object of a preposition,Used as the indirect object of a verb,Used as the direct object of a verb,"
64fbf86e46,Moon,"The natural satellite of Earth,visible by reflection of sunlight and having a slightly elliptical orbit,its average period of revolution around Earth 29 days 12 hours 44 minutes calculated with respect to the sun ,mean diameter is 3,475 kilometers ,its mass approximately one eightieth that of Earth,Something unreasonable or unattainable"
64fbf86e46,Duty,"An act or a course of action that is required of one by position, social custom, law, or religion,Moral obligation,The compulsion felt to meet such obligation,A service, function, or task assigned to one,Function or work; service,A tax charged by a government, especially on imports,A measure of efficiency expressed as the amount of work done per unit of energy used,The total volume of water required to irrigate a given area in order to cultivate a specific crop until harvest,The work performed by a machine under specified conditions"
64fbf86e46,Aluminum,"a light malleable ductile silvery-white metallic element,resist corrosion, the third most abundant element in the earth's crust,occurring only as a compound, principally in bauxite,It is used, esp in the form of its alloys, in aircraft parts, kitchen utensils, etc."
d6fbaf0859,Guilt,"feeeling of doubt, unsure, anxiety"
d6fbaf0859,Me,one self. yourself
d6fbaf0859,Moon,"luminous light in the evening,"
d6fbaf0859,Duty,"responsibility, shift, obligation"
d6fbaf0859,Aluminum,"with alum, roof. silvery white material"
2b15616b23,Guilt,means feeling responsible the mistake
2b15616b23,Me,iam
2b15616b23,Moon,earth's natural satellite
2b15616b23,Duty,means work
2b15616b23,Aluminum,a kind of metallic element
6b2ac0ef88,Guilt,Remorseful awareness of having done something wrong.
6b2ac0ef88,Me,myself
6b2ac0ef88,Moon,natural satellite of Earth
6b2ac0ef88,Duty,work
6b2ac0ef88,Aluminum,a metal
a878e75949,Guilt,"shame, feel bad, sin, did wrong"
a878e75949,Me,"myself, I, oneself, person"
a878e75949,Moon,"luna, star, crescent, galaxy, space, night"
a878e75949,Duty,"job, responsibility, work, accountability"
a878e75949,Aluminum,"metal, tin, can, siding"
cdf81c2126,Guilt,conduct involving the commission of such crimes
cdf81c2126,Me,the objective case of I
cdf81c2126,Moon,any planetary satellite
cdf81c2126,Duty,something that one is expected or required to do by moral or legal obligation
cdf81c2126,Aluminum,a light malleable ductile silvery-white metallic element
0ff6f25e1c,Guilt,culpability
0ff6f25e1c,Me,it is myself
0ff6f25e1c,Moon,in the sky during evening time
0ff6f25e1c,Duty,is our worship
0ff6f25e1c,Aluminum,it is a metal
92ea18c297,Guilt,obligation of a person
92ea18c297,Me,myself
92ea18c297,Moon,natural satellite
92ea18c297,Duty,moral accountability
92ea18c297,Aluminum,a bluish silver-white metallic element
a99eff3ef7,Guilt,the state of having done a wrong or committed an offense
a99eff3ef7,Me,i am
a99eff3ef7,Moon,Moon refers to the only natural satellite of the Earth
a99eff3ef7,Duty,"the obedience or respect that one should show toward one's parents, older people, etc"
a99eff3ef7,Aluminum,"a silvery, lightweight, easily worked, metallic chemical element that resists corrosion and is found abundantly, but only in combination"
eb09612a37,Guilt,culpability
eb09612a37,Me,I
eb09612a37,Moon,natural satilight of earth
eb09612a37,Duty,work
eb09612a37,Aluminum,malleable element
7cf403bfc3,Guilt,fact of having committed a specified or implied offence
7cf403bfc3,Me,mus.third note of a major scale
7cf403bfc3,Moon,"a natural satellite of the earth,orbiting it monthly,illuminated by the sun and reflecting some light to the earth"
7cf403bfc3,Duty,"a moral or legal obligation,responsibility"
7cf403bfc3,Aluminum,silvery light and malleable metallic element by air
7272f16288,Guilt,"feeling bad about something you did, the opposite of innocence, to appeal to someone's conscience to get them to do something"
7272f16288,Me,"a person, a woman, who I see when I look in the mirror, self"
7272f16288,Moon,"orbits a planet, causes tides, round, dusty, smaller than a planet, larger than an asteroid, has low gravity"
7272f16288,Duty,"what someone is supposed to do, a task, an assignment, obligation"
7272f16288,Aluminum,"a metal, light, not dense, used for soda cans, used for airplanes, recently discovered, oxidizes easily"
1c6ee77d92,Guilt,"blameworthiness,contrition,crime, criminality, culpability, delinquency, dereliction,disgrace, dishonor,error,failing,fault,indiscretion, infamy,iniquity,lapse,liability, malefaction,malfeasance, malpractice, misbehavior, misconduct,"
1c6ee77d92,Me,"a few times, every now and then, from time to time, hardly, hardly ever, in a few cases, inhabitually, irregularly, little, not often, not very often, occasionally, on and off, once in a blue moon, once in a while, rarely, scarcely, scarcely ever, semioccasio"
1c6ee77d92,Moon,"celestial body, crescent, full moon, half-moon, heavenly body, new moon, old moon, orb of night, pumpkin, quarter-moon, satellite"
1c6ee77d92,Duty,"burden,business,calling,charge,chore,commission,commitment, committal,contract,  dues,engagement,function,hook,job,load, millstone, minding the store,mission,must,need,obligation,occupation,office,onus, ought, pains,part,province,role,service,"
1c6ee77d92,Aluminum,"aluminum, bottle, bucket, canister, gunboat, gutbucket, jar, package, pop top, receptacle, tin, vessel"
2a6566d746,Guilt,"the fact or state of having committed an offense, crime, violation, or wrong, especially against moral or penal law; culpability,a feeling of responsibility or remorse for some offense, crime, wrong, etc., whether real or imagined,conduct involving the commission of such crimes, wrongs."
2a6566d746,Me,"the objective case of I,of or involving an obsessive interest in one's own satisfaction."
2a6566d746,Moon,"the earth's natural satellite,a lunar month, or, in general, a month,something shaped like an orb or a crescent,to gaze dreamily or sentimentally at something or someone."
2a6566d746,Duty,"something that one is expected or required to do by moral or legal obligation,an action or task required by a person's position or occupation; function,the binding or obligatory force of something that is morally or legally right; moral or legal obligation,the respectful and obedient conduct due a parent, superior, elder, etc,an act or expression of respect."
2a6566d746,Aluminum,"a light malleable ductile silvery-white metallic element that resists corrosion, the third most abundant element in the earth's crust (8.1 per cent), occurring only as a compound, principally in bauxite. It is used, esp in the form of its alloys, in aircraft parts, kitchen utensils, etc."
fe6c3218eb,Guilt,a sense of your conscience. feeling shame for something you have done.
fe6c3218eb,Me,a work you use when speaking about yourself.
fe6c3218eb,Moon,A planet which rotates around the earth every month. It reflects light from the sun and  controls the tides.
fe6c3218eb,Duty,a task that is required to be done
fe6c3218eb,Aluminum,"a very light metal, used in the making of drink cans"
1b9c766662,Guilt,hits conscious.
1b9c766662,Me,comes after I
1b9c766662,Moon,shines bright.
1b9c766662,Duty,must be followed.
1b9c766662,Aluminum,is great metal.
7716859c62,Guilt,"fault , blame , guiltiness, remorse, shame, blame, culpability."
7716859c62,Me,"I,myself, self,"
7716859c62,Moon,light
7716859c62,Duty,"job, responsibility, obiligation, job, task , function, work, sense of duty , what you have to do."
7716859c62,Aluminum,"metallic element,"
932ad1fc41,Guilt,"feeling,living,false,life."
932ad1fc41,Me,"doing,love,mean."
932ad1fc41,Moon,"light,night,dark,full,half."
932ad1fc41,Duty,"office,school,highcourt,police."
932ad1fc41,Aluminum,"sheet,wire,vessel,door."
f0e7eb5369,Guilt,mastake.
f0e7eb5369,Me,i
f0e7eb5369,Moon,satelite
f0e7eb5369,Duty,job
f0e7eb5369,Aluminum,one type of metal
d2238a631b,Guilt,"The criminality and consequent exposure to punishment resulting from willful disobedience of law, or from morally wrong action; the state of one who has broken a moral or political law; crime; criminality; offense against right."
d2238a631b,Me,"One. See Men, pron."
d2238a631b,Moon,"The celestial orb which revolves round the earth; the satellite of the earth; a secondary planet, whose light, borrowed from the sun, is reflected to the earth, and serves to dispel the darkness of night. The diameter of the moon is miles, its mean distance from the earth is miles, and its mass is one eightieth that of the earth. See Lunar month, under Month."
d2238a631b,Duty,That which is due; payment.
d2238a631b,Aluminum,a silvery ductile metallic element found primarily in bauxite
e87cf6cd3b,Guilt,"a feeling of responsibility or remorse for some offense, crime, wrong."
e87cf6cd3b,Me,"the objective case of I,  used as a direct or indirect object"
e87cf6cd3b,Moon,"the earth's natural satellite, orbiting the earth"
e87cf6cd3b,Duty,the binding or obligatory force of something that is morally or legally right; moral or legal obligation.
e87cf6cd3b,Aluminum,"a silver-white metallic element, light in weight."
0da623e05b,Guilt,"1.
the fact or state of having committed an offense, crime, violation, or wrong, especially against moral or penal law; culpability: He admitted his guilt.
2.
a feeling of responsibility or remorse for some offense, crime, wrong, etc., whether real or imagined.
3.
conduct involving the commission of such crimes, wrongs, etc.: to live a life of guilt."
0da623e05b,Me,"1.
the objective case of I,  used as a direct or indirect object: They asked me to the party. Give me your hand.
2.
Informal . (used instead of the pronoun I  in the predicate after the verb to be ): It's me.
3.
Informal . (used instead of the pronoun my  before a gerund): Did you hear about me getting promoted?
adjective
4.
of or involving an obsessive interest in one's own satisfaction: the me decade."
0da623e05b,Moon,"1.
the earth's natural satellite, orbiting the earth at a mean distance of 238,857 miles (384,393 km) and having a diameter of 2160 miles (3476 km).
2.
this body during a particular lunar month, or during a certain period of time, or at a certain point of time, regarded as a distinct object or entity. Compare full moon, half-moon, new moon, waning moon, waxing moon.
3.
a lunar month, or, in general, a month.
4.
any planetary satellite: the moons of Jupiter.
5.
something shaped like an orb or a crescent."
0da623e05b,Duty,"1.
something that one is expected or required to do by moral or legal obligation.
2.
the binding or obligatory force of something that is morally or legally right; moral or legal obligation.
3.
an action or task required by a person's position or occupation; function: the duties of a clergyman.
4.
the respectful and obedient conduct due a parent, superior, elder, etc.
5.
an act or expression of respect."
0da623e05b,Aluminum,"1.
Chemistry . a silver-white metallic element, light in weight, ductile, malleable, and not readily corroded or tarnished, occurring combined in nature in igneous rock, shale, clay, and most soil: used in alloys and for lightweight utensils, castings, airplane parts, etc. Abbreviation:  alum.; Symbol:  Al; atomic weight:  26.98; atomic number:  13; specific gravity:  2.70 at 20°C."
3682090ac3,Guilt,When you know you have done something wrong
3682090ac3,Me,"a name i call myself
How to refer to yourself"
3682090ac3,Moon,A large rock in outer space which reflect the light from the sun
3682090ac3,Duty,"What we, as people, as expected to due"
3682090ac3,Aluminum,"A cheap, thin metal"
2622f61522,Guilt,"guilt feelings, guilt trip, guilty conscience, guiltiness"
2622f61522,Me,"maine, pine tree state"
2622f61522,Moon,"moonlight, moonshine, lunar month, lunation, synodic month, moon around, moon on, daydream"
2622f61522,Duty,"obligation, responsibility, tariff"
2622f61522,Aluminum,"al, aluminium,"
0611e09ef3,Guilt,a sence of shame..the state of having done wrong.
0611e09ef3,Me,"used as the object of a verb or preposition and sometimes instead of I,the word used by a speaker or writer when reffering to himself."
0611e09ef3,Moon,the heavenly body that moves once round the earth in a month and reflects light from the sun:
0611e09ef3,Duty,what one ought morally or legally to do.
0611e09ef3,Aluminum,"an element, a light ,silver-coloured metal used in making.saucepans etc."
5a97554418,Guilt,"Remorse for having hurt someone else or being dishonest the emotion of regret. The blame for a misdeed, opposite if innocence"
5a97554418,Me,"Myself, I, personally"
5a97554418,Moon,"The brightest light of the night sky, either round or crescent shaped, a lunar month"
5a97554418,Duty,"Responsibilty, obligation, some action or task that is expected of you by either yourself of others"
5a97554418,Aluminum,"A light metal, often coated and used to store food products, not easily rusted or tarnished, often used in alloys, can be made to be very bendable and easily shaped"
85e1f85b71,Guilt,"terrible feeling, conscience, will make you sad or depressed"
85e1f85b71,Me,"myself, the person i am, beautiful, sweet"
85e1f85b71,Moon,"silver, full is so romantic, make a wish"
85e1f85b71,Duty,"responsibility, need to fulfill, must honor"
85e1f85b71,Aluminum,"metal, light, strong, airplanes"
02a51e9d36,Guilt,is a sense of sadness for doing something wrong
02a51e9d36,Me,points to myself
02a51e9d36,Moon,can be seen only in the night
02a51e9d36,Duty,is ones responsibility
02a51e9d36,Aluminum,is a metal
ab266a6b3c,Guilt,"a feeling which is bad, impurity, a sense of comitting some sin, responsible of wrong doind"
ab266a6b3c,Me,"a person himself, is used to describe oneself, a slang word"
ab266a6b3c,Moon,"satellite of the earth, a planet, is beautiful, comes out at night, light is charming"
ab266a6b3c,Duty,"a task,kind of work,a sense of responsibility, mandatory assignment,"
ab266a6b3c,Aluminum,"a metal, silvery in colour, light in weight, does not corrode"
e559621c55,Guilt,"regret of actions, feel bad, is sorry"
e559621c55,Me,"myself, person in mirror, my soul, the ""i"""
e559621c55,Moon,"orbital object, has craters, reflects sunlight, waxes and wanes."
e559621c55,Duty,"job, task, responsibility"
e559621c55,Aluminum,"tin foil, is reflective, is shiny, is silver."
ce58ffe106,Guilt,"blame, contrition, crime, culpability, disgrace, error, fault, infamy, lapse, malefaction, malpractice, regret, responsibility, self-reproach, sin, slip, stigma, transgression, wrong, moral conditions, culpability, misconduct, offense, felony, enormity, break, to blame, lapse, failure"
ce58ffe106,Me,"the objective case of, informal used instead of the pronoun I in the predicate after the verb to be  It's me, of or involving an obsessive interest in one's own satisfaction the me decade"
ce58ffe106,Moon,"earth's satellite, half-moon, celestial body, full moon, crescent, quarter-moon, orb of night, pumpkin, planetoid, heavenly body, old moon, new moon, amaze, daze, overwhelm, fantasy"
ce58ffe106,Duty,"moral obligation, allegiance, accountability, reverence, treachery, faithlessness, inconstancy, pledge, loyalty, integrity, good faith, devoir, conscience, call of duty, weight, trust, disregard, irresponsibility, office, occupation, need, function dues, committal, commission, charge, business"
ce58ffe106,Aluminum,"can, container, usually metallic, bottle, cannikin, bucket, canister, gunboat, pop top, gutbucket, jar, package, vessel, receptacle, tin,"
95e2618c28,Guilt,"Responsible for a reprehensible act,Found to have violated a criminal law by a jury or judge"
95e2618c28,Me,Used as the direct object of a verb
95e2618c28,Moon,A natural satellite revolving around a planet.
95e2618c28,Duty,"An act or a course of action that is required of one by position, social custom, law, or religion"
95e2618c28,Aluminum,"a light malleable ductile silvery-white metallic element that resists corrosion; the third most abundant element in the earth's crust (8.1 per cent), occurring only as a compound, principally in bauxite. It is used, esp in the form of its alloys, in aircraft parts"
dcf44e6284,Guilt,"1.
the fact or state of having committed an offense, crime, violation, or wrong, especially against moral or penal law; culpability: He admitted his guilt.
2.
a feeling of responsibility or remorse for some offense, crime, wrong, etc., whether real or imagined.
3.
conduct involving the commission of such crimes, wrongs, etc"
dcf44e6284,Me,"1.
the objective case of I,  used as a direct or indirect object: They asked me to the party. Give me your hand."
dcf44e6284,Moon,".
the earth's natural satellite, orbiting the earth at a mean distance of 238,857 miles (384,393 km) and having a diameter of 2160 miles (3476 km).
2.
this body during a particular lunar month, or during a certain period of time, or at a certain point of time, regarded as a distinct object or entity. Compare full moon, half-moon, new moon, waning moon, waxing moon.
3.
a lunar month, or, in general, a month.
4.
any planetary satellite: the moons of Jupiter.
5.
something shaped like an orb or a crescent."
dcf44e6284,Duty,"1.
something that one is expected or required to do by moral or legal obligation.
2.
the binding or obligatory force of something that is morally or legally right; moral or legal obligation.
3.
an action or task required by a person's position or occupation; function: the duties of a clergyman.
4.
the respectful and obedient conduct due a parent, superior, elder, etc.
5.
an act or expression of respect."
dcf44e6284,Aluminum,"1.
Chemistry . a silver-white metallic element, light in weight, ductile, malleable, and not readily corroded or tarnished, occurring combined in nature in igneous rock, shale, clay, and most soil: used in alloys and for lightweight utensils, castings, airplane parts, etc"
2486e8fbec,Guilt,"an emotion, a feeling"
2486e8fbec,Me,"not you, self"
2486e8fbec,Moon,"a planet, a sphere"
2486e8fbec,Duty,"work, job, profession"
2486e8fbec,Aluminum,"a metal, a material used for manufacturing various items"
5c443771e9,Guilt,"the fact or state of having committed an offense or crime, conduct involving the commission of such crimes,to cause to feel guilty"
5c443771e9,Me,"the objective case of I, the pronoun I, of or involving an obsessive interest in one's own satisfaction( the me decade.)"
5c443771e9,Moon,"the earth's natural satellite, a lunar month, something shaped like an orb or a crescent."
5c443771e9,Duty,"something that one is expected or required to do by moral, an action or task required by a person's position or occupation, a specific or ad valorem tax imposed by law on the import or export of goods, tax, the amount of water necessary to provide for the crop in a given area."
5c443771e9,Aluminum,"a silver-white metallic element, occurring combined in nature in igneous rock  shale  clay and most soil"
10d4f79779,Guilt,"The fact of being responsible for the commission of an offense, Responsibility for a mistake or error, Remorseful awareness of having done something wrong."
10d4f79779,Me,"referring to oneself, refers to the speaker or writer,"
10d4f79779,Moon,"The natural satellite of Earth, A natural satellite revolving around a planet, A month, especially a lunar month."
10d4f79779,Duty,"an act or expression of respect, something that one is expected or required to do by moral or legal obligation, an action or task required by a person's position or occupation"
10d4f79779,Aluminum,"a silvery ductile metallic element found primarily in bauxite, A silvery-white, ductile metallic element, the most abundant in the earth's crust but found only in combination, chiefly in bauxite. Having good conductive and thermal properties, it is used to form many hard, light, corrosion-resistant alloys"
019ceef7a3,Guilt,"is a feeling,kills you,makes you feel as if you have done it,makes people do foolish things,makes you accept your fault,can spoil a relationship."
019ceef7a3,Me,"is another word for I,it is the object for of I,"
019ceef7a3,Moon,"is a natural satellite,revolves around the earth,has craters,is responsible for the beautiful light at night,plays an important part in romance."
019ceef7a3,Duty,"it is something that one is supposed to do at any cost,it has to be done even if a person has no other choice"
019ceef7a3,Aluminum,"is a type of metal used in utensils,is very shiny,is mallaeable and ductile,is cheap metal."
5f6fadae3f,Guilt,"blame; bad conscience over responsibility ,flaw, blot, omission; failing,"
5f6fadae3f,Me,"mine, myself, I"
5f6fadae3f,Moon,"Earth' s satellite ,celestial body, crescent, full moon, half-moon"
5f6fadae3f,Duty,"responsibility, assignment, burden, business, calling, charge, chore, commission, commitment, committal,"
5f6fadae3f,Aluminum,"container, usually metallic, aluminum , bottle, bucket, canister, cannikin, gunboat, gutbucket, jar,"
b245d0513e,Guilt,"wrong doing, punishment, sins, feelings, remission"
b245d0513e,Me,"about self, first person, others' opinion about, self-acclaim"
b245d0513e,Moon,"round, pale, night-sky, peaceful, cool light"
b245d0513e,Duty,"supreme obligation, what we do, honorable actions"
b245d0513e,Aluminum,"metal, white, shining, light, utensils, railings, window frames, cookware"
faed1af4c3,Guilt,"feel sorry, remorse"
faed1af4c3,Me,"i, myself, oneself"
faed1af4c3,Moon,"round, rotates around the earth, has craters, reflects light, less gravity"
faed1af4c3,Duty,reponsibility
faed1af4c3,Aluminum,"metal, used to make vessels, used to make metal sheets, used to make foil"
fd1a1cbbc3,Guilt,"sin, crime, fault, misdeed, vice, criminality, guilt, offense, viciousness, delinquency, ill-doing, transgression, wickedness, depravity, immorality, ungodliness, wrong, evil, iniquity, unrighteousness, wrong-doing"
fd1a1cbbc3,Me,"Maine, Pine Tree State, ME"
fd1a1cbbc3,Moon,"moonshine, lunar month, synodic month, moonlight, lunation"
fd1a1cbbc3,Duty,"duty, obligation, debt instrument, responsibleness, responsibility, province, indebtedness, tariff, certificate of indebtedness"
fd1a1cbbc3,Aluminum,"aluminum, aluminium, atomic number 13"
d3551fb557,Guilt,"the fact or state of having committed an offense, crime, violation, or wrong, especially against moral or penal law; culpability: He admitted his guilt.
2.
a feeling of responsibility or remorse for some offense, crime, wrong, etc., whether real or imagined.
3.
conduct involving the commission of such crimes, wrongs, etc.: to live a life of guilt.
verb (used with object) Informal .
4.
to cause to feel guilty  (often followed by out  or into ): She totally guilted me out, dude. He guilted me into picking up the tab. See also guilt-trip."
d3551fb557,Me,"the objective case of I,  used as a direct or indirect object: They asked me to the party. Give me your hand.
2.
Informal . (used instead of the pronoun I  in the predicate after the verb to be ): It's me.
3.
Informal . (used instead of the pronoun my  before a gerund): Did you hear about me getting promoted?
adjective
4.
of or involving an obsessive interest in one's own satisfaction: the me decade."
d3551fb557,Moon,"the earth's natural satellite, orbiting the earth at a mean distance of 238,857 miles (384,393 km) and having a diameter of 2160 miles (3476 km).
2.
this body during a particular lunar month, or during a certain period of time, or at a certain point of time, regarded as a distinct object or entity. Compare full moon, half-moon, new moon, waning moon, waxing moon.
3.
a lunar month, or, in general, a month.
4.
any planetary satellite: the moons of Jupiter.
5.
something shaped like an orb or a crescent."
d3551fb557,Duty,"something that one is expected or required to do by moral or legal obligation.
2.
the binding or obligatory force of something that is morally or legally right; moral or legal obligation.
3.
an action or task required by a person's position or occupation; function: the duties of a clergyman.
4.
the respectful and obedient conduct due a parent, superior, elder, etc.
5.
an act or expression of respect."
d3551fb557,Aluminum,"Chemistry . a silver-white metallic element, light in weight, ductile, malleable, and not readily corroded or tarnished, occurring combined in nature in igneous rock, shale, clay, and most soil: used in alloys and for lightweight utensils, castings, airplane parts, etc. Abbreviation:  alum.; Symbol:  Al; atomic weight:  26.98; atomic number:  13; specific gravity:  2.70 at 20°C."
5d21d0b3ae,Guilt,"bad feeling, regret, feeling sorry for something in the past"
5d21d0b3ae,Me,"I, myself, the person that i am,"
5d21d0b3ae,Moon,"stellar object, rotating around earth, satellite,"
5d21d0b3ae,Duty,"obligation, held by honor,"
5d21d0b3ae,Aluminum,"metal, light, good heat conductor"
7a0b7cea54,Guilt,"Filling, Offense,  Emotional, Cognitive"
7a0b7cea54,Me,"Master of Engineering, Cray,  Computer science"
7a0b7cea54,Moon,"Natural satellite, Night Moon,  Solar eclipses."
7a0b7cea54,Duty,"On Duty,  Government Staff,  Soldier,"
7a0b7cea54,Aluminum,"Chemical elements. aluminium oxide, silvery gray metallic"
4792a552bb,Guilt,"Guilt is the state of being responsible for the commission of an offense.[1] It is also a cognitive or an emotional experience that occurs when a person realizes or believes—accurately or not—that he or she has violated a moral standard, and bears significant responsibility for that violation.[2] It is closely related to the concept of remorse."
4792a552bb,Me,"Me may refer to:
The object form of I (pronoun)

In arts and entertainment

Music
ME (hip hop duo), a hip hop duet composed of Continental T and E-leven
""Me"" (song), a song by Tamia
""Me"" (Paula Cole song)
Me (Buck Brothers album)
Me (Fiona Sit album)
Me (Super Junior-M album)
""M.E."", a song by Gary Numan on the album The Pleasure Principle
""Me"", a song by Axium on the album Matter of Time
""Me"", a song by Dev on the album The Night the Sun Came Up
Other
ME (TV channel), an Italian shopping and movie TV channel
Lyn Me, a Star Wars character
Mass Effect, a video game developed by BioWare
Mirror's Edge, a video game developed by EA Digital Illusions CE
Mix/Effects, a section of a vision mixer
Science and computing

Me (computer science), a keyword in some programming languages
.me, the top-level Internet domain for Montenegro
Windows Me, a computer operating system
Malic enzyme
Master electrician
Master of Engineering, an academic or professional degree
Materials engineering
Mechanical engineering
Medical examiner, a forensic occupation
Methyl group, a hydrocarbon group of atoms
Mid Exponential growth phase in microbiological growth cultures
Myalgic encephalomyelitis, a medical condition also known as Chronic Fatigue Syndrome
me, an abbreviation for electron mass
Geography

ME postcode area, a United Kingdom group of postal districts
Montenegro, a European country, ME in ISO 3166-1 alpha-2 country code
Maine, one of the United States, ME in U.S. postal abbreviation
Transport

Messerschmitt, a German aircraft manufacturer
Middle East Airlines, ME in IATA code
Morristown and Erie Railway, a railroad with the reporting mark ME
Other uses

Me (kana), a letter in Japanese script
Me (mythology), a Sumerian cultural belief
Methodist Episcopal Church
Middle English, a historic phase of the English language
Me: Stories of My Life, a book by Katharine Hepburn
Maritime Enforcement Specialist, a U.S. Coast Guard rating"
4792a552bb,Moon,"The Moon is Earth's only known natural satellite,[nb 4][6] and the fifth largest satellite in the Solar System. It is the largest natural satellite of a planet in the Solar System relative to the size of its primary, having a quarter the diameter of Earth and 1⁄81 its mass.[nb 5] The Moon is the second densest satellite after Io, a satellite of Jupiter. It is in synchronous rotation with Earth, always showing the same face; the near side is marked with dark volcanic maria among the bright ancient crustal highlands and prominent impact craters. It is the brightest object in the sky after the Sun, although its surface is actually very dark, with a similar reflectance to coal. Its prominence in the sky and its regular cycle of phases have since ancient times made the Moon an important cultural influence on language, calendars, art and mythology. The Moon's gravitational influence produces the ocean tides and the minute lengthening of the day. The Moon's current orbital distance, about thirty times the diameter of the Earth, causes it to appear almost the same size in the sky as the Sun, allowing it to cover the Sun nearly precisely in total solar eclipses.
The Moon is the only celestial body on which humans have landed. While the Soviet Union's Luna programme was the first to reach the Moon with unmanned spacecraft in 1959, the United States' NASA Apollo program achieved the only manned missions to date, beginning with the first manned lunar orbiting mission by Apollo 8 in 1968, and six manned lunar landings between 1969 and 1972—the first being Apollo 11. These missions returned over 380 kg of lunar rocks, which have been used to develop a detailed geological understanding of the Moon's origins (it is thought to have formed some 4.5 billion years ago in a giant impact event involving Earth), the formation of its internal structure, and its subsequent history.
After the Apollo 17 mission in 1972, the Moon has been visited only by unmanned spacecraft, notably by the final Soviet Lunokhod rover. Since 2004, Japan, China, India, the United States, and the European Space Agency have each sent lunar orbiters. These spacecraft have contributed to confirming the discovery of lunar water ice in permanently shadowed craters at the poles and bound into the lunar regolith. Future manned missions to the Moon have been planned, including government as well as privately funded efforts. The Moon remains, under the Outer Space Treaty, free to all nations to explore for peaceful purposes."
4792a552bb,Duty,"Duty (from ""due"" meaning ""that which is owing""; Old French: deu, did, past participle of devoir; Latin: debere, debitum, whence ""debt"") is a term that conveys a sense of moral commitment to someone or something. The moral commitment is the sort that results in action[citation needed] and it is not a matter of passive feeling or mere recognition. When someone recognizes a duty, that person commits himself/herself to the cause involved without considering the self-interested courses of actions that may have been relevant previously. This is not to suggest that living a life of duty precludes one of the best sorts of lives but duty does involve some sacrifice of immediate self-interest.
Cicero is an early philosopher who acknowledged this possibility. He discusses duty in his work “On Duty."" He suggests that duties can come from four different sources:
a result of being human
It is a result of one's particular place in life (your family, your country, your job)
It is a result of one's character
One's own moral expectations for oneself can generate duties
From the root idea of obligation to serve or give something in return, involved in the conception of duty, have sprung various derivative uses of the word; thus it is used of the services performed by a minister of a church, by a soldier, or by any employee or servant.
Many schools of thought have debated the idea of duty. While many assert mankind's duty on their own terms, some philosophers have absolutely rejected a sense of duty."
4792a552bb,Aluminum,"Aluminium or aluminum is a silvery white member of the boron group of chemical elements. It has the symbol Al, and its atomic number is 13. It is not soluble in water under normal circumstances. Aluminium is the third most abundant element (after oxygen and silicon), and the most abundant metal, in the Earth's crust. It makes up about 8% by weight of the Earth's solid surface. Aluminium metal is too reactive chemically to occur natively. Instead, it is found combined in over 270 different minerals.[4] The chief ore of aluminium is bauxite.
Aluminium is remarkable for the metal's low density and for its ability to resist corrosion due to the phenomenon of passivation. Structural components made from aluminium and its alloys are vital to the aerospace industry and are important in other areas of transportation and structural materials. The most useful compounds of aluminium, at least on a weight basis, are the oxides and sulfates.
Despite its prevalence in the environment, aluminium salts are not known to be used by any form of life. In keeping with its pervasiveness, it is well tolerated by plants and animals.[5] Because of their prevalence, potential biological roles, beneficial and otherwise, aluminium compounds are of continuing interest."
6be52007c6,Guilt,"a. The fact of being responsible for the commission of an offense. See Synonyms at blame.
b. Law The fact of having been found to have violated a criminal law; legal culpability.
c. Responsibility for a mistake or error.
2.
a. Remorseful awareness of having done something wrong.
b. Self-reproach for supposed inadequacy or wrongdoing.
tr.v. guilt·ed, guilt·ing, guilts
To make or try to make (someone) feel guilty."
6be52007c6,Me,"also Me. Maine
2.
a. mechanical engineer
b. mechanical engineering
3. medical examiner
4. Middle English"
6be52007c6,Moon,"often Moon The natural satellite of Earth, visible by reflection of sunlight and having a slightly elliptical orbit, approximately 356,000 kilometers (221,600 miles) distant at perigee and 406,997 kilometers (252,950 miles) at apogee. Its mean diameter is 3,475 kilometers (2,160 miles), its mass approximately one eightieth that of Earth, and its average period of revolution around Earth 29 days 12 hours 44 minutes calculated with respect to the sun.
2. A natural satellite revolving around a planet.
3. The moon as it appears at a particular time in its cycle of phases: a gibbous moon.
4. A month, especially a lunar month.
5. A disk, globe, or crescent resembling the natural satellite of Earth.
6. Moonlight.
7. Something unreasonable or unattainable: They acted as if we were asking for the moon.
8. Slang The bared buttocks."
6be52007c6,Duty,"An act or a course of action that is required of one by position, social custom, law, or religion: Do your duty to your country.
2.
a. Moral obligation: acting out of duty.
b. The compulsion felt to meet such obligation.
3. A service, function, or task assigned to one, especially in the armed forces: hazardous duty.
4. Function or work; service: jury duty. See Synonyms at function.
5. A tax charged by a government, especially on imports.
6.
a. The work performed by a machine under specified conditions.
b. A measure of efficiency expressed as the amount of work done per unit of energy used.
7. The total volume of water required to irrigate a given area in order to cultivate a specific crop until harvest."
6be52007c6,Aluminum,"A silvery-white, ductile metallic element, the most abundant in the earth's crust but found only in combination, chiefly in bauxite. Having good conductive and thermal properties, it is used to form many hard, light, corrosion-resistant alloys. Atomic number 13; atomic weight 26.98; melting point 660.2°C; boiling point 2,467°C; specific gravity 2.69; valence 3. See Table at element."
d6fbaf0859,Close,"opposite of open, stick together,"
d6fbaf0859,Ocean,"body of water, big portion of the earth"
d6fbaf0859,Advice,"opinion, to give counsel"
d6fbaf0859,Doughnut,sweet baked pastry with coatings and fillings
d6fbaf0859,Paper,"composed of fiber, surface where we scribble notes,"
5c443771e9,Close,"shut, to stop or obstruct a gap, to block, to stop or obstruct the entrances, to bring to an end, to come together, to cease to offer the customary activities or services, to terminate the operation, to dispose of completely or liquidate, intimate or confidential, nearly even or equal contest"
5c443771e9,Ocean,"a vast expanse or quantity,"
5c443771e9,Advice,"an opinion offered as a guide to action, an opinion given to help sb make a decision, deliberate consideration,"
5c443771e9,Doughnut,"a small ring-shaped cake of sweetened dough fried in deep fat, a toroidal shape,"
5c443771e9,Paper,"a substance made from wood pulp, a sheet, a written or printed document or the like that, a newspaper or journal, a written piece of schoolwork, negotiable notes,  a promissory note, posters"
f0e7eb5369,Close,Close means near and close means To shut
f0e7eb5369,Ocean,means sea
f0e7eb5369,Advice,means suggestion
f0e7eb5369,Doughnut,means dought
f0e7eb5369,Paper,"means letter, piece of paper"
4792a552bb,Close,"Close may refer to:
Close (surname)
In music:
""Close"", a song by Rascal Flatts from Unstoppable
""Close"", a song by Soul Asylum from Candy from a Stranger
""Close"", a song by Westlife from Coast to Coast
""Close (to the Edit)"", a song by Art of Noise
Other:
""Close"" (noun pronounced to rhyme with adjectival form of ""close""), a British term for alley or cul-de-sac
""Close"", an ecclesiastical term for lawn next to a cathedral or convent
""Close"", a common stair or entryway in a Scottish tenement
close() – a low level IO function on file descriptor in C programming
Closing (real estate)
close, old English term for an estate, as in a close of land"
4792a552bb,Ocean,"An ocean (from Greek Ὠκεανὸς, ""okeanos"" Oceanus
) is a major body of saline water, and a principal component of the hydrosphere. Approximately 71% of the Earth's surface (~3.6×108 km2
) is covered by ocean, a continuous body of water that is customarily divided into several principal oceans and smaller seas.
More than half of this area is over 3,000 metres (9,800 ft) deep. Average oceanic salinity is around 35 parts per thousand (‰) (3.5%), and nearly all seawater has a salinity in the range of 30 to 38 ‰. Scientists estimate that 230,000 marine species are currently known, but the total could be up to 10 times that number."
4792a552bb,Advice,"Advice may refer to:
AdviSe (complexity), in complexity theory, a string with extra information used by Turing machine or other computing device
Advice (constitutional), in constitutional law, a frequently binding instruction issued to a constitutional office-holder
Advice (opinion), an opinion or recommendation offered as a guide to action, conduct.
Advice in aspect-oriented programming, a piece of code executed when a join point is reached
Pay advice, also known as pay slip
Legal advice, the giving of a formal and binding opinion regarding the substance or procedure of the law
Advice column, a regular feature on a website or in a newspaper or magazine
Advice, a single by Christina Grimmie"
4792a552bb,Doughnut,"A doughnut or donut ( /ˈdoʊnət/ or /ˈdoʊnʌt/) is a fried dough food and is popular in many countries and prepared in various forms as a sweet (or occasionally savory) snack that can be homemade or purchased in bakeries, supermarkets, food stalls, and franchised specialty outlets. They are usually sweet, deep-fried from a flour dough, and shaped in rings or flattened spheres that sometimes contain fillings. Other types of dough such as potato can also be used as well as other batters, and various toppings and flavorings are used for different types.
The two most common types are the toroidal ring doughnut and the filled doughnut, a flattened sphere injected with jam (or jelly), cream, custard, or other sweet fillings. A small spherical piece of dough may be cooked as a doughnut hole. Baked doughnuts are a variation cooked in an oven instead of being deep fried. Doughnut varieties are also divided into cake and risen type doughnuts.
Various doughnut incarnations are popular around the globe. Shapes include rings, balls, and flattened spheres, as well as ear shapes, twists and other forms. Not all doughnuts are sweet: in Southern India for instance, savory doughnuts called vadai are served."
4792a552bb,Paper,"Paper is a thin material mainly used for writing upon, printing upon, drawing or for packaging. It is produced by pressing together moist fibers, typically cellulose pulp derived from wood, rags or grasses, and drying them into flexible sheets.
Paper is a versatile material with many uses. Whilst the most common is for writing and printing upon, it is also widely used as a packaging material, in many cleaning products, in a number of industrial and construction processes, and even as a food ingredient – particularly in Asian cultures.
Paper, and the pulp papermaking process, was said to be developed in China during the early 2nd century AD by the Han court eunuch Cai Lun, although the earliest archaeological fragments of paper derive from the 2nd century BC in China."
bee7f2ab27,Close,"STOP UP, SHUT,  BLOCK, UNITE, END, HALT"
bee7f2ab27,Ocean,"BIG SEA, DEEP SEA"
bee7f2ab27,Advice,"RECOMMENDATION, COUNSEL, SUGGESTION, OPENION"
bee7f2ab27,Doughnut,SWEETENED COOKED MATERIAL
bee7f2ab27,Paper,"MATERIAL USED FOR WRITING, NEGOTIABLE DOCUMENT"
af2803583c,Close,"To stop, or fill up, as an opening"
af2803583c,Ocean,The whole body of salt water which covers more than three fifths of the surface of the globe
af2803583c,Advice,"An opinion recommended or offered, as worthy to be followed; counsel."
af2803583c,Doughnut,"A small ring-shaped cake made of rich, light dough that is fried in deep fat."
af2803583c,Paper,"A substance in the form of thin sheets or leaves intended to be written or printed on, or to be used in wrapping."
5d21d0b3ae,Close,"seal something, shut, opposite of open"
5d21d0b3ae,Ocean,"big pool of water, deep, has marine life forms"
5d21d0b3ae,Advice,"to suggest an idea, point at a course of action, offer help"
5d21d0b3ae,Doughnut,"circular, sweet, has a hole in the middle"
5d21d0b3ae,Paper,"made out of wood, multiple purpose, thin"
10d4f79779,Close,"Being near in space or time, Being near in relationship, Shut in; enclosed, Bound by mutual interests, loyalties, or affections; intimate."
10d4f79779,Ocean,"The whole body of salt water which covers more than three fifths of the surface of the globe; called also the sea, or great sea, a large body of water constituting a principal part of the hydrosphere"
10d4f79779,Advice,"an opinion or recommendation offered as a guide to action, conduct, etc, a communication, especially from a distance, containing information, an official notification, especially one pertaining to a business agreement"
10d4f79779,Doughnut,"A small ring-shaped cake made of rich, light dough that is fried in deep fat, Something whose form is reminiscent of a ring-shaped cake, a small cake of sweetened dough, often ring-shaped or spherical with a jam or cream filling, cooked in hot fat"
10d4f79779,Paper,"A single sheet of this material, A collection of letters, diaries, and other writings, especially by one person, A wrapper made of paper, often with its contents"
a99eff3ef7,Close,Close
a99eff3ef7,Ocean,the great body of salt water that covers approximately 71% of the surface of the earth
a99eff3ef7,Advice,Advice is a recommendation provided to serve as a guide to handle a situation
a99eff3ef7,Doughnut,"a small, usually ring-shaped cake of sweetened, leavened dough, fried in deep fat"
a99eff3ef7,Paper,"a thin, flexible material made usually in sheets from a pulp prepared from rags, wood, or other fibrous material, and used for writing or printing on, for packaging, as structural material, as a fabric substitute, etc"
0da623e05b,Close,"1.
to put (something) in a position to obstruct an entrance, opening, etc.; shut.
2.
to stop or obstruct (a gap, entrance, aperture, etc.): to close a hole in a wall with plaster.
3.
to block or hinder passage across or access to: to close a border to tourists; to close the woods to picnickers.
4.
to stop or obstruct the entrances, apertures, or gaps in: He closed the crate and tied it up.
5.
(of the mind) to make imperceptive or inaccessible: to close one's mind to the opposite opinion."
0da623e05b,Ocean,"1.
the vast body of salt water that covers almost three fourths of the earth's surface.
2.
any of the geographical divisions of this body, commonly given as the Atlantic, Pacific, Indian, Arctic, and Antarctic oceans.
3.
a vast expanse or quantity: an ocean of grass."
0da623e05b,Advice,"an opinion or recommendation offered as a guide to action, conduct, etc.: I shall act on your advice.
2.
a communication, especially from a distance, containing information: Advice from abroad informs us that the government has fallen. Recent diplomatic advices have been ominous.
3.
an official notification, especially one per"
0da623e05b,Doughnut,"a small cake of sweetened or, sometimes, unsweetened dough  fried in deep fat, typically shaped like a ring or, when prepared with a filling, a ball.
2.
anything shaped like a thick ring; an annular object; toroid."
0da623e05b,Paper,"1.
a substance made from wood pulp, rags, straw, or other fibrous material, usually in thin sheets, used to bear writing or printing, for wrapping things, etc.
2.
a piece, sheet, or leaf of this.
3.
something resembling this substance, as papyrus.
4.
a written or printed document or the like.
5.
stationery; writing paper."
02a51e9d36,Close,is the end of anything
02a51e9d36,Ocean,is a vast water body
02a51e9d36,Advice,is a result of experience to help others
02a51e9d36,Doughnut,is a sweet bun
02a51e9d36,Paper,is made up of bamboo
ab266a6b3c,Close,"is to come near,are friends to each other,"
ab266a6b3c,Ocean,"is full of water, pacific is big ocean, is mean of water transportation"
ab266a6b3c,Advice,"is always sought, elder to younger, is a good piece of guideline"
ab266a6b3c,Doughnut,"is tasty, is eaten, full of calories, good meal"
ab266a6b3c,Paper,"for writing, prepared through different ways,is very light and thin"
ffd05a2b19,Close,to shut something
ffd05a2b19,Ocean,an enormous body of water located throughout the world that can rise and fall to great levels
ffd05a2b19,Advice,a written or vebal form  of suggestions given from one person to another
ffd05a2b19,Doughnut,a circurlar pastry usually consumed at breakfast time with coffee juice or another beverage
ffd05a2b19,Paper,a substance made from trees that is used for writing or someimes printing on and is also used for receips
d0f1e4030a,Close,near
d0f1e4030a,Ocean,salt water
d0f1e4030a,Advice,guide
d0f1e4030a,Doughnut,lack of rain
d0f1e4030a,Paper,book
e592776b4d,Close,"closing curtain, finale, stopping point, finis, ending, conclusion, close, end, finish, last"
e592776b4d,Ocean,"nautical, marine, maritime, naval, oceanic"
e592776b4d,Advice,"advertizing, advertorial, advice and consent, advisability,advisable"
e592776b4d,Doughnut,"gloriole, hoop, ringing, aureole, closed chain, anchor ring, ring, pack, gang, skirt, donut"
e592776b4d,Paper,"composition, report, newspaper publisher, newspaper, theme"
2773fc01ba,Close,"narrow, location, heart, friends,relation, shut"
2773fc01ba,Ocean,"wide, maiden journey, flow, tides, waves"
2773fc01ba,Advice,"elder, guardian, good deed"
2773fc01ba,Doughnut,"round, delicious, sweet, circular"
2773fc01ba,Paper,"exam, research, memo, letter,"
1c6ee77d92,Close,"abutting, across the street, adjacent, adjoining, approaching, around the corner, at hand, contiguous, convenient, give or take a little, handy, hard by, immediate, imminent, impending, in spitting distance, in the ball park, near-at-hand, nearest, nearly, neighboring, next, nigh, proximate, under one's nose, warm"
1c6ee77d92,Ocean,"Davy Jones's locker, Seven Seas, blue, bounding main, brine, briny deep, briny, deep, drink, high seas, main, pond, puddle, salt water, sea, seaway, sink, tide"
1c6ee77d92,Advice,"admonition, advisement, advocacy, aid, bum steer, caution, charge, consultation, counsel, directions, dissuasion, encouragement, exhortation, forewarning, guidance, help, information, injunction, input, instruction, judgment, lesson, news, opinion, persuasion"
1c6ee77d92,Doughnut,"bun, cruller, danish, dunker, pastry, sinker, sweet roll"
1c6ee77d92,Paper,"cardboard, disposable, insubstantial, paper-thin, papery, wafer-thin"
86dc19ebbd,Close,"shut, lock, seal, slam"
86dc19ebbd,Ocean,"sea, deep, marine, oceanic"
86dc19ebbd,Advice,"recommendation, suggestion, guidance, opinion"
86dc19ebbd,Doughnut,"sweet, tasty snack"
86dc19ebbd,Paper,"document, manuscript, essay, article"
2a6566d746,Close,"to grapple; engage in close encounter,to put (something) in a position to obstruct an entrance, opening, etc.; shut,to stop or obstruct (a gap, entrance, aperture, etc.): to close a hole in a wall with plaster,to make imperceptive or inaccessible: to close one's mind to the opposite opinion."
2a6566d746,Ocean,"the vast body of salt water that covers almost three fourths of the earth's surface,a vast expanse or quantity,any of the geographical divisions of this body, commonly given as the Atlantic, Pacific, Indian, Arctic, and Antarctic oceans.	a very large stretch of sea."
2a6566d746,Advice,"a communication, especially from a distance, containing information,an official notification, especially one pertaining to a business agreement."
2a6566d746,Doughnut,"a small cake of sweetened or, sometimes, unsweetened dough  fried in deep fat, typically shaped like a ring or, when prepared with a filling, a ball,anything shaped like a thick ring; an annular object; toroid.."
2a6566d746,Paper,"a substance made from wood pulp, rags, straw, or other fibrous material, usually in thin sheets, used to bear writing or printing, for wrapping things, etc,a piece, sheet, or leaf of this.a written or printed document or the like."
e87cf6cd3b,Close,to stop or obstruct the entrances.
e87cf6cd3b,Ocean,the vast body of salt water that covers almost three fourths of the earth's surface.
e87cf6cd3b,Advice,"an opinion or recommendation offered as a guide to action, conduct."
e87cf6cd3b,Doughnut,"a small cake of sweetened or, sometimes, unsweetened dough  fried in deep fat, typically shaped like a ring or, when prepared with a filling, a ball."
e87cf6cd3b,Paper,"a substance made from wood pulp used to bear writing or printing, for wrapping things, etc."
1b9c766662,Close,is to shut something up
1b9c766662,Ocean,Oceans are very deep
1b9c766662,Advice,is usually good for life.
1b9c766662,Doughnut,are hard to be broken by weak teeth.
1b9c766662,Paper,is required to write something with oen
ce58ffe106,Close,"faraway, near, away, nearby, detached, abutting, beyond, at hand, across the street, approaching, adjacent, at hand, contiguous, handy, imminent, hard by, near-at-hand, impending, next, in spitting distance, nigh, under one's nose, proximate, nearest"
ce58ffe106,Ocean,"very large body of water, sea, salt water, blue, brine, bounding, main, sink, high seas, brine, puddle, pond, seven seas, vastly deep, maritime, oceanic, wave, tide, billows,"
ce58ffe106,Advice,"counsel, recommendation, suggestion, advocacy, exhortation, admonition, charge, counsel, monitor, teacher, reference, consultation, leech, advise, prescribe, confer, consult, take advice, admonitory, hortative, enforce,"
ce58ffe106,Doughnut,"baked product made with flour, pastry, cake, eclair, sweet roll, bun, sweet ring-shaped fried cake, danish, dunker"
ce58ffe106,Paper,"card, parchment, tissue, stationery, note pad, newsprint, material upon which one writes, report, study, treatise, essay, composition, analysis, critique, dissertation, thin, thick, wafter-thin, paper-thin, disposable, flimsy"
43135d06e2,Close,"shut, door, stop, door, window"
43135d06e2,Ocean,"Large sea, water, fishes, sea animals, water plants, waves"
43135d06e2,Advice,"ideas, formal opinion, guide, recommendation"
43135d06e2,Doughnut,"rings, balls, flattened spheres"
43135d06e2,Paper,"material used for writing, drawing, versatile material"
b245d0513e,Close,"shut, stop, no airflow, no more service"
b245d0513e,Ocean,"salt, water, winds, sultry breeze, beach sand, fishermen"
b245d0513e,Advice,"counseling, opinion, advocate, medical recommendation"
b245d0513e,Doughnut,"round, hole, fried, sweet"
b245d0513e,Paper,"books, envelopes, writing, art, decorative, colors"
f2f2db3a46,Close,"Close refers to how near or far something is, and can address many different facets like physical proximity, emotional attachment.  It can also addressed whether something is the opposite of open."
f2f2db3a46,Ocean,"Wet, water, blue, salty, waves, has surfers, sand.  Contains underwater cycles that change our weather patterns"
f2f2db3a46,Advice,Something that someone gives to someone else to alter or affect their current behavioral trajectory.  Most of often meant in a good way.
f2f2db3a46,Doughnut,"Round sweet, made of dough.  Known to be eaten by police officers,often covered with sugar.  Branches out into different types of pastry including cream filled with no hole, or tiny dough bites."
f2f2db3a46,Paper,"Something that you write on, made out of wood pulp.  Very important in school.  A vassal for communication.  White or colored, goes in a printer."
cc0fd23c05,Close,"Close:-1.Near,Intimate ,compact,Stingy ,sticky, stuffy"
cc0fd23c05,Ocean,"Ocean:- Sea, The Deep , The Depths, The Briny, The Drink,"
cc0fd23c05,Advice,"Advice:-Counsel, Guidance, Recommendation, Suggestion, Opinion, View, Warning, Admonition, Information, News, Intelligence, Notice"
cc0fd23c05,Doughnut,"Doughnut:- fried cake, cruller, raised doughnut, jelly doughnut, powdered doughnut, chocolate doughnut, dunk , pastry."
cc0fd23c05,Paper,"Paper:-Article, Composition, Essay, Assignment, Report, Study, Tract, Analysis, Critique, Exegesis, Treatise, Dissertation"
6d2481195c,Close,close (adjective) only a short distance away or apart in space or time
6d2481195c,Ocean,"ocean (noun) a very large expanse of sea, in particular, each of the main areas into which the sea is divided"
6d2481195c,Advice,advice (noun) Guidance or recommendations offered with regard to prudent action
6d2481195c,Doughnut,"doughnut (noun) a small fried cake of sweetened dough, typically in the shape of a ball or ring."
6d2481195c,Paper,"paper (noun) Material manufactured in thin sheets from the pulp of wood or other fibrous substances, used for writing,"
186db71701,Close,"Close means to seal up, shut off or make something not be open anymore,An example of close is to shut the lid on a laptop.,Close means near or almost.,An example of close is a house that is only one street away from the community pool.   1.

      Near

      neighboring, nearby, adjacent, around the corner; see approaching, imminent, near 1.
   2.

      Intimate

      familiar, dear, close-knit, confidential; see friendly 1, intimate 1, private.
   3.

      Compact

      dense, solid, compressed; see thick 1.
   4.

      Stingy

      narrow, parsimonious, niggardly; see stingy.
   5.

      Stifling

      sticky, stuffy, unventilated, heavy, motionless, fusty, uncomfortable, choky, stale-smelling, musty, stagnant, moldy, confined, suffocating, sultry, sweltering, sweltry, tight, stale, oppressive, breathless.

      Antonyms fresh*, refreshing, brisk.
   6.

      Confining

      confined, cramped, restricted; see confining, narrow 1.
   7.

      Similar

      resembling, having common qualities, much the same; see alike 2, like. See syn. study at familiar, stingy, thick."
186db71701,Ocean,"the great body of salt water that covers approximately 71% of the surface of the earth,any of its four principal geographical divisions: the Atlantic, Pacific, Indian, or Arctic Ocean,any great expanse or quantity,sea, great sea, high seas, salt water, seashore, seaside, beach, shores, Oceanus, Neptune, the mighty deep, the main, the great waters, the Seven Seas, mare, big pond*, puddle*, briny deep*, Davy Jones' locker*, the cradle of the deep*; see also sea."
186db71701,Advice,"Advice is a recommendation provided to serve as a guide to handle a situation.,An example of advice is the suggestion to avoid dating a guy with a bad reputation,guidance, counsel, recommendation, instruction(s), consultation, suggestion(s), preaching, information, admonition, exhortation, forewarning, warning, caution, a word to the wise, injunction, charge, lesson, directions, advocacy, opinion, recommendation regarding a course of action, advisement, encouragement, persuasion, dissuasion, prescription, urging, proposition, proposal, view, help, aid, judgment, word, input, pointer*, tip*."
186db71701,Doughnut,"a small, usually ring-shaped cake of sweetened, leavened dough, fried in deep fat, fried cake, cruller, raised doughnut, jelly doughnut, powdered doughnut, chocolate doughnut, etc; Bismarck, sinker*, drunker*, gasket*; see also cake 2, pastry."
186db71701,Paper,"a thin, flexible material made usually in sheets from a pulp prepared from rags, wood, or other fibrous material, and used for writing or printing on, for packaging, as structural material, as a fabric substitute,A piece of legal or official writing,#

Papers, sense 1, include: abstract, affidavit, warranty, bill, certificate, citation, contract, instrument, credentials, data, deed, diploma, indictment, grant, orders, passport, visa, plea, records, safe-conduct, subpoena, summons, testimony, writ, decree, true bill, voucher, warrant, will.
#

A newspaper

journal, daily, daily journal; see newspaper.
#

A piece of writing

essay, article, theme; see exposition 2, writing 2.
#

Means of commercial exchange

paper money, bills, bank notes; see money 1."
dcf44e6284,Close,"1.
to put (something) in a position to obstruct an entrance, opening, etc.; shut.
2.
to stop or obstruct (a gap, entrance, aperture, etc.): to close a hole in a wall with plaster.
3.
to block or hinder passage across or access to: to close a border to tourists; to close the woods to picnickers.
4.
to stop or obstruct the entrances, apertures, or gaps in: He closed the crate and tied it up.
5.
(of the mind) to make imperceptive or inaccessible: to close one's mind to the opposite opinion."
dcf44e6284,Ocean,"1.
the vast body of salt water that covers almost three fourths of the earth's surface.
2.
any of the geographical divisions of this body, commonly given as the Atlantic, Pacific, Indian, Arctic, and Antarctic oceans.
3.
a vast expanse or quantity"
dcf44e6284,Advice,"1.
an opinion or recommendation offered as a guide to action, conduct, 
2.
a communication, especially from a distance, containing information: Advice from abroad informs us that the government has fallen. Recent diplomatic advices have been ominous.
3.
an official notification, especially one pertaining to a business agreement:"
dcf44e6284,Doughnut,"1.
a small cake of sweetened or, sometimes, unsweetened dough  fried in deep fat, typically shaped like a ring or, when prepared with a filling, a ball.
2.
anything shaped like a thick ring; an annular object; toroid."
dcf44e6284,Paper,"1.
a substance made from wood pulp, rags, straw, or other fibrous material, usually in thin sheets, used to bear writing or printing, for wrapping things, etc.
2.
a piece, sheet, or leaf of this.
3.
something resembling this substance, as papyrus.
4.
a written or printed document or the like.
5.
stationery; writing paper."
ca0aab6207,Close,"is not open, almost there, near, not far"
ca0aab6207,Ocean,"is blue, very wide, has many creatures living in it, very deep"
ca0aab6207,Advice,"is guidance, tips on doing something more effectively, sometimes unsolicited, sometimes welcomed"
ca0aab6207,Doughnut,"is deep-fried, sweet, sugary, torus-shaped, fattening, sugar-coated"
ca0aab6207,Paper,"is for writing, has a unique texture to it, made from wood pulp, can be recycled"
0611e09ef3,Close,near in relationship :a close friend....a close contest;the result was close.
0611e09ef3,Ocean,the salt water that covers most of the earth's surface.
0611e09ef3,Advice,suggestions to a person about what he should do:
0611e09ef3,Doughnut,"a ring -shaped cake, with a hole in the middlefried in fat."
0611e09ef3,Paper,"the material on which these words are written, made from wood,rags etc.and used for writing ,printing,wrapping parcels etc."
6535a83758,Close,"Being near in space or time, Shut, to bring to an end,to block entry, a song by Rascal Flatts"
6535a83758,Ocean,"very large body of water, has salty water,is very deep, appears blue,is very vast"
6535a83758,Advice,"admonition, caution, guidance, recommendation,suggestion"
6535a83758,Doughnut,"is a type of sweet deep fried pastry, shaped in rings, has some sweet filling,is very tasty"
6535a83758,Paper,"is a versatile material, used for writing upon, used for packing, a document, is combustible, can be laminated"
33cd6db15a,Close,"Finished,Shut,End,Barrier,Near,Affinity."
33cd6db15a,Ocean,"Large water body,Vast area of water,Water body that divides continents,Deep sea."
33cd6db15a,Advice,"To give suggestion,To give direction on how to go about in life,Wise council,Elders suggestion."
33cd6db15a,Doughnut,"Cream bun, Sweet and creamy,Taste rich and delicious,Bun with a hole  and full of cream."
33cd6db15a,Paper,"Writing instrument,Covering material,News,Thesis,Document"
019ceef7a3,Close,"is being near to something,"
019ceef7a3,Ocean,"is a vast body of water,it contains water,can spread across miles of land,has a huge diversity of species of amphibians and fishes"
019ceef7a3,Advice,"is what humans give to each other,it is the point of view of a person and how one should react to a situation."
019ceef7a3,Doughnut,"is a round sweet made of bread with a hole in the center and cream inside it,is a favorite sweet of the United States cops."
019ceef7a3,Paper,"is made from the pulp of trees,is used to write data upon using a pen or a paper,is normally white in color,can be easily torn or crumpled."
cef0fec366,Close,"near, nearby,"
cef0fec366,Ocean,"a huge body of water, fish live in it, people swim in it, beaches come up to it."
cef0fec366,Advice,something someone tells you in order to help you solve a problem you have
cef0fec366,Doughnut,a sweet treat made of friend dough
cef0fec366,Paper,"made from trees, one writes on it, newspapers and books are made from it"
d35bd0ad39,Close,"shutdowns,finished,over,the end,shut up,is negative,is endgame,get out."
d35bd0ad39,Ocean,"sea,water,salt,can swim in that,floats,massive,big,infinity,natural,indian ocean"
d35bd0ad39,Advice,"sometimes good,sometimes bad,frustrating,help,kindness"
d35bd0ad39,Doughnut,"has a hole,sweet,tasty,circle,happiness,for work,for party"
d35bd0ad39,Paper,"can write on that,white,any colour,tree,school,work"
cf8ffe2059,Close,"near, approach"
cf8ffe2059,Ocean,"sea, blue"
cf8ffe2059,Advice,"comments, feedback"
cf8ffe2059,Doughnut,"flour, sweet"
cf8ffe2059,Paper,"news, white"
694b2d8fb5,Close,"to shut down , to end something , to pack off ,to finish"
694b2d8fb5,Ocean,"a large water body , contains lot of salt , has many fishes and other water creatures , a medium for transportation , major portion of the world , huge volume of liquid"
694b2d8fb5,Advice,"ideas given by somebody ,opinion given , comments ,  guiding points or principles from others ,speech , communication"
694b2d8fb5,Doughnut,"a ring shaped bun , fast food , used as snack ,it may be sweet sometimes fried ,
quick meal"
694b2d8fb5,Paper,"a sheet where one can write using pen or pencil , manufactured mainly from trees c, can be a news paper with info , very thin sheet ,"
2b7ce04536,Close,"End, Closed, Leave"
2b7ce04536,Ocean,"Lang Water, Water Cycle,Indian Ocean"
2b7ce04536,Advice,"Legal advice, Complexity, Opinion"
2b7ce04536,Doughnut,"Sweet Food, Vadai, Doughnut Hole, Ring doughnuts"
2b7ce04536,Paper,"Writing, History paper, Printing"
92ea18c297,Close,to shut
92ea18c297,Ocean,a great sea
92ea18c297,Advice,an opinion
92ea18c297,Doughnut,a small ring shaped cake
92ea18c297,Paper,flexible sheets
a878e75949,Close,"near, nearby, shut, latch, end"
a878e75949,Ocean,"body of water, waves, sharks, surf, swimming, beach"
a878e75949,Advice,"input, give suggestion, rule of thumb, recommend"
a878e75949,Doughnut,"pastry, glazed, dessert, coffee, breakfast food"
a878e75949,Paper,"sheet, loose leaf, pad, write on, money"
2622f61522,Close,"closing curtain, finale, finis, closing, conclusion"
2622f61522,Ocean,sea
2622f61522,Advice,Assistance
2622f61522,Doughnut,Report
2622f61522,Paper,"theme, newspaper publisher, wallpaper"
cdf81c2126,Ocean,a vast expanse or quantity
cdf81c2126,Advice,an opinion or recommendation offered as a guide to action
cdf81c2126,Doughnut,anything shaped like a thick ring
cdf81c2126,Paper,a written or printed document or the like
2486e8fbec,Close,"shut, seal, wind up"
2486e8fbec,Ocean,"a large sea, water body,"
2486e8fbec,Advice,"suggestion, prescribe"
2486e8fbec,Doughnut,"a food item, a round thing with a hole, a pastry item"
2486e8fbec,Paper,"a cellulose product, for writing,"
6be52007c6,Close,"Being near in space or time. See Usage Note at redundancy.
2. Being near in relationship: close relatives.
3. Bound by mutual interests, loyalties, or affections; intimate: close friends.
4. Having little or no space between elements or parts; tight and compact: a close weave.
5. Being near the surface; short: a close haircut.
6. Being on the brink of: close to tears.
7. Decided by a narrow margin; almost even: a close election.
8. Faithful to the original: a close copy.
9. Rigorous; thorough: close attention; close supervision.
10. Shut; closed"
6be52007c6,Ocean,"The entire body of salt water that covers more than 70 percent of the earth's surface.
2. Abbr. Oc. or O. Any of the principal divisions of the ocean, including the Atlantic, Pacific, Indian, Arctic, and Antarctic oceans.
3. A great expanse or amount: ""that ocean of land which is Russia"""
6be52007c6,Advice,"1.	word of advice - cautionary advice about something imminent (especially imminent danger or other unpleasantness); ""a letter of admonition about the dangers of immorality""; ""the warning was to beware of surprises""; ""his final word of advice was not to play with matches""
admonition, monition, warning
advice - a proposal for an appropriate course of action
deterrent example, object lesson, lesson, example - punishment intended as a warning to others; ""they decided to make an example of him"""
6be52007c6,Doughnut,"a small ring-shaped friedcake        
sinker, doughnut
friedcake - small cake in the form of a ring or twist or ball or strip fried in deep fat
raised doughnut - a doughnut made light with yeast rather than baking powder"
6be52007c6,Paper,"A material made of cellulose pulp, derived mainly from wood, rags, and certain grasses, processed into flexible sheets or rolls by deposit from an aqueous suspension, and used chiefly for writing, printing, drawing, wrapping, and covering walls.
2. A single sheet of this material.
3. One or more sheets of paper bearing writing or printing, especially:
a. A formal written composition intended to be published, presented, or read aloud; a scholarly essay or treatise.
b. A piece of written work for school; a report or theme.
c. An official document, especially one establishing the identity of the bearer. Often used in the plural."
0ff6f25e1c,Close,close their eyes
0ff6f25e1c,Ocean,tides produce sound
0ff6f25e1c,Advice,through mouth
0ff6f25e1c,Doughnut,by using mind
0ff6f25e1c,Paper,by writing
7a0b7cea54,Close,"Closing, End, Final, Finishing"
7a0b7cea54,Ocean,"World Ocean, Long water, Water cycle"
7a0b7cea54,Advice,"Opinion, Legal Advice"
7a0b7cea54,Doughnut,"doughnut varieties, Food, Disambiguation"
7a0b7cea54,Paper,"Writing, wood range, History of Paper, Paper Making"
d2238a631b,Close,"To stop, or fill up, as an opening; to shut; as, to close the eyes; to close a door."
d2238a631b,Ocean,"The whole body of salt water which covers more than three fifths of the surface of the globe; called also the sea, or great sea."
d2238a631b,Advice,"An opinion recommended or offered, as worthy to be followed; counsel."
d2238a631b,Doughnut,A small cake (usually sweetened) fried in a kettle of boiling lard.
d2238a631b,Paper,"A substance in the form of thin sheets or leaves intended to be written or printed on, or to be used in wrapping. It is made of rags, straw, bark, wood, or other fibrous material, which is first reduced to pulp, then molded, pressed, and dried."
2b15616b23,Close,near
2b15616b23,Ocean,sea
2b15616b23,Advice,giving opinion
2b15616b23,Doughnut,means a kind of cake in round shape
2b15616b23,Paper,a kind of material used to write
569626741c,Close,"near , tight,intimate"
569626741c,Ocean,"sea , main"
569626741c,Advice,"ede , tip ,information"
569626741c,Doughnut,"fritter , sinker"
569626741c,Paper,"information, empty"
7cf403bfc3,Close,situated at a short distance or interval
7cf403bfc3,Ocean,"large expanse of sea,esp.each of the main areas called the atlantic,pacific,indian,arctic,and antarctic oceans"
7cf403bfc3,Advice,recommendation on how to act
7cf403bfc3,Doughnut,small fried cake of sweetened dough
7cf403bfc3,Paper,"material made in thin sheets from the pulp of wood etc.used for writing,drawing or printing"
eb09612a37,Close,shut down
eb09612a37,Ocean,sea
eb09612a37,Advice,warn
eb09612a37,Doughnut,clearless
eb09612a37,Paper,books
95e2618c28,Close,"Being near in space or time,Being near in relationship"
95e2618c28,Ocean,The entire body of salt water that covers more than 70 percent of the earth's surface.
95e2618c28,Advice,Opinion about what could or should be done about a situation or problem; counsel
95e2618c28,Doughnut,"a small cake of sweetened dough, often ring-shaped or spherical with a jam or cream filling, cooked in hot fat"
95e2618c28,Paper,"A material made of cellulose pulp, derived mainly from wood, rags, and certain grasses, processed into flexible sheets or rolls by deposit from an aqueous suspension, and used chiefly for writing, printing, drawing, wrapping, and covering walls"
b605293af4,Close,"is an action, is what you do with a door, means to shut something, is a verb"
b605293af4,Ocean,"is water, is deep, is where whales and dolphins live, the Atlantic and Pacific are examples"
b605293af4,Advice,"is telling someone what they should do, is helpful, is something people ask for"
b605293af4,Doughnut,"is food, is fried dough, is often glazed or frosted, is sweet"
b605293af4,Paper,"is made of wood pulp, is what you write on, is found in notebooks, is recyclable"
85e1f85b71,Close,"near, lock, about to happen, friendship"
85e1f85b71,Ocean,"sea, swim, dive, sail, fish"
85e1f85b71,Advice,"tell someone what to do, recommendation"
85e1f85b71,Doughnut,"pastry, gel in the middle, american police"
85e1f85b71,Paper,"trees, writing, books, files"
3682090ac3,Close,when a business is not open for business
3682090ac3,Ocean,a large body of water seperating large masses of land
3682090ac3,Advice,good ideas and thoughts passed on to someone else
3682090ac3,Doughnut,"dough in a circle and baked, often with a hold in the middle"
3682090ac3,Paper,"made from trees, used for writing on"
c284e4a997,Close,"Shut,cover up,not shown openly,inner heart,"
c284e4a997,Ocean,"A big sea,vast and wide,a great surprise, numerous species inside,Pacific,Atlantic"
c284e4a997,Advice,"Easy to do,hard to keep,if do it often make you a boar."
c284e4a997,Doughnut,"A form of cake,not familiar with Asian,creamed with dough."
c284e4a997,Paper,"From papyrus,invented by Chinese,basic need of modern world,perishable."
6b2ac0ef88,Close,shut
6b2ac0ef88,Ocean,mass of water
6b2ac0ef88,Advice,opinion
6b2ac0ef88,Doughnut,sweetened dough
6b2ac0ef88,Paper,material used for writing
93a7dd374a,Close,"to stop one work, stop the work of shop etc after timing"
93a7dd374a,Ocean,"sea, more fishes in there, to sea sunset and sunriseb  to travel herer"
93a7dd374a,Advice,it get yelders to youngers
93a7dd374a,Doughnut,its also a beautiful thing
93a7dd374a,Paper,"use to write, to read, used as an other material"
fe6c3218eb,Close,"near, shut the door, yard outside a house, bang, stuffy"
fe6c3218eb,Ocean,"sea, expanse, immense, blue, fish,"
fe6c3218eb,Advice,"helpful, suggestion,comment, agney aunt,thoughtful"
fe6c3218eb,Doughnut,"ring, cake, fried, sugar, fat,"
fe6c3218eb,Paper,"material, writing, wrapping,sheet, newspaper"
1a7084480f,Soda,"beverage, carbonated water, fizzy drink"
1a7084480f,In,"preposition, it shows location, shows that something is inside (into) something else"
1a7084480f,Winner,"someone who comes victorious, takes a first place"
1a7084480f,Noise,"loud sound, distraction, group of sounds,"
1a7084480f,Legend,"a myth, a story told by many generations, a fable"
3c84e2112e,Soda,"a beverage and a chemical, used for taste, preservative"
3c84e2112e,In,"means to enter, opposite of exit"
3c84e2112e,Winner,"one who wins the contest or anything, win, gets reward"
3c84e2112e,Noise,"unwanted sound, unbearable, audible, irritating"
3c84e2112e,Legend,"a great or known person of his field, expert, famous, respected"
c284e4a997,Soda,"Carbon-die-oxide,for digestion,a relief drink,sometimes with alcohol."
c284e4a997,In,"inner,allow to,under,a hide."
c284e4a997,Winner,"Successor,No.1,gets Gold medal,a leader in sports."
c284e4a997,Noise,"Makes pollution,count by decibals,makes heart beat higher."
c284e4a997,Legend,"related with history,ancient miracles,older stories"
a878e75949,Soda,"pop, coke, drink, refreshment, bubbly"
a878e75949,In,"amid, among, cool, hip, inside, enter"
a878e75949,Winner,"champion, best, awarded, top, won"
a878e75949,Noise,"loud, hear, ears, clank, pound, sound"
a878e75949,Legend,"hero, idol, adored, myth, story"
cb82bc68a5,Soda,"bubbly, drink, related to softdrinks, sweet"
cb82bc68a5,In,"inside a place or object, preposition"
cb82bc68a5,Winner,"opposite of loser, victorious, happy"
cb82bc68a5,Noise,"loud sounds, disturbs people, ruins hearing"
cb82bc68a5,Legend,"well-known, mythical"
eb09612a37,Soda,have water+salt
eb09612a37,In,inside
eb09612a37,Winner,firstprize
eb09612a37,Noise,irritate sound
eb09612a37,Legend,gender
d6fbaf0859,Soda,"softdrinks , carbonated drinks"
d6fbaf0859,In,"inside, opposite of out"
d6fbaf0859,Winner,"opposite of loser, the one who had the prize"
d6fbaf0859,Noise,"nuisance, not pleasing to the ears"
d6fbaf0859,Legend,"ancient, origin of"
2b15616b23,Soda,a kind of drink
2b15616b23,In,preposition
2b15616b23,Winner,one who wins
2b15616b23,Noise,unwanted sound
2b15616b23,Legend,popular myth of modern times
569626741c,Soda,drinks
569626741c,In,"inside, inner"
569626741c,Winner,"ictor , conqueror ,vanquisher"
569626741c,Noise,"uproar , sound , hubbub"
569626741c,Legend,"inscription , myth"
10d4f79779,Soda,"Any of various forms of sodium carbonate, Chemically combined sodium, A refreshment made from carbonated water, ice cream, and usually a flavoring"
10d4f79779,In,"With reference to space or place, With reference to circumstances or conditions, With reference to a limit of time"
10d4f79779,Winner,"a person or thing that wins, Informal a person or thing that seems sure to win or succeed, a gambler who wins a bet"
10d4f79779,Noise,"Sound or a sound that is loud, unpleasant, unexpected, or undesired, A loud outcry or commotion, A complaint or protest"
10d4f79779,Legend,"An unverified story handed down from earlier times, especially one popularly believed to be historical, One that inspires legends or achieves legendary fame,An inscription or a title on an object, such as a coin"
0ff6f25e1c,Soda,It is a chemical mixed with water can drink through mouth
0ff6f25e1c,In,get in side by walk or put through something through hand in side
0ff6f25e1c,Winner,game
0ff6f25e1c,Noise,it can produce sound
0ff6f25e1c,Legend,great man
43135d06e2,Soda,"CARBONATED WATER, BEVERAGE PRODUCT, SODIUM CARBONATE, SALTINE"
43135d06e2,In,"Abbreviation of Inch, Unit of length"
43135d06e2,Winner,"successor, victory, first prize"
43135d06e2,Noise,"unwanted sound, shouting, audio"
43135d06e2,Legend,"things to be read, happenings, short episode, traditional"
92ea18c297,Soda,non-alcoholic beverage
92ea18c297,In,sense or significance
92ea18c297,Winner,a victor
92ea18c297,Noise,Sound that is loud
92ea18c297,Legend,luminary
cdf81c2126,Soda,sodium hydroxide.
cdf81c2126,In,used to indicate inclusion within space
cdf81c2126,Winner,a person or thing that wins
cdf81c2126,Noise,a sound of any kind
cdf81c2126,Legend,an inscription
6be52007c6,Soda,"A soft drink (also called soda, pop, coke,[1] soda pop, fizzy drink, tonic, or carbonated beverage) is a non-alcoholic beverage that typically contains water (often, but not always carbonated water), a sweetener, and a flavoring agent. The sweetener may be sugar, high-fructose corn syrup, or a sugar substitute (in the case of diet drinks).
A soft drink may also contain caffeine or fruit juice, or both.
Examples of beverages not considered to be soft drinks are: pure juice, hot chocolate, tea, coffee, milk, and milkshakes. Beverages like Gatorade and Powerade may meet the definition of a soft drink but are usually called sports drinks.
Soft drinks are called ""soft"" in contrast to ""hard drinks"" (alcoholic beverages). Small amounts of alcohol may be present in a soft drink, but the alcohol content must be less than 0.5% of the total volume[2][3] if the drink is to be considered non-alcoholic.[4]
Widely sold soft drink flavors are cola, lemon-lime, root beer, orange, grape, vanilla, ginger ale, fruit punch, and sparkling lemonade.
Soft drinks may be served chilled or at room temperature. They are rarely heated."
6be52007c6,In,"The INRegistry has been created by NIXI, the National Internet eXchange of India. NIXI is a Not-for-Profit Company under Section 25 of the Indian Companies Act, 1956, with the objective of facilitating improved Internet services in the country.

Under NIXI, the INRegistry functions as an autonomous body with primary responsibility for maintaining the .IN ccTLD and ensuring its operational stability, reliability, and security. It will implement the various elements of the new policy set out by the Government of India and its Ministry of Communications and Information Technology, Department of Information Technology."
6be52007c6,Winner,"Winner(s) or The Winner(s) may refer to:
Champion, the victor in a challenge or contest.
."
6be52007c6,Noise,"Sound or a sound that is loud, unpleasant, unexpected, or undesired.
b. Sound or a sound of any kind: The only noise was the wind in the pines.
2. A loud outcry or commotion: the noise of the mob; a lot of noise over the new law.
3. Physics A disturbance, especially a random and persistent disturbance, that obscures or reduces the clarity of a signal.
4. Computer Science Irrelevant or meaningless data.
5. Informal
a. A complaint or protest.
b. Rumor; talk.
c. noises Remarks or actions intended to convey a specific impression or to attract attention: ""The U.S. is making appropriately friendly noises to the"
6be52007c6,Legend,"a. An unverified story handed down from earlier times, especially one popularly believed to be historical.
b. A body or collection of such stories.
c. A romanticized or popularized myth of modern times.
2. One that inspires legends or achieves legendary fame.
3.
a. An inscription or a title on an object, such as a coin.
b. An explanatory caption accompanying an illustration.
c. An explanatory table or list of the symbols appearing on a map or chart."
e592776b4d,Soda,"water, gas water, water filled with carbon dioxide, stops thirst, gives cool, soda water"
e592776b4d,In,"inside, in the house, in the shop, in the area, in the bottom. in the earth"
e592776b4d,Winner,"congratulation, happiness, success, victor, succeeder, achiever, winner of the game, leader"
e592776b4d,Noise,"sound, pollution, high frequency sound, decibel, noise polution, sound reduction, acoustic properties, guitar sound, music sound"
e592776b4d,Legend,"parable, caption, fiction, fable,invention, myth, romance, apologue, falsehood,  novel, story, figment"
ab266a6b3c,Soda,"a drink, a compound of sodium, soda water, is liquid"
ab266a6b3c,In,"a defined boundry, used with time and space, included within something"
ab266a6b3c,Winner,"victor, who wins, sucessful, who completes assigned task in befiting manner, winner of games,a feeling of joy"
ab266a6b3c,Noise,"extra noise, traffic creates noise, does not go well with ears, a kind of pollution"
ab266a6b3c,Legend,"a myth, traditional in nature, romanticism,inscription, heroes are legend, a symbol"
5a27dfc4b5,Soda,"carbonated water, water in which carbon dioxide gas is dissolved, used for making soft drinks, used along with whiskey or rum."
5a27dfc4b5,In,"inside,in thing implies the in fashion, present,also is short form of inch an unit of measurement, Also implies the metal indium."
5a27dfc4b5,Winner,"the person who wins a contest, No. 1, who wins contest, achiever, who succeeds, most happy person after a contest."
5a27dfc4b5,Noise,"unwanted sound, irritating sound, disturbance, lack of quality of sound, disturbs communication, indicates randomness."
5a27dfc4b5,Legend,"a brief of a presentation or illustration, a supernatural story, a story about mythical event."
d1a7662726,Soda,"is a drink, is a liquid, is carbonated, is sugary, is artificially flavoured"
d1a7662726,In,"is an adverb or a preposition, is the opposite of the exterior, can mean to be associated with/involved with something (eg. ""covered in water"")"
d1a7662726,Winner,"refers to a person that is victorious, successful, or in an advantageous position, opposite of ""loser"""
d1a7662726,Noise,"is any kind of sound, can specifically refer to sounds that are interfering/garbled/dissonant, can also refer to something disorganized"
d1a7662726,Legend,"fictional, a myth, a story about a supernatural event; can refer to a person that has been elevated to more-than-mortal, such as a celebrity"
646b79770b,Soda,"soft drink,sodium carbonate,soda will drink for digest or vomiting problem."
646b79770b,In,"inside,grammer word,to ask somebody to get in"
646b79770b,Winner,"who wins a game is called winner,champion"
646b79770b,Noise,"sound,disturbing,pollution"
646b79770b,Legend,"latin ""legend"" things to read"
7a0b7cea54,Soda,"Soft drink, Salsola soda, soda ash"
7a0b7cea54,In,"Inside, Into, Inner, Near"
7a0b7cea54,Winner,"Winner Game, Champion, Prize, Victory"
7a0b7cea54,Noise,"Sound, Signal, Thermal noise, Jet engine"
7a0b7cea54,Legend,"historically,  Old, Christian legend"
c4ec0ebf47,Soda,"Beverage, thirst-quencher, hot drink, cold drink, juice,"
c4ec0ebf47,In,"Inside, within, during, into"
c4ec0ebf47,Winner,"Victor, champion, champ, conqueror, first past the post, frontrunner"
c4ec0ebf47,Noise,"Sound, din, racket, clamor, clatter, blast, blare"
c4ec0ebf47,Legend,"Fable, myth, fairy tale, tale,"
d35bd0ad39,Soda,"its cool,tasty,refreshing"
d35bd0ad39,In,"inside,allow,come in"
d35bd0ad39,Winner,"proud,happy,celebration,joy"
d35bd0ad39,Noise,"frustrating,horn,environment"
d35bd0ad39,Legend,"sometimes true,false,old,great"
e87cf6cd3b,Soda,an effervescent beverage consisting of water charged with carbon dioxide.
e87cf6cd3b,In,"used to indicate inclusion within space, a place, or limits."
e87cf6cd3b,Winner,a person or thing that wins;  victor.
e87cf6cd3b,Noise,a nonharmonious or discordant group of sounds.
e87cf6cd3b,Legend,a nonhistorical or unverifiable story handed down by tradition from earlier times and popularly accepted as historical.
95e2618c28,Soda,"Any of various forms of sodium carbonate,Chemically combined sodium"
95e2618c28,In,"Within the limits, bounds, or area of"
95e2618c28,Winner,"a person or thing that wins,a person or thing that seems sure to win or succeed"
95e2618c28,Noise,"Sound or a sound that is loud, unpleasant, unexpected, or undesired"
95e2618c28,Legend,"An unverified story handed down from earlier times, especially one popularly believed to be historical."
ce58ffe106,Soda,"beverage, tonic, drink, seltzer, mixer, pop, carbonated beverage, soda water, carbonated water, soda pop"
ce58ffe106,In,"fashionable, dashing, chichi, in style, a' la mode, latest, up-to-the-minute, newfangled, trendy, smart, trig, upscale, well-liked, all the rage, contemporary, faddy, fly, hot, modern, latest thing, mod, newfangled, modish, new, popular, trendy, swanky, modish, natty"
ce58ffe106,Winner,"loser, someone or something that succeeds, failure, champ, vanquisher, conqueror, first, victor, top dog, number one, conquering hero, champion, hero, medalist, prizewinner, title holder"
ce58ffe106,Noise,"silence, babble, yelp, blare, buzz, clatter, cacophony, turbulence, lamentation, racket, row, thud, squawk, pandemonium, eruption, fireworks, fanfare, disquiet, crash, din, detonation, discord, commotion, detonation, clatter, blast, boom, bedlam,"
ce58ffe106,Legend,"tradition, myth, fable, story of the past, fiction, mythology, often fictitious, folk story, mythos, narrative,  saga, lore, folklore"
5c443771e9,Soda,"sodium as in carbonate of soda, (in faro) the card turned up in the dealing box before one begins to play,"
5c443771e9,In,"to indicate inclusion within space or a place or limits, to indicate inclusion within something abstract or immaterial, to indicate transition from one state to another, to indicate object or purpose(speaking in honor of the event. )"
5c443771e9,Winner,"a person or thing that wins,  victor, a situation or outcome whereby the succeeder receives all the prizes or rewards."
5c443771e9,Noise,"sound especially of a loud or harsh, loud outcry, an electric disturbance in a communications system,"
5c443771e9,Legend,"a nonhistorical or unverifiable story handed down by tradition from earlier times and popularly accepted as historical, a collection of stories about an admirable person, a story of the life of a saint, a table on a map or chart listing and explaining the symbols used."
b245d0513e,Soda,"bubbly, whiskey, bottle, cans, carbonated, bar"
b245d0513e,In,"inside, beyond the door, table drawer"
b245d0513e,Winner,"victorious, first to finish, lucky in raffle, ticket in lottery, prize"
b245d0513e,Noise,"unwanted sound, highways, market place, too many talking together"
b245d0513e,Legend,"grandma, stories, ancient, unbelievable, heroic, traditions"
186db71701,Soda,"#

   1. sodium oxide, NaO
   2. sodium bicarbonate
   3. sodium carbonate
   4. sodium hydroxide
soda water,a confection of soda water flavored with syrup, fruit, etc. and served with ice cream in it,in faro, the card turned up in the dealing box before play starts."
186db71701,In,"In means inside the area, moving from a point outside to point inside or having a specific occupation or function,An example of in is a letter being enclosed by an envelope.#

Within

inside, surrounded by, in the midst of, within the boundaries of, in the area of, within the time of, concerning the subject of, as a part of, inside of, enclosed in, protected by; see also within. #

Into

to the center of, into the midst of, in the direction of, within the extent of, under, near, against; see also into, toward. While engaged in

in the act of, during the process of, while occupied with; see during, meanwhile"
186db71701,Winner,"one that wins,one that seems destined to win or be successful,victor, conqueror, prize winner, champion, winning competitor, hero, victorious contestant, successful contestant, leading entrant, grand champion, national champion, Olympic champion, contest winner, medal winner, title-holder*, champ*, big boy*, front runner*, bell-ringer*."
186db71701,Noise,"loud or confused shouting; din of voices; clamor,any loud, discordant, or disagreeable sound or sounds,a sound of any kind: the noise of the rain,gossip; rumor; scandal,to talk much or loudly,to make noise or a noise."
186db71701,Legend,"A legend is a story handed down through generations which is believed to be historical.An example of legend is King Arthur.An improbable, traditional story,

A brief piece of written matter

caption, motto, inscription, title, key; see also writing"
c19bb1362e,Soda,a cool drink
c19bb1362e,In,to let or entering into some thing.
c19bb1362e,Winner,"a match wiiner,achieving success"
c19bb1362e,Noise,"unwanted sound,which irritates"
c19bb1362e,Legend,a person who achieved great thing in his life
f0e7eb5369,Soda,its soft drinks
f0e7eb5369,In,inside
f0e7eb5369,Winner,victor
f0e7eb5369,Noise,voice
f0e7eb5369,Legend,novel
de4de943fb,Soda,"Carbonated water, A sweet Drink, Sodium carbonate, Sodium Bicarbonate is baking soda"
de4de943fb,In,"Symbol of the Chemical element Indium, A preposition, In or into some place,state or relation etc,"
de4de943fb,Winner,"A person that win, A person who Succeed, Opposite of loser"
de4de943fb,Noise,"a Sound, Unpleasant noise,Disturbing, Continuous Loud, Confused sound, Distortion"
de4de943fb,Legend,"A Traditional story, A historical script, An unverified Story, Some kind of Old Stories."
2486e8fbec,Soda,"carbonated drink, liquid, drink, gas rich drink"
2486e8fbec,In,"internal,here"
2486e8fbec,Winner,"victor, achiever,stood first"
2486e8fbec,Noise,"sound, high pitch, uneasy voice"
2486e8fbec,Legend,"great personality, the best, the one"
12a1e3558e,Soda,"carbonated water,chemically combined sodium; washing soda"
12a1e3558e,In,Inside; preposition
12a1e3558e,Winner,"sucessfull person, victor"
12a1e3558e,Noise,"unwanted sound, disturbance"
12a1e3558e,Legend,a body or collection of such stories
3682090ac3,Soda,"a carbonated, sugary beverage"
3682090ac3,In,to be smaller and in the same area of something
3682090ac3,Winner,first place
3682090ac3,Noise,"loud, obnoxious sounds"
3682090ac3,Legend,somebody who has been outstanding in their field
f6cb1a6c92,Soda,"colourless,gas,fizzy,cool,fresh,drink"
f6cb1a6c92,In,"inside,gone to its place,reached to destination,selected"
f6cb1a6c92,Winner,"who won,first, triumph holder,prize,"
f6cb1a6c92,Noise,"loud,can be heared,bell,horn,disturb"
f6cb1a6c92,Legend,"achiever,talented,popular, appreciated by all,holds a place in the particular feild"
1c6ee77d92,Soda,"drink, mixer, pop, seltzer, tonic"
1c6ee77d92,In,"a go-go, all the rage, chic, chichi, contemporary, current, customary, dashing, faddy, favored, fly, genteel, hot, in style, in vogue, in-thing, last word, latest thing, latest, mod, modern, modish, natty, new, newfangled, now, popular, posh, prevailing, rakish, smart, styl"
1c6ee77d92,Winner,"champ, champion, conquering hero, conqueror, first, hero, medalist, medalwinner, number one, prizewinner, title-holder, top dog, vanquisher, victor"
1c6ee77d92,Noise,"babble, babel, bang, bedlam, bellow, bewailing, blare, blast, boisterousness, boom, buzz, cacophony, caterwauling, clamor, clang, clatter, commotion, crash, cry, detonation, din, discord, disquiet, disquietude, drumming, eruption, explosion, fanfare, fireworks, fracas, fuss, hoo-ha, hubbub, hullabaloo, jangle, lamentation, outcry, pandemonium, peal, racket, ring, roar, row, shot, shouting, sonance, squawk, stridency, talk, thud, tumult, turbulence, uproar, uproariousness, yelling, yelp"
1c6ee77d92,Legend,"allegory, fable, fairy story, fairy tale, parable, saga"
4792a552bb,Soda,"Carbonated water, also known as ""soda water"""
4792a552bb,In,In means inside In mean in a specific place In means
4792a552bb,Winner,"Champion, the victor in a challenge or contest"
4792a552bb,Noise,"In common use, the word noise means any unwanted sound. In both analog and digital electronics, noise is random unwanted perturbation to a wanted signal; it is called noise as a generalisation of the acoustic noise (""static"") heard when listening to a weak radio transmission with significant electrical noise. Signal noise is heard as acoustic noise if the signal is converted into sound (e.g., played through a loudspeaker); it manifests as ""snow"" on a television or video image. High noise levels can block, distort, change or interfere with the meaning of a message in human, animal and electronic communication."
4792a552bb,Legend,"A legend (Latin, legenda, ""things to be read"") is a narrative of human actions that are perceived both by teller and listeners to take place within human history and to possess certain qualities that give the tale verisimilitude. Legend, for its active and passive participants includes no happenings that are outside the realm of ""possibility"", defined by a highly flexible set of parameters, which may include miracles that are perceived as actually having happened, within the specific tradition of indoctrination where the legend arises, and within which it may be transformed over time, in order to keep it fresh and vital, and realistic."
85e1f85b71,Soda,"fizzy, carbonated, unhealthy, makes you belch"
85e1f85b71,In,"enter, accepted, a part of something"
85e1f85b71,Winner,"strong, determined, triumphant"
85e1f85b71,Noise,"annoying, too loud, can be hazardous"
85e1f85b71,Legend,"respected, brave, old story in the community"
6d2481195c,Soda,soda (noun) Carbonated water (originally made with sodium bicarbonate) drunk alone or mixed with alcoholic drinks
6d2481195c,In,in (preposition) Expressing the situation of something that is or appears to be enclosed or surrounded by something else
6d2481195c,Winner,winner (noun) a person or thing that wins something:
6d2481195c,Noise,"noise (noun) a sound, especially one that is loud or unpleasant or that causes disturbance"
6d2481195c,Legend,legend (noun) a traditional story sometimes popularly regarded as historical but not authenticated
faed1af4c3,Soda,"water with carbon-dioxide stored under pressure, effervescent, bubbly"
faed1af4c3,In,"not out, within something"
faed1af4c3,Winner,"achieve something in first place, first"
faed1af4c3,Noise,"too much sound, form of pollution, causes disturbance"
faed1af4c3,Legend,"hero, caption, explanation of symbols on a map, somebody whose story is famous"
d2238a631b,Soda,Sodium oxide or hydroxide.
d2238a631b,In,i am in my home
d2238a631b,Winner,"One who wins, or gains by success in competition, contest, or gaming."
d2238a631b,Noise,Sound of any kind.
d2238a631b,Legend,"That which is appointed to be read; especially, a chronicle or register of the lives of saints, formerly read at matins, and in the refectories of religious houses."
d0f1e4030a,Soda,lime
d0f1e4030a,In,enter
d0f1e4030a,Winner,first
d0f1e4030a,Noise,sound
d0f1e4030a,Legend,great person
2622f61522,Soda,"Cold Drink, Child, Water with gas."
2622f61522,In,"Inside, undr,"
2622f61522,Winner,"Victor, great, fighter, respectable."
2622f61522,Noise,"disturbance, interference, make noise, resound"
2622f61522,Legend,"caption, fable, classical, old great."
7716859c62,Soda,"Beverage, thirst quencher , pickme up, hot drink, cold drink, juice, glass of something."
7716859c62,In,"Inside , within, during, into, at home , here."
7716859c62,Winner,"victor , champion , champ, conqueror, front runner, success."
7716859c62,Noise,"sound, din, racket, clamor , clatter, blast,blare."
7716859c62,Legend,"fable, myth, tale , star, celebrity , marvel, prodigy."
64fbf86e46,Soda,"beverage,a sweet drink containing carbonated water and flavoring,carbonate of soda, a sodium salt of carbonic acid; used in making soap powders and glass and paper,sodium oxide or hydroxide"
64fbf86e46,In,"used to indicate inclusion within space, a place, or limits,used to indicate occurrence during a period or limit of time, used to indicate limitation or qualification, used to indicate motion or direction from outside to a point within"
64fbf86e46,Winner,"a person or thing that wins; victor,the contestant who wins the contest,a person with a record of successes, one who wins or gains by success in competition, contest, or gaming"
64fbf86e46,Noise,"a sound of any kind,loud harsh sound,extraneous, excessive data or information,an electric disturbance in a communications system that interferes with reception of a signal,to talk much or publicly,rumor or gossip, esp. slander"
64fbf86e46,Legend,"a non historical or unverifiable story handed down by tradition from earlier times and popularly accepted as historical,an inscription,a table on a map, chart, or the like, listing and explaining the symbols used,a collection of stories about an admirable person,a story about mythical or supernatural beings or events"
93a7dd374a,Soda,"drinking water, its makes using carbon die oxide"
93a7dd374a,In,its using in english grammer
93a7dd374a,Winner,"a person who winning the soports, exam etc"
93a7dd374a,Noise,sound
93a7dd374a,Legend,clever one
cf8ffe2059,Soda,"drink,white"
cf8ffe2059,In,"inside,not outside"
cf8ffe2059,Winner,"successor, undefeator"
cf8ffe2059,Noise,"loud,  throat"
cf8ffe2059,Legend,"old stories, lie stories"
1b9c766662,Soda,has effervescence.
1b9c766662,In,used in hotels for entry.
1b9c766662,Winner,is praised always.
1b9c766662,Noise,creates pollution.
1b9c766662,Legend,mahamta gandhi
6b2ac0ef88,Soda,water which contains many bubbles and it is used for drinking
6b2ac0ef88,In,within something
6b2ac0ef88,Winner,one who wins
6b2ac0ef88,Noise,sound
6b2ac0ef88,Legend,stories handed over by tradition
0da623e05b,Soda,"1.
sodium hydroxide.
2.
sodium monoxide.
3.
sodium carbonate
4.
sodium,  as in carbonate of soda.
5.
soda water."
0da623e05b,In,"1.
(used to indicate inclusion within space, a place, or limits): walking in the park.
2.
(used to indicate inclusion within something abstract or immaterial): in politics; in the autumn.
3.
(used to indicate inclusion within or occurrence during a period or limit of time): in ancient times; a task done in ten minutes.
4.
(used to indicate limitation or qualification, as of situation, condition, relation, manner, action, etc.): to speak in a whisper; to be similar in appearance.
5.
(used to indicate means): sketched in ink; spoken in French."
0da623e05b,Winner,a person or thing that wins;  victor.
0da623e05b,Noise,"1.
sound, especially of a loud, harsh, or confused kind: deafening noises.
2.
a sound of any kind: to hear a noise at the door.
3.
loud shouting, outcry, or clamor.
4.
a nonharmonious or discordant group of sounds.
5.
an electric disturbance in a communications system that interferes with or prevents reception of a signal or of information, as the buzz on a telephone or snow on a television screen."
0da623e05b,Legend,"1.
a nonhistorical or unverifiable story handed down by tradition from earlier times and popularly accepted as historical.
2.
the body of stories of this kind, especially as they relate to a particular people, group, or clan: the winning of the West in American legend.
3.
an inscription,  especially on a coat of arms, on a monument, under a picture, or the like."
a99eff3ef7,Soda,soda is liquid which is the combination of sodium oxide and NaO
a99eff3ef7,In,"In means inside the area, moving from a point outside to point inside or having a specific occupation or function"
a99eff3ef7,Winner,one that seems destined to win or be successful
a99eff3ef7,Noise,loud or confused shouting
a99eff3ef7,Legend,A legend is a story handed down through generations which is believed to be historial
cef0fec366,Soda,carbonated beverage
cef0fec366,In,entering
cef0fec366,Winner,"first place, achiever"
cef0fec366,Noise,loud sounds
cef0fec366,Legend,old story
ffd05a2b19,Soda,a liquid drink that is caffinated or not that is consumed for refreshment or with a meal
ffd05a2b19,In,the process of moving forwards towads something
ffd05a2b19,Winner,the result of being better than those who you face or obstacles that you may face
ffd05a2b19,Noise,a level of loudness produced by someone or something
ffd05a2b19,Legend,a historical account of something that has taken place or that has happened
7fda7da485,Soda,It is a liquid obtained by dissolving carbon-di-oxide gas in water at high pressure. that is why it bubbles when you open a soda bottle. it hydrates you instantly
7fda7da485,In,it is a preposition. it tell us about position or location of something
7fda7da485,Winner,A person one who wins is called winner. He stands first in the competition
7fda7da485,Noise,any unwanted sound is a noise. some may say that music is soothing. but it turns to be a noise for a student while studying
7fda7da485,Legend,it is word denoting historic period. it can denote a person who is in a particular field for a long period of time. or a historic story
dcf44e6284,Soda,"1.
sodium hydroxide.
2.
sodium monoxide.
3.
sodium carbonate 
4.
sodium,  as in carbonate of soda.
5.
soda water."
dcf44e6284,In,"1.
(used to indicate inclusion within space, a place, or limits): walking in the park.
2.
(used to indicate inclusion within something abstract or immaterial): in politics; in the autumn.
3.
(used to indicate inclusion within or occurrence during a period or limit of time): in ancient times; a task done in ten minutes.
4.
(used to indicate limitation or qualification, as of situation, condition, relation, manner, action, etc.): to speak in a whisper; to be similar in appearance.
5.
(used to indicate means): sketched in ink; spoken in French."
dcf44e6284,Winner,"1.
a person or thing that wins;  victor."
dcf44e6284,Noise,"1.
sound, especially of a loud, harsh, or confused kind: deafening noises.
2.
a sound of any kind: to hear a noise at the door.
3.
loud shouting, outcry, or clamor.
4.
a nonharmonious or discordant group of sounds.
5.
an electric disturbance in a communications system that interferes with or prevents reception of a signal or of information, as the buzz on a telephone or snow on a television screen."
dcf44e6284,Legend,"1.
a nonhistorical or unverifiable story handed down by tradition from earlier times and popularly accepted as historical.
2.
the body of stories of this kind, especially as they relate to a particular people, group, or clan: the winning of the West in American legend.
3.
an inscription,  especially on a coat of arms, on a monument, under a picture, or the like.
4.
a table on a map, chart, or the like, listing and explaining the symbols used."
0611e09ef3,Soda,"the name given to several substances formed with sodium , especially one (washing soda or sodium carbonate)in the form of crystals,used for washing, or one(baking soda or sodium bicarbonate)used in baking."
0611e09ef3,In,describing an activity usually carried out by groups of people as a form of protest ete. a sit-in;a work-in.
0611e09ef3,Winner,see win.
0611e09ef3,Noise,a sound;I heard a strange noise outside ;the noise of gunfire...
0611e09ef3,Legend,"a myth or traditional story, handed down from one generation to another :the legend of St George."
7cf403bfc3,Soda,compound of sodium in common use
7cf403bfc3,In,"expressing inclusion or position with in limits of space,time,circumstance"
7cf403bfc3,Winner,person etc.that wins.
7cf403bfc3,Noise,"sound,esp.a loud or unpleasant one."
7cf403bfc3,Legend,a traditional story;myth b these collectively.
2a6566d746,Soda,"sodium hydroxide,as in carbonate of soda,sodium monoxide."
2a6566d746,In,"used to indicate inclusion within space, a place, or limits,used to indicate inclusion within something abstract or immaterial,used to indicate limitation or qualification, as of situation, condition, relation, manner, action, etc.used to indicate means."
2a6566d746,Winner,"a person or thing that wins,victor, achiever, succeeder,a person or thing that wins,"
2a6566d746,Noise,"sound, especially of a loud, harsh, or confused kind,loud shouting,a sound of any kind,a nonharmonious or discordant group of sounds.,an electric disturbance in a communications system that interferes with or prevents reception of a signal or of information,to spread, as a report or rumor."
2a6566d746,Legend,"a nonhistorical or unverifiable story handed down by tradition from earlier times and popularly accepted as historical,the body of stories of this kind, especially as they relate to a particular people, group, or clan,an inscription,  especially on a coat of arms, on a monument, under a picture, or the like."
d3551fb557,Soda,"1. 	any of a number of simple inorganic compounds of sodium, such as sodium carbonate ( washing soda ), sodium bicarbonate ( baking soda ), and sodium hydroxide ( caustic soda )
2. 	See soda water
3. 	( US ), ( Canadian ) a fizzy drink
4. 	the top card of the pack in faro
5. 	slang  ( Austral ) a soda  something easily done; a pushover
 
[C16: from Medieval Latin, from sodanum  barilla, a plant that was burned to obtain a type of sodium carbonate, perhaps of Arabic origin]"
d3551fb557,In,"(used to indicate inclusion within space, a place, or limits): walking in the park.
2.
(used to indicate inclusion within something abstract or immaterial): in politics; in the autumn.
3.
(used to indicate inclusion within or occurrence during a period or limit of time): in ancient times; a task done in ten minutes.
4.
(used to indicate limitation or qualification, as of situation, condition, relation, manner, action, etc.): to speak in a whisper; to be similar in appearance.
5.
(used to indicate means): sketched in ink; spoken in French.
EXPAND"
d3551fb557,Winner,"a person or thing that wins;  victor. a situation or outcome whereby the winner receives all the prizes or rewards. a person or thing that wins
2. 	informal  a person or thing that seems sure to win or succeed"
d3551fb557,Noise,"sound, especially of a loud, harsh, or confused kind: deafening noises.
2.
a sound of any kind: to hear a noise at the door.
3.
loud shouting, outcry, or clamor.
4.
a nonharmonious or discordant group of sounds.
5.
an electric disturbance in a communications system that interferes with or prevents reception of a signal or of information, as the buzz on a telephone or snow on a television scre"
d3551fb557,Legend,"a nonhistorical or unverifiable story handed down by tradition from earlier times and popularly accepted as historical.
2.
the body of stories of this kind, especially as they relate to a particular people, group, or clan: the winning of the West in American legend.
3.
an inscription,  especially on a coat of arms, on a monument, under a picture, or the like.
4.
a table on a map, chart, or the like, listing and explaining the symbols used. Compare key1 ( def. 8 ) .
5.
Numismatics . inscription ( def."
cdf81c2126,Legs,the lower limb of a human being from the knee to the ankle.
cdf81c2126,Can,to be able to
cdf81c2126,Tornado,"a violent outburst, as of emotion or activity"
cdf81c2126,Preview,an earlier or previous view
cdf81c2126,New,unfamiliar
e87cf6cd3b,Legs,"leg is a weight bearing and locomotive structure, usually having a columnar shape."
e87cf6cd3b,Can,Container for storing food and other predominantly liquid products
e87cf6cd3b,Tornado,"A tornado is a violent, dangerous, rotating column of air that is in contact with both the surface of the earth and cloud.They are often referred to as a twister or a cyclone,"
e87cf6cd3b,Preview,review of content as it will look when finalized or printed
e87cf6cd3b,New,"an adjective referring to something recently made, discovered, or created."
cef0fec366,Legs,"part of the body that if working, allows you to walk, stand and move properly"
cef0fec366,Can,"the ability to be able to do something, positive"
cef0fec366,Tornado,"massive wind storm, extremely destructive"
cef0fec366,Preview,"to see something beforehand, to get a first look or glimpse of something before everyone else can"
cef0fec366,New,"just bought or made, never used before"
85e1f85b71,Legs,"feet, limbs, walk, run"
85e1f85b71,Can,"allowed to do something, drink container,"
85e1f85b71,Tornado,"storm, funnel cloud, destruction"
85e1f85b71,Preview,"glimpse, see something earlier,"
85e1f85b71,New,"out with the old, replacing something, recently made"
23d2375ed9,Legs,"Part of the body, used to walk and run and complete other actions, help the body to balance, feet are attached at the end, humans have two of these and other species have different numbers of them e.g. dogs have four."
23d2375ed9,Can,Cans are usually used to contian/ hold/ store things; they can be made of tin; they can be used to contain things such as food or non food products like paint; they come in different sizes.
23d2375ed9,Tornado,"A tornado is a swirlig wind that goings round in a circular motion and can cause considerable damage to people, animals and structures. They are a feature of the weather. They happen all over the world but are more frequent in certain areas."
23d2375ed9,Preview,"A preview is the ability to see something earlier than the general public gets to see something, e.g. a movie, people usually pay to see previews."
23d2375ed9,New,"Unused, fresh, created/ purchased very recently."
1b9c766662,Legs,NEEDS TO BE STRONG
1b9c766662,Can,IS USED TO CONTAIN SODA
1b9c766662,Tornado,creates ruckus.
1b9c766662,Preview,generates the original picture before print
1b9c766662,New,changes old one.
93a7dd374a,Legs,"man have two legs its use to run, etc"
93a7dd374a,Can,it meanns to finish one work to man
93a7dd374a,Tornado,its a horrible wind
93a7dd374a,Preview,its a small description of doing work or finishing work
93a7dd374a,New,"its a fresh thing to start , to see, etc"
2ed1fa232e,Legs,"used for walking, crawling ,standing, tall, slender, kicking football, dancing, playing"
2ed1fa232e,Can,"can do work, can eat, can run, can type, may ,shall"
2ed1fa232e,Tornado,"destructive, windstorm, cloudy wind , rotating, destroying things"
2ed1fa232e,Preview,"advertisement, movie reviews, latest updates, motion pictures, advanced idea, impression"
2ed1fa232e,New,"recent , original, production ,purchase, existing, appearing first"
95e2618c28,Legs,"A limb or an appendage of an animal, used for locomotion or support."
95e2618c28,Can,Used to indicate physical or mental ability
95e2618c28,Tornado,"A rotating column of air ranging in width from a few yards to more than a mile and whirling at destructively high speeds, usually accompanied by a funnel-shaped downward extension of a cumulonimbus cloud."
95e2618c28,Preview,"An advance showing, as of a movie or art exhibition, to which a selected audience is invited before public presentation begins."
95e2618c28,New,"Having been made or come into being only a short time ago,Still fresh"
1f7a27a853,Legs,"legs are part of an animal body, flexible, provide a means of motion, flesh and blood, skin and bone, attach to the human hip, muscled to aid running, swimming and walking, supports for an inanimate body"
1f7a27a853,Can,"Container, tin, means of storing perishable goods long-term, aluminium, drink holder, practical storage, cold metal"
1f7a27a853,Tornado,"wind, violent storm, destructive force, twister, column of air, funnel, vortex, dangerous and frightening, clash of hot and cold air, thunder"
1f7a27a853,Preview,"Viewing before the completion of an event or item, ahead of the rest, advance showing, look at a document before going to print, invitation to special screening  of a film, Trailer, hint"
1f7a27a853,New,"Never before seen, fresh, initial, first, unsullied, untouched, virginal, no previous owner, infant, original, modern, unused"
de4de943fb,Legs,"A part of a Body, A Limb, One of the lower limbs in Human"
de4de943fb,Can,"3rd Singular present,to b Able, Use to Express doubt, Show Surprise, be Permitted to, Power or Skill"
de4de943fb,Tornado,"a Mobile, violently rotating Wind, Spanish word, Thunderstorm, Storm with the Twist,whirlwind"
de4de943fb,Preview,"Display of something,Review, Trailer, An Earlier, Advance View,A display for making an Idea"
de4de943fb,New,"Not Previous, Change one, A kind Now Existing, Not Before Seen or known, recently Discovered"
0da623e05b,Legs,"1.
either of the two lower limbs of a biped, as a human being, or any of the paired limbs of an animal, arthropod, etc., that support and move the body.
2.
Anatomy . the lower limb of a human being from the knee to the ankle.
3.
something resembling or suggesting a leg in use, position, or appearance.
4.
the part of a garment that covers the leg: the leg of a stocking; trouser leg.
5.
one of usually several, relatively tall, slender supports for a piece of furniture."
0da623e05b,Can,"1.
to be able to; have the ability, power, or skill to: She can solve the problem easily, I'm sure.
2.
to know how to: He can play chess, although he's not particularly good at it.
3.
to have the power or means to: A dictator can impose his will on the people.
4.
to have the right or qualifications to: He can change whatever he wishes in the script.
5.
may; have permission to: Can I speak to you for a moment?"
0da623e05b,Tornado,"1.
a localized, violently destructive windstorm occurring over land, especially in the Middle West, and characterized by a long, funnel-shaped cloud extending toward the ground and made visible by condensation and debris. Compare waterspout ( def. 3 ) .
2.
a violent squall or whirlwind of small extent, as one of those occurring during the summer on the west coast of Africa.
3.
a violent outburst, as of emotion or activity.
4.
( initial capital letter ) Military . a supersonic, two-seat, multipurpose military aircraft produced jointly by West Germany, Britain, and Italy and capable of flying in darkness and bad weather."
0da623e05b,Preview,"1.
an earlier or previous view.
2.
an advance showing of a motion picture, play, etc., before its public opening.
3.
an advance showing of brief scenes in a motion picture, television show, etc., for purposes of advertisement.
4.
anything that gives an advance idea or impression of something to come."
0da623e05b,New,"1.
of recent origin, production, purchase, etc.; having but lately come or been brought into being: a new book.
2.
of a kind now existing or appearing for the first time; novel: a new concept of the universe.
3.
having but lately or but now come into knowledge: a new chemical element.
4.
unfamiliar or strange (often followed by to ): ideas new to us; to visit new lands.
5.
having but lately come to a place, position, status, etc.: a reception for our new minister."
a878e75949,Legs,"limbs, gams, thighs, femur, walk"
a878e75949,Can,"tin, able, aluminum, may, container"
a878e75949,Tornado,"twister, windstorm, cyclone, natural disaster, devastation, weather"
a878e75949,Preview,"review, before, look, see, to approve"
a878e75949,New,"unopened, fresh, just out, recent"
2486e8fbec,Legs,"appendages, organs assist in movement, supporters"
2486e8fbec,Can,"a container, a metal bowl, a flask"
2486e8fbec,Tornado,"a whirling, funnel like air, climatic change"
2486e8fbec,Preview,"preexistence, predict, getting an idea"
2486e8fbec,New,"modern, novel,"
4a529ee356,Legs,"Part of Body, lower limbs, Support to move body"
4a529ee356,Can,"ability, to have power"
4a529ee356,Tornado,"distructive windstrom, funnel shaped cloud, a voilent outburst."
4a529ee356,Preview,"Pre view, advance idea, a snap shot,"
4a529ee356,New,"latest, recent,fresh"
186db71701,Legs,"Database Program to write reports with leg (SAUS)

Lateral Electronic Guidance System - Automotive engineering

Learning Experience Guides for Nursing Students - Series of films, games, slides, etc.

Legacies (ROG)

Legislative Effort Group System - AMA - Medicine (EDAA)

Lethality End Game Simulation (MCD)

Lighter Electronics Guidance System (MCD)

Lightweight Engine Generator Set (SAUS)


Logistic Engine Generator Set (DWSG"
186db71701,Can,"Can means someone or something knows how to, is able to, is likely to or has the right to do something,   1. An example of can is someone knowing how to play the piano.
   2. An example of can is a cat being able to paint.
   3. An example of can is a car that usually starts.
   4. An example of can is someone having the key to a neighbor's house and being able to enter if they'd like.

A can is a container normally made of metal with a lid,#

A container

tin, tin can, canister, receptacle, package, jar, bottle, bucket, pail, vessel; no. 1 can, no. 2 can, etc.; see also container.#

*Jail

prison, penitentiary, stir*; see jail. ,A toilet

lavatory, restroom, washroom; see toilet,he buttocks

seat, backside, posterior; see rump. could, may, be capable of, be able to, know how to, be equal to, be up to, lie in one's power, be within one's area, be within one's control, manage, can do, take care of, make it*, make the grade*, make out*, cut the mustard*, cut it*, hack it*."
186db71701,Tornado,There's been much debate about whether tomato is a fruit or vegetable... read on to find out why is tomato a fruit.
186db71701,Preview,"to view or show beforehand; receive or give a preview of,a restricted showing, as of a film, before exhibition to the public generally,a showing of scenes from a film, TV show, etc. in advertising its coming appearance,a previous or preliminary view or survey,preliminary showing, preliminary viewing, p resurvey, preliminary view, research, prior examination, preliminary study"
186db71701,New,"New means coming into being for the first time,An example of new is a movie that was just released.,New means something that has recently come into being.,An example of new is a recent book.#

Recent

current, late, just out, brand-new; see fresh 1.
#

Modern

modish, modern, latest, au courant (French); see fashionable, modern 1.
#

Novel

unique, novel, original, innovative; see original 2, 3, unusual 1, 2.
#

Different

unlike, dissimilar, distinct; see different 1, 2.
#

Additional

further, increased, supplementary; see extra.
#

Inexperienced

unseasoned, unskilled, untrained; see incompetent, inexperienced.
#

Fresh

unspoiled, uncontaminated, undecayed; see fresh 5.
#

Recently

newly, freshly, lately; see recent"
0ff6f25e1c,Legs,can walk
0ff6f25e1c,Can,do some thing
0ff6f25e1c,Tornado,it is a natural calamity
0ff6f25e1c,Preview,look it before finalizing
0ff6f25e1c,New,producing some thing which was not earlier
f0e7eb5369,Legs,means knees
f0e7eb5369,Can,"means to be able ,"
f0e7eb5369,Tornado,means wind
f0e7eb5369,Preview,trailor
f0e7eb5369,New,fresh
2a6566d746,Legs,"the lower limb of a human being from the knee to the ankle.,either of the two lower limbs of a biped, as a human being, or any of the paired limbs of an animal, arthropod, etc., that support and move the body."
2a6566d746,Can,"to be able to; have the ability, power, or skill to: She can solve the problem easily,to know how to,to have the power or means to: A dictator can impose his will on the people,to have the right or qualifications to: He can change whatever he wishes in the script.,may; have permission to."
2a6566d746,Tornado,"a violent squall or whirlwind of small extent,a violent outburst, as of emotion or activity,a localized, violently destructive windstorm occurring over land, especially in the Middle West, and characterized by a long."
2a6566d746,Preview,"an earlier or previous view,an advance showing of a motion picture, play, etc., before its public opening,an advance showing of brief scenes in a motion picture, television show, etc., for purposes of advertisement,anything that gives an advance idea or impression of something to come.,to view  or show beforehand or in advance."
2a6566d746,New,"of recent origin, production, purchase, etc.; having but lately come or been brought into being,of a kind now existing or appearing for the first time; novel: a new concept of the universe."
2a625093df,Legs,"Limbs on which creatures stand and carry themselves, legs of table etc."
2a625093df,Can,"Ability to do something, container to hold something"
2a625093df,Tornado,"Whirl wind, very strong wind destroying everything on its way."
2a625093df,Preview,View in advance before presenting in public.
2a625093df,New,"Latest, different from the old"
faed1af4c3,Legs,"support for body, helps to move, support for furniture"
faed1af4c3,Can,"metallic storage for items, ability to do something"
faed1af4c3,Tornado,"violent movement of air, cyclone, destructive"
faed1af4c3,Preview,"look at something to be printed before finalizing, version to be edited"
faed1af4c3,New,"not old, fresh"
802fdeb9c8,Legs,"Last part of the body, Cats has four legs"
802fdeb9c8,Can,"Know how to, Be able to, Be capable of,"
802fdeb9c8,Tornado,"Storm, Hurricane"
802fdeb9c8,Preview,"Sample, Starter, Example"
802fdeb9c8,New,"Latest, Most recent"
ffd05a2b19,Legs,two bod parts that allow man or woman or walk
ffd05a2b19,Can,an aluminum substance that holds alcoholic and non-alcoholic beverages as well
ffd05a2b19,Tornado,a force of nature that is cone shaped form and can do mass destruction
ffd05a2b19,Preview,a prelude to an upcomming movie or television show
ffd05a2b19,New,the latest in an object product or service
9bec5a5a23,Legs,"PERSON OR ANIMAL WALKS OR STAND,WINGS. LARGE BRANCH OF TREES."
9bec5a5a23,Can,"KNOW HOW TO,METAL VESSEL FOR LIQUID,PUT OR PRESERVE IN A CAN."
9bec5a5a23,Tornado,"VIOLENT STORM,UNEXPECTED FORCE, UNPREDICTABLE RESULT."
9bec5a5a23,Preview,"SHOWING BEFORE GENERAL PUBLIC-PLAY,FILM ETC,HASTY,PREMATURE."
9bec5a5a23,New,"RECENT ORIGIN,MODERN IDEA,SOCIAL CHANGE,ADVANCE METHOD OF THEORY,WHAT THINGS NOT SEEN-HEARD-IMAGINED-FELT."
a99eff3ef7,Legs,its a human organ to walk or run
a99eff3ef7,Can,"Can means someone or something knows how to, is able to, is likely to or has the right to do something"
a99eff3ef7,Tornado,"The definition of tornado is a twirling, narrow funnel of wind"
a99eff3ef7,Preview,to view or show beforehand
a99eff3ef7,New,New means coming into being for the first time
6b2ac0ef88,Legs,an organ of body used for walking
6b2ac0ef88,Can,possible
6b2ac0ef88,Tornado,natural disaster
6b2ac0ef88,Preview,advance showing
6b2ac0ef88,New,fresh
7716859c62,Legs,"support , crutch , strut, prop, buttress, piling"
7716859c62,Can,"be able to , know how to , be capable of, container, tin can, canister , preserve..."
7716859c62,Tornado,"cyclone, twister, whirlwind, hurrycane, storm, windstorm."
7716859c62,Preview,"appetizer, sample, foretaste."
7716859c62,New,"novel, innovative, fresh, original , latest, upto the minute, new-fangled."
b245d0513e,Legs,"enable walking,supports weight, long strides, tall, sensual"
b245d0513e,Can,"able to do, container, recycling, capable of"
b245d0513e,Tornado,"swirling, fast winds, secure windows, possible rains, damages"
b245d0513e,Preview,"see beforehand, draft stage, before finals, fashions"
b245d0513e,New,"not used, factory-fresh, nondepreciating, dress for Christmas"
2622f61522,Legs,"Foot, Thai."
2622f61522,Can,"tin, tin can, bathroom, john, lav, lavatory, privy,"
2622f61522,Tornado,"crack, crack cocaine, twister"
2622f61522,Preview,"prevue, trailer"
2622f61522,New,"unexampled, young, modern, raw, fresh, novel, newfangled, freshly"
dcf44e6284,Legs,"1.
either of the two lower limbs of a biped, as a human being, or any of the paired limbs of an animal, arthropod, etc., that support and move the body.
2.
Anatomy . the lower limb of a human being from the knee to the ankle.
3.
something resembling or suggesting a leg in use, position, or appearance.
4.
the part of a garment that covers the leg: the leg of a stocking; trouser leg.
5.
one of usually several, relatively tall, slender supports for a piece of furniture"
dcf44e6284,Can,"1.
to be able to; have the ability, power, or skill to
2.
to know how to
3.
to have the power or means to
4.
to have the right or qualifications to
5.
may; have permission to"
dcf44e6284,Tornado,"1.
a localized, violently destructive windstorm occurring over land, especially in the Middle West, and characterized by a long, funnel-shaped cloud extending toward the ground and made visible by condensation and debris
2.
a violent squall or whirlwind of small extent, as one of those occurring during the summer on the west coast of Africa.
3.
a violent outburst, as of emotion or activity."
dcf44e6284,Preview,"1.
an earlier or previous view.
2.
an advance showing of a motion picture, play, etc., before its public opening.
3.
an advance showing of brief scenes in a motion picture, television show, etc., for purposes of advertisement.
4.
anything that gives an advance idea or impression of something to come."
dcf44e6284,New,"1.
of recent origin, production, purchase, etc.; having but lately come or been brought into being: a new book.
2.
of a kind now existing or appearing for the first time; novel: a new concept of the universe.
3.
having but lately or but now come into knowledge: a new chemical element.
4.
unfamiliar or strange (often followed by to ): ideas new to us; to visit new lands.
5.
having but lately come to a place, position, status, etc."
ab266a6b3c,Legs,"part of body, help in walking,even running"
ab266a6b3c,Can,"tin can, food container, airtight can"
ab266a6b3c,Tornado,"is a horrifying, dangerous, rotating column of air , often destroyes things"
ab266a6b3c,Preview,"early stage, start of requirement, beginning"
ab266a6b3c,New,"is recent, fresh, just came into being"
6be52007c6,Legs,"a. A limb or an appendage of an animal, used for locomotion or support.
b. One of the lower or hind limbs in humans and primates.
c. The part of the limb between the knee and foot in vertebrates.
d. The back part of the hindquarter of a meat animal.
2. A supporting part resembling a leg in shape or function.
3. One of the branches of a forked or jointed object.
4. The part of a garment, especially of a pair of trousers, that covers the leg.
5. Mathematics Either side of a right triangle that is not the hypotenuse.
6. A stage of a journey or course, especially:
a. Nautical The distance traveled by a sailing vessel on a single tack.
b. The part of an air route or a flight pattern that is between two successive stops, positions, or changes in direction.
c. One of several contests that must be successfully completed in order to determine the winner of a competition."
6be52007c6,Can,"a. Used to indicate physical or mental ability: I can carry both suitcases. Can you remember the war?
b. Used to indicate possession of a specified power, right, or privilege: The President can veto congressional bills.
c. Used to indicate possession of a specified capability or skill: I can tune the harpsichord as well as play it.
2.
a. Used to indicate possibility or probability: I wonder if my long lost neighbor can still be alive. Such things can and do happen.
b. Used to indicate that which is permitted, as by conscience or feelings: One can hardly blame you for being upset.
c. Used to indicate probability or possibility under the specified circumstances: They can hardly have intended to do that."
6be52007c6,Tornado,". A rotating column of air ranging in width from a few yards to more than a mile and whirling at destructively high speeds, usually accompanied by a funnel-shaped downward extension of a cumulonimbus cloud.
2. A violent thunderstorm in western Africa or nearby Atlantic waters.
3. A whirlwind or hurricane."
6be52007c6,Preview,"An advance showing, as of a movie or art exhibition, to which a selected audience is invited before public presentation begins.
2. An advance viewing or exhibition, especially the presentation of several scenes advertising a forthcoming movie; a trailer.
3. An introductory or preliminary message, sample, or overview; a foretaste.
tr.v. pre·viewed also pre·vued, pre·view·ing also pre·vu·ing, pre·views also pre·vues
1. To view or exhibit in advance.
2. To provide a preliminary sample or overview of:"
6be52007c6,New,"brand-new, bran-new, spic-and-span, spick-and-span
fresh
hot, red-hot
newborn, new-sprung(prenominal)
newfound
novel, refreshing
parvenu, parvenue
recent
revolutionary, radical
rising
sunrise(prenominal)
untested, untried
unused
virgin
young"
7cf403bfc3,Legs,leguminous plant
7cf403bfc3,Can,metal vessel for liquid
7cf403bfc3,Tornado,violent storm of small extent with whirling winds
7cf403bfc3,Preview,"showing of a film,play,exhibition etc.."
7cf403bfc3,New,"of recent origin or arrival,made,discovered,acquired."
5f6fadae3f,Legs,"appendage used for support,brace, column, lap, limb, member, part, pile, pole, portion, post, prop, section, segment"
5f6fadae3f,Can,"container, usually metallic,aluminum, bottle, bucket, canister, cannikin, gunboat, gutbucket, jar, package, pop top, receptacle, tin, vessel"
5f6fadae3f,Tornado,"weather event,cyclone, funnel, storm, twister, typhoon, whirlwind, wind"
5f6fadae3f,Preview,"preliminary showing
examination, preliminary study, research, show, sneak, sneak peek, survey, viewing"
5f6fadae3f,New,"recent, fresh
advanced, au courant, brand-new, contemporary, current, cutting-edge, dewy, different, dissimilar"
fe6c3218eb,Legs,limbs on both humans and animals. They are used for walking
fe6c3218eb,Can,"a container for liquids, and preserved foods,also called a tin. Make of steel or aluminium"
fe6c3218eb,Tornado,"A high speed cyclone of wind which causes extreme damage to crops and building, with many human fatalities"
fe6c3218eb,Preview,"A viewing of movie, exhibit etc before it is open to the public"
fe6c3218eb,New,"Fresh, not previously seen, worn or read etc."
0952df59a8,Legs,"Legs:used to walk,run,jump,kick,has toes,fingers."
0952df59a8,Can,Can:do everything if we are physically strong and mentally able
0952df59a8,Tornado,"Tornado:is a dangerous,violent,rotating column of air,twister,hurricane,destroys everything"
0952df59a8,Preview,"Preview:display images,employs Apple's implementation of Adobe's PDF specification Portable Document Format (PDF) documents."
0952df59a8,New,"New:an adjective referring to something recently made, discovered, or created."
5d21d0b3ae,Legs,"the limbs used to walk, feet,"
5d21d0b3ae,Can,"a tin-made box, used to conserve food, sealed with vacuum"
5d21d0b3ae,Tornado,"swirling air, funnel, storm"
5d21d0b3ae,Preview,"first view, before release of product, example"
5d21d0b3ae,New,"freshly-made, unaged, fresh"
eb09612a37,Legs,feet
eb09612a37,Can,achieve
eb09612a37,Tornado,violent storm
eb09612a37,Preview,full screen
eb09612a37,New,anything surprise
cf8ffe2059,Legs,"organs, two"
cf8ffe2059,Can,"water, milk"
cf8ffe2059,Tornado,"storm, wind"
cf8ffe2059,Preview,"sight, trial"
cf8ffe2059,New,"fresh, unused"
f2f2db3a46,Legs,"Something that you walk on, different creatures have different numbers of them.  They can also hold up objects, or instance a table.  Generally long and thin.  Most often made of flesh, metal or wood."
f2f2db3a46,Can,"Something that you put items in to store them.  Often made of aluminum, silver and about the size of a glass.  Can hold food or drink.  Recycleable."
f2f2db3a46,Tornado,"Wind cycle, high powered, dangerous.  Can throw a blade of grass through a tree.  Happens when warm pressure moves in over the top of cold."
f2f2db3a46,Preview,Something that you see before something else.  Often used in the movie industry to refer to snippets of a movie that you see before the movie comes out.  USusally gives the entire move away.
f2f2db3a46,New,"Opposite of old, denotes how long ago something was made or obtained. Can address smells (smells like a new car)."
d0f1e4030a,Legs,to walk
d0f1e4030a,Can,do it
d0f1e4030a,Tornado,wind
d0f1e4030a,Preview,exhibition
d0f1e4030a,New,made
dbb0bd20b9,Legs,girls beautiful legs
dbb0bd20b9,Can,yes we can do everything
dbb0bd20b9,Tornado,dangerous
dbb0bd20b9,Preview,i love movie preview
dbb0bd20b9,New,pant t-shirt
2b15616b23,Legs,it is parts of the human body used to walk.
2b15616b23,Can,means able to
2b15616b23,Tornado,it is like hurricane
2b15616b23,Preview,a preliminary view
2b15616b23,New,unused or fresh
cc0fd23c05,Legs,"Legs:-ambulate, ankle, appendage, arm, assist, bayonet legs, boost, bough, bowlegs, branch, break, breast, broken circuit,"
cc0fd23c05,Can,"Can:-can, tin, put up ,preserve,"
cc0fd23c05,Tornado,"Tornado :-whirlwind, cyclone, twister, hurricane, typhoon, blow; storm ."
cc0fd23c05,Preview,"Preview :- house trailer, trailer, prevue, preview, dawdler, poke, drone, lagger, laggard ."
cc0fd23c05,New,"New:-fresh, young, raw, novel, unexampled, newfangled"
4792a552bb,Legs,"A leg is a weight bearing and locomotive structure, usually having a columnar shape. During locomotion, legs function as ""extensible struts""[1] - the combination of movements at all joints can be modeled as a single, linear element capable of changing length and rotating about an omnidirectional ""hip"" joint.
As an anatomical animal structure it is used for locomotion. The distal end is often modified to distribute force (such as a foot). Most animals have an even number of legs.
As a component of furniture it is used for the economy of materials needed to provide the support for the useful surface, the table top or chair seat."
4792a552bb,Can,"Can may refer to:

Container

Aluminum can
Steel can, an airtight tinplate container for storing food and other predominantly liquid products
Beverage can, a can designed to hold a single serving of a beverage
Oil can
Canning, a process of preserving food
Canister"
4792a552bb,Tornado,"A tornado is a violent, dangerous, rotating column of air that is in contact with both the surface of the earth and a cumulonimbus cloud or, in rare cases, the base of a cumulus cloud. They are often referred to as a twister or a cyclone, although the word cyclone is used in meteorology in a wider sense, to name any closed low pressure circulation. Tornadoes come in many shapes and sizes, but are typically in the form of a visible condensation funnel, whose narrow end touches the earth and is often encircled by a cloud of debris and dust. Most tornadoes have wind speeds less than 110 miles per hour (177 km/h), are approximately 250 feet (80 m) across, and travel a few miles (several kilometers) before dissipating. The most extreme tornadoes can attain wind speeds of more than 300 mph (480 km/h), stretch more than two miles (3 km) across, and stay on the ground for dozens of miles (more than 100 km).
Various types of tornadoes include the landspout, multiple vortex tornado, and waterspout. Waterspouts are characterized by a spiraling funnel-shaped wind current, connecting to a large cumulus or cumulonimbus cloud. They are generally classified as non-supercellular tornadoes that develop over bodies of water. These spiraling columns of air frequently develop in tropical areas close to the equator, and are less common at high latitudes. Other tornado-like phenomena that exist in nature include the gustnado, dust devil, fire whirls, and steam devil.
Tornadoes have been observed on every continent except Antarctica. However, the vast majority of tornadoes in the world occur in the Tornado Alley region of the United States, although they can occur nearly anywhere in North America. They also occasionally occur in south-central and eastern Asia, the Philippines, south east Asia, like Malaysia, northern and east-central South America, Southern Africa, northwestern and southeast Europe, western and southeastern Australia, and New Zealand. Tornadoes can be detected before or as they occur through the use of Pulse-Doppler radar by recognizing patterns in velocity and reflectivity data, such as hook echoes, as well as by the efforts of storm spotters.
There are several different scales for rating the strength of tornadoes. The Fujita scale rates tornadoes by damage caused, and has been replaced in some countries by the updated Enhanced Fujita Scale. An F0 or EF0 tornado, the weakest category, damages trees, but not substantial structures. An F5 or EF5 tornado, the strongest category, rips buildings off their foundations and can deform large skyscrapers. The similar TORRO scale ranges from a T0 for extremely weak tornadoes to T11 for the most powerful known tornadoes. Doppler radar data, photogrammetry, and ground swirl patterns (cycloidal marks) may also be analyzed to determine intensity and assign a rating."
4792a552bb,Preview,"1pre·view verb \ˈprē-ˌvyü\

Definition of PREVIEW

transitive verb
1
: to see beforehand; specifically : to view or to show in advance of public presentation
2
: to give a preliminary survey of
— pre·view·er noun
 See preview defined for English-language learners »
See preview defined for kids »
Examples of PREVIEW

The designers will preview their new lines at the fashion show.
They previewed the upcoming football season.
You can preview the page before you print it.
First Known Use of PREVIEW

1607
Other Performing Arts Terms

diva, dramaturgy, loge, prestidigitation, proscenium, supernumerary, zany
Rhymes with PREVIEW

accrue, achoo, adieu, ado, Agnew, aircrew, airscrew, anew, askew, babu, Baku, bamboo, battu, battue, bayou, bedew, beshrew, bestrew, bijou..."
4792a552bb,New,"1new adj 

Definition of NEW

1
: having recently come into existence : recent, modern
2
a (1) : having been seen, used, or known for a short time : novel <rice was a new crop for the area> (2) : unfamiliar <visit new places>
b : being other than the former or old <a steady flow of new money>
3
: having been in a relationship or condition but a short time <new to the job> <a new wife>
4
a : beginning as the resumption or repetition of a previous act or thing <a new day> <the new edition>
b : made or become fresh <awoke a new person>
c : relating to or being a new moon
5
: different from one of the same category that has existed previously <new realism>
6
: of dissimilar origin and usually of superior quality <a new strain of hybrid corn>
7
capitalized : modern 3; especially : having been in use after medieval times
— new·ish adjective
— new·ness noun
 See new defined for English-language learners »
See new defined for kids »
Examples of NEW

They visited the new library.
I saw their new baby for the first time.
They planted new trees on the campus.
a new kind of music
She couldn't afford a new car, so she bought a used one.
He bought the car new.
She is eager to see his new apartment.
This is my new stepsister.
the young man and his new wife
I made a new friend today.
Origin of NEW

Middle English, from Old English nīwe; akin to Old High German niuwi new, Latin novus, Greek neos
First Known Use: before 12th century
Related to NEW

Synonyms: makeshift, substitute, substitutive
Antonyms: original
[+]more
Synonym Discussion of NEW

new, novel, original, fresh mean having recently come into existence or use. new may apply to what is freshly made and unused <new brick> or has not been known before <new designs> or not experienced before <starts the new job>. novel applies to what is not only new but strange or unprecedented <a novel approach to the problem>. original applies to what is the first of its kind to exist <a man without one original idea>. fresh applies to what has not lost its qualities of newness such as liveliness, energy, brightness <a fresh start>.
Rhymes with NEW

blue, boo, brew, chew, clew, clue, coo, coup, crew, cue, dew, do, doux, due, ewe, few, flu, flue, fou, glue, gnu, goo, hew, hue, Jew, Koo,..."
7a0b7cea54,Legs,"Foot, Human Leg,Robotic leg"
7a0b7cea54,Can,"Oil Can, River Can, tinplate"
7a0b7cea54,Tornado,"cyclone,  twister,  cloud"
7a0b7cea54,Preview,"Trailer, Test screening, Actual"
7a0b7cea54,New,"New Song, New Century, Another One"
6d2481195c,Legs,"leg (noun) Each of the limbs on which a person or animal walks and stands: | | Each of the supports of a chair, table, or"
6d2481195c,Can,can (modal verb) Be able to: | | Be permitted to: | Used to request someone to do something: |
6d2481195c,Tornado,"tornado (noun) a mobile, destructive vortex of violently rotating winds having the appearance of a funnel-shaped"
6d2481195c,Preview,preview (noun) an opportunity to view something before it is acquired or becomes generally available: (verb) Display
6d2481195c,New,"new (adjective) Produced, introduced, or discovered recently or now for the first time; not existing before"
cb82bc68a5,Legs,"for walking, standing or kicking, used by animals and humans to move"
cb82bc68a5,Can,"contains liquids or solids, for food or other objects"
cb82bc68a5,Tornado,"deadly, destructive, dangerous"
cb82bc68a5,Preview,"sneak peek, teaser, used to entice people to try something out"
cb82bc68a5,New,"opposite of old, fresh, just made a few hours or days ago"
5a97554418,Legs,Limbs used for walking. Often attached to feet. A section of a journey.
5a97554418,Can,Able to do. Often aluminum round vessel for storing liquids and foods. bathroom.
5a97554418,Tornado,"Windstorm with a funnel cloud, very destructive when it touches land and collects debris."
5a97554418,Preview,"An advanced or partial viewing, a prescreening, an indicator of events yet to happen"
5a97554418,New,"Unused, recently developed, unfamiliar"
df5ff96a53,Legs,Are for standing or walking.
df5ff96a53,Can,"Is able.
A tin in which food is stored."
df5ff96a53,Tornado,Wild storm. Hurricane.
df5ff96a53,Preview,A small showing before event.
df5ff96a53,New,"Unused.
Never owned."
0611e09ef3,Legs,"VERY NEAR TO FALLING DOWN OR COLLAPSING WITH EXHAUSTION ,OLD AGE ETC."
0611e09ef3,Can,to be able to :You can do it if you try hard.
0611e09ef3,Tornado,a violent whilwind that can cause great damage :The village was destroyed by a tornado.
0611e09ef3,Preview,"a viewing of a performance , exhibition etc before it is open to the public."
0611e09ef3,New,"having only just happened, been built , made ,bought etc:"
92ea18c297,Legs,lower limb of human being
92ea18c297,Can,vessel of tinned iron
92ea18c297,Tornado,thunderstorm
92ea18c297,Preview,advance showing
92ea18c297,New,recently discovered
5484a6403a,Legs,"Legs:is a part of human being,it is used to walk,has bone,lives on ground,has fingers,used to swim,to kick,etc"
5484a6403a,Can,"Can:may,be able,know,tin,preserve,conserve,tinetc"
5484a6403a,Tornado,"Tornado: A rotating column of air ranging in width from a few yards to more than a mile,a whirlwind or hurricane, A violent thunderstorm in western Africa or nearby Atlantic waters,etc"
5484a6403a,Preview,"Preview:To view in advance,to provide a preliminary sample or overview of,an introductory message, give a foretaste,etc"
5484a6403a,New,"New:still fresh,never used or worn before now,just found,discovered,not previously  experienced,recently obtained,currently fshionable,etc"
d6fbaf0859,Legs,"limbs, used for walking and other physical activities, part of the skeletal system, for locomotion"
d6fbaf0859,Can,container made of tin material
d6fbaf0859,Tornado,turbulence
d6fbaf0859,Preview,"synopsis, brief description"
d6fbaf0859,New,"latest, updated"
62909fedc9,Legs,Organs which supports our body it helps us to move around.
62909fedc9,Can,A container which can carry certain fluids or substances.
62909fedc9,Tornado,Whirlwind which displays the power of nature over human-being.Can destroy anything in its path.
62909fedc9,Preview,"to see something especially a movie,show or something before it is available for public."
62909fedc9,New,something that is made or appeared recently
d2238a631b,Legs,"A limb or member of an animal used for supporting the body, and in running, climbing, and swimming; esp., that part of the limb between the knee and foot."
d2238a631b,Can,A drinking cup; a vessel for holding liquids.
d2238a631b,Tornado,"A violent whirling wind; specifically (Meteorol.), a tempest distinguished by a rapid whirling and slow progressive motion, usually accompaned with severe thunder, lightning, and torrents of rain, and commonly of short duration and small breadth; a small cyclone."
d2238a631b,Preview,a screening for a select audience in advance of release for the general public
d2238a631b,New,"Not before seen or known, although existing before; lately manifested; recently discovered; as, a new metal; a new planet; new scenes."
af2803583c,Legs,"limb or an appendage of an animal, used for locomotion or support."
af2803583c,Can,Used to indicate physical or mental ability
af2803583c,Tornado,A rotating column of air ranging in width from a few yards to more than a mile and whirling at destructively high speeds
af2803583c,Preview,an advertisement consisting of short scenes from a motion picture that will appear in the near future.
af2803583c,New,"Not before seen or known, although existing before"
e592776b4d,Legs,"limbs, leg of man, walking with legs, foot, legs of animal"
e592776b4d,Can,"could, able, ability, achieve, efficient,"
e592776b4d,Tornado,"go, cracking, fracture, whirl, fling, sally, crack, fissure, wisecrack, twister, quip, pass, tornado, cleft, offer, snap, crevice, chap"
e592776b4d,Preview,"review, old, advance, previous, back, rewind, duplicate, draft"
e592776b4d,New,"new magazine, fresh, newly produced, hot, cealed, branded, new version, new colour"
646b79770b,Legs,"is a part of body,human and animals has legs,human has two legs,some animals has two and some has four,with legs only we can walk."
646b79770b,Can,"it a grammer word,asking for a help or asking can for do something with their permission"
646b79770b,Tornado,"A violently rotating column of air, pendant from a cumulonimbus cloud, and thunder,black air before raining"
646b79770b,Preview,"orientation,checking,seeing the file before print,to check wheather we did any mistake or not."
646b79770b,New,"when we using something first is new,new dress,some new module,"
02a0a9701a,Legs,"Legs:Is a organs,helping hand,walk,jump,play,has bones,has skin ,has colour."
02a0a9701a,Can,"Can:is a auxiliary word,helping sentences,express ability,confidence."
02a0a9701a,Tornado,"Tornado:Is a noun,weather,wind,storm,violence,wind form."
02a0a9701a,Preview,"Preview:Pre-implementation,primary show,study,show research,examination,survey,first appearance."
02a0a9701a,New,"New:Modern,advanced,fresh, original,,latest,new found."
1c6ee77d92,Sport,"action, amusement, athletics, ball, disport, diversion, exercise, frolic, fun, fun and games, gaiety, game, games, pastime, physical activity, picnic, play, pleasure, recreation"
1c6ee77d92,Hamburger,"Salisbury steak, beefburger, burger, cheeseburger, chopped beefsteak, ground chuck, ground round, ground"
1c6ee77d92,Follower,"addict,adherent,admirer,advocate, apostle,attendant, backer, believer, bootlicker,buff,client,cohort,companion,convert, copycat,devotee,disciple,fan, fancier,freak, habitué, hanger-on,helper, imitator, lackey,member,minion,parasite,participant,partisan"
1c6ee77d92,Hidden,"QT, abstruse, buried, clandestine, cloaked, close, clouded, concealed, covered, covert, cryptic, dark, disguised, eclipsed, esoteric, hermetic, hermetical, imperceivable, in the dark, indiscernible, invisible, latent, masked, mysterious, mystic, mystical, obscure, occult"
1c6ee77d92,Leaf,"blade, bract, flag, foliole, frond, leaflet, needle, pad, petal, petiole, scale, stalk, stipule"
c284e4a997,Sport,"An act,extra curricular,medals,races,feeling free."
c284e4a997,Hamburger,"relatively a dish,western,not a main cuisine."
c284e4a997,Follower,"An idealogist,keeps an ism,a leador,an idea,an oath."
c284e4a997,Hidden,"Not shown,under cover,a thrill,a child play."
c284e4a997,Leaf,"A green,without it the tree is clumsy,needs sun light,makes starch."
0ff6f25e1c,Sport,every student and athlete participate
0ff6f25e1c,Hamburger,telling lies
0ff6f25e1c,Follower,who follow leaders
0ff6f25e1c,Hidden,something which is suppose to be find
0ff6f25e1c,Leaf,trees got more and some can find in the ground around the trees
ffd05a2b19,Sport,a formed group of either men and women who compete to see who is the better person or team
ffd05a2b19,Hamburger,a meat substance in round form or in seperated form to make sandwiches or be used in meals
ffd05a2b19,Follower,a person is not a leader but choses the right or beliefs of another person or group
ffd05a2b19,Hidden,an obect that is out of clear plain sight from another individual
ffd05a2b19,Leaf,an object that resides on a tree and can have many different colors throughout the year
d2ee442783,Sport,"Physical activity governed by a set of rules or customs, often engaged in competitively. A particular form of activity. An activity involving physical exertion and skill that is governed by a set of rules or customs, often undertaking competitively. An active pastime; recreation."
d2ee442783,Hamburger,"Ground meat, usually beef. A Roll/Bun sandwich made with meat."
d2ee442783,Follower,"One who following another. A person or thing that follows; specific a person who follows another's beliefs or teachings; disciple a servant or attendant a gear or part of a machine that is given motion by another part, esp. the last driven part"
d2ee442783,Hidden,"An undisclosed plan, especially one with an ulterior motive. A matter which can not open in front of others"
d2ee442783,Leaf,"A usually green, flattened, lateral structure attached to a stem. Leaves considered as a group. Thin sheet of material, especially metal. Movable section of a folding door, shutter, or gate. One of several metal strips forming a leaf spring."
fe6c3218eb,Sport,"Games such football, soccer, fishing, baseball, tennis etc. Sometimes teams compete for trophies or money."
fe6c3218eb,Hamburger,"A fast-food snack, comprising of cooked beef sandwiched between a bun."
fe6c3218eb,Follower,"A supporter of a sport or T.V show etc. Someone who is very interested in a sport, organization or program"
fe6c3218eb,Hidden,"Out of sight,"
fe6c3218eb,Leaf,"A part of a plant or bush, can be many colours, edible and nonedible."
2b15616b23,Sport,good spirit
2b15616b23,Hamburger,a kind of bread to eat
2b15616b23,Follower,on who follows someone
2b15616b23,Hidden,kept in an unknown place
2b15616b23,Leaf,a part of plant
95e2618c28,Sport,"Physical activity that is governed by a set of rules or customs and often engaged in competitively.,A particular form of this activity"
95e2618c28,Hamburger,"Ground meat, usually beef."
95e2618c28,Follower,a person who accepts the teachings of another; disciple; adherent
95e2618c28,Hidden,"not accessible to view; ""concealed (or hidden) damage""; ""in stormy weather the stars are out of sight"""
95e2618c28,Leaf,"A usually green, flattened, lateral structure attached to a stem and functioning as a principal organ of photosynthesis and transpiration in most plants."
d6fbaf0859,Sport,"activity such as basketball, volleyball ,"
d6fbaf0859,Hamburger,"bread and patty with vegetable and dressing, food"
d6fbaf0859,Follower,"supporters, fans, to rally for a cause"
d6fbaf0859,Hidden,"kept, secluded"
d6fbaf0859,Leaf,"part of a plant, green part associated with photosythesis"
df5ff96a53,Sport,Physical activity or games.
df5ff96a53,Hamburger,Patty of minced  beef between a bun.
df5ff96a53,Follower,Someone who comes after.
df5ff96a53,Hidden,In a secret place. Out of view.
df5ff96a53,Leaf,Foliage from a tree or bush. Page from a book.
445e2b4e1e,Sport,"is a game,or an event,an exercise"
445e2b4e1e,Hamburger,"is a snack,is a fast food,made with meat,bread roll,cheese,sauce,delicious"
445e2b4e1e,Follower,"One who follows the path of a person,devotee,making one as a role model,doing whatever one does,disciple"
445e2b4e1e,Hidden,"not shown,away from our eyes"
445e2b4e1e,Leaf,"a part of a plant,mainly in green colour"
d2238a631b,Sport,"That which diverts, and makes mirth; pastime; amusement."
d2238a631b,Hamburger,beef that has been ground
d2238a631b,Follower,One who follows; a pursuer; an attendant; a disciple; a dependent associate; a retainer.
d2238a631b,Hidden,it is invisible for the place or things
d2238a631b,Leaf,"A colored, usually green, expansion growing from the side of a stem or rootstock, in which the sap for the use of the plant is elaborated under the influence of light; one of the parts of a plant which collectively constitute its foliage."
eb09612a37,Sport,game
eb09612a37,Hamburger,hinder
eb09612a37,Follower,come behind
eb09612a37,Hidden,chick
eb09612a37,Leaf,trees
e87cf6cd3b,Sport,"an athletic activity requiring skill or physical prowess and often of a competitive nature, as racing, baseball, tennis, golf, bowling, wrestling, boxing, hunting, fishing, etc."
e87cf6cd3b,Hamburger,"a sandwich consisting of a cooked patty of ground or chopped beef, usually in a roll or bun, variously garnished."
e87cf6cd3b,Follower,a person who follows  another in regard to his or her ideas or belief; disciple or adherent.
e87cf6cd3b,Hidden,concealed.
e87cf6cd3b,Leaf,"one of the expanded, usually green organs borne by the stem of a plant."
e08052f6c3,Sport,"A game played,different sports like cricket,hockey,football,basketball,baseball,badminton,ball,bat,racquet.indoor or outdoor,single and involves group of people."
e08052f6c3,Hamburger,"a loaf,edible,food."
e08052f6c3,Follower,"someone who follows a definite path,person, activities."
e08052f6c3,Hidden,that which is not seen.not letting anyone to know or concealed
e08052f6c3,Leaf,"green in colour,that which every plants have,the process of photosynthesis in plants takes place through it.has a definite shape, which has veins and leaflets."
5a27dfc4b5,Sport,"run around, playing, games, boast, frolic, to enjoy, cavort, fun."
5a27dfc4b5,Hamburger,"a sandwich made up of bun with fried minced beef in between,very tasty, junk food, one easily fills the belly."
5a27dfc4b5,Follower,"person who walks behind someone, who obeys someone, who accepts someone as a leader, to follow is to understand."
5a27dfc4b5,Hidden,"keeping self out of sight of others, covered, camouflaged, may be for protection or disguise, cannot be discovered, concealed from others view."
5a27dfc4b5,Leaf,"important part of plant using which it prepares food, cookhouse of plant, photosynthesis, also implies turn pages of book,even means develop or produce."
b605293af4,Sport,"game you play, people watch it on TV, involves balls and other equipment"
b605293af4,Hamburger,"is a meat patty on a bun, is food, is served at fast food places"
b605293af4,Follower,"is someone who does what others say, doesn't make their own decisions, doesn't think for themselves"
b605293af4,Hidden,"is not able to be found, is out of sight, has to be located"
b605293af4,Leaf,"grows on trees, is green, turns colors in the fall"
64fbf86e46,Sport,"an athletic activity requiring skill or physical prowess and often of a competitive nature,diversion; recreation,jest, pleasantry ,ridicule,something tossed about like a plaything,a person who behaves in a sportsmanlike, fair, or admirable manner,mutation,to amuse oneself with some pleasant pastime,"
64fbf86e46,Hamburger,"a patty of ground beef,a sandwich consisting of such a patty fried or broiled and served on a bun or roll,beef that has been ground,"
64fbf86e46,Follower,"a person or thing that follows,a person who follows another in regard to his or her ideas or belief,a person who imitates, copies, or takes as a model or ideal,an attendant, servant, or retainer,a mechanical part receiving motion from or following the movements of another part, esp. a cam"
64fbf86e46,Hidden,"concealed; obscure; covert,secret ,,difficult to find,the past participle of ""hide"","
64fbf86e46,Leaf,"one of the expanded, usu. green organs borne by the stem of a plant,a sheet usu. of paper, esp. as part of a document, one side of each sheet constituting a page,a thin sheet of metal,a sliding, hinged, or detachable flat part, as of a tabletop,to turn pages, esp. quickly"
85e1f85b71,Sport,"play, energize, win, lose, good at, bad at"
85e1f85b71,Hamburger,"yummy in a bun, ronald mcdonald, the king"
85e1f85b71,Follower,"supporter, bandwagonist, imitator"
85e1f85b71,Hidden,"not to be found, maybe lost, can't find"
85e1f85b71,Leaf,"photosynthesis, on the stem of a tree, green"
10d4f79779,Sport,"A particular form of this activity, An active pastime; recreation, An object of mockery, jest, or play, A joking mood or attitude."
10d4f79779,Hamburger,"Ground meat, usually beef, A patty of such meat, a flat fried cake of minced beef, often served in a bread roll, two (or more) slices of bread with a filling between them."
10d4f79779,Follower,"A servant; a subordinate, an enthusiast or supporter, as of a sport or team, A machine element moved by another machine element."
10d4f79779,Hidden,"not accessible to view, concealed or obscured, invisible"
10d4f79779,Leaf,"A special organ of vegetation in the form of a lateral outgrowth from the stem, A portion of fat lying in a separate fold or layer."
d0f1e4030a,Sport,football
d0f1e4030a,Hamburger,cake of beef
d0f1e4030a,Follower,fallower
d0f1e4030a,Hidden,tressure
d0f1e4030a,Leaf,green
92ea18c297,Sport,game involving physical exercise
92ea18c297,Hamburger,A patty of such meat
92ea18c297,Follower,a subordinate
92ea18c297,Hidden,concealed
92ea18c297,Leaf,foliage
b6b6e0188b,Sport,"is played, has a lot of different kinds, played all over the world, is interesting, is fun, is exciting, is challenging, competitive, may be played as a team or by individuals"
b6b6e0188b,Hamburger,"is made of beef, usually comes with tomatoes, onions, lettuce and bread and may be served with fries, tastes good, found in restaurants but may be made at home, is edible, may be eaten with ketchup, mayo and mustard"
b6b6e0188b,Follower,"takes orders, may or may not be part of a team"
b6b6e0188b,Hidden,"can't be found, location is unknown"
b6b6e0188b,Leaf,"grows from different plants and trees, comes in various shapes, changes colors as the seasons change, grows from a stem or branch"
58348c44b2,Sport,"fitness activity, exercise for the body, competition associated with games, winners and loosers"
58348c44b2,Hamburger,"meat that is in between a bun, pork, beef, chicken"
58348c44b2,Follower,"not a leader, someone who doesn't like to take risks"
58348c44b2,Hidden,"out of sight, hard to find"
58348c44b2,Leaf,"flower part of a tree, the organ of a plant"
cef0fec366,Sport,a game the people play. usually competitive. the goal is to win
cef0fec366,Hamburger,"a food made with a ground beef patty on a bread bun, usually with cheese and condiments like ketchup"
cef0fec366,Follower,"someone who followers, not a leader, not one that leads"
cef0fec366,Hidden,"not in view, can't be seen"
cef0fec366,Leaf,"something that is made by a tree, usually green, it makes food for the tree or plant that it comes from"
694b2d8fb5,Sport,"physical games ,good mood , indicates different games , played by people in group , required equipments to play"
694b2d8fb5,Hamburger,"an eating item , something with bun and meat , used as snack , fast food , a quick food ,"
694b2d8fb5,Follower,"believing or following some other persons rules or ideas or activities , somebody who comes behind or chasing behind , somebody who comes after a person regularly , good listener"
694b2d8fb5,Hidden,"something that can not be viewed , hiding something from other person , to lie about something , not disclosing"
694b2d8fb5,Leaf,"a part of plant , responsible for producing energy from light , an important aspect of plant , a light small sheet of paper"
c4ec0ebf47,Sport,"Game, activity, winter sport, team game, hobby"
c4ec0ebf47,Hamburger,"food item, edible, bread and meat and vegetables"
c4ec0ebf47,Follower,"Fan, admirer, hanger-on, devotee, disciple, adherent"
c4ec0ebf47,Hidden,"Concealed, out of sight, unseen, secreted, veiled, buried, unknown,"
c4ec0ebf47,Leaf,"Sheet, piece of paper, side, folio"
7cf403bfc3,Sport,"a game or competitive activity.cricket,football,racing"
7cf403bfc3,Hamburger,cake of minced beef
7cf403bfc3,Follower,supporter or devotee
7cf403bfc3,Hidden,"secret motivation behind a policy,statement"
7cf403bfc3,Leaf,"each of several flattened,green structures of a plant,growing"
2622f61522,Sport,"athletics, fun, play, mutant, mutation, variation, sportsman, sportswoman, summercater, cavort, disport, frisk, frolic, gambol, lark, lark about, rollick, romp, run around, skylark, boast, feature"
2622f61522,Hamburger,"ground beef, beefburger, burger"
2622f61522,Follower,"People, mass."
2622f61522,Hidden,"obscure, secret, concealed, out of sight"
2622f61522,Leaf,"folio, foliage, leafage, flick, flip, riff, riffle, thumb"
0da623e05b,Sport,"1.
an athletic activity requiring skill or physical prowess and often of a competitive nature, as racing, baseball, tennis, golf, bowling, wrestling, boxing, hunting, fishing, etc.
2.
a particular form of this, especially in the out of doors.
3.
diversion; recreation; pleasant pastime.
4.
jest; fun; mirth; pleasantry: What he said in sport was taken seriously.
5.
mockery; ridicule; derision: They made sport of him."
0da623e05b,Hamburger,"1.
a sandwich consisting of a cooked patty of ground or chopped beef, usually in a roll or bun, variously garnished.
2.
ground or chopped beef.
3.
Also called Hamburg steak . a patty of ground or chopped beef, seasoned and fried or broiled."
0da623e05b,Follower,"1.
a person or thing that follows.
2.
a person who follows  another in regard to his or her ideas or belief; disciple or adherent.
3.
a person who imitates, copies, or takes as a model or ideal: He was little more than a follower of current modes.
4.
an attendant, servant, or retainer.
5.
a person who follows  or subscribes to another's posts on a social-networking Web site: He spent hours figuring out how to get more followers on Twitter."
0da623e05b,Hidden,"1.
concealed; obscure; covert: hidden meaning; hidden hostility."
0da623e05b,Leaf,"1.
one of the expanded, usually green organs borne by the stem of a plant.
2.
any similar or corresponding lateral outgrowth of a stem.
3.
a petal: a rose leaf.
4.
leaves collectively; foliage.
5.
Bibliography . a unit generally comprising two printed, blank, or illustrated pages of a book, one on each side."
186db71701,Sport,"A sport is a recreational or athletic activity,An example of sport is soccer.,Sport means something used for athletic activities. (adjective)

An example of sport is a drink formulated to supplement the nutritional needs of an athlete.
Sport means to wear, usually something that calls attention. (verb)

An example of sport is to wear red socks with pink shorts.#

Entertainment

diversion, recreation, play, amusement, merrymaking, jollification, festivity, revelry, revel, Saturnalia, carnival, pastime, pleasure, enjoyment; see also entertainment 2, fun, game 1.
#

A joke

raillery, pleasantry, mockery, jest, jesting, mirth, joking, mummery, antics, trifling, tomfoolery, nonsense, jollity, laughter, drollery, escapade, practical joke."
186db71701,Hamburger,"ground beef,a fried, broiled, or baked patty of such meat,a sandwich made with such a patty, usually in a round bun,chopped beefsteak, minute steak, Salisbury steak, ground round, ground chuck, ground beef, mince (British), burger*; see also beef"
186db71701,Follower,"a person or thing that follows; specif.,a person who follows anther's beliefs or teachings; disciple,a servant or attendant,a gear or part of a machine that is given motion by another part, esp. the last driven par,"
186db71701,Hidden,"hide,concealed; secret,secreted, secluded, out of sight, private, covert, concealed, undercover, occult, arcane, in the dark, in a haze, in a fog, in darkness, masked, screened, veiled, cloaked, obscured, disguised, socked in, invisible, clouded, sealed, unobserved, blotted, in eclipse, impenetrable, unseen, eclipsed, unexposed, camouflaged, enshrouded, undetected, shrouded, shadowy, unknown, indiscernible, latent, buried, opaque, deep, unsuspected, inscrutable, unapparent, inexplicable, illegible, unintelligible, imperceptible, puzzling, unobserved, out of view, dim, recondite, overlaid, clandestine, subterranean, cloistered, suppressed, secured, hermetic, dark, inward, underground, unrevealed, undisclosed, inert, withheld, surreptitious, sequestered, underhand, unsearchable, kept in the dark*, under wraps*, kept dark*; see also covered 1, isolated, obscure 1, withdrawn."
186db71701,Leaf,"any of the flat, thin, expanded organs, usually green, growing laterally from the stem or twig of a plant: it usually consists of a broad blade, a petiole, or stalk, and stipulates and is involved in the processes of photosynthesis and transpiration,#

The leafy organ of a plant

leaflet, needle, bract, petiole, blade, frond, stalk,  scale, protective leaf, floral leaf, leaf stalk, seed leaf, calyx leaf,  sepal, ,  petal."
ab266a6b3c,Sport,"is a game, is played, has many forms, is athletic in nature"
ab266a6b3c,Hamburger,"a sandwich, a dish,is edible, a beef or vegetarian patty"
ab266a6b3c,Follower,"who follows someone, a bearig, people follow leaders,"
ab266a6b3c,Hidden,"not visible, behind something,is concealed,is mysterious"
ab266a6b3c,Leaf,"organ of plant, is thin in structure,a single sheet, falls in autumn"
cf8ffe2059,Sport,"games, running"
cf8ffe2059,Hamburger,"food, beef"
cf8ffe2059,Follower,"step, continuer"
cf8ffe2059,Hidden,"invisible, unexposed"
cf8ffe2059,Leaf,"tree, green"
1b9c766662,Sport,is good for health
1b9c766662,Hamburger,tastes great wth pepsi
1b9c766662,Follower,is disciple
1b9c766662,Hidden,means kept
1b9c766662,Leaf,is nice part of a plant
a878e75949,Sport,"activity, workout, game, verses, recreation"
a878e75949,Hamburger,"beef, meat, food, sandwich, angus"
a878e75949,Follower,"copier, behind, devoted to, looks up to, imitator"
a878e75949,Hidden,"secret, private, lost, well placed, sacred"
a878e75949,Leaf,"tree, green, plant, sheet of paper, to go through"
43135d06e2,Sport,"game, physical activity, athelete, skill"
43135d06e2,Hamburger,"sandwich, ground meat, bread roll"
43135d06e2,Follower,"principle, one who follows the other, disciple"
43135d06e2,Hidden,"keeping things from notice, hide"
43135d06e2,Leaf,"organ of vascular plant, photosynthesis, organ that grow above ground"
070f292d88,Sport,"athletics, games, athletes, competition"
070f292d88,Hamburger,"meat, food, beef, buns, tomato, pickles, onions, cheese, ketchup, mustard"
070f292d88,Follower,"shadow, copier,"
070f292d88,Hidden,"not seen, disappear, out of sight"
070f292d88,Leaf,"grows on trees, plant, green,"
5a97554418,Sport,"A pro or recreational physical activity, often involving a point system"
5a97554418,Hamburger,"Grilled ground beef patty eaten on a bun, often includes vegetable, cheese or condiments on the patty"
5a97554418,Follower,"Something that is behind a peron, or word. Someone in pursuit of another."
5a97554418,Hidden,"Not overt, tucked away, stored so others can not find it. Something that needs to be found."
5a97554418,Leaf,Green tree and plant foliage. A page in a book.
6be52007c6,Sport,"a. Physical activity that is governed by a set of rules or customs and often engaged in competitively.
b. A particular form of this activity.
2. An activity involving physical exertion and skill that is governed by a set of rules or customs and often undertaken competitively.
3. An active pastime; recreation.
4.
a. Mockery; jest: He made sport of his own looks.
b. An object of mockery, jest, or play: treated our interests as sport.
c. A joking mood or attitude: She made the remark in sport.
5.
a. One known for the manner of one's acceptance of rules, especially of a game, or of a difficult situation: a poor sport.
b. Informal One who accepts rules or difficult situations well.
c. Informal A pleasant companion: was a real sport during the trip."
6be52007c6,Hamburger,"a. Ground meat, usually beef.
b. A patty of such meat.
2. A sandwich made with a patty of ground meat usually in a roll or bun."
6be52007c6,Follower,"One who subscribes to the teachings or methods of another; an adherent: a follower of Gandhi.
2. A servant; a subordinate.
3. A fan; an enthusiast.
4. One that imitates or copies another: A successful marketing campaign will have many followers.
5. A machine element moved by another machine element."
6be52007c6,Hidden,".	hidden - not accessible to view; ""concealed (or hidden) damage""; ""in stormy weather the stars are out of sight""
concealed, out of sight
invisible, unseeable - impossible or nearly impossible to see; imperceptible by the eye; ""the invisible man""; ""invisible rays""; ""an invisible hinge""; ""invisible mending""
2.	hidden - designed to elude detection; ""a hidden room or place of concealment such as a priest hole""; ""a secret passage""; ""the secret compartment in the desk""
secret
concealed - hidden on any grounds for any motive; ""a concealed weapon""; ""a concealed compartment in his briefcase""
3.	hidden - difficult to find; ""hidden valleys""; ""a hidden cave""; ""an obscure retreat"""
6be52007c6,Leaf,"A usually green, flattened, lateral structure attached to a stem and functioning as a principal organ of photosynthesis and transpiration in most plants.
2. A leaflike organ or structure.
3.
a. Leaves considered as a group; foliage.
b. The state or time of having or showing leaves: trees in full leaf.
4. The leaves of a plant used or processed for a specific purpose: large supplies of tobacco leaf.
5. Any of the sheets of paper bound in a book, each side of which constitutes a page."
3c84e2112e,Sport,"game, played by teams, usually have referee, indoor and outdoor"
3c84e2112e,Hamburger,"fastfood, sandwich, usually contains meat, tasty , spicy"
3c84e2112e,Follower,"disciple, student, follows guru or teacher"
3c84e2112e,Hidden,"mysterious, not clear, secret, blurry, yet to be solved or discovered...."
3c84e2112e,Leaf,"part of tree or plant, usually green, have chlorophyll."
c3069fbff3,Sport,"Physical activity, physical exertion and skill that is governed by a set of rules or customs and often undertaken competitively, An active pastime; recreation, A person who lives a jolly, extravagant life, Amorous dalliance; lovemaking,To play or frolic,To joke or trifle"
c3069fbff3,Hamburger,"Ground meat, usually beef,A patty of such meat,A sandwich made with a patty of ground meat usually in a roll or bun, a flat fried cake of minced beef, often served in a bread roll Also called Hamburger steak beefburger, beef that has been ground,"
c3069fbff3,Follower,"One who subscribes to the teachings or methods of another; an adherent, A servant; a subordinate, A fan; an enthusiast,One that imitates or copies another,A machine element moved by another machine element,a person who accepts the teachings of another; disciple; adherent, an attendant or henchman,an enthusiast or supporter, as of a sport or team, a male admirer, Rare a pursuer, (Engineering / Mechanical Engineering) a machine part that derives its motion by following the motion of another part"
c3069fbff3,Hidden,"A past participle of hide,concealed or obscured,not accessible to view; ""concealed (or hidden) damage""; ""in stormy weather the stars are out of sight"",designed to elude detection; ""a hidden room or place of concealment such as a priest hole""; ""a secret passage""; ""the secret compartment in the desk"", difficult to find; ""hidden valleys""; ""a hidden cave""; ""an obscure retreat"",secret, veiled, dark, mysterious, obscure, mystical, mystic, shrouded, occult, latent, cryptic, hermetic, ulterior, abstruse, recondite, hermetical,concealed, covered, secret, covert, unseen, clandestine, secreted, under wraps, unrevealed."
c3069fbff3,Leaf,"A usually green, flattened, lateral structure attached to a stem and functioning as a principal organ of photosynthesis and transpiration in most plants,A leaflike organ or structure,. Leaves considered as a group; foliage,. Leaves considered as a group; foliage, The leaves of a plant used or processed for a specific purpose, Any of the sheets of paper bound in a book, each side of which constitutes a page, A very thin sheet of material, especially metal,Such leaves considered as a group, A hinged or removable section for a table top,A hinged or otherwise movable section of a folding door, shutter, or gate,One of several metal strips forming a leaf spring"
5ba4c32397,Sport,"involves physical activity,good for mental health,good for physical health,necessary for physical fitness,involves competition,some involve team work,one winner and one loser,involve mental exercise,different types of sports for example football,tennis,basketball e.t.c"
5ba4c32397,Hamburger,"sandwich made with meat in a roll or bun,edible,usually beef is used,mustard is also an important ingredient,delicious,tasty,Garlic,smells really good,"
5ba4c32397,Follower,"person travel behind some other person or a leader,highly motivated,highly inspired by the leader,a subordinate, an enthusiast,a fan,follows the opinions or teachings of leader,good listening skills,attentive,reliable,honesty"
5ba4c32397,Hidden,"secret,concealed,not seen easily,obscured,unseen,not clearly visible,encrypted,"
5ba4c32397,Leaf,"A flattened structure of a higher plant, typically green and blade like,attached to a stem directly or via a stalk,principal organ of photosynthesis,transpiration"
72b7c72b42,Sport,"its a physical game,many people can play,good exersice,getting prizes"
72b7c72b42,Hamburger,"its a food,ham and burger,nice snack,fast food"
72b7c72b42,Follower,"it means who following somebody,like we following god"
72b7c72b42,Hidden,"something we cannot see,somebody make it hidden,hidden cameras"
72b7c72b42,Leaf,"its a part of trees/plants,kitchen of trees,leafs are there for electric fan also,"
6535a83758,Sport,"Physical activity that is governed by a set of rules, to play,recreation,a pleasant companion,frolic"
6535a83758,Hamburger,"A sandwich consisting of a cooked patty of ground meat placed inside a sliced bread roll,  Germany's second largest city, beefburger,cheeseburger"
6535a83758,Follower,"One that imitates or copies another person, admirer, enthusiast, a poem by Seamus Heaney"
6535a83758,Hidden,"past participle of hide,concealed, out of sight,difficult to find, a 2009 Norwegian psychological horror film"
6535a83758,Leaf,"organ of a vascular plant, usually green in colour,has chlorophyll,the main organ of photosynthesis,"
93a7dd374a,Sport,it a small thing
93a7dd374a,Hamburger,it to eat
93a7dd374a,Follower,to follow other one or other thing
93a7dd374a,Hidden,it not to see our eyes
93a7dd374a,Leaf,"its green in color,  it saw in a plant, they are different kinds"
a99eff3ef7,Sport,A sport is a recreational or athletic activity
a99eff3ef7,Hamburger,"a fried, broiled, or baked patty of such meat"
a99eff3ef7,Follower,a person or thing that follows
a99eff3ef7,Hidden,secret
a99eff3ef7,Leaf,"any of the flat, thin, expanded organs, usually green, growing laterally from the stem or twig of a plant"
acf69928c1,Sport,"Sport is a form of exercise for the body, sports include cricket, basketball, football, many people follow different types of sports."
acf69928c1,Hamburger,"Hamburger is fast food junk, it contains mustard, ketchup, onions, pickles, beef. Sold in Mcdonalds, cheapest on the menu."
acf69928c1,Follower,"Follower is a person who follows something that inspires them, maybe in religion or ambition, or even a stalker."
acf69928c1,Hidden,"Secrets are hidden, many people have hidden secrets that are very rarely revealed"
acf69928c1,Leaf,"leaf is green, its grows on the branch on the tree, contains chorophyll that gives it the green pigmentation."
2486e8fbec,Sport,"a game, a physical workout, an entertainment"
2486e8fbec,Hamburger,"a city, a food, meat product"
2486e8fbec,Follower,"imitator, who backs others, cannot initiate anything"
2486e8fbec,Hidden,"under, deep in"
2486e8fbec,Leaf,"a plant part, organ for photosynthesis"
6d2481195c,Sport,sport (noun) an activity involving physical exertion and skill in which an individual or team competes against another
6d2481195c,Hamburger,"hamburger (noun) a flat circular cake of minced beef, fried or grilled and typically served in a bread roll."
6d2481195c,Follower,follower (noun) a person who supports and admires a particular person or set of ideas: a person who moves or travels
6d2481195c,Hidden,hidden past participle of. (adjective). Kept out of sight; concealed: |
6d2481195c,Leaf,"leaf (noun) a flattened structure of a higher plant, typically green and blade-like, that is attached to a stem directly or via a stalk."
cdf81c2126,Sport,recreation
cdf81c2126,Hamburger,ground or chopped beef
cdf81c2126,Follower,a person or thing that follows
cdf81c2126,Hidden,concealed
cdf81c2126,Leaf,a petal
1c7639828f,Sport,"Physical events, Physical activity that is governed by a set of rule, an athletic activity requiring skill or physical prowess"
1c7639828f,Hamburger,"sandwich consisting of a cooked patty of ground meat, usually in a roll or bun, variously garnished, contains ground or chopped beef."
1c7639828f,Follower,"a person who accepts the leadership of another, a subordinate,Coming next in time or orde"
1c7639828f,Hidden,"secret; not known; mysterious, covered"
1c7639828f,Leaf,"an organ of a vascular plant,usually green organs borne by the stem of a plant,used to prepare food for plants"
e180b38ede,Sport,"good for health, competiton"
e180b38ede,Hamburger,"junk food, sandwich"
e180b38ede,Follower,"a fan, servent"
e180b38ede,Hidden,"secret, hidden cave"
e180b38ede,Leaf,"part of a plant, green in colour"
2a6566d746,Sport,"an athletic activity requiring skill or physical prowess and often of a competitive nature, as racing, baseball, tennis, golf, bowling, wrestling, boxing, hunting, fishing, etc.,a particular form of this, especially in the out of doors,diversion; recreation; pleasant pastime.."
2a6566d746,Hamburger,"a sandwich consisting of a cooked patty of ground or chopped beef, usually in a roll or bun, variously garnished.,ground or chopped beef,"
2a6566d746,Follower,"a person or thing that follows,a person who follows  another in regard to his or her ideas or belief; disciple or adherent,a person who imitates, copies, or takes as a model or ideal: He was little more than a follower of current modes.an attendant, servant, or retainer."
2a6566d746,Hidden,"to conceal from sight; prevent from being seen or discovered,to obstruct the view of; cover up,to conceal from knowledge or exposure; keep secret: to hide one's feelings."
2a6566d746,Leaf,"one of the expanded, usually green organs borne by the stem of a plant,any similar or corresponding lateral outgrowth of a stem,a petal."
4792a552bb,Sport,"Sport is all forms of physical activity which, through casual or organised participation, aim to use, maintain or improve physical fitness and provide entertainment to participants. Sport may be competitive, where a winner or winners can be identified by objective means, and may require a degree of skill, especially at higher levels. Hundreds of sports exist, including those for a single participant, through to those with hundreds of simultaneous participants, either in teams or competing as individuals. Some non-physical activities, such as board games and card games are sometimes referred to as sports, but a sport is generally recognised as being based in physical athleticism.
Sports are usually governed by a set of rules or customs. Physical events such as scoring goals or crossing a line first often define the result of a sport. However, the degree of skill and performance in some sports such as diving, dressage and figure skating is judged according to well-defined criteria. This is in contrast with other judged activities such as beauty pageants and body building, where skill does not have to be shown and the criteria are not as well defined.
Records are kept and updated for most sports at the highest levels, while failures and accomplishments are widely announced in sport news. Sports are most often played just for fun or for the simple fact that people need exercise to stay in good physical condition. However, professional sport is a major source of entertainment.
While practices may vary, participants in many sports are expected to display good sportsmanship, and observe standards of conduct such as being respectful of opponents and officials, and congratulating the winner after having lost."
4792a552bb,Hamburger,"A hamburger (also known as simply a burger) is a sandwich consisting of a cooked patty of ground meat (usually beef, but occasionally pork or a combination of meats) usually placed inside a sliced bread roll. Hamburgers are often served with lettuce, bacon, tomato, onion, pickles, cheese and condiments such as mustard, mayonnaise, ketchup and relish.
The term hamburger or burger can also be applied to the meat patty on its own, especially in the UK where the term ""patty"" is rarely used, although the term ""hamburger"" is rarely used in Commonwealth nations (other than Canada)."
4792a552bb,Follower,"Follower is a poem by Seamus Heaney released in his 1966 collection Death of a Naturalist. The poem is about how he admired and followed his father.
In this poem, Heaney reflects and looks back almost nostalgically at Irish farming through a description of his father's ploughing expertise. He vividly describes his memories of his father's abilities and explains to his readers his total, uncompromising admiration for his father as the young boy he used to be. The rhyming scheme is as skillful as the action it describes and a further note on structure would be the development from admiration to irritation: ""Behind me and won't go away"". This is a cycle which can be related to all over the world in many different situations. Heaney had a stroke in 1990 but recovered, he did not write about this event.
This poem was included in the GCSE AQA Anthology."
4792a552bb,Hidden,"Hidden or The Hidden can refer to:
Concealment, keeping things from notice or view
L'Encobert (in Catalan; El Encubierto in Spanish; ""The Hidden [One]""), a mysterious rebel leader in the Revolt of the Brotherhoods in Valencia in 1522
Hidden (2005 film) (originally released under the name Caché), a 2005 French drama film
Hidden (album), a 2010 album by British group These New Puritans
Hidden (Torchwood), a Torchwood spin-off audiobook
Hidden (2009 film), a 2009 Norwegian horror film
Hidden (TV series), a 2011 BBC television drama
The Hidden, a 1987 science fiction/horror film
The Hidden (novel), a 2006 suspense novel by Kathy Mackel
The Hidden (game developer), a defunct British game developer
The Hidden (video game), a modification to the computer game Half Life 2
The Hidden (Animorphs), the thirty-ninth book in the Animorphs series by K.A. Applegate.
""The Hidden"" (The Penguins of Madagascar episode), an episode of The Penguins of Madagascar"
4792a552bb,Leaf,"A leaf is an organ of a vascular plant, as defined in botanical terms, and in particular in plant morphology. Foliage is a mass noun that refers to leaves as a feature of plants.
Typically a leaf is a thin, flattened organ borne above ground and specialized for photosynthesis, but many types of leaves are adapted in ways almost unrecognisable in those terms: not flat (such as many succulent leaves and conifers), not above ground (such as bulb scales), or without photosynthetic function (consider for example cataphylls, spines, and cotyledons).
Conversely, many structures of non-vascular plants, or even of some lichens, do look and function much like leaves. Several structures found in vascular plants look like leaves but have different structures; examples include phyllodes and phylloclades."
b245d0513e,Sport,"game, skill, entertainment, stadium, tickets, group of people"
b245d0513e,Hamburger,"restaurant, food, fattening, fried, ketchup"
b245d0513e,Follower,"disciple, walk behind, after the leader, religious, politics"
b245d0513e,Hidden,"unseen, not obvious, lost from view, obstruction from view"
b245d0513e,Leaf,"page of a book, file folder, trees, sunlight, shade, gives shape"
6b2ac0ef88,Sport,physical activity
6b2ac0ef88,Hamburger,sandwich made from beef
6b2ac0ef88,Follower,one who follows another
6b2ac0ef88,Hidden,concealed
6b2ac0ef88,Leaf,organ of plants
ce58ffe106,Sport,"recreational activity, work, entertainment, pleasure, vocation, action, recreation, amusement, play, athletics, picnic, disport, gaiety, ball, physical activity diversion, game, fun, past time, frolic"
ce58ffe106,Hamburger,"ground beef sandwich, ground sirloin burger, salisbury steak, ground chuck, chopped beefsteak, cheeseburger"
ce58ffe106,Follower,"person who believes, addict, leader, zealot, adherent, advocate, vassal, attendant, sidekick , admirer, advocate, backer, buff, believer, cohort, copycat, bootlicker, companion, devotee, minion, hanger-on, representative, participant, imitator, fancier,"
ce58ffe106,Hidden,"unseen, bare, secret, uncovered, unrevealed, showing, abstruse, cloaked, surreptitious, covert, concealed, disguised, cryptic, open, shadowy, recondite, invisible, imperceivable, exposed, dark, covered, screened, hermetic, eclipsed, cloaked, seen,"
ce58ffe106,Leaf,"green foliage of plant, flip through, blade, stipule, thumb, browse, bract, stalk, scan, petal, flag, run through, frond, glance, dip into, riff, petiole, needle, riffle, petiole pad, petal"
de4de943fb,Sport,"An activity with the set of rules,A particular form of activity, Game, A play, Recreation, Group Activity for Exercise"
de4de943fb,Hamburger,"Patty of meat, Beef, A Burger name which contain meat"
de4de943fb,Follower,"a Servent, Some one who belive in teachings,Subordinate, An Adherent"
de4de943fb,Hidden,"Not Accessible, a Secret , Difficult to find, Impossible to see"
de4de943fb,Leaf,"Green, Colored, A plant part, Expension Growing from the side of stem, A principal Organ of Photosynthesis"
0611e09ef3,Sport,"games or competitions involving physical activities,,she is very keen on sport of all kinds"
0611e09ef3,Hamburger,"round cake of minced beaf, usually fried"
0611e09ef3,Follower,"a person who follows, especially the philosophy, ideas etc of another person"
0611e09ef3,Hidden,(made in such a way as to be ) difficult to see or find
0611e09ef3,Leaf,"a part of plant growing from the side of a stem..usually green , flat & thin ,but of various shapes depending on the plant"
efb16f8dba,Sport,"running, swimming, jumping, shooting, punching, kicking"
efb16f8dba,Hamburger,"delicious, double fatty,"
efb16f8dba,Follower,"successor, student"
efb16f8dba,Hidden,"can't be seen, blurred, unknown"
efb16f8dba,Leaf,"green, plants, tree,"
cb82bc68a5,Again,"Repeat something, do something over"
cb82bc68a5,Love,"An emotion, a feeling, represented by heart, necessary in relationships"
cb82bc68a5,Bible,"Holy book of Christians, written by God, Old testament and New testament"
cb82bc68a5,Temperature,"hot or cold, usually related to the weather, measured by Celsius or Fahrenheit"
cb82bc68a5,Tired,"feeling, caused by too much work or physical activity"
95e2618c28,Again,"Once more,Furthermore,moreover"
95e2618c28,Love,"A deep, tender, ineffable feeling of affection and solicitude toward a person, such as that arising from kinship, recognition of attractive qualities, or a sense of underlying oneness."
95e2618c28,Bible,"The sacred book of Christianity, a collection of ancient writings including the books of both the Old Testament and the New Testament."
95e2618c28,Temperature,"The degree of hotness or coldness of a body or environment,A measure of the average kinetic energy of the particles in a sample of matter, expressed in terms of units or degrees designated on a standard scale."
95e2618c28,Tired,"Exhausted of strength or energy; fatigued.,mpatient; bored"
7a6643b5b8,Again,"another time, more than once"
7a6643b5b8,Love,"emotion of affection and caring, attachment"
7a6643b5b8,Bible,"a book, religious, used by Christians"
7a6643b5b8,Temperature,"a measure of the heat contained by a matter, relates to the kinetic energy of the substance, various scales are used"
7a6643b5b8,Tired,"a physical or emotional state of exhaustion, principal part of verb 'to tire'"
0ff6f25e1c,Again,do it repetedly
0ff6f25e1c,Love,something which is created in side our heart
0ff6f25e1c,Bible,it is a good book
0ff6f25e1c,Temperature,heat
0ff6f25e1c,Tired,nothing left
a878e75949,Again,"repeat, do over, retry, one more time, more"
a878e75949,Love,"care, adore, worship, strong feelings for, children, God, serve, to care for"
a878e75949,Bible,"Truth, Holy Book, God's Word, Jesus, creation, ancient words, love, salvation, hope, purpose, sin, Heaven, Hell, church"
a878e75949,Temperature,"climate, freezing, balmy, warm, cold, cook, degrees"
a878e75949,Tired,"sleepy, wasted, spent, needs rest, yawning"
cdf81c2126,Again,once more
cdf81c2126,Love,"a profoundly tender, passionate affection for another person"
cdf81c2126,Bible,"the collection of sacred writings of the Christian religion,"
cdf81c2126,Temperature,"mildness, as of the weather"
cdf81c2126,Tired,"exhausted, as by exertion"
a99eff3ef7,Again,Again refers to something that is repeated
a99eff3ef7,Love,"Love is a feeling of deep affection, passion or strong liking"
a99eff3ef7,Bible,The Bible is a book of religious scriptures or any book that a person lives by
a99eff3ef7,Temperature,"a measure of the quantity of heat in an object, usually as measured on a thermometer"
a99eff3ef7,Tired,"Tired describes being bored with something, or something that has become stale or being fatigued and in need of rest"
d0f1e4030a,Again,repeat
d0f1e4030a,Love,is life
d0f1e4030a,Bible,secred book
d0f1e4030a,Temperature,must be moderate
d0f1e4030a,Tired,of playing
e592776b4d,Again,"once more, once again, again, over again"
e592776b4d,Love,"dear, sexual love, erotic love, beloved, dearest, love life, making love, lovemaking, passion, honey"
e592776b4d,Bible,"password, account book, parole, rule book, record, ledger, news, tidings, countersign, bible verses"
e592776b4d,Temperature,"hot, Celsius, Fahrenheit, cool, cold, daily temperature"
e592776b4d,Tired,"hackneyed, stock, commonplace, trite, threadbare, banal, shopworn, old-hat, well-worn"
3c84e2112e,Again,"re, to do again, copy something, sometimes for improvisation,"
3c84e2112e,Love,"affection, towards beloved, lover,"
3c84e2112e,Bible,"holy book, of Christians, story of Jesus,"
3c84e2112e,Temperature,"measure of hot and cold, in degrees, thermometer,"
3c84e2112e,Tired,"sick, fed up by something. feeling lazy,"
932ad1fc41,Again,"once,give,not."
932ad1fc41,Love,"human,animals,hurts,feeling."
932ad1fc41,Bible,"holy book,christians."
932ad1fc41,Temperature,"high,low,hot,cold,fever."
932ad1fc41,Tired,"sleeping,writing,reading,resting,working."
4792a552bb,Again,"Again may refer to:
In albums:
Again (Colder album)
Again (Jewelry album)
Again, an album by Alan Stivell
Again (Pnau album), a 2003 album by Pnau
In songs:
""Again"" (1949 song), a popular song written by Lionel Newman and Dorcas Cochran, recorded by many singers
""Again"" (Alice in Chains song)
""Again"" (Faith Evans song)
""Again"" (Flyleaf song)
""Again"" (Janet Jackson song)
""Again"" (Lenny Kravitz song)
""Again"" (Yui song)
""Again"", by Archive from You All Look the Same to Me
""Again"", by Earshot from Two
""Again"", by Jennifer Lopez from This Is Me... Then
""Again"", by Kutless from Kutless
""Again"", by Yui Sakakibara
""Again"", by Shizuka Kudo
In video games:
""Again"" (video game), a 2009 adventure game for the Nintendo DS"
4792a552bb,Love,"The word ""love"" can have a variety of related but distinct meanings in different contexts. Often, other languages use multiple words to express some of the different concepts that English relies mainly on ""love"" to encapsulate; one example is the plurality of Greek words for ""love."" Cultural differences in conceptualizing love thus make it doubly difficult to establish any universal definition.
Although the nature or essence of love is a subject of frequent debate, different aspects of the word can be clarified by determining what isn't love. As a general expression of positive sentiment (a stronger form of like), love is commonly contrasted with hate (or neutral apathy); as a less sexual and more emotionally intimate form of romantic attachment, love is commonly contrasted with lust; and as an interpersonal relationship with romantic overtones, love is sometimes contrasted with friendship, although the word love is often applied to close friendships.


Fraternal love (Prehispanic sculpture from 250–900 A.D., of Huastec origin). Museum of Anthropology in Xalapa, Veracruz, Mexico.
When discussed in the abstract, love usually refers to interpersonal love, an experience felt by a person for another person. Love often involves caring for or identifying with a person or thing (cf. vulnerability and care theory of love), including oneself (cf. narcissism). In addition to cross-cultural differences in understanding love, ideas about love have also changed greatly over time. Some historians date modern conceptions of romantic love to courtly Europe during or after the Middle Ages, although the prior existence of romantic attachments is attested by ancient love poetry.
Because of the complex and abstract nature of love, discourse on love is commonly reduced to a thought-terminating cliché, and there are a number of common proverbs regarding love, from Virgil's ""Love conquers all"" to The Beatles' ""All You Need Is Love"". St. Thomas Aquinas, following Aristotle, defines love as ""to will the good of another."" Bertrand Russell describes love as a condition of ""absolute value,"" as opposed to relative value. Philosopher Gottfried Leibniz said that love is ""to be delighted by the happiness of another."" Meher Baba stated that in love there is a ""feeling of unity"" and an ""active appreciation of the intrinsic worth of the object of love.""
Love is sometimes referred to as being the ""international language"", overriding cultural and linguistic divisions."
4792a552bb,Bible,"The Bible (from Koine Greek τὰ βιβλία ta biblia ""the books"") refers to any one of the collections of the primary religious texts of Judaism and Christianity. There is no common version of the Bible, as the individual books (Biblical canon), their contents and their order vary among denominations. Mainstream Judaism divides the Tanakh into 24 books, while a minority stream of Judaism, the Samaritans, accepts only five. The 24 texts of the Hebrew Bible are divided into 39 books in Christian Old Testaments, and complete Christian Bibles range from the 66 books of the Protestant canon to the 81 books of the Ethiopian Orthodox Church Bible. The Hebrew and Christian Bibles are also important to other Abrahamic religions, including Islam and the Bahá'í Faith, but those religions do not regard them as central religious texts.
The Jewish Bible, or Tanakh, is divided into three parts:  the five books of the Torah (""teaching"" or ""law""), comprising the origins of the Israelite nation, its laws and its covenant with the God of Israel;  the Nevi'im (""prophets""), containing the historic account of ancient Israel and Judah focusing on conflicts between the Israelites and other nations, and conflicts among Israelites – specifically, struggles between believers in ""the Lord God"" and believers in foreign gods, and the criticism of unethical and unjust behavior of Israelite elites and rulers; and (3) the Ketuvim (""writings""): poetic and philosophical works such as the Psalms and the Book of Job.
The Christian Bible is divided into two parts. The first is called the Old Testament, containing the (minimum) 39 books of Hebrew Scripture, and the second portion is called the New Testament, containing a set of 27 books. The first four books of the New Testament form the Canonical gospels which recount the life of Christ and are central to the Christian faith. Christian Bibles include the books of the Hebrew Bible, but arranged in a different order: Jewish Scripture ends with the people of Israel restored to Jerusalem and the temple, whereas the Christian arrangement ends with the book of the prophet Malachi. The oldest surviving Christian Bibles are Greek manuscripts from the 4th century; the oldest complete Jewish Bible is a Greek translation, also dating to the 4th century. The oldest complete manuscripts of the Hebrew Bible (the Masoretic text) date from the Middle Ages.
During the three centuries following the establishment of Christianity in the 1st century, Church Fathers compiled Gospel accounts and letters of apostles into a Christian Bible which became known as the New Testament. The Old and New Testaments together are commonly referred to as ""The Holy Bible"" (τὰ βιβλία τὰ ἅγια). Many Christians consider the text of the Bible to be divinely inspired, and cite passages in the Bible itself as support for this belief. The canonical composition of the Old Testament is under dispute between Christian groups: Protestants hold only the books of the Hebrew Bible to be canonical; Roman Catholics and Eastern Orthodox additionally consider the deuterocanonical books, a group of Jewish books, to be canonical. The New Testament is composed of the Gospels (""good news""), the Acts of the Apostles, the Epistles (letters), and the Book of Revelation.
The Bible is the best-selling book in history with approximate sales estimates ranging from 2.5 billion to 6 billion."
4792a552bb,Temperature,"Temperature is a physical property of matter that quantitatively expresses the common notions of hot and cold. Objects of low temperature are cold, while various degrees of higher temperatures are referred to as warm or hot. Heat spontaneously flows from bodies of a higher temperature to bodies of lower temperature, and no net heat will be exchanged between bodies of the same temperature. Such bodies are said to be in ""thermal equilibrium"".
The temperature of a substance varies with the microscopic speed of the fundamental particles that it contains, raised to the second power; that is, it is proportional to the mean kinetic energy of its particles. However any increase in temperature upon receiving external kinetic energy as heat is also inversely proportional to heat capacity. Temperature can be thought of as the ""concentration"" of kinetic energy relative to its heat capacity. A higher heat capacity implies a higher entropy in which to ""spread out"" the kinetic energy. A hot object must at least either have a smaller heat capacity or a larger kinetic energy than a cold object.
Quantitatively, temperature is measured with thermometers, which may be calibrated to a variety of temperature scales.


Thermal vibration of a segment of protein alpha helix. The amplitude of the vibrations increases with temperature.
Temperature plays an important role in all fields of natural science, including physics, geology, chemistry, atmospheric sciences and biology."
4792a552bb,Tired,"Tired may refer to:
Fatigue (medical), a feeling of exhaustion
""Tired"", a song by Rollins Band on Weight from 1994
""Tired"", a song by Willa Ford on Willa Was Here from 2001
""Tired"", a song by LCD Soundsystem on LCD Soundsystem from 2005
""Tired"", a song by Adele on 19 from 2007
""Tired"", a song originally performed by Tabitha's Secret, covered by Matchbox Twenty
Tired (EP), a 2002 EP by Monkey Majik"
694b2d8fb5,Again,"repeat ,working on a work once more , doing something more than one time , loop"
694b2d8fb5,Love,"a feeling shared between two people , a special feeling , concerns about another person or animal , a concept used for getting close to others"
694b2d8fb5,Bible,"the spiritual book on Christianity,a holy book on Jesus and his deeds ,a book with lot of writings , can be used as a life guide to forgive and forget many things to be happy"
694b2d8fb5,Temperature,"Indicates heat or cold , body state , something that can be felt , an indication of fever or cold"
694b2d8fb5,Tired,"its a physical or mental feeling , loss of energy ,becoming  weak , a state of restlessness , something that is felt by the perosn"
1b9c766662,Again,means again
1b9c766662,Love,is required for life.
1b9c766662,Bible,is great book of religion
1b9c766662,Temperature,is rising day by day.
1b9c766662,Tired,of doing boring things in life.
cf8ffe2059,Again,"repeat, oncemore"
cf8ffe2059,Love,"affection, kind"
cf8ffe2059,Bible,"book, christian"
cf8ffe2059,Temperature,"climate, degree"
cf8ffe2059,Tired,"weak, rest"
2622f61522,Again,"once again, once more, over again"
2622f61522,Love,"love life, lovemaking, making love, sexual love, passion,"
2622f61522,Bible,"book, christian bible, good book, holy scripture, holy writ, scripture, word, word of god"
2622f61522,Temperature,"Temper, Hot, cool."
2622f61522,Tired,"banal, commonplace, hackneyed, old-hat, shopworn, stock, threadbare, timeworn, trite, well-worn"
8af586439b,Again,"is an adverb, Something that is repeated, return to a place"
8af586439b,Love,"is a noun/verb,strong affection, emotion, attachment,devotion"
8af586439b,Bible,"Book of christian religion, sacred writing book"
8af586439b,Temperature,"The degree of hot/cold of a body/environment, heat in the body of a living organisms"
8af586439b,Tired,"To diminish the strength, to exhaust the interest/patience"
faed1af4c3,Again,"repeat, do things over"
faed1af4c3,Love,"emotion, care, opposite of hate"
faed1af4c3,Bible,"holy book, religious book of christians, teaches principles of life"
faed1af4c3,Temperature,degree of heat
faed1af4c3,Tired,"fatigued, weary"
2a6566d746,Again,"once more; another time; anew; in addition,in an additional case or instance; moreover; besides; furthermore,to the same place or person,in an additional case or instance; moreover; besides; furthermore."
2a6566d746,Love,"a profoundly tender, passionate affection for another person,a feeling of warm personal attachment or deep affection, as for a parent, child, or friend,sexual passion or desire,a person toward whom love is felt; beloved person; sweetheart,"
2a6566d746,Bible,"the collection of sacred writings of the Christian religion, comprising the Old and New Testaments,the sacred writings of any religion,any book, reference work, periodical, etc., accepted as authoritative, informative, or reliable."
2a6566d746,Temperature,"a measure of the warmth or coldness of an object or substance with reference to some standard value.,the degree of heat in a living body, normally about 98.6°F (37°C) in humans,mildness, as of the weather."
2a6566d746,Tired,"exhausted, as by exertion; fatigued or sleepy,weary or bored,hackneyed; stale, as a joke, phrase, or sermon, impatient or disgusted."
0da623e05b,Again,"1.
once more; another time; anew; in addition: Will you spell your name again, please?
2.
in an additional case or instance; moreover; besides; furthermore.
3.
on the other hand: It might happen, and again it might not.
4.
back; in return; in reply: to answer again.
5.
to the same place or person: to return again.
Idioms
6.
again and again, with frequent repetition; often: They went over the same arguments again and again.
7.
as much again, twice as much: She earns as much again as I do."
0da623e05b,Love,"1.
a profoundly tender, passionate affection for another person.
2.
a feeling of warm personal attachment or deep affection, as for a parent, child, or friend.
3.
sexual passion or desire.
4.
a person toward whom love is felt; beloved person; sweetheart.
5.
(used in direct address as a term of endearment, affection, or the like): Would you like to see a movie, love?"
0da623e05b,Bible,"1.
the collection of sacred writings of the Christian religion, comprising the Old and New Testaments.
2.
Also called Hebrew Scriptures. the collection of sacred writings of the Jewish religion: known to Christians as the Old Testament.
3.
( often lowercase ) the sacred writings of any religion.
4.
( lowercase ) any book, reference work, periodical, etc., accepted as authoritative, informative, or reliable: He regarded that particular bird book as the birdwatchers' bible."
0da623e05b,Temperature,"1.
a measure of the warmth or coldness of an object or substance with reference to some standard value. The temperature of two systems is the same when the systems are in thermal equilibrium.
2.
Physiology, Pathology .
a.
the degree of heat in a living body, normally about 98.6°F (37°C) in humans.
b.
the excess of this above the normal.
3.
Obsolete . mildness, as of the weather.
4.
Obsolete . temperament."
0da623e05b,Tired,"1.
exhausted, as by exertion; fatigued or sleepy: a tired runner.
2.
weary or bored (usually followed by of ): tired of the same food every day.
3.
hackneyed; stale, as a joke, phrase, or sermon.
4.
Informal . impatient or disgusted: You make me tired."
0611e09ef3,Again,once more or another time
0611e09ef3,Love,feeling of great fondness or enthusiasm for a person or thing
0611e09ef3,Bible,the sacred writing of the christian church
0611e09ef3,Temperature,the amount of degree of cold or heat
0611e09ef3,Tired,"wearied,exhausted"
d35bd0ad39,Again,"its repeating,its frustrating,its a loop,comes back"
d35bd0ad39,Love,"its in real life,in films,in animals ,very emotional,everyone has."
d35bd0ad39,Bible,"religion,massive thing,jesus,book of christians,ver big"
d35bd0ad39,Temperature,"its hot,cold ,warm,found by thermometer,room temperature"
d35bd0ad39,Tired,"everyone feels,can be of hardwork,workout,playing"
2ce584e724,Again,To repeat something such as a scenario or situation.
2ce584e724,Love,To care or be extremely passionate about something.
2ce584e724,Bible,A book about a certain religion.
2ce584e724,Temperature,"How hot or cold something is, such as the weather."
2ce584e724,Tired,When you are stressed out from working.
10d4f79779,Again,"Another time, once more,  Once repeated, Furthermore, On the other hand."
10d4f79779,Love,"a profoundly tender, passionate affection for another person, to have a strong liking for; take great pleasure in, a feeling of warm personal attachment or deep affection, as for a parent, child, or friend."
10d4f79779,Bible,"word of god, the sacred writings of any religion, the collection of sacred writings of the Christian religion, comprising the Old and New Testaments."
10d4f79779,Temperature,"a measure of the warmth or coldness of an object or substance with reference to some standard value, Obsolete . mildness, as of the weather, Physiology, Pathology"
10d4f79779,Tired,"exhausted, as by exertion; fatigued or sleepy, weary or bored, hackneyed; stale, as a joke, phrase, or sermon"
93a7dd374a,Again,chance to try one more
93a7dd374a,Love,"its a beautiful feeling, its coming not only mans, birds, animals etc"
93a7dd374a,Bible,its a holy book of christians to pray
93a7dd374a,Temperature,it denooted hot
93a7dd374a,Tired,its mean the weekness of a man
92ea18c297,Again,furthermore
92ea18c297,Love,affection
92ea18c297,Bible,sacred book of Christianity
92ea18c297,Temperature,degree of hotness and coldness
92ea18c297,Tired,lack of energy
802fdeb9c8,Again,"Second time, Once more, Another time"
802fdeb9c8,Love,"Feel affection for, Be mad about, Very much like to other thins like human or things."
802fdeb9c8,Bible,The holy book which comes from god
802fdeb9c8,Temperature,"very cold, very hot, Normal weather"
802fdeb9c8,Tired,"Sleepy , Situation after hard work, Weary"
eb09612a37,Again,repeat
eb09612a37,Love,affection
eb09612a37,Bible,christian's scriptures
eb09612a37,Temperature,heat
eb09612a37,Tired,weekness
cc0fd23c05,Again,"Again:- afresh, anew, anon, bis, , come again, encore, freshly, newly, once more, one more time, ,, recurrently, reiteratively, repeatedly"
cc0fd23c05,Love,"Love:-copulate, mate, pair, couple,like ."
cc0fd23c05,Bible,"Bible :- the Good Book, God's word, the Word, the Scriptures, the Holy Scriptures, the Old Testament, the New Testament, the Torah, the Canon, the Testaments, Sacred History, the Writings of the Apostles and Prophets, Holy Writ, the Holy Bible, the Word of God, Testament, the Book ."
cc0fd23c05,Temperature,"Temperature:-temperate zone , temperature change , temperature gradient  ,  temperature reduction  temperature scale  ,hot ,cold ."
cc0fd23c05,Tired,"Tired:- all in, aweary beat, beaten, bleary, burned-out (or burnt-out), bushed, dead, done, done in, drained, exhausted, fatigued, jaded, knackered , limp, logy (also loggy), played out, pooped [slang], prostrate, spent, tapped out, tired,, wearied, wiped out, worn, worn-out"
de4de943fb,Again,"Once more, Returning to the previous condition or Situation, Repeated"
de4de943fb,Love,"An intense feeling of deep Affection,A deep romantic or Sexual Attachment of someone, A great Pleasure with someone,A person or thing that one loves."
de4de943fb,Bible,"The Christian Scriptures, consisting of Old and new Testaments, A Book Regarded as Authoritative."
de4de943fb,Temperature,"The Degree, ntesity of heat present in a Substance, The degree of excitement."
de4de943fb,Tired,"In need to sleep or rest, No longer fresh,Not in Good Condition."
b245d0513e,Again,"repeat, second chance, wait for return, frequent occurrence"
b245d0513e,Love,"deep feeling, spouse, children, compassion, virtue, God"
b245d0513e,Bible,"book, testament, path to follow, mental peace, prayers"
b245d0513e,Temperature,"degree of hotness, perspire, fever, drink in winter, clothing, cooking"
b245d0513e,Tired,"spent, need rest, postpone work, sleep, shade"
12cd8cba34,Again,is another time
12cd8cba34,Love,is an affection between two people
12cd8cba34,Bible,is christian's geetha
12cd8cba34,Temperature,is a physical quantity to measure heat.
12cd8cba34,Tired,Means feeling not well. Not having energy.
2b15616b23,Again,once more
2b15616b23,Love,a kind of feeling towards a person
2b15616b23,Bible,it is holy book of christians.
2b15616b23,Temperature,means weather
2b15616b23,Tired,means exhausted of energy
ce58ffe106,Again,"repeatedly, afresh, another time, reiteratively, repeated, anew, come again, anew, by and by, bis, anon, encore, one more time, freshly, newly, once more, over, recurrently over and over, lately"
ce58ffe106,Love,"adoration, adulation, amity affection, very strong liking, allegiance, ardency, amorousness, attachment, crush, appreciation, devotedness, emotion, flame, enjoyment. enchantment, idolatry, hankering, fondness, inclination infatuation, soft spot, respect, regard, tenderness, worship, canonize, prize, crazy about, worship, treasure, scorn, dislike, hate"
ce58ffe106,Bible,"holy book, authority, the good news, authoritative book, creed, guidebook, guide, handbook, sacred writings, manual, sacred writ, testament, text"
ce58ffe106,Temperature,"body heat, hotness, calefaction, coldness of some degree, climate, cold, degrees, condition, febriety, heat incalescence, warmth, pyrexia, thermal reading"
ce58ffe106,Tired,"blah, common, bland, trite, burn out, collapse, crawl, fatigue, flag, fold, harass, weary, weaken, wear out, wilt, wear down, peter out, poop out, overtax, overburden, fold, go stale, grow weary, faint, fell, droop, drain, displease, deject, depress"
df5ff96a53,Again,A repetition. Once more.
df5ff96a53,Love,A feeling of deep affection and fondness.
df5ff96a53,Bible,Book of holy writing.
df5ff96a53,Temperature,Feeling of heat of cold.
df5ff96a53,Tired,Needing sleep. Feeling lethargic.
e87cf6cd3b,Again,with frequent repetition.
e87cf6cd3b,Love,"a feeling of warm personal attachment or deep affection, as for a parent, child, or friend."
e87cf6cd3b,Bible,"the collection of sacred writings of the Christian religion, comprising the Old and New Testaments."
e87cf6cd3b,Temperature,a measure of the warmth or coldness.
e87cf6cd3b,Tired,"exhausted, as by exertion."
1c6ee77d92,Again,"afresh, anew, anon, bis, by and by, come again, encore, freshly, newly, once more, one more time, over, over and over, recurrently, reiteratively, repeatedly"
1c6ee77d92,Love,"adulation, affection, allegiance, amity, amorousness, amour, appreciation, ardency, ardor, attachment, case, cherishing, crush, delight, devotedness, devotion, emotion, enchantment, enjoyment, fervor, fidelity, flame, fondness, friendship, hankering, idolatry, inclination"
1c6ee77d92,Bible,"authority, creed, doctrine, guide, guidebook, handbook, manual, sacred writ, sacred writings, scripture, testament, text, the good news"
1c6ee77d92,Temperature,"body heat, calefaction, climate, cold, condition, degrees, febricity, feverishness, heat, incalescence, pyrexia, thermal reading, warmth"
1c6ee77d92,Tired,"anemic, beat, bleary, bushed, dazed, dead beat, dizzy, dog-tired, done in, drained, drowsy, exhausted, faint, fatigued, floppy, limp, muzzy, pooped, shaky, shattered, sleepy, slow, somnolent, tired out, unsteady, weak , weary, wobbly, woozy, worn out"
a7cece6cf4,Again,"Again is to say something, is a English word, To tell something repeatedly, we use it when we speak etc"
a7cece6cf4,Love,"Affection, mothers care, husband and wife, to love animals, purity, Adam and eve, impressed by someone, romance, sex etc"
a7cece6cf4,Bible,"to read, holy book, Christians, Jesus, world prayers, church etc"
a7cece6cf4,Temperature,"climate, autumn, hot, winter, world temperature, volcano, high , low etc"
a7cece6cf4,Tired,"tiredness of work, sweating, tired of shopping, tired of cooking, night shift, late night works, physically tired etc"
7272f16288,Again,"more than once, repeating something else"
7272f16288,Love,"a warm feeling towards someone, to like, to adore, can lead to marriage, can lead to sex, romantic love, friend love"
7272f16288,Bible,"the scriptures of Christianity, an authoritative book about something, contains the Old Testament, contains the New Testament, translated from ancient languages, a book"
7272f16288,Temperature,"how hot something is, a fever (""to run a temperature""), measured by a thermometer, a measure of kinetic energy of particles, measured in degrees Celsius or Fahrenheit or Kelvin"
7272f16288,Tired,"sleepy, not alert, exhausted, bored, trite"
64fbf86e46,Again,"another time, once more, anew, in addition , moreover, besides, furthermore, in return,to the same place or person"
64fbf86e46,Love,"affection,attachment,interpersonal attraction,familial love,sexual love,relegious love,platonic love, romantic love, amity,involvement"
64fbf86e46,Bible,"sacred writings of christian relegion, hebrew scriptures, contains old testament and new testament,shows life of Jesus Christ , is the best selling book in history"
64fbf86e46,Temperature,"body heat, hotness or coldness of some degree,feverishness,heat, febricity , warmth, climate,thermal reading"
64fbf86e46,Tired,"exhausted, weary, burnout,collapse, debilitate,go stale, faint,give out,strain, weaken"
cef0fec366,Again,"something that happens more than once, being repeated"
cef0fec366,Love,a feeling that people for each other have when they have great respect and care for each other
cef0fec366,Bible,a sacred book (to some) written thousands of years ago over a period of hundreds of years by many hundreds of people telling the many storied beginning from the creation of the earth. Some believe this to be the word of god.
cef0fec366,Temperature,a number given to the feeling of hot or cold outside on any given day.
cef0fec366,Tired,"feeling sleepy, not lively and awake, sluggish, needing sleep"
85e1f85b71,Again,"once more, another time, repeat,"
85e1f85b71,Love,"heart, tears, passion, family, friends, spouse, children"
85e1f85b71,Bible,"scriptures, Jesus, Lucifer, genesis, ten commandments"
85e1f85b71,Temperature,"thermometer, mercury level, hot, cold, warm"
85e1f85b71,Tired,"exhausted, needs rest, lack of sleep, drained, not feeling upbeat"
fe6c3218eb,Again,One more time.to repeat the same action
fe6c3218eb,Love,"affection, liking, fondness, admiration."
fe6c3218eb,Bible,"Holy book of the Christian faith. Detailing all about Jesus, Christ, Holy Mary and all the Saints"
fe6c3218eb,Temperature,degree of heat or cold
fe6c3218eb,Tired,"To become exhausted, to be weary"
43f7e46034,Again,"Again may refer to:

In albums:

    Again (Colder album)
    Again (Jewelry album)
    Again, an album by Alan Stivell
    Again (Pnau album), a 2003 album by Pnau

In songs:

    ""Again"" (1949 song), a popular song written by Lionel Newman and Dorcas Cochran, recorded by many singers
    ""Again"" (Alice in Chains song)
    ""Again"" (Faith Evans song)
    ""Again"" (Flyleaf song)
    ""Again"" (Janet Jackson song)
    ""Again"" (Lenny Kravitz song)
    ""Again"" (Yui song)
    ""Again"", by Archive from You All Look the Same to Me
    ""Again"", by Earshot from Two
    ""Again"", by Jennifer Lopez from This Is Me... Then
    ""Again"", by Kutless from Kutless
    ""Again"", by Yui Sakakibara
    ""Again"", by Shizuka Kudo

In video games:

    ""Again"" (video game), a 2009 adventure game for the Nintendo DS"
43f7e46034,Love,"Love is an emotion of strong affection and personal attachment.[1] In philosophical context, love is a virtue representing all of human kindness, compassion, and affection. Love is central to many religions, as in the Christian phrase, ""God is love"" or Agape in the Canonical gospels.[2] Love may also be described as actions towards others (or oneself) based on compassion, or as actions towards others based on affection.[3]

In English, love refers to a variety of different feelings, states, and attitudes, ranging from pleasure (""I loved that meal"") to interpersonal attraction (""I love my partner""). ""Love"" may refer specifically to the passionate desire and intimacy of romantic love, to the sexual love of eros, to the emotional closeness of familial love, or the platonic love that defines friendship,[4] to the profound oneness or devotion of religious love.[5] This diversity of uses and meanings, combined with the complexity of the feelings involved, makes love unusually difficult to consistently define, even compared to other emotional states.

Love in its various forms acts as a major facilitator of interpersonal relationships and, owing to its central psychological importance, is one of the most common themes in the creative arts.[6]

Love may be understood a part of the survival instinct, a function keep human beings together against menaces and to facilitate the continuation of the species.[7]
Contents
 [hide] 

    1 Definitions
    2 Impersonal love
    3 Interpersonal love
        3.1 Biological basis
        3.2 Psychological basis
        3.3 Evolutionary basis
        3.4 Comparison of scientific models
    4 Cultural views
        4.1 Persian
        4.2 Chinese and other Sinic cultures
        4.3 Japanese
        4.4 Ancient Greek
        4.5 Turkish (Shaman & Islamic)
        4.6 Ancient Roman (Latin)
    5 Religious views
        5.1 Abrahamic religions
            5.1.1 Judaism
            5.1.2 Christianity
            5.1.3 Islam
        5.2 Eastern religions
            5.2.1 Buddhism
            5.2.2 Hinduism
    6 References
    7 Sources
    8 External links

Definitions
Part of a series on
Love
Heart icon red hollow.svg
Basic aspects[show]
Historically[show]
Types of emotion[show]
See also[show]
v · d · e

The word ""love"" can have a variety of related but distinct meanings in different contexts. Often, other languages use multiple words to express some of the different concepts that English relies mainly on ""love"" to encapsulate; one example is the plurality of Greek words for ""love."" Cultural differences in conceptualizing love thus make it doubly difficult to establish any universal definition.[8]

Although the nature or essence of love is a subject of frequent debate, different aspects of the word can be clarified by determining what isn't love. As a general expression of positive sentiment (a stronger form of like), love is commonly contrasted with hate (or neutral apathy); as a less sexual and more emotionally intimate form of romantic attachment, love is commonly contrasted with lust; and as an interpersonal relationship with romantic overtones, love is sometimes contrasted with friendship, although the word love is often applied to close friendships.
Fraternal love (Prehispanic sculpture from 250–900 A.D., of Huastec origin). Museum of Anthropology in Xalapa, Veracruz, Mexico.

When discussed in the abstract, love usually refers to interpersonal love, an experience felt by a person for another person. Love often involves caring for or identifying with a person or thing (cf. vulnerability and care theory of love), including oneself (cf. narcissism). In addition to cross-cultural differences in understanding love, ideas about love have also changed greatly over time. Some historians date modern conceptions of romantic love to courtly Europe during or after the Middle Ages, although the prior existence of romantic attachments is attested by ancient love poetry.[9]

Because of the complex and abstract nature of love, discourse on love is commonly reduced to a thought-terminating cliché, and there are a number of common proverbs regarding love, from Virgil's ""Love conquers all"" to The Beatles' ""All You Need Is Love"". St. Thomas Aquinas, following Aristotle, defines love as ""to will the good of another.""[10] Bertrand Russell describes love as a condition of ""absolute value,"" as opposed to relative value. Philosopher Gottfried Leibniz said that love is ""to be delighted by the happiness of another.""[11] Meher Baba stated that in love there is a ""feeling of unity"" and an ""active appreciation of the intrinsic worth of the object of love.""[12]

Love is sometimes referred to as being the ""international language"", overriding cultural and linguistic divisions.
Impersonal love

A person can be said to love an object, principle, or goal if they value it greatly and are deeply committed to it. Similarly, compassionate outreach and volunteer workers' ""love"" of their cause may sometimes be borne not of interpersonal love, but impersonal love coupled with altruism and strong spiritual or political convictions.[13] People can also ""love"" material objects, animals, or activities if they invest themselves in bonding or otherwise identifying with those things. If sexual passion is also involved, this condition is called paraphilia.[14]
Interpersonal love

Interpersonal love refers to love between human beings. It is a more potent sentiment than a simple liking for another. Unrequited love refers to those feelings of love that are not reciprocated. Interpersonal love is most closely associated with interpersonal relationships.[13] Such love might exist between family members, friends, and couples. There are also a number of psychological disorders related to love, such as erotomania.

Throughout history, philosophy and religion have done the most speculation on the phenomenon of love. In the last century, the science of psychology has written a great deal on the subject. In recent years, the sciences of evolutionary psychology, evolutionary biology, anthropology, neuroscience, and biology have added to the understanding of the nature and function of love.
Biological basis
Main article: Biological basis of love

Biological models of sex tend to view love as a mammalian drive, much like hunger or thirst.[15] Helen Fisher, a leading expert in the topic of love, divides the experience of love into three partly overlapping stages: lust, attraction, and attachment. Lust is the feeling of sexual desire; romantic attraction determines what partners mates find attractive and pursue, conserving time and energy by choosing; and attachment involves sharing a home, parental duties, mutual defense, and in humans involves feelings of safety and security.[16] Three distinct neural circuitries, including neurotransmitters, and also three behavioral patterns, are associated with these three romantic styles.[16]

Lust is the initial passionate sexual desire that promotes mating, and involves the increased release of chemicals such as testosterone and estrogen. These effects rarely last more than a few weeks or months. Attraction is the more individualized and romantic desire for a specific candidate for mating, which develops out of lust as commitment to an individual mate forms. Recent studies in neuroscience have indicated that as people fall in love, the brain consistently releases a certain set of chemicals, including pheromones, dopamine, norepinephrine, and serotonin, which act in a manner similar to amphetamines, stimulating the brain's pleasure center and leading to side effects such as increased heart rate, loss of appetite and sleep, and an intense feeling of excitement. Research has indicated that this stage generally lasts from one and a half to three years.[17]

Since the lust and attraction stages are both considered temporary, a third stage is needed to account for long-term relationships. Attachment is the bonding that promotes relationships lasting for many years and even decades. Attachment is generally based on commitments such as marriage and children, or on mutual friendship based on things like shared interests. It has been linked to higher levels of the chemicals oxytocin and vasopressin to a greater degree than short-term relationships have.[17] Enzo Emanuele and coworkers reported the protein molecule known as the nerve growth factor (NGF) has high levels when people first fall in love, but these return to previous levels after one year.[18]
Psychological basis
Further information: Human bonding

Psychology depicts love as a cognitive and social phenomenon. Psychologist Robert Sternberg formulated a triangular theory of love and argued that love has three different components: intimacy, commitment, and passion. Intimacy is a form in which two people share confidences and various details of their personal lives, and is usually shown in friendships and romantic love affairs. Commitment, on the other hand, is the expectation that the relationship is permanent. The last and most common form of love is sexual attraction and passion. Passionate love is shown in infatuation as well as romantic love. All forms of love are viewed as varying combinations of these three components. American psychologist Zick Rubin sought to define love by psychometrics in the 1970s. His work states that three factors constitute love: attachment, caring, and intimacy.[19] [20]
Grandmother and grandchild, Sri Lanka

Following developments in electrical theories such as Coulomb's law, which showed that positive and negative charges attract, analogs in human life were developed, such as ""opposites attract."" Over the last century, research on the nature of human mating has generally found this not to be true when it comes to character and personality—people tend to like people similar to themselves. However, in a few unusual and specific domains, such as immune systems, it seems that humans prefer others who are unlike themselves (e.g., with an orthogonal immune system), since this will lead to a baby that has the best of both worlds.[21] In recent years, various human bonding theories have been developed, described in terms of attachments, ties, bonds, and affinities. Some Western authorities disaggregate into two main components, the altruistic and the narcissistic. This view is represented in the works of Scott Peck, whose work in the field of applied psychology explored the definitions of love and evil. Peck maintains that love is a combination of the ""concern for the spiritual growth of another,"" and simple narcissism.[22] In combination, love is an activity, not simply a feeling.

Psychologist Erich Fromm maintained in his book ""The art of loving"" that love is not merely a feeling but is also actions, and that in fact, the ""feeling"" of love is superficial in comparison to ones commitment to love via a series of loving actions over time.[13] In this sense, Fromm held that love is ultimately not a feeling at all, but rather is a commitment to, and adherence to, loving actions towards another, ones self, or many others, over a sustained duration.[13] Fromm also described Love as a conscious choice that in its early stages might originate as an involuntary feeling, but which then later no longer depends on those feelings, but rather depends only on conscious commitment.[13]
Evolutionary basis

Evolutionary psychology has attempted to provide various reasons for love as a survival tool. Humans are dependent on parental help for a large portion of their lifespans comparative to other mammals. Love has therefore been seen as a mechanism to promote parental support of children for this extended time period. Another factor may be that sexually transmitted diseases can cause, among other effects, permanently reduced fertility, injury to the fetus, and increase complications during childbirth. This would favor monogamous relationships over polygamy.[23]
Comparison of scientific models

Biological models of love tend to see it as a mammalian drive, similar to hunger or thirst.[15] Psychology sees love as more of a social and cultural phenomenon. There are probably elements of truth in both views. Certainly love is influenced by hormones (such as oxytocin), neurotrophins (such as NGF), and pheromones, and how people think and behave in love is influenced by their conceptions of love. The conventional view in biology is that there are two major drives in love: sexual attraction and attachment. Attachment between adults is presumed to work on the same principles that lead an infant to become attached to its mother. The traditional psychological view sees love as being a combination of companionate love and passionate love. Passionate love is intense longing, and is often accompanied by physiological arousal (shortness of breath, rapid heart rate); companionate love is affection and a feeling of intimacy not accompanied by physiological arousal.
Cultural views
Persian

Rumi, Hafiz and Sa'di are icons of the passion and love that the Persian culture and language present. The Persian word for love is eshgh, derived from the Arabic ishq, however is considered by most to be too stalwart a term for interpersonal love and is more commonly substituted for 'doost dashtan' ('liking'). In the Persian culture, everything is encompassed by love and all is for love, starting from loving friends and family, husbands and wives, and eventually reaching the divine love that is the ultimate goal in life. Over seven centuries ago, Sa'di wrote:

                The children of Adam are limbs of one body
                Having been created of one essence.
                When the calamity of time afflicts one limb
                The other limbs cannot remain at rest.
                If you have no sympathy for the troubles of others
                You are not worthy to be called by the name of ""man.""

Chinese and other Sinic cultures
""Ai,"" the traditional Chinese character for love (愛) consists of a heart (middle) inside of ""accept,"" ""feel,"" or ""perceive,"" which shows a graceful emotion. It can also be interpreted as a hand offering ones heart to another hand.

Two philosophical underpinnings of love exist in the Chinese tradition, one from Confucianism which emphasized actions and duty while the other came from Mohism which championed a universal love. A core concept to Confucianism is Ren (""benevolent love"", 仁), which focuses on duty, action and attitude in a relationship rather than love itself. In Confucianism, one displays benevolent love by performing actions such as filial piety from children, kindness from parent, loyalty to the king and so forth.

The concept of Ai (愛) was developed by the Chinese philosopher Mozi in the 4th century BC in reaction to Confucianism's benevolent love. Mozi tried to replace what he considered to be the long-entrenched Chinese over-attachment to family and clan structures with the concept of ""universal love"" (jiān'ài, 兼愛). In this, he argued directly against Confucians who believed that it was natural and correct for people to care about different people in different degrees. Mozi, by contrast, believed people in principle should care for all people equally. Mohism stressed that rather than adopting different attitudes towards different people, love should be unconditional and offered to everyone without regard to reciprocation, not just to friends, family and other Confucian relations. Later in Chinese Buddhism, the term Ai (愛) was adopted to refer to a passionate caring love and was considered a fundamental desire. In Buddhism, Ai was seen as capable of being either selfish or selfless, the latter being a key element towards enlightenment.

In contemporary Chinese, Ai (愛) is often used as the equivalent of the Western concept of love. Ai is used as both a verb (e.g. wo ai ni 我愛你, or ""I love you"") and a noun (such as aiqing 愛情, or ""romantic love""). However, due to the influence of Confucian Ren, the phrase ‘Wo ai ni’ (I love you) carries with it a very specific sense of responsibility, commitment and loyalty. Instead of frequently saying ""I love you"" as in some Western societies, the Chinese are more likely to express feelings of affection in a more casual way. Consequently, ""I like you"" (Wo xihuan ni, 我喜欢你) is a more common way of expressing affection in Chinese; it is more playful and less serious.[24] This is also true in Japanese (suki da, 好きだ). The Chinese are also more likely to say ""I love you"" in English or other foreign languages than they would in their mother tongue.
Japanese

In Japanese Buddhism, ai (愛) is passionate caring love, and a fundamental desire. It can develop towards either selfishness or selflessness and enlightenment. Amae (甘え), a Japanese word meaning ""indulgent dependence,"" is part of the child-rearing culture of Japan. Japanese mothers are expected to hug and indulge their children, and children are expected to reward their mothers by clinging and serving. Some sociologists have suggested that Japanese social interactions in later life are modeled on the mother-child amae.
Ancient Greek

Greek distinguishes several different senses in which the word ""love"" is used. For example, Ancient Greek has the words philia, eros, agape, storge, and xenia. However, with Greek (as with many other languages), it has been historically difficult to separate the meanings of these words totally. At the same time, the Ancient Greek text of the Bible has examples of the verb agapo having the same meaning as phileo.

Agape (ἀγάπη agápē) means love in modern-day Greek. The term s'agapo means I love you in Greek. The word agapo is the verb I love. It generally refers to a ""pure,"" ideal type of love, rather than the physical attraction suggested by eros. However, there are some examples of agape used to mean the same as eros. It has also been translated as ""love of the soul.""

Eros (ἔρως érōs) (from the Greek deity Eros) is passionate love, with sensual desire and longing. The Greek word erota means in love. Plato refined his own definition. Although eros is initially felt for a person, with contemplation it becomes an appreciation of the beauty within that person, or even becomes appreciation of beauty itself. Eros helps the soul recall knowledge of beauty and contributes to an understanding of spiritual truth. Lovers and philosophers are all inspired to seek truth by eros. Some translations list it as ""love of the body.""

Philia (φιλία philía), a dispassionate virtuous love, was a concept developed by Aristotle. It includes loyalty to friends, family, and community, and requires virtue, equality, and familiarity. Philia is motivated by practical reasons; one or both of the parties benefit from the relationship. It can also mean ""love of the mind.""

Storge (στοργή storgē) is natural affection, like that felt by parents for offspring.

Xenia (ξενία xenía), hospitality, was an extremely important practice in Ancient Greece. It was an almost ritualized friendship formed between a host and his guest, who could previously have been strangers. The host fed and provided quarters for the guest, who was expected to repay only with gratitude. The importance of this can be seen throughout Greek mythology—in particular, Homer's Iliad and Odyssey.
Turkish (Shaman & Islamic)

In Turkish, the word ""love"" comes up with several meanings. A person can love a god, a person, parents, or family. But that person can ""love"" just one special person, which they call the word ""aşk."" Aşk is a feeling for to love, or being ""in love"" (Aşık), as it still is in Turkish today. The Turks used this word just for their loves in a romantic or sexual sense. If a Turk says that he is in love (Aşık) with somebody, it is not a love that a person can feel for his or her parents; it is just for one person, and it indicates a huge infatuation. The word is also common for Turkic languages, such as Azerbaijani (eşq) and Kazakh (ғашық).
Ancient Roman (Latin)

The Latin language has several different verbs corresponding to the English word ""love."" amō is the basic verb meaning I love, with the infinitive amare (“to love”) as it still is in Italian today. The Romans used it both in an affectionate sense as well as in a romantic or sexual sense. From this verb come amans—a lover, amator, ""professional lover,"" often with the accessory notion of lechery—and amica, ""girlfriend"" in the English sense, often as well being applied euphemistically to a prostitute. The corresponding noun is amor (the significance of this term for the Romans is well illustrated in the fact, that the name of the City, Rome—in Latin: Roma—can be viewed as an anagram for amor, which was used as the secret name of the City in wide circles in ancient times),[25] which is also used in the plural form to indicate love affairs or sexual adventures. This same root also produces amicus—""friend""—and amicitia, ""friendship"" (often based to mutual advantage, and corresponding sometimes more closely to ""indebtedness"" or ""influence""). Cicero wrote a treatise called On Friendship (de Amicitia), which discusses the notion at some length. Ovid wrote a guide to dating called Ars Amatoria (The Art of Love), which addresses, in depth, everything from extramarital affairs to overprotective parents.

Complicating the picture somewhat, Latin sometimes uses amāre where English would simply say to like. This notion, however, is much more generally expressed in Latin by placere or delectāre, which are used more colloquially, the latter used frequently in the love poetry of Catullus. Diligere often has the notion ""to be affectionate for,"" ""to esteem,"" and rarely if ever is used for romantic love. This word would be appropriate to describe the friendship of two men. The corresponding noun diligentia, however, has the meaning of ""diligence"" or ""carefulness,"" and has little semantic overlap with the verb. Observare is a synonym for diligere; despite the cognate with English, this verb and its corresponding noun, observantia, often denote ""esteem"" or ""affection."" Caritas is used in Latin translations of the Christian Bible to mean ""charitable love""; this meaning, however, is not found in Classical pagan Roman literature. As it arises from a conflation with a Greek word, there is no corresponding verb.
Religious views
Main article: Religious views on love
Abrahamic religions
Robert Indiana's 1977 Love sculpture spelling ahava.
Judaism

In Hebrew, Ahava is the most commonly used term for both interpersonal love and love between God and God's creations. Chesed, often translated as loving-kindness, is used to describe many forms of love between human beings.

The commandment to love other people is given in the Torah, which states, ""Love your neighbor like yourself"" (Leviticus 19:18). The Torah's commandment to love God ""with all your heart, with all your soul and with all your might"" (Deuteronomy 6:5) is taken by the Mishnah (a central text of the Jewish oral law) to refer to good deeds, willingness to sacrifice one's life rather than commit certain serious transgressions, willingness to sacrifice all of one's possessions, and being grateful to the Lord despite adversity (tractate Berachoth 9:5). Rabbinic literature differs as to how this love can be developed, e.g., by contemplating divine deeds or witnessing the marvels of nature. As for love between marital partners, this is deemed an essential ingredient to life: ""See life with the wife you love"" (Ecclesiastes 9:9). The biblical book Song of Solomon is considered a romantically phrased metaphor of love between God and his people, but in its plain reading, reads like a love song. The 20th-century Rabbi Eliyahu Eliezer Dessler is frequently quoted as defining love from the Jewish point of view as ""giving without expecting to take"" (from his Michtav me-Eliyahu, Vol. 1).
Christianity

The Christian understanding is that love comes from God. The love of man and woman—eros in Greek—and the unselfish love of others (agape), are often contrasted as ""ascending"" and ""descending"" love, respectively, but are ultimately the same thing.[26]

There are several Greek words for ""love"" that are regularly referred to in Christian circles.

    Agape: In the New Testament, agapē is charitable, selfless, altruistic, and unconditional. It is parental love, seen as creating goodness in the world; it is the way God is seen to love humanity, and it is seen as the kind of love that Christians aspire to have for one another.
    Phileo: Also used in the New Testament, phileo is a human response to something that is found to be delightful. Also known as ""brotherly love.""
    Two other words for love in the Greek language, eros (sexual love) and storge (child-to-parent love), were never used in the New Testament.

Christians believe that to Love God with all your heart, mind, and strength and Love your neighbor as yourself are the two most important things in life (the greatest commandment of the Jewish Torah, according to Jesus; cf. Gospel of Mark chapter 12, verses 28–34). Saint Augustine summarized this when he wrote ""Love God, and do as thou wilt.""
Sacred Love Versus Profane Love (1602–03) by Giovanni Baglione

The Apostle Paul glorified love as the most important virtue of all. Describing love in the famous poem in 1 Corinthians, he wrote, ""Love is patient, love is kind. It does not envy, it does not boast, it is not proud. It is not rude, it is not self-seeking, it is not easily angered, it keeps no record of wrongs. Love does not delight in evil but rejoices with the truth. It always protects, always trusts, always hopes, and always perseveres."" (1 Cor. 13:4–7, NIV)
Relationships
Types[show]
Activities[show]
Ending of[show]
Emotions[show]
Human practices[show]
Abuse[show]
v · d · e

The Apostle John wrote, ""For God so loved the world that he gave his one and only Son, that whoever believes in him shall not perish but have eternal life. For God did not send his Son into the world to condemn the world, but to save the world through him."" (John 3:16–17, NIV) John also wrote, ""Dear friends, let us love one another for love comes from God. Everyone who loves has been born of God and knows God. Whoever does not love does not know God, because God is love."" (1 John 4:7–8, NIV)

Saint Augustine says that one must be able to decipher the difference between love and lust. Lust, according to Saint Augustine, is an overindulgence, but to love and be loved is what he has sought for his entire life. He even says, “I was in love with love.” Finally, he does fall in love and is loved back, by God. Saint Augustine says the only one who can love you truly and fully is God, because love with a human only allows for flaws such as “jealousy, suspicion, fear, anger, and contention.” According to Saint Augustine, to love God is “to attain the peace which is yours.” (Saint Augustine's Confessions)

Christian theologians see God as the source of love, which is mirrored in humans and their own loving relationships. Influential Christian theologian C.S. Lewis wrote a book called The Four Loves. Benedict XVI wrote his first encyclical on ""God is love"". He said that a human being, created in the image of God, who is love, is able to practice love; to give himself to God and others (agape) and by receiving and experiencing God's love in contemplation (eros). This life of love, according to him, is the life of the saints such as Teresa of Calcutta and the Blessed Virgin Mary and is the direction Christians take when they believe that God loves them.[26]

In Christianity the practical definition of love is best summarised by St. Thomas Aquinas, who defined love as ""to will the good of another,"" or to desire for another to succeed.[10] This is the explanation of the Christian need to love others, including their enemies. As Thomas Aquinas explains, Christian love is motivated by the need to see others succeed in life, to be good people.
Islam

Love encompasses the Islamic view of life as universal brotherhood that applies to all who hold faith. Amongst the 99 names of God (Allah), there is the name Al-Wadud, or ""the Loving One,"" which is found in Surah [Quran 11:90] as well as Surah [Quran 85:14]. God is also referenced at the beginning of every chapter in the Qur'an as Ar-Rahman and Ar-Rahim, or the ""Most Compassionate"" and the ""Most Merciful"", indicating that nobody is more loving, compassionate and benevolent than God. The Qur'an refers to God as being ""full of loving kindness.""

The Qur'an exhorts Muslim believers to treat all people, those who have not persecuted them, with birr or ""deep kindness"" as stated in Surah [Quran 6:8-9]. Birr is also used by the Qur'an in describing the love and kindness that children must show to their parents.

Ishq, or divine love, is the emphasis of Sufism in the Islamic tradition. Practitioners of Sufism believe that love is a projection of the essence of God to the universe. God desires to recognize beauty, and as if one looks at a mirror to see oneself, God ""looks"" at itself within the dynamics of nature. Since everything is a reflection of God, the school of Sufism practices to see the beauty inside the apparently ugly. Sufism is often referred to as the religion of love.[citation needed] God in Sufism is referred to in three main terms, which are the Lover, Loved, and Beloved, with the last of these terms being often seen in Sufi poetry. A common viewpoint of Sufism is that through love, humankind can get back to its inherent purity and grace. The saints of Sufism are infamous for being ""drunk"" due to their love of God; hence, the constant reference to wine in Sufi poetry and music. [27]
Eastern religions
Buddhism

In Buddhism, Kāma is sensuous, sexual love. It is an obstacle on the path to enlightenment, since it is selfish. Karuṇā is compassion and mercy, which reduces the suffering of others. It is complementary to wisdom and is necessary for enlightenment. Adveṣa and mettā are benevolent love. This love is unconditional and requires considerable self-acceptance. This is quite different from ordinary love, which is usually about attachment and sex and which rarely occurs without self-interest. Instead, in Buddhism it refers to detachment and unselfish interest in others' welfare.

The Bodhisattva ideal in Mahayana Buddhism involves the complete renunciation of oneself in order to take on the burden of a suffering world. The strongest motivation one has in order to take the path of the Bodhisattva is the idea of salvation within unselfish, altruistic love for all sentient beings.
Hinduism
Kama (left) with Rati on a temple wall of Chennakesava Temple, Belur

In Hinduism, kāma is pleasurable, sexual love, personified by the god Kamadeva. For many Hindu schools, it is the third end (artha) in life. Kamadeva is often pictured holding a bow of sugar cane and an arrow of flowers; he may ride upon a great parrot. He is usually accompanied by his consort Rati and his companion Vasanta, lord of the spring season. Stone images of Kamadeva and Rati can be seen on the door of the Chennakeshava temple at Belur, in Karnataka, India. Maara is another name for kāma.

In contrast to kāma, prema – or prem – refers to elevated love. Karuna is compassion and mercy, which impels one to help reduce the suffering of others. Bhakti is a Sanskrit term, meaning ""loving devotion to the supreme God."" A person who practices bhakti is called a bhakta. Hindu writers, theologians, and philosophers have distinguished nine forms of bhakti, which can be found in the Bhagavata Purana and works by Tulsidas. The philosophical work Narada Bhakti Sutras, written by an unknown author (presumed to be Narada), distinguishes eleven forms of love."
43f7e46034,Bible,"The Bible (from Koine Greek τὰ βιβλία ta biblia ""the books"") refers to any one of the collections of the primary religious texts of Judaism and Christianity. There is no common version of the Bible, as the individual books (Biblical canon), their contents and their order vary among denominations. Mainstream Judaism divides the Tanakh into 24 books, while a minority stream of Judaism, the Samaritans, accepts only five. The 24 texts of the Hebrew Bible are divided into 39 books in Christian Old Testaments, and complete Christian Bibles range from the 66 books of the Protestant canon to the 81 books of the Ethiopian Orthodox Church Bible. The Hebrew and Christian Bibles are also important to other Abrahamic religions, including Islam[1] and the Bahá'í Faith,[2] but those religions do not regard them as central religious texts.

The Jewish Bible, or Tanakh, is divided into three parts: (1) the five books of the Torah (""teaching"" or ""law""), comprising the origins of the Israelite nation, its laws and its covenant with the God of Israel; (2) the Nevi'im (""prophets""), containing the historic account of ancient Israel and Judah focusing on conflicts between the Israelites and other nations, and conflicts among Israelites – specifically, struggles between believers in ""the Lord God"" and believers in foreign gods, and the criticism of unethical and unjust behavior of Israelite elites and rulers; and (3) the Ketuvim (""writings""): poetic and philosophical works such as the Psalms and the Book of Job.

The Christian Bible is divided into two parts. The first is called the Old Testament, containing the (minimum) 39 books of Hebrew Scripture, and the second portion is called the New Testament, containing a set of 27 books. The first four books of the New Testament form the Canonical gospels which recount the life of Christ and are central to the Christian faith. Christian Bibles include the books of the Hebrew Bible, but arranged in a different order: Jewish Scripture ends with the people of Israel restored to Jerusalem and the temple, whereas the Christian arrangement ends with the book of the prophet Malachi. The oldest surviving Christian Bibles are Greek manuscripts from the 4th century; the oldest complete Jewish Bible is a Greek translation, also dating to the 4th century. The oldest complete manuscripts of the Hebrew Bible (the Masoretic text) date from the Middle Ages.[3]

During the three centuries following the establishment of Christianity in the 1st century, Church Fathers compiled Gospel accounts and letters of apostles into a Christian Bible which became known as the New Testament. The Old and New Testaments together are commonly referred to as ""The Holy Bible"" (τὰ βιβλία τὰ ἅγια). Many Christians consider the text of the Bible to be divinely inspired, and cite passages in the Bible itself as support for this belief. The canonical composition of the Old Testament is under dispute between Christian groups: Protestants hold only the books of the Hebrew Bible to be canonical; Roman Catholics and Eastern Orthodox additionally consider the deuterocanonical books, a group of Jewish books, to be canonical. The New Testament is composed of the Gospels (""good news""), the Acts of the Apostles, the Epistles (letters), and the Book of Revelation.

The Bible is the best-selling book in history with approximate sales estimates ranging from 2.5 billion to 6 billion.[4][5][6]
Contents
 [hide] 

    1 Etymology
    2 Jewish canon
        2.1 Development of the Jewish canon
        2.2 Torah
        2.3 Nevi'im
        2.4 Ketuvim
        2.5 Hebrew Bible translations and editions
        2.6 The Oral Torah
        2.7 Septuagint
    3 Christian canons
        3.1 Old Testament
            3.1.1 Apocryphal or deuterocanonical books
            3.1.2 Role in Christian theology
        3.2 New Testament
            3.2.1 Original language
            3.2.2 Historic editions
        3.3 Development of Christian Canons
        3.4 Ethiopian Orthodox canon
    4 Belief in divine inspiration
    5 Bible versions and translations
    6 Biblical criticism
        6.1 Higher criticism
    7 Archaeological and historical research
    8 See also
        8.1 Biblical topics
    9 Endnotes
    10 References and further reading

Etymology
An American family Bible dating to 1859.

The English word Bible is from the Latin biblia, from the same word in Medieval Latin and Late Latin and ultimately from Greek τὰ βιβλία ta biblia ""the books"" (singular βιβλίον biblion).[7]

Middle Latin biblia is short for biblia sacra ""holy book"", while biblia in Greek and Late Latin is neuter plural (gen. bibliorum). It gradually came to be regarded as a feminine singular noun (biblia, gen. bibliae) in medieval Latin, and so the word was loaned as a singular into the vernaculars of Western Europe.[8] Latin biblia sacra ""holy books"" translates Greek τὰ βιβλία τὰ ἅγια ta biblia ta hagia, ""the holy books"".[9]

The word βιβλίον itself had the literal meaning of ""paper"" or ""scroll"" and came to be used as the ordinary word for ""book"". It is the diminutive of βύβλος bublos, ""Egyptian papyrus"", possibly so called from the name of the Phoenician port Byblos (also known as Gebal) from whence Egyptian papyrus was exported to Greece. The Greek ta biblia (lit. ""little papyrus books"")[10] was ""an expression Hellenistic Jews used to describe their sacred books (the Septuagint).[11][12] Christian use of the term can be traced to ca. AD 223.[7]
Jewish canon
Development of the Jewish canon
Main article: Development of the Jewish Bible canon

Tanakh (Hebrew: תנ""ך) reflects the threefold division of the Hebrew Bible, Torah (""Teaching""), Nevi'im (""Prophets"") and Ketuvim (""Writings""). The Hebrew Bible probably was canonized in three stages: 1) the Law—canonized after the Exile, 2) the Prophets—by the time of the Syrian persecution of the Jews, 3) and the Writings—shortly after 70 CE (the fall of Jerusalem).[citation needed] About that time, early Christian writings began to be accepted by Christians as ""scripture"". These events, taken together, may have caused the Jews to close their ""canon"".[citation needed] They listed their own recognized Scriptures, and excluded both Christian and Jewish writings considered by them to be ""apocryphal"". In this canon the thirty-nine books found in the Old Testament of today's Protestant Bibles were grouped together as twenty-two books, equaling the number of letters in the Hebrew alphabet. This canon of Jewish scripture is attested to by Philo, Josephus, and the Talmud.[10]
Torah
Main article: Torah

The Torah, or ""Instruction"", is also known as the ""Five Books"" of Moses, thus Chumash from Hebrew meaning ""fivesome"", and Pentateuch from Greek meaning ""five scroll-cases"". The Hebrew book titles come from some of the first words in the respective texts.

The Torah comprises the following five books:

    Genesis, Ge—Bereshith (בראשית)
    Exodus, Ex—Shemot (שמות)
    Leviticus, Le—Vayikra (ויקרא)
    Numbers, Nu—Bamidbar (במדבר)
    Deuteronomy, Dt—Devarim (דברים)

The Torah focuses on three moments in the changing relationship between God and the Jewish people. The first eleven chapters of Genesis provide accounts of the creation (or ordering) of the world and the history of God's early relationship with humanity. The remaining thirty-nine chapters of Genesis provide an account of God's covenant with the Hebrew patriarchs—Abraham, Isaac and Jacob (also called Israel)—and Jacob's children—the ""Children of Israel""—especially Joseph. It tells of how God commanded Abraham to leave his family and home in the city of Ur, eventually to settle in the land of Canaan, and how the Children of Israel later moved to Egypt. The remaining four books of the Torah tell the story of Moses, who lived hundreds of years after the patriarchs. He leads the Children of Israel from their liberation from slavery in Ancient Egypt, to the renewal of their covenant with God at Mount Sinai and their wanderings in the desert until a new generation was ready to enter the land of Canaan. The Torah ends with the death of Moses.

The Torah contains the commandments of God, revealed at Mount Sinai (although there is some debate amongst traditional scholars as to whether these were all written down at one time, or over a period of time during the 40 years of the wanderings in the desert, while several modern Jewish movements reject the idea of a literal revelation, and critical scholars believe that many of these laws developed later in Jewish history).[13][14][15][16] These commandments provide the basis for Halakha (Jewish religious law). Tradition states that there are 613 Mitzvot or 613 commandments. There is some dispute as to how to divide these up (mainly between the rabbis Ramban and Rambam).

The Torah is divided into fifty-four portions which in the Jewish liturgy are read on successive Sabbaths, from the beginning of Genesis to the end of Deuteronomy. The cycle ends and recommences at the end of Sukkot, which is called Simchat Torah.
Nevi'im
Main article: Nevi'im

The Nevi'im, or ""Prophets"", tell the story of the rise of the Hebrew monarchy and its division into two kingdoms, the Nevi'im (""prophets""), containing the historic account of ancient Israel and Judah focusing on conflicts between the Israelites and other nations, and conflicts among Israelites – specifically, struggles between believers in ""the Lord God""[17] and believers in foreign gods,[18][19] and the criticism of unethical and unjust behavior of Israelite elites and rulers;[20][21][22] in which prophets played a crucial and leading role. It ends with the conquest of the Kingdom of Israel by the Assyrians followed by the conquest of the Kingdom of Judah by the Babylonians and the destruction of the Temple in Jerusalem. Portions of the prophetic books are read by Jews on the Sabbath (Shabbat). The Book of Jonah is read on Yom Kippur.

According to Jewish tradition, the Nevi'im are divided into eight books. Contemporary translations subdivide these into twenty-one books.

The Nevi'im comprise the following eight books:

    Joshua, Js—Yehoshua (יהושע)
    Judges, Jg—Shoftim (שופטים)
    Samuel, includes First and Second 1Sa–2Sa—Sh'muel (שמואל)
    Kings, includes First and Second, 1Ki–2Ki—Melakhim (מלכים)
    Isaiah, Is—Yeshayahu (ישעיהו)
    Jeremiah, Je—Yirmiyahu (ירמיהו)
    Ezekiel, Ez—Yekhezkel (יחזקאל)
    Twelve, Tre Asar (תרי עשר), comprising what some call the Minor Prophets
        A. Hosea, Ho—Hoshea (הושע)
        B. Joel, Jl—Yoel (יואל)
        C. Amos, Am—Amos (עמוס)
        D. Obadiah, Ob—Ovadyah (עבדיה)
        E. Jonah, Jh—Yonah (יונה)
        F. Micah, Mi—Mikhah (מיכה)
        G. Nahum, Na—Nahum (נחום)
        H. Habakkuk, Hb—Havakuk (חבקוק)
        I. Zephaniah, Zp—Tsefanya (צפניה)
        J. Haggai, Hg—Khagay (חגי)
        K. Zechariah, Zc—Zekharyah (זכריה)
        L. Malachi, Ml—Malakhi (מלאכי)

Ketuvim
Main article: Ketuvim

The Ketuvim, or ""Writings"" or ""Scriptures,"" may have been written or compiled during or after the Babylonian Exile. Many of the psalms in the book of Psalms are attributed to David; King Solomon is believed to have written Song of Songs in his youth, Proverbs at the prime of his life, and Ecclesiastes at old age; and the prophet Jeremiah is thought to have written Lamentations. The Book of Job is the only biblical book that centers entirely on a non-Jew. The Book of Ruth is the only book to focus on a convert to Judaism. It tells the story of a Moabitess who married a Jew and continued to follow the ways of the Jews after her husband's death; according to the Bible, she was the great-grandmother of King David. Five of the books, called ""The Five Scrolls"" (Megilot), are read on Jewish holidays: Song of Songs on Passover; the Book of Ruth on Shavuot; Lamentations on the Ninth of Av; Ecclesiastes on Sukkot; and the Book of Esther on Purim. Collectively, the Ketuvim contain lyrical poetry, philosophical reflections on life, and the stories of the prophets and other Jewish leaders during the Babylonian exile. It ends with the Persian decree allowing Jews to return to Jerusalem to rebuild the Temple.

The Ketuvim comprise the following eleven books, divided, in many modern translations, into twelve through the division of Ezra and Nehemiah:

    Psalms, Ps—Tehillim (תהלים)
    Proverbs, Pr—Mishlei (משלי)
    Job, Jb—Iyyov (איוב)
    Song of Songs, So—Shir ha-Shirim (שיר השירים)
    Ruth, Ru—Rut (רות)
    Lamentations, La—Eikhah (איכה), also called Kinot (קינות)
    Ecclesiastes, Ec—Kohelet (קהלת)
    Esther, Es—Ester (אסתר)
    Daniel, Dn—Daniel (דניאל)
    Ezra, Ea, includes Nehemiah, Ne—Ezra (עזרא), includes Nehemiah (נחמיה)
    Chronicles, includes First and Second, 1Ch–2Ch—Divrei ha-Yamim (דברי הימים), also called Divrei (דברי)

Hebrew Bible translations and editions
Main article: Bible translations

The Tanakh was mainly written in Biblical Hebrew, with some portions (notably in Daniel and Ezra) in Biblical Aramaic.[23]
The Oral Torah

According to some Jews during the Hellenistic period, such as the Sadducees, only a minimal oral tradition of interpreting the words of the Torah existed, which did not include extended biblical interpretation. According to the Pharisees, however, God revealed both a Written Torah and an Oral Torah to Moses, the Oral Torah consisting of both stories and legal traditions. In Rabbinic Judaism, the Oral Torah is essential for understanding the Written Torah literally (as it includes neither vowels nor punctuation) and exegetically. The Oral Torah has different facets, principally Halacha (laws), the Aggadah (stories), and the Kabbalah (esoteric knowledge). Major portions of the Oral Law have been committed to writing, notably the Mishnah; the Tosefta; Midrash, such as Midrash Rabbah, the Sifre, the Sifra, and the Mechilta; and both the Babylonian and Jerusalem Talmuds as well. It may have even influenced early Jewish Christianity.

Orthodox Judaism continues to accept the Oral Torah in its totality. Masorti and Conservative Judaism state that the Oral Tradition is to some degree divinely inspired, and that rabbis today must adapt and apply its principles to changing conditions, even if this results in changes in Jewish practice. Reform Judaism also gives some credence to the Talmud containing the legal elements of the Oral Torah, but, as with the written Torah, asserts that both were inspired by, but not dictated by, God. Reconstructionist Judaism denies any connection of the Torah, Written or Oral, with God, viewing it instead as the nation's literary and moral genius.

The article Jewish commentaries on the Bible discusses the Jewish understanding of the Bible, including Bible commentaries from the ancient Targums to classical Rabbinic literature, the midrash literature, the classical medieval commentators, and modern day Jewish Bible commentaries.
Septuagint
Main article: Septuagint

The Septuagint was a Greek translation of the Jewish scriptures. The Septuagint included books and additions not found in the Hebrew Bible. Modern Jewish Bibles follow the Masoretic Text rather than the Septuagint. The Septuagint splits certain books in two, so that the book of Kings, for example, became First Kings and Second Kings. Christian Bibles maintain these divisions. The Septuagint was adopted as the Christian Old Testament.
Christian canons
Main article: Christian biblical canons

The Christian Bible consists of the Hebrew scriptures of Judaism, which are known as the Old Testament; and later writings recording the lives and teachings of Jesus and his followers, known as the New Testament. ""Testament"" is a translation of the Greek διαθηκη (diatheke), also often translated ""covenant."" It is a legal term denoting a formal and legally binding declaration of benefits to be given by one party to another (e.g., ""last will and testament"" in secular use). Here it does not connote mutuality; rather, it is a unilateral covenant offered by God to individuals.[10]

Groups within Christianity include differing books as part of one or both of these ""Testaments"" of their sacred writings—most prominent among which are the Biblical apocrypha or deuterocanonical books.

Significant versions of the English Christian Bible include the Douay-Rheims, the RSV, the KJV, the ESV, the NKJV, and the NIV. For a complete list, see List of English Bible translations.

In Judaism, the term Christian Bible is commonly used to identify only those books like the New Testament which have been added by Christians to the Masoretic Text, and excludes any reference to an Old Testament.[24]
Old Testament
Main article: Old Testament

The books which make up the Christian Old Testament differ between Protestants and the Catholic and Orthodox faiths, the Protestant movement accepting only those books contained in the Hebrew (Jewish) bible, while Catholics and Orthodox have a wider canon. The books were written in classical Hebrew, except for brief portions (Ezra 4:8–6:18 and 7:12–26, Jeremiah 10:11, Daniel 2:4–7:28) which are in the Aramaic language, a sister language which became the lingua franca of the Semitic world.[25] Much of the material, including many genealogies, poems and narratives, is thought to have been handed down by word of mouth for many generations. Very few manuscripts are said to have survived the destruction of Jerusalem in AD 70.[25]

The Old Testament is accepted by Christians as scripture. Broadly speaking, it contains the same material as the Hebrew Bible. However, the order of the books is not entirely the same as that found in Hebrew manuscripts and in the ancient versions and varies from Judaism in interpretation and emphasis (see for example Isaiah 7:14). Christian denominations disagree about the incorporation of a small number of books into their canons of the Old Testament. A few groups consider particular translations to be divinely inspired, notably the Greek Septuagint, the Aramaic Peshitta, and the English King James Version.
Apocryphal or deuterocanonical books

The Septuagint (Greek translation, from Alexandria in Egypt under the Ptolemies) was generally abandoned in favour of the 10th century Masoretic text as the basis for translations of the Old Testament into Western languages, languages represented in translations prior to the formation of the Masoretic text such as St. Jerome's 5th century Bible (the Vulgate), to languages of the present day. In Eastern Christianity, translations based on the Septuagint still prevail. Some modern Western translations since the 14th century make use of the Septuagint to clarify passages in the Masoretic text, where the Septuagint may preserve a variant reading of the Hebrew text. They also sometimes adopt variants that appear in other texts e.g. those discovered among the Dead Sea Scrolls.

A number of books which are part of the Peshitta or Greek Septuagint but are not found in the Hebrew (Rabbinic) Bible (i.e., among the protocanonical books) are often referred to as deuterocanonical books by Roman Catholics referring to a later secondary (i.e. deutero) canon, that canon as fixed definitively by the Council of Trent 1545-1563.[26][27] It includes 46 books for the Old Testament (45 if we count Jeremiah and Lamentations as one) and 27 for the New.[28]

See Canon of Trent: List of the Canonical Scriptures.

    ""But if anyone receive not, as sacred and canonical, the said books entire with all their parts, as they have been used to be read in the Catholic Church, and as they are contained in the old Latin vulgate edition; and knowingly and deliberately contemn the traditions aforesaid; let him be anathema."" —Decretum de Canonicis Scripturis, Council of Trent, 8 April 1546.

Most Protestants term these books as apocrypha. Evangelicals and those of the Modern Protestant traditions do not accept the deuterocanonical books as canonical, although Protestant Bibles included them in Apocrypha sections until the 1820s. However, the Roman Catholic and Eastern Orthodox Churches include these books as part of their Old Testament.

The Roman Catholic Church recognizes:

    Tobit
    Judith
    1 Maccabees
    2 Maccabees
    Wisdom
    Sirach (or Ecclesiasticus)
    Baruch
    The Letter of Jeremiah (Baruch Chapter 6)
    Greek Additions to Esther (Book of Esther, chapters 10:4—12:6)
    The Prayer of Azariah and Song of the Three Holy Children verses 1-68 (Book of Daniel, chapter 3, verses 24-90)
    Susanna (Book of Daniel, chapter 13)
    Bel and the Dragon (Book of Daniel, chapter 14)

In addition to those, the Greek and Russian Orthodox Churches recognize the following:

    3 Maccabees
    1 Esdras
    Prayer of Manasseh
    Psalm 151

Russian and Georgian Orthodox Churches include:

    2 Esdras i.e., Latin Esdras in the Russian and Georgian Bibles

There is also 4 Maccabees which is only accepted as canonical in the Georgian Church, but was included by St. Jerome in an appendix to the Vulgate, and is an appendix to the Greek Orthodox Bible, and it is therefore sometimes included in collections of the Apocrypha.

The Syriac Orthodox tradition includes:

    Psalms 151-155
    The Apocalypse of Baruch
    The Letter of Baruch

The Ethiopian Orthodox tradition includes:

    Jubilees
    Enoch
    1-3 Meqabyan

and some other books.

The Anglican Churches uses some of the Apocryphal books liturgically. Therefore, editions of the Bible intended for use in the Anglican Church include the Deuterocanonical books accepted by the Catholic Church, plus 1 Esdras, 2 Esdras and the Prayer of Manasseh, which were in the Vulgate appendix.
Role in Christian theology
Further information: Sola scriptura and Christian theology

The Old Testament has always been central to the life of the Christian church. Bible scholar N.T. Wright says Jesus himself was profoundly shaped by the scriptures. He adds that the earliest Christians also searched those same scriptures in their effort to understand the earthly life of Jesus. They regarded the ancient Israelites' scriptures as having reached a climactic fulfillment in Jesus himself, generating the ""new covenant"" prophesied by Jeremiah.[29]
New Testament
Main articles: Canonical gospels and New Testament

The New Testament is a collection of 27 books, of 4 different genres of Christian literature (Gospels, one account of the Acts of the Apostles, Epistles and an Apocalypse). Jesus is its central figure. The New Testament presupposes the inspiration of the Old (2 Timothy 3:16). Nearly all Christians recognize the New Testament (as stated below) as canonical scripture. These books can be grouped into:

The Gospels

    Synoptic Gospels
        Gospel According to Matthew, Mt
        Gospel According to Mark, Mk
        Gospel According to Luke, Lk
    Gospel According to John, Jn
    Acts of the Apostles, Ac (continues Luke)

Pauline Epistles

    Epistle to the Romans, Ro
    First Epistle to the Corinthians, 1Co

	

    Second Epistle to the Corinthians, 2Co
    Epistle to the Galatians, Ga
    Epistle to the Ephesians, Ep
    Epistle to the Philippians, Ph
    Epistle to the Colossians, Co
    First Epistle to the Thessalonians, 1Th
    Second Epistle to the Thessalonians, 2Th
    Pastoral Epistles
        First Epistle to Timothy, 1Ti
        Second Epistle to Timothy, 2Ti
        Epistle to Titus, Ti

	

    Epistle to Philemon, Pm
    Epistle to the Hebrews, He

General Epistles, also called Jewish Epistles

    Epistle of James, Jm
    First Epistle of Peter, 1Pe
    Second Epistle of Peter, 2Pe
    First Epistle of John, 1Jn
    Second Epistle of John, 2Jn
    Third Epistle of John, 3Jn
    Epistle of Jude, Jd

Revelation, or the Apocalypse Re

The order of these books varies according to Church tradition. The New Testament books are ordered differently in the Catholic/Protestant tradition, the Slavonic tradition, the Syriac tradition and the Ethiopian tradition.
Original language
See also: Oral tradition and the historical Jesus

The books of the New Testament were written in Koine Greek, the language of the earliest extant manuscripts, even though some authors often included translations from Hebrew and Aramaic texts.
Historic editions
The Codex Gigas from the 13th century, held at the Royal Library in Sweden.
See also: Biblical manuscript, Bible translations, and Textual criticism

When ancient scribes copied earlier books, they wrote notes on the margins of the page (marginal glosses) to correct their text—especially if a scribe accidentally omitted a word or line—and to comment about the text. When later scribes were copying the copy, they were sometimes uncertain if a note was intended to be included as part of the text. See textual criticism. Over time, different regions evolved different versions, each with its own assemblage of omissions and additions.

The autographs, the Greek manuscripts written by the original authors, have not survived. Scholars surmise the original Greek text from the versions that do survive. The three main textual traditions of the Greek New Testament are sometimes called the Alexandrian text-type (generally minimalist), the Byzantine text-type (generally maximalist), and the Western text-type (occasionally wild). Together they comprise most of the ancient manuscripts.
Development of Christian Canons
Main articles: Development of the Old Testament canon and Development of the New Testament canon

The Old Testament canon entered into Christian use in the Greek Septuagint translations and original books, and their differing lists of texts. In addition to the Septuagint, Christianity subsequently added various writings that would become the New Testament. Somewhat different lists of accepted works continued to develop in antiquity. In the 4th century a series of synods produced a list of texts equal to the 39, 46(51),54, or 57 book canon of the Old Testament and to the 27-book canon of the New Testament that would be subsequently used to today, most notably the Synod of Hippo in AD 393. Also c. 400, Jerome produced a definitive Latin edition of the Bible (see Vulgate), the canon of which, at the insistence of the Pope, was in accord with the earlier Synods. With the benefit of hindsight it can be said that this process effectively set the New Testament canon, although there are examples of other canonical lists in use after this time. A definitive list did not come from an Ecumenical Council until the Council of Trent (1545–63).[30]

During the Protestant Reformation, certain reformers proposed different canonical lists to those currently in use. Though not without debate, see Antilegomena, the list of New Testament books would come to remain the same; however, the Old Testament texts present in the Septuagint but not included in the Jewish canon fell out of favor. In time they would come to be removed from most Protestant canons. Hence, in a Catholic context, these texts are referred to as deuterocanonical books, whereas in a Protestant context they are referred to as the Apocrypha, the label applied to all texts excluded from the Biblical canon but which were in the Septuagint. It should also be noted that Catholics and Protestants both describe certain other books, such as the Acts of Peter, as apocryphal.

Thus, the Protestant Old Testament of today has a 39-book canon—the number of books (though not the content) varies from the Tanakh because of a different method of division—while the Roman Catholic Church recognizes 46 books(51 books with some books combined into 46 books) as the canonical Old Testament. The Orthodox Churches recognise 3 Maccabees, 1 Esdras, Prayer of Manasseh and Psalm 151 in addition to the Catholic canon. Some include 2 Esdras. The Anglican Church also recognises a longer canon. The term ""Hebrew Scriptures"" is often used as being synonymous with the Protestant Old Testament, since the surviving scriptures in Hebrew include only those books, while Catholics and Orthodox include additional texts that have not survived in Hebrew. Both Catholics and Protestants have the same 27-book New Testament Canon.

The New Testament writers assumed the inspiration of the Old Testament, probably earliest stated in 2 Timothy 3:16, ""all Scripture is inspired of God"".[10]
Ethiopian Orthodox canon

The Canon of the Ethiopian Orthodox Tewahedo Church is wider than the canons used by most other Christian churches. There are 81 books in the Ethiopian Orthodox Bible.[31] The Ethiopian Old Testament Canon includes the books found in the Septuagint accepted by other Orthodox Christians, in addition to Enoch and Jubilees which are ancient Jewish books that only survived in Ge'ez but are quoted in the New Testament (citation required), also Greek Ezra First and the Apocalypse of Ezra, 3 books of Meqabyan, and Psalm 151 at the end of the Psalter. The three books of Meqabyan are not to be confused with the books of Maccabees. The order of the other books is somewhat different from other groups', as well. The Old Testament follows the Septuagint order for the Minor Prophets rather than the Jewish order.
Belief in divine inspiration
Main articles: Biblical inspiration, Biblical literalism, Biblical infallibility, and Biblical inerrancy

The Christian Bible contains paragraphs indicating that ""All scripture [is] given by inspiration of God"". (2 Timothy 3:16-3:17) [32] Almost all Christians believe that the Bible consists of the inspired Word of God, where God intervened and influenced the words of the Bible. For many Christians the Bible is also infallible, in that it is incapable of error within matters of faith and practice. For example, that the bible is free from error in spiritual but not scientific matters. A related, but distinguishable belief is that the Bible is the inerrant Word of God, without error in any aspect. spoken by God and written down in its perfect form by humans. Within these broad beliefs there are many schools of hermeneutics. ""Bible scholars claim that discussions about the Bible must be put into its context within church history and then into the context of contemporary culture.""[29] Fundamentalist Christians are associated with the doctrine of Biblical literalism, where the Bible is not only inerrant, but the meaning of the text is clear to the average reader.

Belief in sacred texts is attested to in Jewish antiquity,[33][34] and this belief can also be seen in the earliest of Christian writings. Various texts of the Bible mention Divine agency in relation to its writings.[35]

In their book A General Introduction to the Bible, Norman Geisler and William Nix wrote: ""The process of inspiration is a mystery of the providence of God, but the result of this process is a verbal, plenary, inerrant, and authoritative record.""[36] Most evangelical Biblical scholars[37][38][39] associate inspiration with only the original text; for example some American Protestants adhere to the 1978 Chicago Statement on Biblical Inerrancy which asserted that inspiration applied only to the autographic text of Scripture.[40] A minority even within adherents of Biblical literalism extend the claim of inerrancy to a particular translation, e.g. the King-James-Only Movement.
Bible versions and translations
Further information: Bible translations and Bible translations by language
A Bible handwritten in Latin, on display in Malmesbury Abbey, Wiltshire, England. This Bible was transcribed in Belgium in 1407 for reading aloud in a monastery.

The original texts of the Tanakh were in Hebrew, although some portions were in Aramaic. In addition to the authoritative Masoretic Text, Jews still refer to the Septuagint, the translation of the Hebrew Bible into Greek, and the Targum Onkelos, an Aramaic version of the Bible. There are several different ancient versions of the Tanakh in Hebrew, mostly differing by spelling, and the traditional Jewish version is based on the version known as Aleppo Codex. Even in this version by itself, there are words which are traditionally read differently from written (sometimes one wor"
c3069fbff3,Again,"Once more; anew,To a previous place, position, or state,Furthermore; moreover,On the other hand,In return; in response,Repeatedly; frequently,another or second time; once more, once more in a previously experienced or encountered place, state, besides, continuously; repeatedly,moreover; furthermore again"
c3069fbff3,Love,"A deep, tender, ineffable feeling of affection and solicitude toward a person, such as that arising from kinship, recognition of attractive qualities, or a sense of underlying oneness,A feeling of intense desire and attraction toward a person with whom one is disposed to make a pair; the emotion of sex and romance,Sexual passion, Sexual intercourse, A love affair, An intense emotional attachment, as for a pet or treasured object,A person who is the object of deep or intense affection or attraction; beloved. Often used as a term of endearment, An expression of one's affection,A strong predilection or enthusiasm"
c3069fbff3,Bible,"The sacred book of Christianity, a collection of ancient writings including the books of both the Old Testament and the New Testament, The Hebrew Scriptures, the sacred book of Judaism, A particular copy of a Bible,. A book or collection of writings constituting the sacred text of a religion, often bible A book considered authoritative in its field,the sacred writings of the Christian religion, comprising the Old and New Testaments and, in the Roman Catholic Church, the Apocrypha."
c3069fbff3,Temperature,"The degree of hotness or coldness of a body or environment, A measure of the average kinetic energy of the particles in a sample of matter, expressed in terms of units or degrees designated on a standard scale,The degree of heat in the body of a living organism, usually about 37.0°C (98.6°F) in humans,An abnormally high condition of body heat caused by illness; a fever"
c3069fbff3,Tired,"Exhausted of strength or energy; fatigued, Impatient; bored,Overused; hackneyed, weary; fatigued, having lost interest in; bored,  having lost patience with, hackneyed."
6d2481195c,Again,again (adverb) another time; once more:
6d2481195c,Love,love (noun) a strong feeling of affection: | a great interest and pleasure in something: | a person or thing that one loves
6d2481195c,Bible,"Bible (noun) The Christian scriptures, consisting of the Old and New Testaments"
6d2481195c,Temperature,"temperature (noun) The degree or intensity of heat present in a substance or object, especially as expressed"
6d2481195c,Tired,tire (verb) Feel or cause to feel in need of rest or sleep: | | Lose interest in; become bored with:
ab266a6b3c,Again,"once more, do it second time, repetition"
ab266a6b3c,Love,"affection, gratitude, sexual in relation, tenderness, delicacy, liking,"
ab266a6b3c,Bible,"a holy book,christian scripture, authority, Preaching"
ab266a6b3c,Temperature,"degree of heat or cold, varies from region to region, changes with weather, measured in degrees and forenheit"
ab266a6b3c,Tired,"sluggish, lack of energy, lack of enthusiasm, lack of spirit, weary, rest is required to regain energy"
ffd05a2b19,Again,a repetition of an action or process
ffd05a2b19,Love,a feeling expressed by man to woman or woman to man or woman to woman or man to man
ffd05a2b19,Bible,a book written following the stories of jesus christ and all holy figures
ffd05a2b19,Temperature,a numerical value in degrees that established in either celsius or farenheit
ffd05a2b19,Tired,a feeling of downness a feeling of a person of being drained
2773fc01ba,Again,"one more, chance , repeat, amend"
2773fc01ba,Love,"care, relation, feelings, life, pleasure,"
2773fc01ba,Bible,"holy book, wisdom words, healer, content"
2773fc01ba,Temperature,"feel, touch, hot, cold, change, atmosphere,"
2773fc01ba,Tired,"work, exhaust, bored, load,"
61776e43e9,Again,"once more, another time,anew, in addition"
61776e43e9,Love,a feeling of warm personal attachment for another person
61776e43e9,Bible,"the collection of sacred writings of the Christian religion, comprising the Old and new testment"
61776e43e9,Temperature,a measure of warmth of coldness of an object or substance with reference to some standard value
61776e43e9,Tired,"exhauseted, as by exertion; fatigued or sleepy"
d6fbaf0859,Again,"to repeat, to do it once more"
d6fbaf0859,Love,"a feeling, to care for someone , synonymous to faith and charity"
d6fbaf0859,Bible,"scripture, guidance,"
d6fbaf0859,Temperature,"quanititave measure of how heat or cold is the environment by using the thermometer, can be expressed by farenheit or celcius"
d6fbaf0859,Tired,"sick of doing the same thing, worn out, out of energy"
7a0b7cea54,Again,"And, Again again, Again video game"
7a0b7cea54,Love,"Strong affection, Emotion, Love Falls, Personal attachment"
7a0b7cea54,Bible,"The book, Abrahamic religions, Book of Revelation."
7a0b7cea54,Temperature,"Heat, Energy, chemical reactions"
7a0b7cea54,Tired,"Pup, Hard work man, Tired,"
d2238a631b,Again,"In return, back; as, bring us word again."
d2238a631b,Love,"A feeling of strong attachment induced by that which delights or commands admiration; preeminent kindness or devotion to another; affection; tenderness; as, the love of brothers and sisters."
d2238a631b,Bible,"A book containing the sacred writings belonging to any religion; as, the Koran is often called the Mohammedan Bible."
d2238a631b,Temperature,Constitution; state; degree of any quality.
d2238a631b,Tired,Weary; fatigued; exhausted.
5c88d6dd6c,Again,"once repeated, in any other place, to a previous place, position, further more, more over."
5c88d6dd6c,Love,"fondness, affection, sexual passion, a sweet heart, a great liking for"
5c88d6dd6c,Bible,"scared writing of the christian church,A holy book of ancient writing including old testament and new testament, the holy book of Christianity,"
5c88d6dd6c,Temperature,"degree of sensible heat,climate, The degree of heat of the body of a living one,"
5c88d6dd6c,Tired,"exhaust the strength of by toil, tireless, depleted of strength or energy"
33cd6db15a,Again,"Repeat,Rewind,Regular,Season,Comeback."
33cd6db15a,Love,"Reema,Sacrificial giving,Emotional feeling,Tender feeling,Motherly feeling,Warmth."
33cd6db15a,Bible,"Gods word ,The way and the life,A book that sells the most, Comforter,Most ethical and religious document,Personal mentor and guide ,The written words as per instruction and guidance of the holy spirit,The most effective book or guide for mankind."
33cd6db15a,Temperature,"Heat,Humidity,Fever,Climatic barometer,High emotion."
33cd6db15a,Tired,"Fatigue,With no rest,Physical discomfort,Mental fatigue,Fed up,Emotionally down."
c4ec0ebf47,Again,"Once more, another time, yet again, over, over again, all over again, for a second time"
c4ec0ebf47,Love,"Adore, feel affection for, be devoted to, care for, be keen on, be fond of, find irresistible"
c4ec0ebf47,Bible,"holy book of christian, testaments, christian history"
c4ec0ebf47,Temperature,"Hotness, heat, warmth"
c4ec0ebf47,Tired,"Weary, exhausted, worn-out, drained, bushed, all-in, dead beat, fatigued"
6be52007c6,Again,"A unit of time corresponding approximately to one cycle of the moon's phases, or about 30 days or 4 weeks.
2. Abbr. mo. One of the 12 divisions of a year as determined by a calendar, especially the Gregorian calendar. Also called calendar month.
3. A period extending from a date in one calendar month to the corresponding date in the following month.
4. A sidereal month.
5. A lunar month.
6. A solar month."
6be52007c6,Love,"A deep, tender, ineffable feeling of affection and solicitude toward a person, such as that arising from kinship, recognition of attractive qualities, or a sense of underlying oneness.
2. A feeling of intense desire and attraction toward a person with whom one is disposed to make a pair; the emotion of sex and romance.
3.
a. Sexual passion.
b. Sexual intercourse.
c. A love affair.
4. An intense emotional attachment, as for a pet or treasured object.
5. A person who is the object of deep or intense affection or attraction; beloved. Often used as a term of endearment.
6. An expression of one's affection: Send him my love."
6be52007c6,Bible,". The sacred book of Christianity, a collection of ancient writings including the books of both the Old Testament and the New Testament.
b. The Hebrew Scriptures, the sacred book of Judaism.
c. A particular copy of a Bible: the old family Bible.
d. A book or collection of writings constituting the sacred text of a religion."
6be52007c6,Temperature,"a measure of the warmth or coldness of an object or substance with reference to some standard value. The temperature of two systems is the same when the systems are in thermal equilibrium.
2.
Physiology, Pathology .
a.
the degree of heat in a living body, normally about 98.6°F (37°C) in humans.
b.
the excess of this above the normal.
3.
Obsolete . mildness, as of the weather.
4.
Obsolete . temperament."
6be52007c6,Tired,"1.
a. Exhausted of strength or energy; fatigued.
b. Impatient; bored: tired of the same old sandwiches.
2. Overused; hackneyed: a tired joke."
43135d06e2,Again,"REPEAT, same process"
43135d06e2,Love,"AFFECTION, like, emotioal feeling"
43135d06e2,Bible,collection of primary religious texts
43135d06e2,Temperature,"celsius, modulation of weather, common notions of hot and cold"
43135d06e2,Tired,"weary, fatique, feeling of exhaustion"
2486e8fbec,Again,"repeat, cycle,"
2486e8fbec,Love,"desire, a beautiful feeling, makes to reproduce"
2486e8fbec,Bible,"a book, a spiritual book,"
2486e8fbec,Temperature,"heat, a climatic condition"
2486e8fbec,Tired,"a feeling, less energetic"
6b2ac0ef88,Again,once more
6b2ac0ef88,Love,affection
6b2ac0ef88,Bible,sacred book of Christians
6b2ac0ef88,Temperature,degree of hot or cold
6b2ac0ef88,Tired,exhausted
c4ec0ebf47,Wine,"Mauve, lilac, lavender, violet, plum, amethyst"
c4ec0ebf47,Try,"Attempt, endeavor, struggle, strive, aim, seek, undertake, make an effort"
c4ec0ebf47,Song,"Make different sounds, cry, noise,"
c4ec0ebf47,Oyster,"rough irregular shell,a small muscle,edible item,"
c4ec0ebf47,Layer,"Coating, coat, sheet, film, deposit, cover"
dcf44e6284,Wine,"1.
the fermented juice of grapes, made in many varieties, such as red, white, sweet, dry, still, and sparkling, for use as a beverage, in cooking, in religious rites, etc., and usually having an alcoholic content of 14 percent or less.
2.
a particular variety of such fermented grape juice: port and sherry wines.
3.
the juice, fermented or unfermented, of various other fruits or plants, used as a beverage, sauce, etc.: gooseberry wine; currant wine.
4.
a dark reddish color, as of red wines.
5.
Pharmacology"
dcf44e6284,Try,"1.
to attempt to do or accomplish
2.
to test the effect or result of (often followed by out ): to try a new method; to try a recipe out.
3.
to endeavor to evaluate by experiment or experience
4.
to test the quality, value, fitness, accuracy, etc.
5.
Law . to examine and determine judicially, as a cause; determine judicially the guilt or innocence of (a person)."
dcf44e6284,Song,"1.
a short metrical composition intended or adapted for singing,  especially one in rhymed stanzas; a lyric; a ballad.
2.
a musical piece adapted for singing  or simulating a piece to be sung: Mendelssohn's “Songs without Words.”
3.
poetical composition; poetry.
4.
the art or act of singing;  vocal music.
5.
something that is sung."
dcf44e6284,Oyster,"1.
any of several edible, marine, bivalve mollusks of the family Ostreidae, having an irregularly shaped shell, occurring on the bottom or adhering to rocks or other objects in shallow water.
2.
the oyster-shaped bit of dark meat in the front hollow of the side bone of a fowl.
3.
Slang . a closemouthed or uncommunicative person, especially one who keeps secrets well.
4.
something from which a person may extract or derive advantage
5.
oyster white."
dcf44e6284,Layer,"1.
a thickness of some material laid on or spread over a surface: a layer of soot on the window sill; two layers of paint.
2.
bed; stratum: alternating layers of basalt and sandstone.
3.
a person or thing that lays: a carpet layer.
4.
a hen kept for egg production.
5.
one of several items of clothing worn one on top of the other."
10d4f79779,Wine,"a particular variety of such fermented grape juice, the fermented juice of grapes, made in many varieties, such as red, white, sweet, dry, still, and sparkling, for use as a beverage, in cooking, in religious rites, etc."
10d4f79779,Try,"to attempt to do or accomplish, to test the effect or result of , to endeavor to evaluate by experiment or experience, to test the quality, value, fitness, accuracy, etc."
10d4f79779,Song,"Music, The act or art of singing, A musical composition, A particular category or kind of music, An aesthetically pleasing or harmonious sound or combination of sounds"
10d4f79779,Oyster,"marine mollusks having a rough irregular shell; found on the sea bed mostly in coastal waters, a small muscle on each side of the back of a fowl"
10d4f79779,Layer,"One that lays, A single thickness of a material covering a surface or forming an overlying part or segment,A depth or level"
2b15616b23,Wine,a kind of drink
2b15616b23,Try,to make an effort
2b15616b23,Song,group of lyrics with music
2b15616b23,Oyster,an irregular shaped shell
2b15616b23,Layer,indicating depth or level
5c443771e9,Wine,"the fermented juice of grapes,  vinum in Pharmacology"
5c443771e9,Try,"to attempt to do or accomplish, to endeavor to evaluate by experiment or experience, to test the quality, to attempt to open (a door, window, etc.),"
5c443771e9,Song,"a short metrical composition intended or adapted for singing especially one in rhymed stanzas, something that is sung,"
5c443771e9,Oyster,"any of several edible,"
5c443771e9,Layer,"a thickness of some material laid on or spread over a surface, a person or thing that lays, a hen kept for egg production"
ffd05a2b19,Wine,a drinking substance made from grapes used in celebration or just in consumption
ffd05a2b19,Try,giving forth an effort by an individual
ffd05a2b19,Song,a rythmic collaboration of words to tell a story or relay a message
ffd05a2b19,Oyster,an animal located in the bed of an ocean that can be consumed either raw or fried
ffd05a2b19,Layer,another added incriment to an existing thing or substance
86dc19ebbd,Wine,"lilac, lavender, violet"
86dc19ebbd,Try,"attempt, strive, aim, seek"
86dc19ebbd,Song,"music, sing"
86dc19ebbd,Oyster,sea food
86dc19ebbd,Layer,"coating, sheet, cover"
0611e09ef3,Wine,a type of alcoholic drink made from the fermented juice of grapes or other fruit:
0611e09ef3,Try,an attempt or effort: Have a try (at the exam)
0611e09ef3,Song,something (to be)sung:he wrote this song for his wife to sing.
0611e09ef3,Oyster,"a type of selfish eaten as a food ,and from which pearls are got.."
0611e09ef3,Layer,a thickness or covering :the ground wass covered with a layer of snow;
43f7e46034,Wine,"liquid,colorful,is an alcoholic beverage,for drinking,from fruits

Wine is an alcoholic beverage.

Wine may also refer to:

    Wine (color) or burgundy
    Wine (software), a program that allows Microsoft Windows applications to run under other computer operating systems
    Wine (1913 film), a 1913 film starring Fatty Arbuckle
    Wine (1924 film), a lost film
    WINE (AM), a radio station (940 AM) licensed to Brookfield, Connecticut, United States

People:

    Bobby Wine (born 1938), former Major League Baseball player, coach and manager
    Sherwin Wine (1928–2007), American rabbi
    Toni Wine (born 1947), American songwriter
    Wine (bishop), English bishop"
43f7e46034,Try,"A try is a way of scoring points in rugby league and rugby union

Try may also refer to:

    Try, a way of scoring points in American and Canadian football
    Boiling fat, such as in a whaling operation, to produce oil
    TRY, the ISO 4217 code for the New Turkish Lira

In computer programming:

    A statement used in the exception handling syntax of several computer programming languages
    Trie, an ordered tree data structure

In music:

    Try!, the first live album by the John Mayer Trio
    ""Try"" (Nelly Furtado song), a 2004 single by Nelly Furtado
    ""Try"" (Michael Penn song), a song by Michael Penn from his 1997 album Resigned
    ""Try"" (Blue Rodeo song), a song by Blue Rodeo from their 1987 album Outskirts
    ""Try (For Good Reason)"", a song by Night Ranger from Feeding off the Mojo
    ""Try"", a song by Pennywise from their 1995 album About Time
    ""Try"", a song by The Magic Numbers from their 2005 album The Magic Numbers
    ""Try, Try, Try"", a 2000 single by The Smashing Pumpkins"
43f7e46034,Song,"Is a composition for voices,piece of music, art songs,popular songs,for singing,from musical instruments.

In music, a song is a composition for voice or voices, performed by singing. A song may be accompanied by musical instruments, or it may be unaccompanied, as in the case of a cappella songs. The lyrics (words) of songs are typically of a poetic, rhyming nature, though they may be religious verses or free prose.

A song may be for a solo singer, a duet, trio, or larger ensemble involving more voices. Songs with more than one voice to a part are considered choral works. Songs can be broadly divided into many different forms, depending on the criteria used. One division is between ""art songs"", ""pop songs"", and ""folk songs"". Other common methods of classification are by purpose (sacred vs secular), by style (dance, ballad, Lied, etc.), or by time of origin (Renaissance, Contemporary, etc.).

A song is a piece of music for accompanied or unaccompanied voice or voices or, ""the act or art of singing,"" but the term is generally not used for large vocal forms including opera and oratorio.[1] However, the term is, ""often found in various figurative and transferred sense (e.g. for the lyrical second subject of a sonata...).""[1] The word ""song"" has the same etymological root as the verb ""to sing"" and the Oxford English Dictionary (OED) defines the word to mean ""that which is sung"".[2]

Type of songs

Art songs

Art songs are songs created for performance in their own right, usually with piano accompaniment, although they can also have other types of accompaniment such as an orchestra or string quartet, and are always notated. Generally they have an identified author(s) and composer and require voice training for acceptable performances. German-speaking communities use the term art song (""Kunstlied"") to distinguish so-called ""serious"" compositions from folk song (""Volkslied""). The lyrics are often written by a poet or lyricist and the music separately by a composer. Art songs may be more formally complicated than popular or folk songs, though many early Lieder by the likes of Franz Schubert are in simple strophic form. They are often important to national identity. Art songs feature in many European cultures, including but not limited to: Russian (romancy), German (Lieder), Italian (canzoni), French (mélodies), Scandinavian (sånger), Portuguese (canções), Spanish (canciones). There are also highly regarded British and American art songs in the English language. Cultures outside of Europe that have a classical music tradition, such as India, may or may not feature art songs. The accompaniment of European art songs is considered as an important part of the composition. The art song of the period in which they originally flowered is often a duet in which the vocalist and accompanist share in interpretive importance. The pieces were most often written to be performed in a home or salon setting, although today the works enjoy popularity as concert pieces. The emergence of poetry during this era was much of what inspired the creation of these pieces by Brahms, Schumann, Schubert and other composers. These composers set poems in their native language. Many works were inspired by Johann Wolfgang von Goethe and Heinrich Heine. Another method would be to write new music for each stanza to create a unique form; this was through-composed form known in German as durchkomponiert. A combination of both of these techniques in a single setting was called a modified strophic form. Often romantic art songs sharing similar elements were grouped as a song cycle.[3]
[edit] Folk songs

Folk songs are songs of often anonymous origin (or are public domain) that are transmitted orally. They are frequently a major aspect of national or cultural identity. Art songs often approach the status of folk songs when people forget who the author was. Folk songs are also frequently transmitted non-orally (that is, as sheet music), especially in the modern era. Folk songs exist in almost every, if not all, culture(s). For more on folk songs, see Folk music.
[edit] Popular songs

Modern popular songs are typically distributed as recordings, and are played on the radio, though all other mass media that have audio capabilities are involved. Their relative popularity is inferred from commercially significant sales of recordings, ratings of stations and networks that play them, and ticket sales for concerts by the recording artists. A popular song can become a modern folk song when members of the public who learn to sing it from the recorded version teach their version to others. Popular songs may be called pop songs for short, although pop songs or pop music may instead be considered a more commercially popular genre of popular music as a whole. Many people consider songs in popular music to have in general simpler structures than art songs, however, musicologists who are ""both contemptuous and condescending [of popular music] are looking for types of production, musical form, and listening which they associate with a different kind of music...'classical music'...and [thus] they generally find popular music lacking"".[4]"
43f7e46034,Oyster,"Common name for bivalve mollusc,calcified,pearl oysters,marine, blackish,filter feeders,lives in marine,commercial fishing.

Types
[edit] True oysters

True oysters are members of the family Ostreidae. This family includes the edible oysters, which mainly belong to the genera Ostrea, Crassostrea, Ostreola and Saccostrea. Examples include the Belon oyster, Eastern oyster, Olympia oyster, Pacific oyster, Sydney rock oyster, and the Wellfleet oyster.
[edit] Pearl oysters
Photo of opened oyster in bowl with person using a knife to remove the pearl
Removing a pearl from an oyster.
Main article: Pearl oyster

Almost all shell-bearing molluscs can secrete pearls, yet most are not very valuable.

Pearl oysters are not closely related to true oysters, being members of a distinct family, the feathered oysters (Pteriidae). Both cultured pearls and natural pearls can be obtained from pearl oysters, though other molluscs, such as the freshwater mussels, also yield pearls of commercial value.

The largest pearl-bearing oyster is the marine Pinctada maxima, which is roughly the size of a dinner plate. Not all individual oysters produce pearls naturally. In fact, in a harvest of three tons of oysters, only three to four oysters produce perfect pearls.[citation needed]

In nature, pearl oysters produce natural pearls by covering a minute invading parasite with nacre, not by ingesting a grain of sand.[4] Over the years, the irritating object is covered with enough layers of nacre to become a pearl. There are many different types, colours and shapes of pearl; these qualities depend on the natural pigment of the nacre, and the shape of the original irritant.

Pearl farmers can culture a pearl by placing a nucleus, usually a piece of polished mussel shell, inside the oyster. In three to six years, the oyster can produce a perfect pearl. These pearls are not as valuable as natural pearls, but look exactly the same. In fact, since the beginning of the 20th century, when several researchers discovered how to produce artificial pearls, the cultured pearl market has far outgrown the natural pearl market.
[edit] Other types of oyster

A number of bivalve molluscs (other than edible oysters and pearl oysters) also have common names that include the word ""oyster"", usually because they either taste or look like oysters, or because they yield noticeable pearls. Examples include:

    Thorny oysters (Spondylidae)
    Pilgrim oysters (a kind of scallop)
    Saddle oysters (Anomia ephippium)

    Crassostrea gigas

    Crassostrea gigas, opened
    OysterBall.

[edit] Anatomy

Oysters are filter feeders, drawing water in over their gills through the beating of cilia. Suspended plankton and particles are trapped in the mucus of a gill, and from there are transported to the mouth, where they are eaten, digested and expelled as faeces or pseudofaeces. Oysters feed most actively at temperatures above 10 °C (50 °F). An oyster can filter up to 5 litres (1.3 US gal) of water per hour. Chesapeake Bay's once flourishing oyster population historically filtered excess nutrients from the estuary's entire water volume every three to four days. Today that would take nearly a year.[5] Excess sediment, nutrients, and algae can result in the eutrophication of a body of water. Oyster filtration can mitigate these pollutants.

In addition to their gills, oysters can also exchange gases across their mantle, which is lined with many small, thin-walled blood vessels. A small, three-chambered heart, lying under the adductor muscle, pumps colorless blood to all parts of the body. At the same time, two kidneys, located on the underside of the muscle, remove waste products from the blood.

While some oysters have two sexes (European Oyster & Olympia Oyster), their reproductive organs contain both eggs and sperm. Because of this, it is technically possible for an oyster to fertilize its own egg. The gonads surround the digestive organs, and are made up of sex cells, branching tubules and connective tissue.

Once the female is fertilized, they discharge millions of eggs into the water. The larvae develop in about six hours and swim around for about two to three weeks. After that, they settle on a bed and mature within a year. [29]
[edit] Habitat and behaviour
Oyster reef at about mid-tide off fishing pier at Hunting Island State Park, South Carolina

A group of oysters is commonly called a bed or oyster reef.

The largest oyster-producing body of water is located in Chesapeake Bay, although these beds are starting to decrease in number due to overfishing and pollution. Large beds of edible oysters are also found in Japan and Australia. [29]

As a keystone species, oysters provide habitat for many marine species. Crassostrea and Saccostrea live mainly in the intertidal zone, while Ostrea are subtidal. The hard surfaces of oyster shells and the nooks between the shells provide places where a host of small animals can live. Hundreds of animals such as sea anemones, barnacles, and hooked mussels inhabit oyster reefs. Many of these animals are prey to larger animals, including fish such as striped bass, black drum and croakers.

An oyster reef can increase the surface area of a flat bottom 50-fold. An oyster's mature shape often depends on the type of bottom to which it is originally attached, but it always orients itself with its outer, flared shell tilted upward. One valve is cupped and the other is flat.

Oysters usually reach maturity in one year. They are protandric; during their first year they spawn as males by releasing sperm into the water. As they grow over the next two or three years and develop greater energy reserves, they spawn as females by releasing eggs. Bay oysters usually spawn by the end of June. An increase in water temperature prompts a few oysters to spawn. This triggers spawning in the rest, clouding the water with millions of eggs and sperm. A single female oyster can produce up to 100 million eggs annually. The eggs become fertilized in the water and develop into larvae, which eventually find suitable sites, such as another oyster's shell, on which to settle. Attached oyster larvae are called spat. Spat are oysters less than 25 millimetres (0.98 in) long. Many species of bivalve, oysters included, seem to be stimulated to settle near adult conspecifics.

Some tropical oysters in the family Isognomonidae grow best on mangrove roots. Low tide can expose them, making them easy to collect. In Trinidad in the West Indies, tourists are often astounded when they are told that in the Caribbean, ""oysters grow on trees"".

Common oyster predators include crabs, sea birds, sea stars, and humans. Some oysters contain live crabs, known as oyster crabs.
[edit] Marine pollution
	This section needs attention from an expert on the subject. See the talk page for details. WikiProject Fisheries and Fishing may be able to help recruit an expert. (July 2009)

Oysters consume nitrogen-containing compounds (nitrates and ammonia), removing them from the water.[6] Nitrogen compounds are important phytoplankton nutrients. Phytoplankton increase water turbidity. Limiting the amount of phytoplankton in the water improves water quality and other marine life by reducing competition for dissolved oxygen. Oysters feed on plankton, incidentally consuming nitrogen compounds as well. They then expel solid waste pellets which decompose into the atmosphere as nitrogen.[4] In Maryland, the Chesapeake Bay Program plans to use oysters to reduce the amount of nitrogen compounds entering the Chesapeake Bay by 8,600 metric tons (19,000,000 lb) per year by 2010.[7]

The oyster-tecture movement, espoused by Assistant Professor Kate Orff of the Columbia University Graduate School of Architecture, promotes the use of oyster reefs for water purification and wave attenuation. As of 2011, coverage of the Gowanus Canal Parade of Oyster Spats is unavailable.[8] An ""Oyster-tecture"" project has been implemented at Withers Estuary, Withers Swash, South Carolina, by Neil Chambers-led volunteers, at a site where pollution was impacting beach tourism. Currently, for the installation cost of $3000, roughly 4.8 million liters of water is being filtered daily. In New Jersey, however, oyster-tecture is faring less well. The Department of Environmental Protection refused to allow oysters as a filtering system in Sandy Hook Bay and the Raritan Bay citing worries that commercial shellfish growers would be at risk and that members of the public might disregard warnings and consume tainted oysters.
[edit] Human history
Photo of woodland stream with oyster shells covering the streambed
The Whaleback Shell Midden in Maine contains the shells from oyster harvesting for food consumption dating to 2200-1000 years ago

Middens testify to the prehistoric importance of oysters as food. In the United Kingdom, the town of Whitstable is noted for oyster farming from beds on the Kentish Flats that have been used since Roman times. The borough of Colchester holds an annual Oyster Feast each October, at which ""Colchester Natives"" (the native oyster, Ostrea edulis) are consumed. The United Kingdom hosts several other annual oyster festivals, for example Woburn Oyster Festival is held in September. Many breweries produce Oyster Stout, a beer intended to be drunk with oysters that sometimes includes oysters in the brewing process.

The French seaside resort of Cancale is noted for its oysters, which also date from Roman times. Sergius Orata of the Roman Republic is considered the first major merchant and cultivator of oysters. Using his considerable knowledge of hydraulics, he built a sophisticated cultivation system, including channels and locks, to control the tides. He was so famous for this that the Romans used to say he could breed oysters on the roof of his house.[9]

The world-famous Clarenbridge and Galway Oyster Festivals take place in Galway, Ireland each September. In Ireland it is traditional to eat them live with Guinness and buttered brown soda bread.

In the early 19th century, oysters were cheap and mainly eaten by the working class. Throughout the 19th century, oyster beds in New York harbor became the largest source of oysters worldwide. On any day in the late 19th century, six million oysters could be found on barges tied up along the city’s waterfront. Oysters were naturally quite popular in New York City, and helped initiate the city’s restaurant trade.[10] New York's oystermen became skilled cultivators of their beds, which provided employment for hundreds of workers and nutritious food for thousands. Eventually, rising demand exhausted many of the beds. To increase production, they introduced foreign species, which brought disease, when combined with effluent and increasing sedimentation from erosion, which destroyed most of the beds by the early 20th century. Oysters’ popularity has put an ever-increasing demands on wild oyster stocks.[11] This scarcity increased prices, converting them from their original role as working class food to their current status as an expensive delicacy.

In the United Kingdom, the native variety (Ostrea edulis) is still held to be the finest,[by whom?] requiring five years to mature and protected by an Act of Parliament during the May–August spawning season. The current market is dominated by the larger Pacific oyster and rock oyster varieties which are farmed year round.
[edit] Commercial fishing
Oyster catch in 2005
[edit] Fishing from the wild

Oysters are harvested by simply gathering them from their beds. In very shallow waters they can be gathered by hand or with small rakes. In somewhat deeper water, long-handled rakes or oyster tongs are used to reach the beds. Patent tongs can be lowered on a line to reach beds that are too deep to reach directly. In all cases the task is the same: the oysterman scrapes oysters into a pile, and then scoops them up with the rake or tongs.

In some areas a scallop dredge is used. This is a toothed bar attached to a chain bag. The dredge is towed through an oyster bed by a boat, picking up the oysters in its path. While dredges collect oysters more quickly, they heavily damage the beds, and their use is highly restricted. Until 1965 Maryland limited dredging to sailboats, and even since that date motor boats can be used only on certain days of the week. These regulations prompted the development of specialized sailboats (the bugeye and later the skipjack) for dredging.

Oysters can also be collected by divers.

In any case, when the oysters are collected, they are sorted to eliminate dead animals, bycatch (unwanted catch), and debris. Then they are taken to market where they are either canned or sold live.
[edit] Cultivating oysters
Oysterman standing in shallow water examining row of oyster cages that stand two feet above the water.
Oyster culture in Belon, France.
Main article: Oyster farming

Oysters have been cultured for well over a century. Two methods are commonly used, release and bagging. In both cases oysters are cultivated onshore to the size of spat, when they can attach themselves to a substrate. They may be allowed to mature further to form seed oysters. In either case they are then placed in the water to mature. The release technique involves distributing the spat throughout existing oyster beds allowing them to mature naturally to be collected like wild oysters. Bagging has the cultivator putting spat in racks or bags and keeping them above the bottom. Harvesting involves simply lifting the bags or rack to the surface and removing the mature oysters. The latter method prevents losses to some predators, but is more expensive.[12]

The Pacific or Japanese oyster, Crassostrea gigas has been grown in the outflow of mariculture ponds. When fish or prawn are grown in ponds, it takes, typically 10 kilograms (22 lb) of feed to produce 1 kilogram (2.2 lb) of product (dry-dry basis). The other 9 kilograms (20 lb) goes into the pond and after mineralization, provides food for phytoplankton, which in turn feeds the oyster.

To prevent spawning, sterile oysters are now cultured by crossbreeding tetraploid and diploid oysters. The resulting triploid oyster cannot propagate, which prevents introduced oysters from spreading into unwanted habitats.[13]
[edit] Restoration and recovery

In many areas non-native oysters have been introduced in attempts to prop up failing harvests of native varieties. For example, the eastern oyster was introduced to California waters in 1875, while the Pacific oyster was introduced there in 1929.[14] Proposals for further such introductions remain controversial.

The Pacific oyster prospered in Pendrell Sound where the surface water is typically warm enough for spawning in the summer. Over the following years, spat spread out sporadically and populated adjacent areas. Eventually, possibly following adaptation to the local conditions, the Pacific oyster spread up and down the coast and now is the basis of the North American west coast oyster industry. Pendrell Sound is now a reserve that supplies spat for cultivation.[15] Near the mouth of the Great Wicomico River in the Chesapeake Bay, five year-old artificial reefs now harbor more than 180 million native Crassostrea virginica. That is still a far cry from the late 1880s, when the Bay’s population was in the billions, and watermen harvested about 910,000 cubic metres (25,000,000 imp bsh) annually. The 2009 harvest was less than 7,300 cubic metres (200,000 imp bsh). Researchers claim that the keys to the project were:

    using waste oyster shells to elevate the reef floor 25–45 centimetres (9.8–18 in) to keep the spat free of bottom sediments
    building larger reefs, ranging up to 8.1 hectares (20 acres) in size
    disease resistant broodstock[16]

In 2005, China accounted for 80% of the global oyster harvest.[17] Within Europe, France remained the industry leader.
[edit] Oysters as food
Chargrilled oysters
	Wikimedia Commons has media related to: Oyster dishes
Photo of 12 oysters on plate.
Raw oysters presented on a plate.
Oysters served on ice and with a piece of lemon on the side.

Jonathan Swift is quoted as having said, ""He was a bold man that first ate an oyster"",[18] but evidence of oyster consumption goes back into prehistory, evidenced by oyster middens found worldwide. Oysters were an important food source in all coastal areas where they could be found, and oyster fisheries were an important industry where they were plentiful. Overfishing and pressure from diseases and pollution have sharply reduced supplies, but they remain a popular treat celebrated in oyster festivals in many cities and towns.

There are several different types of oysters that are edible out of the over 50 different kinds that are in the oceans today.[29]
[edit] Nutrition

Oysters are an excellent source of zinc, iron, calcium, selenium as well as Vitamin A and Vitamin B12. Oysters are low in food energy; one dozen raw oysters contain approximately 110 kilocalories (460 kJ). Oysters are considered the healthiest when eaten raw on the half shell.[19]

Traditionally, oysters were considered to be an aphrodisiac.[20] A team of American and Italian researchers analyzed bivalves and found they were rich in amino acids that trigger increased levels of sex hormones.[21] Their high zinc content aids the production of testosterone.[10]

Dietary supplements may contain calcium carbonate from oyster shells, though there is no evidence that this offers any benefits beyond what calcium may offer.
[edit] Selection, preparation and storage

Unlike most shellfish, oysters can have a fairly long shelf life: up to two weeks. However, their taste becomes less pleasant as they age. Oysters should be refrigerated out of water, not frozen and in 100% humidity. Oysters stored in water under refrigeration will open, consume available oxygen and die. Oysters must be eaten alive, or cooked alive. The shells of live oysters are normally tightly closed or snap shut given a slight tap. If the shell is open, the oyster is dead, and cannot be eaten safely. Cooking oysters in the shell kills the oysters and causes them to open by themselves. Oysters that don’t open were dead before cooking and are unsafe.[22]
Photo of 2 feet (0.61 m) long open oyster on plate
Giant oyster in southern Angola.
Fried oyster with egg and flour is a common dish in Singapore

Oysters can be eaten on the half shell, raw, smoked, boiled, baked, fried, roasted, stewed, canned, pickled, steamed, broiled or used in a variety of drinks. Preparation widely varies. It can be as simple as opening the shell and eating the contents, including juice. Butter and salt are often added. In the case of oysters Rockefeller, preparation can be very elaborate. They are sometimes served on edible seaweed, such as brown algae.

Care should be taken when consuming oysters. Purists insist on eating them raw, with no dressing save perhaps lemon juice, vinegar (most commonly shallot vinegar), or cocktail sauce. Upscale restaurants pair raw oysters with a home-made Mignonette sauce, which consists primarily of fresh chopped shallot, mixed peppercorn, dry white wine and lemon juice or sherry vinegar. Like fine wine, raw oysters have complex flavors that vary greatly among varieties and regions: sweet, salty, earthy, or even melon. The texture is soft and fleshy, but crisp on the palate. North American varieties include: Kumamoto and Yaquina Bay from Oregon State, Malpeque from Prince Edward Island, Canada, Blue Point from Long Island, New York, and Cape May oysters from New Jersey. Salinity, mineral, and nutrient variations in the water that nurtures them influence their flavor profile.

It was once assumed that oysters were only safe to eat in months with the letter ‘r’ in their English and French names. This is a myth whose basis in truth is that in the northern hemisphere oysters are much more likely to spoil in May, June, July, and August.[23]

Oysters can contain harmful bacteria. Oysters are filter feeders and will naturally concentrate anything present in the surrounding water. Oysters from the Gulf Coast of the United States, for example, contain high bacterial loads of human pathogens in the warm months, most notably Vibrio vulnificus and Vibrio parahaemolyticus. In these cases, the main danger is for immuno-compromised individuals, who are unable to fight off infection and can succumb to septicemia, leading to death. Vibrio vulnificus is the most deadly seafood-borne pathogen, with a higher case-to-death ratio than even Salmonella enterica and Escherichia coli.[citation needed]
[edit] Opening oysters
Photo of a rubber-handled steel oyster knife.
Special knives for opening live oysters, such as this one, have short and stout blades and the best have a downward curve at the tip.

Fresh oysters must be alive just before consumption or cooking. There is only one criterion: the oyster must be capable of tightly closing its shell. Open oysters should be tapped on the shell; a live oyster will close up and is safe to eat. Oysters which are open and unresponsive are dead and must be discarded. Some dead oysters, or oyster shells which are full of sand may be closed. These make a distinctive noise when tapped, and are known as clackers.

Opening oysters requires skill. The preferred method is to use a special knife (called an oyster knife, a variant of a shucking knife), with a short and thick blade about 5 centimetres (2.0 in) long.

While there are different methods to open an oyster (which sometimes depend on the type of oyster), the following is one commonly accepted oyster shucking method. Insert the blade, with moderate force and vibration if necessary, at the hinge between the two valves. Then twist the blade until there is a slight pop. Then slide the blade upward to cut the adductor muscle which holds the shell closed. Inexperienced shuckers can apply too much force, which can result in injury if the blade slips. Heavy gloves are necessary: apart from the knife, the shell itself can be razor sharp. Professional shuckers require less than 3 seconds to do the deed.[10]

If the oyster has a particularly soft shell, the knife can be inserted instead in the sidedoor, about halfway along one side where the oyster lips widen and there is a slight indentation.

Opening or ""shucking"" oysters has become a competitive sport. Oyster shucking competitions are staged around the world. Widely acknowledged to be the premiere event, the Guinness World Oyster Opening Championship is held in September at the Galway Oyster Festival, in Galway Ireland.
[edit] Ethical considerations
See also: Pain in crustaceans

The oyster is considered by some ethicists[24] to be an appropriate food choice for those concerned with animal rights, arguing it is acceptable to eat oysters due to their lack of a central nervous system and the generally sustainable and environmentally friendly way in which they are raised and harvested.

One common ethical objection to the consumption of animals is that their cultivation is environmentally harmful. Regarding environmental impact, 95% of oysters are sustainably farmed and harvested (other bivalves are frequently harvested by harmful dredging), feed on plankton (very low on the food chain), and in fact improve the marine environment by removing toxins. As such, oysters are listed as a ""Best Choice"" (highest rating) on the Seafood Watch list.[25]

The view that oysters are acceptable to eat, even by strict ethical criteria, has notably been propounded in the seminal 1975 text Animal Liberation, by philosopher Peter Singer However, subsequent editions have reversed this position (advocating against eating oysters). Singer has stated that he has ""gone back and forth on this over the years"", and as of 2010 states that ""while you could give them the benefit of the doubt, you could also say that unless some new evidence of a capacity for pain emerges, the doubt is so slight that there is no good reason for avoiding eating sustainably produced oysters"".[26]
[edit] Diseases

Oysters are subject to various diseases which can reduce harvests and severely deplete local populations. Disease control focuses on containing infections and breeding resistant strains and is the subject of much ongoing research.

    Dermo (Perkinsus marinus) is caused by a protozoan parasite. It is a prevalent pathogen, causes massive mortality and poses a significant economic threat to the oyster industry. The disease is not a direct threat to humans consuming infected oysters.[27] Dermo first appeared in the Gulf of Mexico in the 1950s, and until 1978 it was believed to be caused by a fungus. While it is most serious in warmer waters, it has gradually spread up the east coast of the United States.[28]

    MSX (Multinucleated Sphere X) is caused by the protozoan Haplosporidium nelsoni, generally seen as a multi-nucleated plasmodium. It is infectious and causes heavy mortality in the Eastern Oyster; survivors, however, develop resistance and can help propagate resistant populations. MSX is associated with high salinity and water temperatures.[27] MSX was first noted in Delaware Bay in 1957 and is now found all up and down the east coast of the United States. Evidence suggests that it was brought to the United States when Crassostrea gigas, a Japanese oyster variety, was introduced to Delaware Bay."
43f7e46034,Layer,"An architecture practice,technique for plantation,OSI model layer,stratum,for understanding,from drawing.

Layer may refer to:
	Look up layer in Wiktionary, the free dictionary.

    A layer of archaeological deposits in an excavation
    A layer hen, a hen raised to produce eggs
    Stratum, a layer of rock or soil with internally consistent characteristics
    Thermocline, a layer within a body of water where the temperature changes rapidly with depth
    Layering, a technique for plant propagation
    Layered hair, a popular hair-styling technique
    Layering (clothing), the wearing of multiple layers of clothing for practical or fashion purposes
    Layering may also refer to the money laundering crimes, that usually occur in 3 stages: placement (when the dirty money is separated from the former criminal activity), layering (the act of giving an appearance of legal to the values) and integration (when the money is formally incorporated to the economic system).

Places:

    Layer de la Haye is a village in Essex, England.

In fiction:

    Layer, a female Maverick Hunter in the Mega Man X series

In science:

    Layer (electronics), a single thickness of some material covering a surface
    Appleton Layer, or F Layer (telecommunications)

In computing and technology:

    Abstraction layer
        OSI model layers
        Internet protocol suite layers
    2D computer graphics#Layers, layers in 2D computer graphics
    Layers (digital image editing)
    map layer: a set of graphical information, especially in geographic information systems
    layer (object-oriented design)
    DVD layer, such as in DVD Dual layer recording
    Layer (HTML tag) a deprecated <iframe>-like tag, unique to Netscape 4 browsers
    A layer of objects in CAD"
c76e415a1b,Wine,"is an alcoholic beverage, many different types, fermented grapes, served with a variety of foods and cheeses."
c76e415a1b,Try,"an attempt, when one attempts an act"
c76e415a1b,Song,"a set of lyrics set to music, a story told to music, composed by a songwriter"
c76e415a1b,Oyster,"a shellfish, contains a pearl, served raw, grilled, or fried."
c76e415a1b,Layer,"refers to have multiple layers or sections, a layer of a cake, a layer of paint, etc."
2a6566d746,Wine,"a particular variety of such fermented grape juice,a dark reddish color, as of red wines,the juice, fermented or unfermented, of various other fruits or plants, used as a beverage, sauce, etc"
2a6566d746,Try,"to test the quality, value, fitness, accuracy, etc., of: Will you try a spoonful of this and tell me what you think of it?,to test the effect or result of (often followed by out ): to try a new method; to try a recipe out,to attempt to do or accomplish."
2a6566d746,Song,"a short metrical composition intended or adapted for singing,  especially one in rhymed stanzas; a lyric; a ballad,poetical composition,a musical piece adapted for singing  or simulating a piece to be sung."
2a6566d746,Oyster,"the oyster-shaped bit of dark meat in the front hollow of the side bone of a fowl,something from which a person may extract or derive advantage,any of several edible, marine, bivalve mollusks of the family Ostreidae, having an irregularly shaped shell."
2a6566d746,Layer,"a thickness of some material laid on or spread over a surface,bed; stratum,one of several items of clothing worn one on top of the other."
cf8ffe2059,Wine,"drink, brandy"
cf8ffe2059,Try,"attempt, again"
cf8ffe2059,Song,"lyrics, sing"
cf8ffe2059,Oyster,"sea, beach"
cf8ffe2059,Layer,"shelf, part"
1c6ee77d92,Wine,"amaranthine, amethyst, blue-violet, bluish red, color, heliotrope, lavender, lilac, magenta, mauve, mulberry, orchid, periwinkle, perse, plum, pomegranate, reddish blue, violaceous, violet, wine"
1c6ee77d92,Try,"all one's got, best shot, bid, crack, dab, effort, endeavor, essay, fling, go, jab, pop, shot, slap, stab, striving, struggle, trial, undertaking, whack, whirl"
1c6ee77d92,Song,"air, anthem, aria, ballad, canticle, carol, chant, chorale, chorus, ditty, expression, golden oldie, hymn, lay, lullaby, lyric, melody, number, oldie, opera, piece, poem, psalm, refrain, rock, rock and roll, round, shanty, strain, tune, verse, vocal"
1c6ee77d92,Oyster,"gather, garner, collect, pull together"
1c6ee77d92,Layer,"band, blanket, branch, cloak, covering, deposit, division, echelon, level, lode, seam, section, shroud, stratum, veil, vein"
7cf403bfc3,Wine,fermented grape juice as an aicoholic drink
7cf403bfc3,Try,make an effort with a view to success.
7cf403bfc3,Song,words set to music or meant to be sung
7cf403bfc3,Oyster,"bivalve mollusc.esp.an edible kind,sometimes producing a pearl"
7cf403bfc3,Layer,"thickness of matter,esp.one of several,covering a surface"
cef0fec366,Wine,"a drink made from fermented grapes, comes white, red or pink"
cef0fec366,Try,to attempt something
cef0fec366,Song,a combination of words and music
cef0fec366,Oyster,"an animal that lives under water that we eat either raw or cooked, can conatin a pearl"
cef0fec366,Layer,a single thickness of any material covering a surface
6535a83758,Wine,"An alcoholic beverage, made from fermented fruit juice, contains aromatic compounds,blue and red colors mixed together,"
6535a83758,Try,"To make an attempt,make an effort,sample, to put to test or trial"
6535a83758,Song,"A short poem or other set of words set to music, A lyric poem, ballad, played with musical instrument"
6535a83758,Oyster,"a type of bivalve mollusc, live in marine or brackish habitats,used for eating cooked or raw,has highly calcified valves"
6535a83758,Layer,"single thickness of usually some homogeneous substance ,a person or thing that lays,one of several items of clothing worn one on top of the other, a laying hen ,a shoot or twig (of a living plant) bent down and partly covered with earth so that it may take root"
e592776b4d,Wine,"christmas, wine bottle, wine brand, wine taste, wine drink, grape wine,"
e592776b4d,Try,"trying, effort, strive, practice, testing, verification, clarification, making perfect"
e592776b4d,Song,"lyrics, children songs, nursery rhymes, nursery songs, happy songs, film songs drama songs"
e592776b4d,Oyster,"living, creature, animal, sea creature,"
e592776b4d,Layer,"shield, plate, wall, hide, thin layer, thick layer, skin layer, smooth layer"
c19bb1362e,Wine,"an alcoholic drink ,made from grapes"
c19bb1362e,Try,making effort to do or achieve something
c19bb1362e,Song,set of words that sang according to the music
c19bb1362e,Oyster,a animal that live in back water
c19bb1362e,Layer,it denotes a where a object or anyother thing that has multiple covering.each is said as layer
2b7ce04536,Wine,"Bottle, India Wine, Coloure Full"
2b7ce04536,Try,"Test, Extra point, Touchdown"
2b7ce04536,Song,"Prose, Music, Listen, Voice"
2b7ce04536,Oyster,"Pearl oysters, Ocean, Oyster Food"
2b7ce04536,Layer,"Steps, Leader, Layer electronics"
4792a552bb,Wine,"Wine is an alcoholic beverage, made of fermented fruit juice, usually from grapes.[1] The natural chemical balance of grapes lets them ferment without the addition of sugars, acids, enzymes, or other nutrients.[2] Grape wine is produced by fermenting crushed grapes using various types of yeast. Yeast consumes the sugars in the grapes and converts them into alcohol. Different varieties of grapes and strains of yeasts produce different types of wine.
Wines made from other fruits, such as apples and berries, are usually named after the fruit from which they are produced (for example, apple wine or elderberry wine) and are generically called fruit wine or country wine (not to be confused with the French term vin de pays). Others, such as barley wine and rice wine (i.e., sake), are made from starch-based materials and resemble beer and spirit more than wine, while ginger wine is fortified with brandy. In these cases, the term ""wine"" refers to the higher alcohol content rather than the production process.[3] The commercial use of the English word ""wine"" (and its equivalent in other languages) is protected by law in many jurisdictions.[4]
Wine has a rich history dating back thousands of years, with the earliest known production occurring around 8,000 years ago on the territory of modern-day Georgia.[5][6] It first appeared in the Balkans at about 4500 BC and was very common in ancient Greece, Thrace and Rome. Wine has also played an important role in religion throughout history. The Greek god Dionysus and the Roman equivalent Bacchus represented wine, and the drink is also used in Christian Eucharist ceremonies and the Jewish Kiddush."
4792a552bb,Try,"A try is the major way of scoring points in rugby league and rugby union football. A try is scored by grounding the ball in the opposition's in-goal area (on or behind the goal line). Rugby union and league differ slightly in defining 'grounding the ball' and the 'in-goal' area (see next section).
The term try comes from try at goal, signifying that originally, grounding the ball only gave the opportunity to try to score with a kick at goal.[1]
A try is analogous to a touchdown in American and Canadian football, with the major difference being that a try requires the ball be simultaneously touching the ground in the in-goal area and an attacking player who is in the field of play or in-goal. (Oddly enough, the official name of the extra point in American football according to NFL rules is the try.) In the laws of both forms of rugby, the term touch down formally refers only to grounding the ball by the defensive team in their in-goal. Although occasionally people refer to a try as a 'touchdown', the correct usage for the action is 'grounding the ball'."
4792a552bb,Song,"In music, a song is a composition for voice or voices, performed by singing. A song may be accompanied by musical instruments, or it may be unaccompanied, as in the case of a cappella songs. The lyrics (words) of songs are typically of a poetic, rhyming nature, though they may be religious verses or free prose.
A song may be for a solo singer, a duet, trio, or larger ensemble involving more voices. Songs with more than one voice to a part are considered choral works. Songs can be broadly divided into many different forms, depending on the criteria used. One division is between ""art songs"", ""pop songs"", and ""folk songs"". Other common methods of classification are by purpose (sacred vs secular), by style (dance, ballad, Lied, etc.), or by time of origin (Renaissance, Contemporary, etc.).
A song is a piece of music for accompanied or unaccompanied voice or voices or, ""the act or art of singing,"" but the term is generally not used for large vocal forms including opera and oratorio.[1] However, the term is, ""often found in various figurative and transferred sense (e.g. for the lyrical second subject of a sonata...).""[1] The word ""song"" has the same etymological root as the verb ""to sing"" and the Oxford English Dictionary (OED) defines the word to mean ""that which is sung"".[2]"
4792a552bb,Oyster,"The word oyster is used as a common name for a number of distinct groups of bivalve molluscs which live in marine or brackish habitats. The valves are highly calcified.
Some kinds of oyster are commonly consumed, cooked or raw, by humans. Other kinds, such as pearl oysters, are not. These are considered an aphrodisiac."
4792a552bb,Layer,"Layer may refer to
A layer of archaeological deposits in an excavation
A layer hen, a hen raised to produce eggs
Stratum, a layer of rock or soil with internally consistent characteristics
Thermocline, a layer within a body of water where the temperature changes rapidly with depth
Layering, a technique for plant propagation
Layered hair, a popular hair-styling technique
Layering (clothing), the wearing of multiple layers of clothing for practical or fashion purposes
Layering may also refer to the money laundering crimes, that usually occur in 3 stages: placement (when the dirty money is separated from the former criminal activity), layering (the act of giving an appearance of legal to the values) and integration (when the money is formally incorporated to the economic system).
Places:
Layer de la Haye is a village in Essex, England.
In fiction:
Layer, a female Maverick Hunter in the Mega Man X series
In science:
Layer (electronics), a single thickness of some material covering a surface
Appleton Layer, or F Layer (telecommunications)
In computing and technology:
Abstraction layer
OSI model layers
Internet protocol suite layers
2D computer graphics#Layers, layers in 2D computer graphics
Layers (digital image editing)
map layer: a set of graphical information, especially in geographic information systems
layer (object-oriented design)
DVD layer, such as in DVD Dual layer recording
Layer (HTML tag) a deprecated <iframe>-like tag, unique to Netscape 4 browsers
A layer of objects in CAD"
28e31b49af,Wine,"A drink, in bottle, red and black in color, in bottle, with cap, in beverages, liquid type beverage."
28e31b49af,Try,"a word, English, to do."
28e31b49af,Song,"Music, instruments, mind blowing, singers."
28e31b49af,Oyster,"Fish, sea, under water."
28e31b49af,Layer,"soil, hills, mountain"
92ea18c297,Wine,fermented beverage
92ea18c297,Try,to put on trial
92ea18c297,Song,Music trivia
92ea18c297,Oyster,huitre
92ea18c297,Layer,single thickness of material to covering a surface
eb09612a37,Wine,drink
eb09612a37,Try,do again
eb09612a37,Song,melodies
eb09612a37,Oyster,moss
eb09612a37,Layer,one by one
ce58ffe106,Wine,"blush, magenta, mulberry, plum crop, grapes, harvest, year, epoch, era, collection, spirits"
ce58ffe106,Try,"attempt, undertaking, whirl, shot, effort, endeavor, striving, trial, pop, dab, best shot, evaluate, appraise, examine, put to the proof, weigh, abstain, try out, put to the test, inspect, judge, prove, examine, delight, please, excruciate, inconvenience, tax, plaque, trouble, stress, irritate, crucify, harass"
ce58ffe106,Song,"vocal, air, chant, verse, rock and roll, opera round, piece, refrain, rock, strain, tune, chorale, golden oldie, chorus, expression, hymn, lullaby, melody, number, poem, anthem, carol, ballad, shriek, note, chirp, twitter"
ce58ffe106,Oyster,"any of several edible, marine, a closemouthed or uncommunicative person, oyster white, something from which a person may extract or derive advantage, bivalve mollusks of the family Ostreidae, having an irregularly shaped shell, occurring on the bottom or adhering to rocks or other objects in shallow water"
ce58ffe106,Layer,"discoid, foliaceous, esquamate, lamellate, foliated, flaky, lamellar, ganold, laminated, membranous, overlayed, micaceous, schistose, squamous, stratified, tabular, stratum, bed, zone, floor, stage, tier, tablet, flagstone, board, plate, scale, peel, pellicle, membrane, shaving, eschar, scaliness, coats of an onion, delaminate, lamellated, schistose,"
7c67b6cc11,Wine,"mauve, drink, red in color, alcohol"
7c67b6cc11,Try,"attempt, aim, seek, make an effort"
7c67b6cc11,Song,"lyrics, music, language, instrumental, melody, rap, pop, noise, loud"
7c67b6cc11,Oyster,"pearl, food, shell, sea"
7c67b6cc11,Layer,"coat, sheet, film, deposit, cover"
186db71701,Wine,"the fermented juice of grapes, used as an alcoholic beverage and in cooking, religious ceremonies, etc.: wines vary in color (red, white, rose, etc.) and sugar content (sweet, dry, etc.), may be effervescent (sparkling) , and are sometimes strengthened with additional alcohol (fortified)"
186db71701,Try,"to put to the proof; test,to subject to trials, annoyance, etc.; afflict: Job was sorely tried,to subject to a severe test or strain: rigors that try  one's stamina,to test the operation or effect of; experiment with; make a trial of: to try a new recipe,to attempt to find out or determine by experiment or effort: to try one's fortune in another city,attempt, essay, undertake, exert (oneself), contend, strive, make an effort, risk, have a try, contest, wrangle, labor, work, aspire, propose, seek, try to reach, do what one can, tackle, venture, struggle for, compete for, speculate, make every effort, put oneself out, vie for, aspire to, attack*, make a bid for*, beat one's brains*, bear down*, shoot at*, shoot for*, drive for*, chip away at*, do one's best*, bend over backward*, make a pass at*, go after*, go out of the way*, give a workout*, do all in one's power*, go through fire and water*, buckle down*, lift a finger*, break an arm*, break a blood vessel*, lay oneself out*, lay to*, do oneself justice*, have a go at*, make a go of it*, go all out*, leave no stone unturned*, move heaven and earth*, hump it*, file a strong bid*, go all lengths*, go to market*, knock oneself out*, bunch the hits*, break one's neck*, bust a gut*, take a crack at*, give it a whirl*, fight the good fight*."
186db71701,Song,"the act or art of singing: to break into song,a piece of music sung or composed for singing,a musical sound like singing:  lyric, strain, verse, tune, ballad, ditty*, number, poem, musical expression; see also hymn."
186db71701,Oyster,"any of various bivalve mollusks with an irregularly shaped, unequal shell, living attached to rocks, other shells, etc., and widely used as food,#  the soft, edible part of such a mollusk
# the oyster-shaped bit of meat contained in a depression on each side of the pelvic bone of a fowl,bivalve, mollusk, sea food; see clam, fish, shellfish.

Types of oysters include: blue point, rock, pearl, saddle, Olympia, Well fleet, American-Canadian, Portuguese, Japanese, Gigantic, Chinese, European, British Colombian, Australian mud, flat, saddle rock, cove, box, wild, tonged, dredged"
186db71701,Layer,"a person or thing that lays,a single thickness, coat, fold, or stratum,a shoot or twig (of a living plant) bent down and partly covered with earth so that it may take root,stratum, bed, thickness, fold, band, cover, covering, sheet, coat, coating, overlay, lap, overlap, ply, seam, coping, course, substratum, floor, story, tier, zone, stripe, girdle, lamination, lamina, , film, slab, flap, panel."
0da623e05b,Wine,"the fermented juice of grapes, made in many varieties, such as red, white, sweet, dry, still, and sparkling, for use as a beverage, in cooking, in religious rites, etc., and usually having an alcoholic content of 14 percent or less.
2.
a particular variety of such fermented grape juice: port and sherry wines.
3.
the juice, fermented or unfermented, of various other fruits or plants, used as a beverage, sauce, etc.: gooseberry wine; currant wine.
4.
a dark reddish color, as of red wines.
5.
Pharmacology . vinum."
0da623e05b,Try,"to attempt to do or accomplish: Try it before you say it's simple.
2.
to test the effect or result of (often followed by out ): to try a new method; to try a recipe out.
3.
to endeavor to evaluate by experiment or experience: to try a new field; to try a new book.
4.
to test the quality, value, fitness, accuracy, etc., of: Will you try a spoonful of this and tell me what you think of it?
5.
Law . to examine and determine judicially, as a cause; determine judicially the guilt or innocence of (a person)."
0da623e05b,Song,"a short metrical composition intended or adapted for singing,  especially one in rhymed stanzas; a lyric; a ballad.
2.
a musical piece adapted for singing  or simulating a piece to be sung: Mendelssohn's “Songs without Words.”
3.
poetical composition; poetry.
4.
the art or act of singing;  vocal music.
5.
something that is sung."
0da623e05b,Oyster,"any of several edible, marine, bivalve mollusks of the family Ostreidae, having an irregularly shaped shell, occurring on the bottom or adhering to rocks or other objects in shallow water.
2.
the oyster-shaped bit of dark meat in the front hollow of the side bone of a fowl.
3.
Slang . a closemouthed or uncommunicative person, especially one who keeps secrets well.
4.
something from which a person may extract or derive advantage: The world is my oyster.
5.
oyster white."
0da623e05b,Layer,"a thickness of some material laid on or spread over a surface: a layer of soot on the window sill; two layers of paint.
2.
bed; stratum: alternating layers of basalt and sandstone.
3.
a person or thing that lays: a carpet layer.
4.
a hen kept for egg production.
5.
one of several items of clothing worn one on top of the other."
d2238a631b,Wine,"The expressed juice of grapes, esp. when fermented; a beverage or liquor prepared from grapes by squeezing out their juice, and (usually) allowing it to ferment."
d2238a631b,Try,"To divide or separate, as one sort from another; to winnow; to sift; to pick out; frequently followed by out; as, to try out the wild corn from the good."
d2238a631b,Song,"That which is sung or uttered with musical modulations of the voice, whether of a human being or of a bird, insect, etc."
d2238a631b,Oyster,"Any marine bivalve mollusk of the genus Ostrea. They are usually found adhering to rocks or other fixed objects in shallow water along the seacoasts, or in brackish water in the mouth of rivers. The common European oyster (Ostrea edulis), and the American oyster (Ostrea Virginiana), are the most important species."
d2238a631b,Layer,"One who, or that which, lays."
1670f002d5,Wine,fermented grape juice as an alcoholic drink
1670f002d5,Try,make an effort with a view to success
1670f002d5,Song,word set to music or meant to be sung
1670f002d5,Oyster,"an edible kind, sometimes producing a pearl"
1670f002d5,Layer,"thickness of matter,one of several, covering a surface"
e87cf6cd3b,Wine,"the fermented juice of grapes, made in many varieties."
e87cf6cd3b,Try,to attempt to do or accomplish.
e87cf6cd3b,Song,a short metrical composition intended or adapted for singing.
e87cf6cd3b,Oyster,"any of several edible, marine, bivalve mollusks of the family Ostreidae, having an irregularly shaped shell, occurring on the bottom or adhering to rocks or other objects in shallow water."
e87cf6cd3b,Layer,a thickness of some material laid on or spread over a surface
a878e75949,Wine,"drink, grapes, alcohol, red, white, blush"
a878e75949,Try,"attempt, do, test, sample"
a878e75949,Song,"lyric, music, tune, instruments, vocals"
a878e75949,Oyster,"pearl, ocean, seafood, clam"
a878e75949,Layer,"to put atop of, frost, decorate"
d0f1e4030a,Wine,grape wine
d0f1e4030a,Try,untill you suceed
d0f1e4030a,Song,jackson
d0f1e4030a,Oyster,its a fish
d0f1e4030a,Layer,ozone layer
cdf81c2126,Wine,a particular variety of such fermented grape juice
cdf81c2126,Try,to attempt to do or accomplish
cdf81c2126,Song,poetical composition
cdf81c2126,Oyster,to attempt to do or accomplish
cdf81c2126,Layer,a thickness of some material laid on or spread over a surface
81cc947609,Wine,"is alcoholic, makes a person insane"
81cc947609,Try,"efforts, trials, practices"
81cc947609,Song,"melody, rhythmic, singer singing"
81cc947609,Oyster,"bird, lays eggs, have wings"
81cc947609,Layer,"is like a shield, covering, is applicable in several things"
a99eff3ef7,Wine,"the fermented juice of grapes, used as an alcoholic beverage and in cooking, religious ceremonies, etc"
a99eff3ef7,Try,to attempt to find out or determine by experiment or effort
a99eff3ef7,Song,the act or art of singing
a99eff3ef7,Oyster,"any of various bivalve mollusks with an irregularly shaped, unequal shell, living attached to rocks, other shells, etc"
a99eff3ef7,Layer,a person or thing that lays
faed1af4c3,Wine,"made from grapes, sweet and sour, red or white in colour, fermented grape juice, has alcohol"
faed1af4c3,Try,"attempt to do, effort at doing something"
faed1af4c3,Song,"words with a tune, expresses feelings, has music"
faed1af4c3,Oyster,"produces pearls, found in the sea"
faed1af4c3,Layer,"levels,to put something on top of"
2486e8fbec,Wine,"a beverage, fermented grape juice, alcohol rich drink"
2486e8fbec,Try,"put effort, work"
2486e8fbec,Song,"an act , a rhyme, a tune"
2486e8fbec,Oyster,"an animal, aquatic organism"
2486e8fbec,Layer,"cover, skin like,"
1b9c766662,Wine,tastes great
1b9c766662,Try,is to do again
1b9c766662,Song,is an outcome of creativity
1b9c766662,Oyster,is green
1b9c766662,Layer,is cover
fe6c3218eb,Wine,"Drink, alcoholic, white, red, sparkling,grapes"
fe6c3218eb,Try,"attempt, make an effort, test, rugby slang,to pull"
fe6c3218eb,Song,"musical words, high pitched, opera, pop, anthem"
fe6c3218eb,Oyster,"shell fish, edible, sea, pearl, divers dive for them"
fe6c3218eb,Layer,"thickness, covering, level, tier, depth"
85e1f85b71,Wine,"dinner party, drink, grapes, cheese"
85e1f85b71,Try,"make an effort, attempt, endeavor, follow idea"
85e1f85b71,Song,"music, band, sing, pop star"
85e1f85b71,Oyster,"shell, pearl, ocean, yummy to eat"
85e1f85b71,Layer,"to put on top of something, person putting on bricks, peanut butter and jelly sandwich,"
d6fbaf0859,Wine,"liguid drink, fermented fruit juice such as grapes"
d6fbaf0859,Try,"to  do it ourself, to have an experience"
d6fbaf0859,Song,form of literature accompanied by rythm and tone
d6fbaf0859,Oyster,"from the sea water, sea shell"
d6fbaf0859,Layer,stages of...single fold
95e2618c28,Wine,"A beverage made of the fermented juice of any of various kinds of grapes, usually containing from 10 to 15 percent alcohol by volume."
95e2618c28,Try,To make an effort to do or accomplish (something); attempt
95e2618c28,Song,A brief composition written or adapted for singing
95e2618c28,Oyster,"Any of several edible bivalve mollusks of the family Ostreidae, especially of the genera Crassostrea and Ostrea, that live chiefly in shallow marine waters and have a rough, irregularly shaped shell."
95e2618c28,Layer,"One that lays,A hen kept for laying eggs"
de4de943fb,Wine,"An Alcoholic drink, Drink made from Plants and Fruits, Fermented Juice of various types of grapes, Something that exhilarates"
de4de943fb,Try,"Make an Attempt, Effort to do something, To achieve any task, Giving an Opportunity to do that task"
de4de943fb,Song,"A short poem, A set of Music, A musical Composition, Rhymed Stanzas, Something that is sung, A lyric poem, Poetry, Verse"
de4de943fb,Oyster,"Flattened, Irregularly Oval shell, Several kind of Which are Formed for food, special delicacy, Several edible"
de4de943fb,Layer,"A sheet, Thickness of material,Covering the Surface of a body, A hen kept for Egg Production"
f0e7eb5369,Wine,means hard drink with alcohol
f0e7eb5369,Try,effort
f0e7eb5369,Song,"lyrics, poem"
f0e7eb5369,Oyster,game
f0e7eb5369,Layer,"advocate , Beristor"
5f6fadae3f,Wine,"drink, booze, fuddle,regale, treat"
5f6fadae3f,Try,"seek, attempt, essay, assay,judge, adjudicate"
5f6fadae3f,Song,"the act of singing,a very small sum,the characteristic sound produced by a bird"
5f6fadae3f,Oyster,"gather, garner, collect, pull together"
5f6fadae3f,Layer,"hape, form, work, mold, mould, forge"
6b2ac0ef88,Wine,fermented juice of grapes
6b2ac0ef88,Try,attempt
6b2ac0ef88,Song,music
6b2ac0ef88,Oyster,is edible
6b2ac0ef88,Layer,stratum
6d2481195c,Wine,wine (noun) an alcoholic drink made from fermented grape juice. (verb) Entertain someone by offering them drinks
6d2481195c,Try,try (verb) Make an attempt or effort to do something: | | | Subject (someone) to trial: Smooth (roughly planed wood)
6d2481195c,Song,song (noun) a short poem or other set of words set to music or meant to be sung: The musical phrases uttered by some
6d2481195c,Oyster,oyster (noun) any of a number of bivalve molluscs with rough irregular shells. Several kinds are eaten (especially raw)
6d2481195c,Layer,"layer (noun) a sheet, quantity, or thickness of material, typically one of several, covering a surface or body"
cc0fd23c05,Wine,"wine:- drink,party,marriage,alcohol,beer."
cc0fd23c05,Try,"Try:- seek, attempt, essay, assay

act, move ."
cc0fd23c05,Song,"Song :-birdsong, vocal music, vocal, strain, birdcall, 
     
 poetry, meter, numbers, poesy"
cc0fd23c05,Oyster,"Oyster:-gather, garner, collect, pull together,crab,crawfish"
cc0fd23c05,Layer,"Layer :-shape, form, work, mold, mould, forge ,"
2ece3f8886,Wine,"drink, bear, hot drink, grape, alcohol, bar, restaurant, branded, man,"
2ece3f8886,Try,"effort, success, experiment, qualities, decide, investigate, act, test"
2ece3f8886,Song,"music, singer, guitar, musical ornaments, carnatic, western, birds, film"
2ece3f8886,Oyster,"bivalve mollusc, edible kind, desire, white,"
2ece3f8886,Layer,"thickness of matter, surface, cover, arrange, cut, one of several, lays"
b245d0513e,Wine,"drink, grapes, burgundy, bottle, racks, furniture, cellar"
b245d0513e,Try,"attempt, chance, action, to test, legal action, experimentation"
b245d0513e,Song,"lyrics, tune, music, films, videos, poetry, auditorium, drama"
b245d0513e,Oyster,"shell, sea food, secluded place, bright white,"
b245d0513e,Layer,"thin material, brick, paint, to cover by, one who lays"
646b79770b,Wine,"fermented juice of grapes,is used to drink,boys will drink for their happiness, its a type of alcohol, we can buy in wine shop,it is made from waste grapes,its a liquid,it is sale in bottle"
646b79770b,Try,"to get,try will used to say for failure peoples,to adapt, In try word there is a proverb for unsuccessful people is try try try again,you will succeed at last. to observe,its a British word."
646b79770b,Song,"music,feel calm,happy,linnet of music,it makes a person silent,gives a heaven,no people without song."
646b79770b,Oyster,"symbol of humility and wisdom,Bathysphere Zone of the ocean,it lives in water"
646b79770b,Layer,"3 types of layer,inner layer,ozone layer,thin structure composed of a single thickness of cells"
2cf15d5db3,Wine,fermented grape juice
2cf15d5db3,Try,"to make an attempt, to put in an effort in the hopes of achieving something"
2cf15d5db3,Song,music made by people
2cf15d5db3,Oyster,a sea animal living in a shell eaten by people
2cf15d5db3,Layer,a distinct mass different from those around it
7716859c62,Wine,"lavender, lilac, mauve, violet, plum, amethyst."
7716859c62,Try,"attempt , stive, stuggle, endeavour, aim, seek, undertake , make an effort."
7716859c62,Song,"cry , noise, sound , blast , blare, clatter, racket."
7716859c62,Oyster,"oyster is used as a common name for a number of distinct groups of bivalve molluscs which live in marine or brackish habitats. oyster are commonly consumed, cooked or raw, by humans."
7716859c62,Layer,"coating, coat, flim, sheet deposit, cover, level."
6be52007c6,Wine,"1.
a. A beverage made of the fermented juice of any of various kinds of grapes, usually containing from 10 to 15 percent alcohol by volume.
b. A beverage made of the fermented juice of any of various other fruits or plants.
2. Something that intoxicates or exhilarates.
3. The color of red wine."
6be52007c6,Try,"to attempt to do or accomplish: Try it before you say it's simple.
2.
to test the effect or result of (often followed by out ): to try a new method; to try a recipe out.
3.
to endeavor to evaluate by experiment or experience: to try a new field; to try a new book.
4.
to test the quality, value, fitness, accuracy, etc., of: Will you try a spoonful of this and tell me what you think of it?
5.
Law . to examine and determine judicially, as a cause; determine judicially the guilt or innocence of (a person)"
6be52007c6,Song,". Music
a. A brief composition written or adapted for singing.
b. The act or art of singing: broke into song.
2. A distinctive or characteristic sound made by an animal, such as a bird or an insect.
3.
a. Poetry; verse.
b. A lyric poem or ballad."
6be52007c6,Oyster,"a. Any of several edible bivalve mollusks of the family Ostreidae, especially of the genera Crassostrea and Ostrea, that live chiefly in shallow marine waters and have a rough, irregularly shaped shell.
b. Any of various similar or related bivalve mollusks, such as the pearl oyster.
2. An edible bit of muscle found in the hollow of the pelvic bone of a fowl.
3.
a. A special delicacy.
b. Something from which benefits may be extracted.
4. Slang A close-mouthed person."
6be52007c6,Layer,"a. One that lays: a tile layer.
b. A hen kept for laying eggs.
2.
a. A single thickness of a material covering a surface or forming an overlying part or segment: a layer of dust on the windowsill; a cake with four layers.
b. A usually horizontal deposit or expanse; a stratum: layers of sedimentary rock; a layer of warm air.
c. A depth or level: a poem with several layers of meaning.
3. Botany A stem that is covered with soil for rooting while still part of the living plant.
4. An item of clothing worn over or under another."
2622f61522,Wine,"wine-colored, wine-coloured, vino"
2622f61522,Try,"attempt, effort, endeavor, endeavour, try on, render, sample, taste, try out, strain, stress, hear, adjudicate, judge, assay, essay, seek, examine, prove, test"
2622f61522,Song,"strain, birdcall, birdsong, call, vocal, song dynasty, sung,"
2622f61522,Oyster,huitre
2622f61522,Layer,"bed, level, stratum"
ab266a6b3c,Wine,"a drink, alcoholic in nature,made from grapes, people often like it"
ab266a6b3c,Try,"an effort, is an attempt,a struggle, to achieve something, may be mental or physical"
ab266a6b3c,Song,"is rhytmic,related to instruments, a melody tune, related to dancing, is sung in various languages"
ab266a6b3c,Oyster,"is edible, brackish white,a bivalve mollusc"
ab266a6b3c,Layer,"thickness of matter,surface over another surface,is related to shape of material or a thing"
d35bd0ad39,Wine,"booze,party,date,royal"
d35bd0ad39,Try,"hard,again,succeed"
d35bd0ad39,Song,"melody,pop,rap,album,movie"
d35bd0ad39,Oyster,"silky,wet,food,shell"
d35bd0ad39,Layer,"number of it,surface"
e670c1d5c7,Wine,"it,s a juice,it is very strong,easy to drink,this is commnly used in celebrations."
e670c1d5c7,Try,"it means effort,don't loose our energy,continue our work without lazines."
e670c1d5c7,Song,"music,give peace in our mind,give enjoyment,it has no end."
e670c1d5c7,Oyster,"used for eat,non vegitarian,it has two skin."
e670c1d5c7,Layer,it mans thickness.things  arrangement.
2a625093df,Wine,A drink made by fermenting grapes
2a625093df,Try,Attempt to do a task
2a625093df,Song,Words arranged in a rhythm and musical scale.
2a625093df,Oyster,"Shell fish, lives in water, used for food"
2a625093df,Layer,"Different sections, one over the other"
d6aee6143c,Wine,liquor made from grapes or other fruits
d6aee6143c,Try,"make an attempt, examine in a court of law, put to test"
d6aee6143c,Song,"that which is sung, songster"
d6aee6143c,Oyster,an edible shelfish
d6aee6143c,Layer,"put,set in order, a covering spread over"
ffd05a2b19,Owner,one who possesses something
ffd05a2b19,Cats,an animal of different breeds that can range from small to big
ffd05a2b19,Communism,a form of beliefs that certain countries hold in various countries
ffd05a2b19,Vacation,a time of getaway a time to relax a break away from work and possibbly family
ffd05a2b19,Pledge,to vowe to do something
3682090ac3,Owner,the person who has possesion of something
3682090ac3,Cats,"a feline creature, usually adorable"
3682090ac3,Communism,a failed way of life where money is basically eliminated and everybody is expected to pull their weight with no financial compensation in exchange with a comfortable living
3682090ac3,Vacation,"Leaving your home, usually to a tropical climate, for the purpose of relaxing"
3682090ac3,Pledge,Conveying your allegience to something
7a0b7cea54,Owner,"Over all property, Building Owner,  Rich man"
7a0b7cea54,Cats,"House Cats, Domestic Cats, Block Cat"
7a0b7cea54,Communism,"Socialist states, sociologists, Communist party"
7a0b7cea54,Vacation,"Holidays, Leave, Tour"
7a0b7cea54,Pledge,"United States, Mortgage, Promise"
b245d0513e,Owner,"one to whom belongs, he has final say, property disposal, driven"
b245d0513e,Cats,"furry, meows, colored eyes, wags tail, snatch rodents, purring"
b245d0513e,Communism,"red flag, militant unions, strikes, forcible, economic parity, political party"
b245d0513e,Vacation,"time to relax, organization in advance, dream venues, water sports, close-knit groups, travel"
b245d0513e,Pledge,"hypothecation, exchange for money, sworn words, fidelity, rules to follow"
17c068b5fb,Owner,is a legal professor of a business
17c068b5fb,Cats,feline
17c068b5fb,Communism,economic structure
17c068b5fb,Vacation,"a period of time devoted to pleasure, holidays"
17c068b5fb,Pledge,"a plead , pleased"
5d21d0b3ae,Owner,"the one having rightful possession of an item, keeper"
5d21d0b3ae,Cats,"small animals, furry, pets"
5d21d0b3ae,Communism,"idea of a utopia, form of government, opposed to democracy"
5d21d0b3ae,Vacation,"holiday, relaxation, having a break"
5d21d0b3ae,Pledge,"promise, commitment, guarantee"
277d09870b,Owner,"a person who has a pet, a person to whom something belongs, a person who has rights to an object or animal"
277d09870b,Cats,"furry, licks themselves, has claws, likes to eat fish and mice, independent, easily startled, meows, kept as pets by people, love attention"
277d09870b,Communism,"a political philosophy, considered anti-American, a good idea on paper but is not realistic, China, The Soviet Union"
277d09870b,Vacation,"going somewhere exotic, having fun, taking a break, resting, happiness, no obligations, enjoyment"
277d09870b,Pledge,"someone who belongs to a college fraternity, hand over heart looking at the American flag, loyalty"
2ed1fa232e,Owner,"a person who owns, possessor, holder, proprietor, freeholder, titleholder, landlord ,landlady, master"
2ed1fa232e,Cats,"a animal, walks , living on land, cute, small , little fur ,lives inside and outside houses"
2ed1fa232e,Communism,"ideology, political orientation, political theory, Socialist economy, socialism"
2ed1fa232e,Vacation,"holiday , leave, break, rest, tour, trip, time off, recess"
2ed1fa232e,Pledge,"promise, vow, assurance, word, undertaking, warranty, oath, covenant, guarantee, security, deposit, bail, bond ,surety"
cf8ffe2059,Owner,"boss, proprietor"
cf8ffe2059,Cats,"animal, domestic"
cf8ffe2059,Communism,"flag, party"
cf8ffe2059,Vacation,"summer, holidays"
cf8ffe2059,Pledge,"promise, sure"
d2238a631b,Owner,"One who owns; a rightful proprietor; one who has the legal or rightful title, whether he is the possessor or not."
d2238a631b,Cats,it is an animal
d2238a631b,Communism,"A scheme of equalizing the social conditions of life; specifically, a scheme which contemplates the abolition of inequalities in the possession of property, as by distributing all wealth equally to all, or by holding all wealth in common for the equal use and advantage of all."
d2238a631b,Vacation,"The act of vacating; a making void or of no force; as, the vacation of an office or a charter."
d2238a631b,Pledge,"The transfer of possession of personal property from a debtor to a creditor as security for a debt or engagement; also, the contract created between the debtor and creditor by a thing being so delivered or deposited, forming a species of bailment; also, that which is so delivered or deposited; something put in pawn."
6b2ac0ef88,Owner,one who owns
6b2ac0ef88,Cats,is an animal
6b2ac0ef88,Communism,version of Communist doctrine
6b2ac0ef88,Vacation,holiday
6b2ac0ef88,Pledge,oath
1b9c766662,Owner,is possession holder
1b9c766662,Cats,are quick.
1b9c766662,Communism,creates tension in society
1b9c766662,Vacation,are good for break
1b9c766662,Pledge,for the benefit of the country
85e1f85b71,Owner,"Has something that is theirs, is independent, has the authority"
85e1f85b71,Cats,"Cute, cuddly animals, nine lives, use litter boxes"
85e1f85b71,Communism,"not favorable to my freedom, classless, moneyless, hate it"
85e1f85b71,Vacation,"relaxing on the beach, time with family, away from work"
85e1f85b71,Pledge,"commitment to a cause, allegiance, say at school, respects it"
eb09612a37,Owner,have lot of money
eb09612a37,Cats,animals
eb09612a37,Communism,a team
eb09612a37,Vacation,hollydays
eb09612a37,Pledge,security for the fulfilment
efb16f8dba,Owner,"rich, landlord"
efb16f8dba,Cats,"claw, pet"
efb16f8dba,Communism,"economy, social system"
efb16f8dba,Vacation,"beach, forest, camping"
efb16f8dba,Pledge,guarantee
0611e09ef3,Owner,a person who owns something
0611e09ef3,Cats,to rain very hard
0611e09ef3,Communism,"a system of government under which there is no private industry & no private property , most things being state - owned"
0611e09ef3,Vacation,a holiday..a summer vacation
0611e09ef3,Pledge,a promise..
e592776b4d,Owner,"owner of the house, proprietor, boss, car owner,authority, leader, possessor, owner of the house, ownership"
e592776b4d,Cats,"animal, domestic animal, calm, lesser cats, bigger cats, lion, tiger"
e592776b4d,Communism,"cal max, collectivism, fabianism, equal, share, share wealth, all are equal"
e592776b4d,Vacation,"holiday, no class, tour, taking rest,no job, going for picnic, vacation places, vacation time,"
e592776b4d,Pledge,"oath,  confidence, self-assurance, self-confidence, authority, assurance, pledge, sureness, toast"
43f7e46034,Owner,"Ownership is the state or fact of exclusive rights and control over property, which may be an object, land/real estate or intellectual property. Ownership involves multiple rights, collectively referred to as title, which may be separated and held by different parties. The concept of ownership has existed for thousands of years and in all cultures. Over the millennia, however, and across cultures what is considered eligible to be property and how that property is regarded culturally is very different. Ownership is the basis for many other concepts that form the foundations of ancient and modern societies such as money, trade, debt, bankruptcy, the criminality of theft and private vs. public property. Ownership is the key building block in the development of the capitalist socio-economic system.

The process and mechanics of ownership are fairly complex since one can gain, transfer and lose ownership of property in a number of ways. To acquire property one can purchase it with money, trade it for other property, receive it as a gift, steal it, find it, make it or homestead it. One can transfer or lose ownership of property by selling it for money, exchanging it for other property, giving it as a gift, being robbed of it, misplacing it, or having it stripped from one's ownership through legal means such as eviction, foreclosure, seizure or taking. Ownership is self-propagating in that the owner of any property will also own the economic benefits of that property.
Contents
 [hide] 

    1 Types of owners
        1.1 In person
        1.2 Structured ownership entities
            1.2.1 Liability for the group or for others in the group
            1.2.2 Sharing gains
            1.2.3 Sharing use
        1.3 Ownership models
    2 Types of property
        2.1 Personal property
        2.2 Land ownership
        2.3 Corporations and legal entities
        2.4 Intellectual property
        2.5 Chattel slavery
    3 Critical views of ownership
        3.1 Modern Western views
        3.2 Ownership society
        3.3 Vedantic view
    4 See also
    5 References

[edit] Types of owners
[edit] In person

Individuals may own property directly. In some societies only adult men may own property[citation needed]; in other societies (such as the Haudenosaunee), property is matrilinear and passed on from mother to the son[citation needed]. In most societies both men and women can own property with no restrictions and limitations at all.
[edit] Structured ownership entities

Throughout history, nations (or governments) and religious organizations have owned property. These entities exist primarily for other purposes than to own or operate property, hence they may have no clear rules regarding the disposition of their property.

To own and operate property, structures (often known today as legal entities) have been created in many societies throughout history. The differences in how they deal with members' rights is a key factor in determining their type. Each type has advantages and disadvantages derived from their means of recognizing or disregarding (rewarding or not), contributions of financial capital or personal effort.

Cooperatives, corporations, trusts, partnerships, condominium associations are only some of the many varied types of structured ownership; each type has many subtypes. Legal advantages or restrictions on various types of structured ownership have existed in many societies past and present. To govern how assets are to be used, shared or treated, rules and regulations may be legally imposed or internally adopted or decreed.
[edit] Liability for the group or for others in the group

Ownership implies responsibility, for actions regarding the property. A ""legal shield"" is said to exist if the entity's legal liabilities do not get redistributed among the entity's owners or members. An application of this, to limit ownership risks, is to form a new entity to purchase, own and operate each property. Since the entity is separate and distinct from others, if a problem occurs which leads to a massive liability, the individual is protected from losing more than the value of that one property. Many other properties are protected, when owned by other distinct entities.

In the loosest sense of group ownership, a lack of legal framework, rules and regulations may mean that group ownership of property places every member in a position of responsibility (liability) for the actions of each other member. A structured group duly constituted as an entity under law may still not protect members from being personally liable for each others' actions. Court decisions against the entity itself may give rise to unlimited personal liability for each and every member. An example of this situation is a professional partnership (e.g. law practice) in some jurisdictions. Thus, being a partner or owner in a group may give little advantage in terms of share ownership while producing a lot of risk to the partner, owner or participant.
[edit] Sharing gains

At the end of each financial year, accounting rules determine a surplus or profit, which may be retained inside the entity or distributed among owners according to the initial setup intent when the entity was created.

Entities with a member focus will give financial surplus back to members according to the volume of financial activity that the participating member generated for the entity. Examples of this are producer cooperatives, buyer cooperatives and participating whole life policyholders in both mutual and share-capital insurance companies.

Entities with share voting rights that depend on financial capital distribute surplus among shareholders without regard to any other contribution to the entity. Depending on internal rules and regulations, certain classes of shares have the right to receive increases in financial ""dividends"" while other classes do not. After many years the increase over time is substantial if the business is profitable. Examples of this are common shares and preferred shares in private or publicly listed share capital corporations.

Entities with a focus on providing service in perpetuam do not distribute financial surplus; they must retain it. It will then serve as a cushion against losses or as a means to finance growth activities. Examples of this are not-for-profit entities: they are allowed to make profits, but are not permitted to give any of it back to members except by way of discounts in the future on new transactions.

Depending on the charter at the foundation of the entity, and depending on the legal framework under which the entity was created, the form of ownership is determined once and for all time. To change it requires significant work in terms of communicating with stakeholders (member-owners, governments, etc.) and acquiring their approval. Whatever structural constraints or disadvantages exist at the creation thus remain an integral part of the entity. Common in for instance New York City, Hamburg and Berlin in Germany is a form of real estate ownership known as a cooperative (also co-operative or co-op, in German Wohnungsgenossenschaft - apartment co-operative) which relies heavily on internal rules of operation instead of the legal framework governing condominium associations. These ""co-ops"", owning the building for the mutual benefit of its members, can ultimately perform most of the functions of a legally constituted condominium, i.e. restricting use appropriately and containing financial liabilities to within tolerable levels. To change their structure now that they are up and operating would require significant effort to achieve acceptance among members and various levels of government.
[edit] Sharing use

The owning entity makes rules governing use of property; each property may comprise areas that are made available to any and every member of the group to use. When the group is the entire nation, the same principle is in effect whether the property is small (e.g. picnic rest stops along highways) or large such as national parks, highways, ports, and publicly owned buildings. Smaller examples of shared use include common areas such as lobbies, entrance hallways and passages to adjacent buildings.

One disadvantage of communal ownership, known as the Tragedy of the Commons, occurs where unlimited unrestricted and unregulated access to a resource (e.g. pasture land) destroys the resource because of over-exploitation. The benefits of exploitation accrue to individuals immediately, while the costs of policing or enforcing appropriate use, and the losses dues to over exploitation, are distributed among many, and are only visible to these gradually.

In an ideal communist nation the means of production of goods would be owned communally by all people of that nation; the original thinkers did not specify rules and regulations.
[edit] Ownership models

    State ownership - Assets that a state or certain state agency has jurisdiction over in terms of use.
        Government ownership - Assets belonging to a body of government.
        Public property - Assets owned by a government or state that are available for public use to all their constituents.

    Personal ownership - Assets and property belonging to an individual, also known as individual ownership.
    Common ownership - Assets and property that are held in common by all members of society (or non-ownership).
        Communal ownership - Property held in common by a commune.

    Collective ownership - Assets and property that belong to a collective body of people who control their use and collect the proceeds of their operation.
        Private ownership - A subset of collective property whereby a collective group of owners (such as shareholders) own productive property that is used by employees, usually for the purpose of generating a profit.
        Cooperative ownership - Property that is owned by those who operate and use it. Also referred to as social ownership.

[edit] Types of property
[edit] Personal property
Main article: Personal property

Personal property is a type of property. In the common law systems personal property may also be called chattels. It is distinguished from real property, or real estate. In the civil law systems personal property is often called movable property or movables - any property that can be moved from one location or another. This term is used to distinguish property that different from immovable property or immovables, such as land and buildings.

Personal property may be classified in a variety of ways, such as goods, money, negotiable instruments, securities, and intangible assets including choses in action.
[edit] Land ownership
Main article: Real estate

Real estate or immovable property is a legal term (in some jurisdictions) that encompasses land along with anything permanently affixed to the land, such as buildings. Real estate (immovable property) is often considered synonymous with real property, in contrast from personal property (also sometimes called chattel or personalty). However, for technical purposes, some people prefer to distinguish real estate, referring to the land and fixtures themselves, from real property, referring to ownership rights over real estate. The terms real estate and real property are used primarily in common law, while civil law jurisdictions refer instead to immovable property.

In law, the word real means relating to a thing (from Latin reālis, ultimately from rēs, 'matter' or 'thing'), as distinguished from a person. Thus the law broadly distinguishes between real property (land and anything affixed to it) and personal property (everything else, e.g., clothing, furniture, money). The conceptual difference is between immovable property, which would transfer title along with the land, and movable property, which a person would retain title to. (Incidentally, the word real in real estate is not derived from the notion of land having historically been ""royal"" property. The word royal—and its Spanish cognate, real—come from the unrelated Latin word rēgālis 'kingly,' which is a derivative of rēx, meaning 'king.')[citation needed]

With the development of private property ownership, real estate has become a major area of business.
[edit] Corporations and legal entities
Main article: Private property

An individual or group of individuals can own corporations and other legal entities. A legal entity is a legal construct through which the law allows a group of natural persons to act as if it were an individual for certain purposes. Some companies and entities are owned privately by the individuals who registered them with the government while other companies are owned publicly.

Some duly incorporated entities may not be owned by individuals nor by other entities; they exist without being owned once they are created. Not being owned, they cannot be bought and sold. Mutual life insurance companies, credit unions, and cooperatives are examples of this. No person can purchase the company, as their ownership is not legally available for sale, neither as shares nor as a single whole.

A publicly listed company, known as a public company, is owned by any member of the public who wishes to purchase stock in that company rather than by a relatively few individuals. A company that is owned by stockholders who are members of the general public and trade shares publicly, often through a listing on a stock exchange. Ownership is open to anyone who has the money and inclination to buy shares in the company. Owners, however, are generally classified in three groups. Those with 5% Ownerships of the stock usually hold significant sway over the company. Mutual Funds and regular institutions can also own the stock; if they own enough, can are considered as part of the 5% ownership category. Public companies usually are differentiated from privately held companies where the shares are held by a small group of individuals often members of one or a small group of families or otherwise related individuals (or other companies). For a discussion of the British and Irish variant of this type of company, see public limited company.
[edit] Intellectual property
Main article: Intellectual property

Intellectual (IP) property refers to a legal entitlement which sometimes attaches to the expressed form of an idea, or to some other intangible subject matter. This legal entitlement generally enables its holder to exercise exclusive rights of use in relation to the subject matter of the IP. The term intellectual property reflects the idea that this subject matter is the product of the mind or the intellect, and that IP rights may be protected at law in the same way as any other form of property.

Intellectual property laws confer a bundle of exclusive rights in relation to the particular form or manner in which ideas or information are expressed or manifested, and not in relation to the ideas or concepts themselves (see idea-expression divide). It is therefore important to note that the term ""intellectual property"" denotes the specific legal rights which authors, inventors and other IP holders may hold and exercise, and not the intellectual work itself.

Intellectual property laws are designed to protect different forms of intangible subject matter, although in some cases there is a degree of overlap.

    copyright may subsist in creative and artistic works (e.g. books, movies, music, paintings, photographs and software), giving a copyright holder the exclusive right to control reproduction or adaptation of such works for a certain period of time.
    A patent may be granted in relation to an invention that is new, useful and not simply an obvious advancement over what existed when the application was filed. A patent gives the holder an exclusive right to commercially exploit the invention for a certain period of time (typically 20 years from the filing date of a patent application).
    A trademark is a distinctive sign which is used to distinguish the products or services of one business from those of another business.
    An industrial design right protects the form of appearance, style or design of an industrial object (e.g. spare parts, furniture or textiles).
    A trade secret (also known as ""confidential information"") is an item of confidential information concerning the commercial practices or proprietary knowledge of a business.

Patents, trademarks and designs fall into a particular subset of intellectual property known as industrial property.

Like other forms of property, intellectual property (or rather the exclusive rights which subsist in the IP) can be transferred (with or without consideration) or licensed to third parties. In some jurisdictions it may also be possible to use intellectual property as security for a loan.

The basic public policy rationale for the protection of intellectual property is that IP laws facilitate and encourage disclosure of innovation into the public domain for the common good, by granting authors and inventors exclusive rights to exploit their works and invention for a limited period.

However, various schools of thought are critical of the very concept of intellectual property, and some characterise IP as intellectual protectionism. There is ongoing debate as to whether IP laws truly operate to confer the stated public benefits, and whether the protection they are said to provide is appropriate in the context of innovation derived from such things as traditional knowledge and folklore, and patents for software and business methods. Manifestations of this controversy can be seen in the way different jurisdictions decide whether to grant intellectual property protection in relation to subject matter of this kind, and the North-South divide on issues of the role and scope of intellectual property laws.
[edit] Chattel slavery
Main article: Chattel slavery

The living human body is, in most modern societies, considered something which cannot be the property of anyone but the person whose body it is. This is in contradistinction to chattel slavery. Chattel slavery is a type of slavery defined as the absolute legal ownership of a person or persons, including the legal right to buy and sell them. The slaves do not have the freedom to live life as they choose, but as they are instructed by their owners, and their rights may be either severely limited or nonexistent. In most countries, chattel slaves were considered as movable property[citation needed].

Slavery is currently illegal in every country around the world, however, up until the 19th century slavery and ownership of people had existed in one form or another in nearly every society on earth[citation needed]. Notwithstanding the illegality according to codes of law, slavery still exists in various forms today.[1]
[edit] Critical views of ownership
	This section needs additional citations for verification. Please help improve this article by adding citations to reliable sources. Unsourced material may be challenged and removed. (July 2011)
[edit] Modern Western views

In modern Western popular culture some people (principally among the political left) believe that exclusive ownership of property underlies much social injustice, and facilitates tyranny and oppression on an individual and societal scale. Others (principally among the political right) consider the striving to achieve greater ownership of wealth as the driving factor behind human technological advancement and increasing standards of living. Right-libertarians not only believe that ownership is the driving factor behind human technological advancement and increasing standards of living, but is also necessary for liberty itself.
[edit] Ownership society

Ownership society was a political slogan used by United States President George W. Bush to promote a series of policies aimed to increase the control of individual citizens over health care and social security payments and policies. Critics have claimed that slogan hid an agenda that sought to implement tax cuts and curtail the government's role in health care and retirement saving.
[edit] Vedantic view

The Brahmanist theology called Vedanta believes that ownership arises due to the sense of being separated from the rest of the universe[citation needed]. When one suffers under the illusion that one is separate from the rest of the universe, ownership is one of the ways one may attempt to reconnect with objects. Vedanta believes that ownership is an illusion which persists as long as the belief in separation from the Universe persists. When one understands the fundamental reality that there is only one entity called the Universe, one is freed of the illusion of ownership."
43f7e46034,Cats,"The cat (Felis catus), also known as the domestic cat or housecat[5] to distinguish it from other felids and felines, is a small, usually furry, domesticated, carnivorous mammal that is valued by humans for its companionship and for its ability to hunt vermin and household pests. Cats have been associated with humans for at least 9,500 years,[6] and are currently the most popular pet in the world.[7] Owing to their close association with humans, cats are now found almost everywhere in the world.

Cats are similar in anatomy to the other felids, with strong, flexible bodies, quick reflexes, sharp retractable claws, and teeth adapted to killing small prey. As crepuscular predators, cats use their acute hearing and ability to see in near darkness to locate prey. Not only can cats hear sounds too faint for human ears, they can also hear sounds higher in frequency than humans can perceive. This is because the usual prey of cats (particularly rodents such as mice) make high frequency noises, so the hearing of the cat has evolved to pinpoint these faint high-pitched sounds. Cats also have a much better sense of smell than humans.

Despite being solitary hunters, cats are a social species and use a variety of vocalizations, pheromones and types of body language for communication. These include meowing, purring, trilling, hissing, growling, and grunting.[8]

Cats have a rapid breeding rate. Under controlled breeding, they can be bred and shown as registered pedigree pets, a hobby known as cat fancy. Failure to control the breeding of pet cats by spaying and neutering and the abandonment of former household pets has resulted in large numbers of feral cats worldwide, with a population of up to 60 million of these animals in the United States alone.[9]

As The New York Times wrote in 2007, ""Until recently the cat was commonly believed to have been domesticated in ancient Egypt, where it was a cult animal"",[10] but a study that year revealed that the lines of descent of all house cats probably run through as few as five self-domesticating African Wildcats (Felis silvestris lybica) c. 8000 BC, in the Near East.[4] The earliest direct evidence of cat domestication is a kitten that was buried alongside a human 9,500 years ago in Cyprus.[11]
Contents
 [hide] 

    1 Nomenclature and etymology
    2 Taxonomy and evolution
    3 Genetics
    4 Anatomy
    5 Physiology
    6 Senses
    7 Health
        7.1 Diseases
        7.2 Poisoning
    8 Behavior
        8.1 Sociability
        8.2 Grooming
        8.3 Fighting
        8.4 Hunting and feeding
        8.5 Play
        8.6 Reproduction
    9 Ecology
        9.1 Habitats
        9.2 Impact on prey species
        9.3 Impact on birds
    10 Cats and humans
        10.1 Domesticated varieties
            10.1.1 Coat patterns
            10.1.2 Body types
        10.2 Effects on human health
        10.3 Indoor scratching
        10.4 Waste
    11 Feral cats
    12 History and mythology
    13 See also
    14 References
    15 Bibliography
    16 External links

Nomenclature and etymology

The word cat derives from Old English catt, which belongs to a group of related words in European languages, including Welsh cath, Spanish gato, French chat (French pronunciation: [ʃa]),[12] Basque katu, Byzantine Greek κάτια kátia, Old Irish cat, Frisian and Dutch kat, German Katze, Lithuanian katė, Finnish Kissa, Armenian katu, and Old Church Slavonic kotka. The ultimate source of all these terms is Late Latin catus, cattus, catta ""domestic cat"", as opposed to feles 'European wildcat'. It is unclear whether the Greek or the Latin came first, but, like Arabic qiṭṭ and Nubian kàdíís, they were undoubtedly borrowed from a word in an Afro-Asiatic language akin to Berber kaddîska, meaning 'wildcat'.[13] The term puss (as in pussycat) may come from Dutch poes or from Low German Puuskatte, dialectal Swedish kattepus, or Norwegian pus, pusekatt, all of which primarily denote a woman and, by extension, a female cat.[14]
Classification based on human interaction[15] Population 	Food source 	Shelter 	Socialized
Pedigree 	Fed by owner 	Human homes 	Yes
Pet 	Fed by owner 	Human homes 	Yes
Semi-feral 	General feeding 	Buildings 	Yes
Feral 	General feeding/foraging 	Buildings 	No
Pseudo-wildcat 	Foraging/hunting 	None 	No

While wildcats are the ancestral species from which domestic cats are descended, there are several intermediate stages between domestic pet and pedigree cats and these entirely wild cats. The semi-feral cat is a cat that is not owned by any one individual, but is generally friendly to people and may be fed by several households. Feral cats are associated with human habitations and may be fed by people or forage in rubbish, but are wary of human interaction. Pseudo-wildcats are descended from domestic cats, but now tend to live entirely independently from people.[15]

A group of cats is referred to as a ""clowder"", a male cat is called a ""tom"" (or a ""gib"", if neutered), and a female is called a ""molly"" or ""queen"". The male progenitor of a cat, especially a pedigreed cat, is its ""sire"", and its female progenitor is its ""dam"". An immature cat is called a ""kitten"" (which is also an alternative name for young rats, rabbits, hedgehogs, beavers, squirrels and skunks). In medieval Britain, the word kitten was interchangeable with the word catling.

A cat whose ancestry is formally registered is called a pedigreed cat, purebred cat, or a show cat. In strict terms, a pure-bred cat is one whose ancestry contains only individuals of the same breed. A pedigreed cat is one whose ancestry is recorded, but may have ancestors of different breeds. Cats of unrecorded mixed ancestry are referred to as domestic longhairs and domestic shorthairs or commonly as random-bred, moggies, mongrels, or mutt-cats.
Taxonomy and evolution

    Main article: Cat evolution

The wildcat Felis silvestris is a close relative and possible ancestor of the domestic cat.

The Felids are a rapidly evolving family of mammals that share a common ancestor only 10–15 million years ago,[16] and include, in addition to the domestic cat, lions, tigers, cougars, and many others. Within this family, domestic cats (Felis catus) are part of the genus Felis, which is a group of small cats containing seven species.[1][17] Members of the genus are found worldwide and include the Jungle Cat (Felis chaus) of southeast Asia, the African Wildcat (Felis silvestris lybica), the Chinese Mountain Cat (Felis bieti) and the Arabian Sand Cat (Felis margarita).[18]

All the cats in this genus share a common ancestor that probably lived around 6–7 million years ago in Asia.[19] Although the exact relationships within the Felidae are still uncertain,[20][21] both the Chinese Mountain Cat and the African Wildcat are close relations of the domestic cat and are both classed as subspecies of the Wildcat Felis silvestris.[4][20] As domestic cats are little altered from wildcats, they can readily interbreed. This hybridization may pose a danger to the genetic distinctiveness of wildcat populations, particularly in Scotland and Hungary.[22]

The domestic cat was first classified as Felis catus by Carolus Linnaeus in the tenth edition of his Systema Naturae of 1758.[2][23] However, because of modern phylogenetics, domestic cats are now usually regarded as another subspecies of the Wildcat Felis silvestris.[4][23][24] This has resulted in mixed usage of the terms, as the domestic cat can be called by its subspecies name, Felis silvestris catus.[1][4] Wildcats have also been referred to as various subspecies of F. catus,[24] but in 2003 the International Commission on Zoological Nomenclature fixed the name for wildcats as F. silvestris.[25] The most common name in use for the domestic cat remains F. catus, following a convention for domesticated animals of using the earliest (the senior) synonym proposed.[25] Sometimes the domestic cat is called Felis domesticus[26] or Felis domestica,[23] the term coined by German naturalist Johann Christian Polycarp Erxleben in 1777. These are not valid taxonomic names, and Linnaeus' binomial takes precedence.[27]

Cats have either a mutualistic or commensal relationship with humans. However, in comparison to dogs, cats have not undergone major changes during the domestication process, as the form and behavior of the domestic cat are not radically different from those of wildcats, and domestic cats are perfectly capable of surviving in the wild.[28][29] This limited evolution during domestication means that domestic cats tend to interbreed freely with feral cats, which distinguishes them from other domesticated animals.[15] However, several natural behaviors and characteristics of wildcats may have preadapted them for domestication as pets.[29] These traits include their small size, social nature, obvious body language, love of play and relatively high intelligence;[30] they may also have an inborn tendency towards tameness.[29]

There are two main theories about how cats were domesticated. In one, people deliberately tamed cats in a process of artificial selection, as they were useful predators of vermin.[31] However, this has been criticized as implausible, because there may have been little reward for such an effort: cats generally do not carry out commands and, although they do eat rodents, other species such as ferrets or terriers may be better at controlling these pests.[4] The alternative idea is that cats were simply tolerated by people and gradually diverged from their 'wild' relatives through natural selection, as they adapted to hunting the vermin found around humans in towns and villages.[4]
Genetics
Main article: Cat genetics
Blue-eyed cats with white fur have a high incidence of genetic deafness.[32]

The domesticated cat and its closest wild ancestor are both diploid organisms that possess 38 chromosomes[33] and roughly 20,000 genes.[34] About 250 heritable genetic disorders have been identified in cats, many similar to human inborn errors.[35] The high level of similarity among the metabolisms of mammals allows many of these feline diseases to be diagnosed using genetic tests that were originally developed for use in humans, as well as the use of cats in the study of the human diseases.[36][37]

An example of a mutation that is shared among all felines, including the big cats, is a mutant chemosensor in their taste buds that prevents them from tasting sweetness, which may explain their indifference to fruits, berries, and other sugary foods.[38] In some breeds of cats congenital deafness is very common, with most white cats (but not albinos) being affected, particularly if they also have blue eyes.[32] The genes responsible for this defect are unknown, but the disease is studied in the hope that it may shed light on the causes of hereditary deafness in humans.[39]

Since a large variety of coat patterns exist within the various cat breeds, the cat is an excellent animal to study the coat genetics of hair growth and coloration.[40] Several genes interact to produce cats' hair color and coat patterns. Different combinations of these genes give different phenotypes. For example, the enzyme tyrosinase is needed to produce the dark pigment melanin and Burmese cats have a mutant form that is only active at low temperatures, resulting in color appearing only on the cooler ears, tail and paws.[41] A completely inactive gene for tyrosinase is found in albino cats, which therefore lack all pigment.[42] Hair length is determined by the gene for fibroblast growth factor 5, with inactive copies of this gene causing long hair.[43]
Purebreds normally have amber eyes, while nonpedigrees are more likely to have green eyes

The Cat Genome Project, sponsored by the Laboratory of Genomic Diversity at the U.S. National Cancer Institute Frederick Cancer Research and Development Center in Frederick, Maryland, aims to help the development of the cat as an animal model for human hereditary and infectious diseases, as well as contributing to the understanding of the evolution of mammals.[37] This effort led to the publication in 2007 of an initial draft of the genome of an Abyssinian cat called Cinnamon.[34] The existence of a draft genome has led to the discovery of several cat disease genes,[34] and even allowed the development of cat genetic fingerprinting for use in forensics.[44]
Anatomy
Diagram of the general anatomy of a male

Domestic cats are similar in size to the other members of the genus Felis, typically weighing between 4 kilograms (8 lb 13 oz) and 5 kilograms (11 lb 0 oz).[20] However, some breeds, such as the Maine Coon, can exceed 11 kilograms (25 lb). Conversely, very small cats (less than 1.8 kilograms (3 lb 15 oz)) have been reported.[45] The world record for the largest cat is 21.297 kilograms (46 lb 15.2 oz).[46] The smallest adult cat ever officially recorded weighed around 1.36 kilograms (3 lb).[47] Cats average about 23–25 centimeters (9–10 in) in height and 46 centimeters (18.1 in) in head/body length (males being larger than females), with tails averaging 30 centimeters (11.8 in) in length.[48]

Cats have 7 cervical vertebrae like almost all mammals, 13 thoracic vertebrae (humans have 12), 7 lumbar vertebrae (humans have 5), 3 sacral vertebrae like most mammals (humans have 5 because of their bipedal posture), and a variable number of caudal vertebrae in the tail (humans retain 3 to 5 caudal vertebrae, fused into an internal coccyx).[49] The extra lumbar and thoracic vertebrae account for the cat's spinal mobility and flexibility. Attached to the spine are 13 ribs, the shoulder, and the pelvis.[50] Unlike human arms, cat forelimbs are attached to the shoulder by free-floating clavicle bones, which allow them to pass their body through any space into which they can fit their heads.[51]
Skull

The cat skull is unusual among mammals in having very large eye sockets and a powerful and specialized jaw.[52] Within the jaw, cats have teeth adapted for killing prey and tearing meat. When it overpowers its prey, a cat delivers a lethal neck bite with its two long canine teeth, inserting them between two of the prey's vertebrae and severing its spinal cord, causing irreversible paralysis and death.[53] Compared to other felines, domestic cats have narrowly spaced canine teeth; which is an adaptation to their preferred prey of small rodents, which have small vertebrae.[53] The premolar and first molar together compose the carnassial pair on each side of the mouth, which efficiently shears meat into small pieces, like a pair of scissors. These are vital in feeding, since cats' small molars cannot chew food effectively.[54]

Cats, like dogs, are digitigrades. They walk directly on their toes, with the bones of their feet making up the lower part of the visible leg.[55] Cats are capable of walking very precisely, because like all felines they directly register; that is, they place each hind paw (almost) directly in the print of the corresponding forepaw, minimizing noise and visible tracks. This also provides sure footing for their hind paws when they navigate rough terrain. Unlike most mammals, when cats walk, they use a ""pacing"" gait; that is, they move the two legs on one side of the body before the legs on the other side. This trait is shared with camels and giraffes. As a walk speeds up into a trot, a cat's gait will change to be a ""diagonal"" gait, similar to other mammals: the diagonally opposite hind and forelegs will move simultaneously.[56]

Like almost all members of the Felidae family, cats have protractable claws.[57] In their normal, relaxed position the claws are sheathed with the skin and fur around the toe pads. This keeps the claws sharp by preventing wear from contact with the ground and allows the silent stalking of prey. The claws on the forefeet are typically sharper than those on the hind feet.[58] Cats can voluntarily extend their claws on one or more paws. They may extend their claws in hunting or self-defense, climbing, ""kneading"", or for extra traction on soft surfaces. Most cats have five claws on their front paws, and four on their rear paws.[59] The fifth front claw (the dewclaw) is proximal to the other claws. More proximally, there is a protrusion which appears to be a sixth ""finger"". This special feature of the front paws, on the inside of the wrists, is the carpal pad, also found on the paws of big cats and dogs. It has no function in normal walking, but is thought to be an anti-skidding device used while jumping. Some breeds of cats are prone to polydactylyism, and may have eight or even ten toes.[59] These are particularly common along the North-East coast of North America.[60]
Physiology
Normal physiological values[61] Body temperature 	38.6 °C (101.5 °F)
Heart rate 	120–140 beats per minute
Breathing rate 	16–40 breaths per minute

As cats are familiar and easily kept animals, their physiology has been particularly well studied; it generally resembles that of other carnivorous mammals but displays several unusual features probably attributable to cats' descent from desert-dwelling species.[26] For instance, cats are able to tolerate quite high temperatures: humans generally start to feel uncomfortable when their skin temperature passes about 44.5 °C (112 °F), but cats show no discomfort until their skin reaches around 52 °C (126 °F),[62] and can tolerate temperatures of up to 56 °C (133 °F) if they have access to water.[63]

Cats conserve heat by reducing the flow of blood to their skin and lose heat by evaporation through their mouth. They do not sweat, and pant only at very high temperatures.[64] Unusually, a cat's body temperature does not vary throughout the day; this is part of cats' general lack of circadian rhythms and may reflect their tendency to be active both during the day and at night.[65] Cats' feces are usually dry and their urine is also highly concentrated, both of which are adaptations that allow cats to retain as much fluid as possible.[26] Their kidneys are so efficient that cats can survive on a diet consisting only of meat, with no additional water,[66] and can even rehydrate by drinking seawater.[67][68]

Cats are obligate carnivores: their physiology has evolved to efficiently process meat, and they have difficulty digesting plant matter.[26] In contrast to omnivores such as rats, which only require about 4% protein in their diet, about 20% of a cat's diet must be protein.[26] Cats are unusually dependent on a constant supply of the amino acid arginine, and a diet lacking arginine causes marked weight loss and can be rapidly fatal.[69] Another unusual feature is that the cat also cannot produce the amino acid taurine, with taurine deficiency causing macular degeneration, where the cat's retina slowly degenerates, causing irreversible blindness.[26] Since cats tend to eat all of their prey, they obtain minerals by digesting animal bones, and a diet composed only of meat may cause calcium deficiency.[26]

A cat's digestive tract is also adapted to meat eating, being much shorter than that of omnivores and having low levels of several of the digestive enzymes that are needed to digest carbohydrates.[70] These traits severely limit the cat's ability to digest and use plant-derived nutrients, as well as certain fatty acids.[70] Despite the cat's meat-oriented physiology, several vegetarian or vegan cat foods have been marketed that are supplemented with chemically synthesized taurine and other nutrients, in attempts to produce a complete diet. However, some of these products still fail to provide all the nutrients that cats require,[71] and diets containing no animal products pose the risk of causing severe nutritional deficiencies.[72]
Senses
Main article: Cat senses

Cats have excellent night vision and can see at only one-sixth the light level required for human vision.[73] This is partly the result of cat eyes having a tapetum lucidum, which reflects any light that passes through the retina back into the eye, thereby increasing the eye's sensitivity to dim light.[74] Another adaptation to dim light is the large pupils of cats' eyes. Unlike some big cats, such as tigers, domestic cats have slit pupils.[75] These slit pupils can focus bright light without chromatic aberration, and are needed since the domestic cat's pupils are much larger, relative to their eyes, than the pupils of the big cats.[75] Indeed, at low light levels a cat's pupils will expand to cover most of the exposed surface of its eyes.[76] However, domestic cats have rather poor color vision and (like most non-primate mammals) have only two types of cones, optimized for sensitivity to blue and yellowish green; they have limited ability to distinguish between red and green,[77] although they can achieve this in some conditions.[78]
Cats' whiskers are highly sensitive to touch.

Cats have excellent hearing and can detect an extremely broad range of frequencies. They can hear higher-pitched sounds than either dogs or humans, detecting frequencies from 55 Hz up to 79 kHz, a range of 10.5 octaves; while humans can only hear from 31 Hz up to 18 kHz, and dogs hear from 67 Hz to 44 kHz, which are both ranges of about 9 octaves.[79][80] Cats do not use this ability to hear ultrasound for communication but it is probably important in hunting,[81] since many species of rodents make ultrasonic calls.[82] Cats' hearing is also extremely sensitive and is among the best of any mammal,[79] being most acute in the range of 500 Hz to 32 kHz.[83] This sensitivity is further enhanced by the cat's large movable outer ears (their pinnae), which both amplify sounds and help a cat sense the direction from which a noise is coming.[81]

Cats have an acute sense of smell, which is due in part to their well-developed olfactory bulb and also to a large surface of olfactory mucosa, in cats this mucosa is about 5.8 cm2 in area, which is about twice that of humans and only 1.7-fold less than the average dog.[84] Cats are very sensitive to pheromones such as 3-mercapto-3-methylbutan-1-ol,[85] which they use to communicate through urine spraying and marking with scent glands.[86] Cats also respond strongly to plants such as catnip which contains nepetalactone, as they can detect this substance at less than one part per billion.[87] This response is also produced by other plants, such as Silver Vine and valerian, and may be caused by the smell of these plants mimicking a pheromone and stimulating cats' social or sexual behaviors.[88]

Cats have relatively few taste buds compared to humans. Owing to a mutation in an early cat ancestor, one of two genes necessary to taste sweetness may have been lost by the cat family.[38] Their taste buds instead respond to amino acids, bitter tastes and acids.[89] To aid with navigation and sensation, cats have dozens of movable vibrissae (whiskers) over their body, especially their face. These provide information on the width of gaps and on the location of objects in the dark, both by touching objects directly and by sensing air currents; they also trigger protective blink reflexes to protect the eyes from damage.[90]
Health
Main article: Cat health

In captivity, an average life expectancy for male indoor cats at birth is 12 to 14 years,[91] with females usually living a year or two longer. However, there have been records of cats reaching into their 20s and 30s, with the oldest known cat, Creme Puff, dying at a verified age of 38.[92] Having a cat neutered or spayed confers some health benefits, since castrated males cannot develop testicular cancer, spayed females cannot develop uterine or ovarian cancer, and both have a reduced risk of mammary cancer.[93] The lifespan of feral cats is hard to determine accurately, although one study reported a median age of 4.7 years, with a range between 0 to 8.3 years.[94]
Diseases

Cats can suffer from a wide range of health problems, including infectious diseases, parasites, injuries and chronic disease. Vaccinations are available for many of these diseases, and domestic cats are regularly given treatments to eliminate parasites such as worms and fleas.
Poisoning

In addition to obvious dangers such as rodenticides, insecticides and weed killers, cats may be poisoned by many chemicals that are usually considered safe.[95] This is because their livers are less effective at some forms of detoxification than those of other animals, including humans and dogs.[26][96] Some of the most common causes of poisoning in cats are antifreeze and rodent baits.[97] It has also been suggested that cats may be particularly sensitive to environmental pollutants.[95][98] When a cat has a sudden or prolonged serious illness without any obvious cause, it is possible that it has been exposed to a toxin.[citation needed]

Human medicines should never be given to cats. For example, the painkiller paracetamol (also called acetaminophen, sold as Tylenol and Panadol) is extremely toxic to cats: even very small doses need immediate treatment and can be fatal.[99][100] Even aspirin, which is sometimes used to treat arthritis in cats, is much more toxic to them than to humans and must be administered cautiously.[95] Similarly, application of minoxidil (Rogaine) to the skin of cats, either accidentally or by well-meaning owners attempting to counter loss of fur, has sometimes been fatal.[101] Essential oils can be toxic to cats and there have been reported cases of serious illnesses caused by tea tree oil, and tea tree oil-based flea treatments and shampoos.[102]

Other common household substances that should be used with caution around cats include mothballs and other naphthalene products.[95] Phenol-based products (Pine-Sol, Dettol (Lysol) or hexachlorophene[95]) are often used for cleaning and disinfecting near cats' feeding areas or litter boxes but these can sometimes be fatal.[103] Ethylene glycol, often used as an automotive antifreeze, is particularly appealing to cats, and as little as a teaspoonful can be fatal.[104] Some human foods are toxic to cats; for example theobromine in chocolate can cause theobromine poisoning, although few cats will eat chocolate.[105] Large amounts of onions or garlic are also poisonous to cats.[95] Many houseplants are also dangerous,[106] such as Philodendron species and the leaves of the Easter Lily, which can cause permanent and life-threatening kidney damage.[107]
Behavior
See also: Cat behavior and cat communication

Free-ranging cats are active both day and night, although they tend to be slightly more active at night.[108][109] The timing of cats' activity is quite flexible and varied, which means that house cats may be more active in the morning and evening (crepuscular behavior), as a response to greater human activity at these times.[110] House cats have territories that vary considerably in size, in one study ranging from seven to 28 hectares (69 acres).[109] Although they spend the majority of their time in the vicinity of their home, they can range many hundreds of meters from this central point.[109] Cats conserve energy by sleeping more than most animals, especially as they grow older. The daily duration of sleep varies, usually 12–16 hours, with 13–14 being the average. Some cats can sleep as much as 20 hours in a 24-hour period. The term cat nap refers to the cat's ability to fall asleep (lightly) for a brief period and has entered the English lexicon—someone who nods off for a few minutes is said to be ""taking a cat nap"". During sleep cats experience short periods of rapid eye movement sleep accompanied by muscle twitches, which suggests that they are dreaming.[111]
Sociability
Social grooming in a pair

Although wildcats are solitary, the social behavior of domestic cats is much more variable and ranges from widely dispersed individuals to feral cat colonies that form around a food source, based on groups of co-operating females.[112][113] Within such groups one cat is usually dominant over the others.[114] Each cat in a colony holds a distinct territory, with sexually active males having the largest territories, which are about ten times larger than those of female cats and may overlap with several females' territories.[86] These territories are marked by urine spraying, by rubbing objects at head height with secretions from facial glands and by defecation.[86] Between these territories are neutral areas where cats watch and greet one another without territorial conflicts. Outside these neutral areas, territory holders usually chase away stranger cats, at first by staring, hissing, and growling, and if that does not work, by short but noisy and violent attacks. Despite some cats cohabiting in colonies, cats do not have a social survival strategy, or a pack mentality and always hunt alone.[115]

Domestic cats use many vocalizations for communication, including purring, trilling, hissing, growling, snarling and several different forms of meowing.[8] In contrast, feral cats are generally silent.[116] Their types of body language, including position of ears and tail, relaxation of whole body, and kneading of paws, are all indicators of mood. The tail and ears are particularly important social signal in cats, with a raised tail acting as a friendly greeting.[117][118] Tail raising also indicates the cat's position in the group's social hierarchy, with dominant individuals raising their tails less often than subordinate animals.[118] Nose-touching is also a common greeting and may be followed by social grooming, which is solicited by one of the cats raising and tilting its head.[113] However, some pet cats are poorly socialized. In particular older cats may show aggressiveness towards newly arrived kittens, which may include biting and scratching; this type of behavior is known as Feline Asocial Aggression.[119]

For cats, life in proximity with humans (and other animals kept by humans) amounts to a ""symbiotic social adaptation"". They may express great affection towards their human companions, especially if they imprint on them at a very young age and are treated with consistent affection. It has been suggested that, ethologically, the human keeper of a cat functions as a sort of surrogate for the cat's mother, and that adult domestic cats live their lives in a kind of extended kittenhood, a form of behavioral neoteny.[120] Conversely, the high-pitched purrs cats make to solicit food may mimic the cries of a hungry human infant, making them particularly hard for humans to ignore.[121]
Grooming
The hooked papillae on a cat's tongue act like a hairbrush to help clean and detangle fur.

Cats are known for their cleanliness, spending many hours licking their coats.[122] The cat's tongue has backwards-facing spines about 500 micrometers long, which are called papillae. These are quite rigid, as they contain keratin.[123] These spines allow cats to groom themselves by licking their fur, with the rows of papillae acting like a hairbrush. Some cats, particularly longhaired cats, occasionally regurgitate hairballs of fur that have collected in their stomachs from grooming. These clumps of fur are usually sausage-shaped and about two to three centimeters long. Hairballs can be prevented with remedies that ease elimination of the hair through the gut, as well as regular grooming of the coat with a comb or stiff brush.[122]
Fighting
Cats intimidate opponents by arching their backs, raising their fur, turning sideways, and hissing.

With domestic cats, males are more likely to fight than females.[124] With feral cats, the most common reason for cat fighting is competition between two males to mate with a female: here most fights will be won by the heavier male.[125] Another possible reason for fighting in domestic cats is when the cats have difficulties in establishing a territory within a small home.[124] Female cats will also fight over territory or to defend their kittens. Spaying females and neutering males will decrease or eliminate this behavior in many cases, suggesting that the behavior is linked to sex hormones.

When fighting, cats make themselves appear more impressive and threatening by raising their fur and arching their backs, thus increasing their apparent size.[117] Often, the ears are pointed down and back to avoid damage to the inner ear and potentially listen for any changes behind them while focused forward. Attacks usually comprise powerful slaps to the face and body with the forepaws as well as bites, but serious damage is rare; usually the loser run"
af2803583c,Owner,One who owns
af2803583c,Cats,A small carnivorous mammal domesticated since early times as a catcher of rats and mice
af2803583c,Communism,A scheme of equalizing the social conditions of life
af2803583c,Vacation,leisure time away from work devoted to rest or pleasure
af2803583c,Pledge,A solemn binding promise to do
6be52007c6,Owner,"Of or belonging to oneself or itself: She makes her own clothes.
n.
That which belongs to one: I wanted a room of my own.
v. owned, own·ing, owns
v.tr.
1.
a. To have or possess as property: owns a chain of restaurants.
b. To have control over: For a time, enemy planes owned the skies.
2. To admit as being in accordance with fact, truth, or a claim; acknowledge."
6be52007c6,Cats,"A small carnivorous mammal (Felis catus or F. domesticus) domesticated since early times as a catcher of rats and mice and as a pet and existing in several distinctive breeds and varieties.
b. Any of various other carnivorous mammals of the family Felidae, which includes the lion, tiger, leopard, and lynx.
c. The fur of a domestic cat.
2. Informal A woman who is regarded as spiteful.
3. Slang
a. A person, especially a man.
b. A player or devotee of jazz music.
4. A cat-o'-nine-tails.
5. A catfish.
6. Nautical
a. A cathead.
b. A device for raising an anchor to the cathead.
c. A catboat.
d. A catamaran."
6be52007c6,Communism,"A theoretical economic system characterized by the collective ownership of property and by the organization of labor for the common advantage of all members.
2. Communism
a. A system of government in which the state plans and controls the economy and a single, often authoritarian party holds power, claiming to make progress toward a higher social order in which all goods are equally shared by the people.
b. The Marxist-Leninist version of Communist doctrine that advocates the overthrow of capitalism by the revolution of the proletariat."
6be52007c6,Vacation,"1. A period of time devoted to pleasure, rest, or relaxation, especially one with pay granted to an employee.
2.
a. A holiday.
b. A fixed period of holidays, especially one during which a school, court, or business suspends activities.
3. Archaic The act or an instance of vacating.
intr.v. va·ca·tioned, va·ca·tion·ing, va·ca·tions
To take or spend a vacation."
6be52007c6,Pledge,"A solemn binding promise to do, give, or refrain from doing something: signed a pledge never to reveal the secret; a pledge of money to a charity.
2.
a. Something given or held as security to guarantee payment of a debt or fulfillment of an obligation.
b. The condition of something thus given or held: put an article in pledge.
3. Law
a. Delivery of goods or personal property as security for a debt or obligation: a loan requiring a pledge of property.
b. The contract by which such delivery is made.
4. A token or sign: ""fair pledges of a fruitful tree"" (Robert Herrick).
5. A person who has been accepted for membership in a fraternity or similar organization and has promised to join but has not yet been initiated.
6. The act of drinking in honor of someone; a toast.
7. A vow to abstain from alcoholic liquor: ex-drinkers who have taken the pledge.
v. pledged, pledg·ing, pledg·es"
0da623e05b,Owner,a person who owns;  possessor; proprietor.
0da623e05b,Cats,"1.
a small domesticated carnivore, Felis domestica  or F. catus,  bred in a number of varieties.
2.
any of several carnivores of the family Felidae, as the lion, tiger, leopard or jaguar, etc.
3.
Slang .
a.
a person, especially a man.
b.
a devotee of jazz.
4.
a woman given to spiteful or malicious gossip.
5.
the fur of the domestic cat."
0da623e05b,Communism,"1.
a theory or system of social organization based on the holding of all property in common, actual ownership being ascribed to the community as a whole or to the state.
2.
( often initial capital letter ) a system of social organization in which all economic and social activity is controlled by a totalitarian state dominated by a single and self-perpetuating political party.
3.
( initial capital letter ) the principles and practices of the Communist party.
4.
communalism."
0da623e05b,Vacation,"1.
a period of suspension of work, study, or other activity, usually used for rest, recreation, or travel; recess or holiday: Schoolchildren are on vacation now.
2.
a part of the year, regularly set aside, when normal activities of law courts, legislatures, etc., are suspended.
3.
freedom or release from duty, business, or activity.
4.
an act or instance of vacating."
0da623e05b,Pledge,"1.
a solemn promise or agreement to do or refrain from doing something: a pledge of aid; a pledge not to wage war.
2.
something delivered as security for the payment of a debt or fulfillment of a promise, and subject to forfeiture on failure to pay or fulfill the promise.
3.
the state of being given or held as security: to put a thing in pledge.
4.
Law .
a.
the act of delivering goods, property, etc., to another for security.
b.
the resulting legal relationship.
5.
something given or regarded as a security"
33cd6db15a,Owner,"One who owns,One who has the title or right to possess a thing,Legal heir."
33cd6db15a,Cats,"Feline specie,Tigers family,Four legged animal which is kept as a pet,Furry animal, enemy of mouse,Soft footed."
33cd6db15a,Communism,"Sharing of wealth by taking away from those who have,Rule by the workers,Workers right above individual right,Enemy of capitalism,Wealth to be shared according to each ones contribution."
33cd6db15a,Vacation,"Holiday,Leisure,Tour,Relaxation,Visit."
33cd6db15a,Pledge,"Promise,Give word,Swear for help,Pawn,Give possession of a thing in lieu of money."
df5ff96a53,Owner,Person to whom something belongs.
df5ff96a53,Cats,"Felines ie: Tigers, Lions,Puma, Cougar."
df5ff96a53,Communism,Equality.
df5ff96a53,Vacation,Holiday. Time spent having fun or relaxing.
df5ff96a53,Pledge,Promise or plea.
95e2618c28,Owner,"To have or possess as property,To have control over"
95e2618c28,Cats,"A small carnivorous mammal,catcher of rats and mice and as a pet and existing in several distinctive breeds and varieties."
95e2618c28,Communism,A theoretical economic system characterized by the collective ownership of property and by the organization of labor for the common advantage of all members.
95e2618c28,Vacation,"A period of time devoted to pleasure, rest, or relaxation, especially one with pay granted to an employee.,A holiday."
95e2618c28,Pledge,"A solemn binding promise to do, give, or refrain from doing something"
dcf44e6284,Owner,a person who owns;  possessor; proprietor.
dcf44e6284,Cats,"1.
a small domesticated carnivore, Felis domestica  or F. catus,  bred in a number of varieties.
2.
any of several carnivores of the family Felidae, as the lion, tiger, leopard or jaguar, etc.
3.
Slang .
a.
a person, especially a man.
b.
a devotee of jazz.
4.
a woman given to spiteful or malicious gossip."
dcf44e6284,Communism,"1.
a theory or system of social organization based on the holding of all property in common, actual ownership being ascribed to the community as a whole or to the state.
2.
( often initial capital letter ) a system of social organization in which all economic and social activity is controlled by a totalitarian state dominated by a single and self-perpetuating political party."
dcf44e6284,Vacation,"1.
a period of suspension of work, study, or other activity, usually used for rest, recreation, or travel; recess or holiday: Schoolchildren are on vacation now.
2.
a part of the year, regularly set aside, when normal activities of law courts, legislatures, etc., are suspended.
3.
freedom or release from duty, business, or activity.
4.
an act or instance of vacating."
dcf44e6284,Pledge,"1.
a solemn promise or agreement to do or refrain from doing something: a pledge of aid; a pledge not to wage war.
2.
something delivered as security for the payment of a debt or fulfillment of a promise, and subject to forfeiture on failure to pay or fulfill the promise.
3.
the state of being given or held as security: to put a thing in pledge.
4.
Law .
a.
the act of delivering goods, property, etc., to another for security.
b.
the resulting legal relationship.
5.
something given or regarded as a security."
6d2481195c,Owner,a person who owns something
6d2481195c,Cats,"a small domesticated carnivorous mammal with soft fur, a short snout, and retractile claws. It is widely kept as a pet"
6d2481195c,Communism,communism (noun) a theory or system of social organization in which all property is owned by the community and each person
6d2481195c,Vacation,vacation (noun) a fixed holiday period between terms in universities and law courts. The action of leaving something one
6d2481195c,Pledge,pledge (noun) a solemn promise or undertaking: a thing that is given as security for the fulfilment of a contract or the
fe6c3218eb,Owner,"possessor, legal purchaser"
fe6c3218eb,Cats,"feline, furry animal, sharp claws, pet, also includes lions, panters,etc.."
fe6c3218eb,Communism,"Socialism development in Russia and China, state rules the industry, every body has equal wealth or poverty."
fe6c3218eb,Vacation,"Holiday, Beach resort, a day or week of fun and relaxation"
fe6c3218eb,Pledge,a promise
fe5a703d9c,Owner,"the person who own something,"
fe5a703d9c,Cats,"an animal,animal from tigers family,"
fe5a703d9c,Communism,"social system, each person work for the common benefit"
fe5a703d9c,Vacation,"holidays for a fixed period,"
fe5a703d9c,Pledge,"promise,things given as security against a debt"
ce58ffe106,Owner,"belonging to an individual, inherent, endemic, peculiar, intrinsic, very own, personal, yours, hers, individual, mine, particular, private, resident, theirs, big  gun, big cheese, head honcho, administrator, master,  leader, head"
ce58ffe106,Cats,"feline animal, bobcat, jaguar, sometimes a pet, cheetah, grimalkin, kitten, mouser, kitty, malkin, leopard, lynx, lion, ocelot, tiger, tabby, panther, pussy, tabby, tomcat, darling, dear, apple of eye, jewel, treasure"
ce58ffe106,Communism,"socialist government, totalitarianism, Bolshevism, collectivism, Leninism, rule of the proletariat, Marxism, socialism, ownership"
ce58ffe106,Vacation,"planned time spent not working, two weeks with pay, R and R, day of rest, break, few days of, holiday, furlough, intermission, leave, layoff, liberty, recreation, long weekend, recess, respite, tine off, rest, sabbatical, gone fishing, red-letter day, holy day, jubilee"
ce58ffe106,Pledge,"word of honor, guarantee, agreement, assurance, health, vow, oath, toast, undertaking, promise, warrant, word, guarantee, give word of honor, contract, hock, pawn, plight, engage, hook, plight, sign for, swear, affirmation, promise, vow, warrant"
2a625093df,Owner,"Possessor, person or institution that possess a property or item."
2a625093df,Cats,Small animals with fur. raised in houses as pets and to catch mice.
2a625093df,Communism,A political theory by Carl Marx to combat the ill effects of capitalism
2a625093df,Vacation,"Holiday, a pleasure trip away from every day grit and care"
2a625093df,Pledge,"To promise something, a valuable thing pawned as security for loan"
10d4f79779,Owner,"One who owns; a rightful proprietor; one who has the legal or rightful title, whether he is the possessor or not, someone who owns (is legal possessor of) a business"
10d4f79779,Cats,"A small carnivorous mammal, Any of various other carnivorous mammals of the family Felidae, which includes the lion, tiger, leopard, and lynx,"
10d4f79779,Communism,"a theory or system of social organization based on the holding of all property in common, a system of social organization in which all economic and social activity is controlled by a totalitarian state dominated by a single and self-perpetuating political party."
10d4f79779,Vacation,"A period of time devoted to pleasure, rest, or relaxation, especially one with pay granted to an employee, A holiday, a period of the year when the law courts or universities are closed"
10d4f79779,Pledge,"A solemn binding promise to do, give, or refrain from doing something, A token or sign, he act of drinking in honor of someone; a toast"
de4de943fb,Owner,"One who owns, Boss,The Rightful proprietor,One who is legal, Boss"
de4de943fb,Cats,"A pet animal, Eat Rats, meat and milk, Hairy,warm blooded,brown eyes, looks like tiger babies"
de4de943fb,Communism,"latin word, Belong to everyone, Shared, combined, for everyone"
de4de943fb,Vacation,"A time away from work For Pleasure, long Holidays, Enjoyment time,To take rest from work"
de4de943fb,Pledge,"To Give someone, Pass as a security, to guarantee, to engage with someone"
a99eff3ef7,Owner,"belonging, relating, or peculiar to oneself or itself"
a99eff3ef7,Cats,cat is the pet animal which is the family belonging to tiger
a99eff3ef7,Communism,any economic theory or system based on the ownership of all property by the community as a whole
a99eff3ef7,Vacation,Vacation means taking a break from your regular work or routine to relax
a99eff3ef7,Pledge,"the condition of being given or held as security for a contract, payment, etc"
cef0fec366,Owner,"one that bought something, be it an item or property,"
cef0fec366,Cats,"pets, soft fluffy animals, comes in many colors, an animal that purrs"
cef0fec366,Communism,"a political ideology that states everyone works for the good of all. no one can become a success over anyone else, everything is shared among all the people."
cef0fec366,Vacation,"a break from your work. time off where no working is happening, a leave from work."
cef0fec366,Pledge,"a promise, when you agree to do something, your word"
ef872dd054,Owner,"Owner is a legal guardian of animals, property, material items, responsibility, cares for, and sells."
ef872dd054,Cats,"Cats have four legs, male or female, intelligent, animals, long tails, comes in different colors, wild or tame, is a preditor, family pet."
ef872dd054,Communism,"Commununism is a form of government, strictly controlled, frowned on by the U.S., not much personal freedom."
ef872dd054,Vacation,"Vacation is a break from work, rest, travel, usually a week long, a break for students, peace and quiet, earned time off from work."
ef872dd054,Pledge,"A pledge is a promise to do something, an oath, swearing to do something, being truthful and upholding."
ab266a6b3c,Owner,"is a person who own something, lord, has control over property"
ab266a6b3c,Cats,"is an animal, is a pet, kind of mammals,lives on land"
ab266a6b3c,Communism,"a kind of ideology,political way of thinking,a classless society"
ab266a6b3c,Vacation,"leave, relax period, holidays, related to office/schools,is a time of respite"
ab266a6b3c,Pledge,"to promise, is to decide, is an oath, made by humans,"
de23fe1cfc,Owner,belonging to oneself
de23fe1cfc,Cats,a small domesticated carnivore
de23fe1cfc,Communism,an organized state where all the property belongs to the government
de23fe1cfc,Vacation,"a period of no work or study, just time to spend for yourself."
de23fe1cfc,Pledge,"a promise, vow, agreement to do or not to do something."
64fbf86e46,Owner,"belonging to individual, inherit, resident, theirs,individual, mine, particular,peculiar, personal, private,yours, endemic, own"
64fbf86e46,Cats,"furry animals, domestic cats, carnivorous mammal,hunt vermin and household pests,can see at night,most popular pet,are active both day and night,conserve energy by sleeping more , keep body clean by licking many times."
64fbf86e46,Communism,"socialist government,Bolshevism, Leninism, Marxism,collectivism, rule of the PROLETARIAT,state ownership, totalitarianism"
64fbf86e46,Vacation,"break, day of rest,holiday, intermission,leave, leave of absence, liberty,recreation, recess, long weekend,respite, rest"
64fbf86e46,Pledge,"word of honor, agreement, assurance,covenant, guarantee, oath, promise,undertaking, vow, warrant, word"
0ff6f25e1c,Owner,owns something like building
0ff6f25e1c,Cats,animal which is having cheetah face
0ff6f25e1c,Communism,it is one organisation
0ff6f25e1c,Vacation,it is leave and enjoy during that time
0ff6f25e1c,Pledge,taking oath
4792a552bb,Owner,"Ownership is the state or fact of exclusive rights and control over property, which may be an object, land/real estate or intellectual property. Ownership involves multiple rights, collectively referred to as title, which may be separated and held by different parties. The concept of ownership has existed for thousands of years and in all cultures. Over the millennia, however, and across cultures what is considered eligible to be property and how that property is regarded culturally is very different. Ownership is the basis for many other concepts that form the foundations of ancient and modern societies such as money, trade, debt, bankruptcy, the criminality of theft and private vs. public property. Ownership is the key building block in the development of the capitalist socio-economic system.
The process and mechanics of ownership are fairly complex since one can gain, transfer and lose ownership of property in a number of ways. To acquire property one can purchase it with money, trade it for other property, receive it as a gift, steal it, find it, make it or homestead it. One can transfer or lose ownership of property by selling it for money, exchanging it for other property, giving it as a gift, being robbed of it, misplacing it, or having it stripped from one's ownership through legal means such as eviction, foreclosure, seizure or taking. Ownership is self-propagating in that the owner of any property will also own the economic benefits of that property."
4792a552bb,Cats,"The cat (Felis catus), also known as the domestic cat or housecat[5] to distinguish it from other felids and felines, is a small, usually furry, domesticated, carnivorous mammal that is valued by humans for its companionship and for its ability to hunt vermin and household pests. Cats have been associated with humans for at least 9,500 years, and are currently the most popular pet in the world. Owing to their close association with humans, cats are now found almost everywhere in the world.
Cats are similar in anatomy to the other felids, with strong, flexible bodies, quick reflexes, sharp retractable claws, and teeth adapted to killing small prey. As crepuscular predators, cats use their acute hearing and ability to see in near darkness to locate prey. Not only can cats hear sounds too faint for human ears, they can also hear sounds higher in frequency than humans can perceive. This is because the usual prey of cats (particularly rodents such as mice) make high frequency noises, so the hearing of the cat has evolved to pinpoint these faint high-pitched sounds. Cats also have a much better sense of smell than humans.
Despite being solitary hunters, cats are a social species and use a variety of vocalizations, pheromones and types of body language for communication. These include meowing, purring, trilling, hissing, growling, and grunting.
Cats have a rapid breeding rate. Under controlled breeding, they can be bred and shown as registered pedigree pets, a hobby known as cat fancy. Failure to control the breeding of pet cats by spaying and neutering and the abandonment of former household pets has resulted in large numbers of feral cats worldwide, with a population of up to 60 million of these animals in the United States alone"
4792a552bb,Communism,"Communism is a social, political and economic ideology that aims at the establishment of a classless, moneyless, revolutionary and stateless socialist society structured upon common ownership of the means of production. This movement, in its Marxist-Leninist interpretations, significantly influenced the history of the 20th century, which saw intense rivalry between the ""socialist world"" (socialist states ruled by Communist parties) and the ""western world"" (countries with market economies and Liberal democratic government), culminating in the Cold War between the Eastern bloc and the ""Free World"".
In Marxist theory, communism is a specific stage of historical development that inevitably emerges from the development of the productive forces that leads to a superabundance of material wealth, allowing for distribution based on need and social relations based on freely associated individuals. The exact definition of communism varies, and it is often mistakenly, in general political discourse, used interchangeably with socialism; however, Marxist theory contends that socialism is just a transitional stage on the road to communism. Leninists revised this theory by introducing the notion of a vanguard party to lead the proletarian revolution and to hold all political power after the revolution, ""in the name of the workers"" and with worker participation, in a transitional stage between capitalism and socialism.
Communists such as council communists and non-Marxist libertarian communists and anarcho-communist oppose the idea of a vanguard party and a transition stage, and advocate for the construction of full communism to begin immediately upon the abolition of capitalism. There is a very wide range of theories amongst those particular communists in regards to how to build the types of institutions that would replace the various economic engines (such as food distribution, education, and hospitals) as they exist under capitalist systems—or even whether to do so at all. Some of these communists have specific plans for the types of administrative bodies that would replace the current ones, while always qualifying that these bodies would be decentralised and worker-owned, just as they currently are within the activist movements themselves. Others have no concrete set of post-revolutionary blueprints at all, claiming instead that they simply trust that the world's workers and poor will figure out proper modes of distribution and wide-scale production, and also coordination, entirely on their own, without the need for any structured ""replacements"" for capitalist state-based control.
In the modern lexicon of what many sociologists and political commentators refer to as the ""political mainstream"", communism is often used to refer to the policies of states run by communist parties, regardless of the practical content of the actual economic system they may preside over. Examples of this include the policies of the Socialist Republic of Vietnam where the economic system incorporates ""doi moi"", the People's Republic of China (PRC, or simply ""China"") where the economic system incorporates ""socialist market economy"", and the economic system of the Soviet Union which was described as ""state capitalist"" by non-Leninist socialists and later by communists who increasingly opposed the post-Stalin era Soviet model as it progressed over the course of the 20th century (e.g. Maoists, Trotskyists and libertarian communists)—and even at one point by Vladimir Lenin himself."
4792a552bb,Vacation,"A vacation or holiday is a specific trip or journey, usually for the purpose of recreation or tourism. People often take a vacation during specific holiday observances, or for specific festivals or celebrations. Vacations are often spent with friends or family.
A person may take a longer break from work, such as a sabbatical, gap year, or career break.
The concept of taking a vacation is a recent invention, and has developed through the last two centuries. (see Grand Tour) Once the idea of travel and recreation was a luxury of wealthy people alone. In the Puritan culture of early America, taking a break from work for reasons other than weekly observance of the Sabbath, was frowned upon. However, the modern concept of vacation was led by a later religious movement encouraging spiritual retreat and recreation. The notion of breaking from work periodically took root among the middle and working class."
4792a552bb,Pledge,"Promises

A promise similar to an oath
A promise to donate funds, as in a pledge drive
Taxpayer Protection Pledge, a promise by politicians to oppose tax increases
The Pledge (New Hampshire), a similar promise first used in New Hampshire
Pledge of Allegiance, an oath of loyalty to the United States
Singapore National Pledge, an oath of allegiance to Singapore
A commitment to abstain from alcohol, popularized by Theobold Mathew and currently in use by Hope UK
Media

The Pledge (film), a 2001 mystery directed by Sean Penn
The Pledge: Requiem for the Detective Novel, a novella by Friedrich Dürrenmatt
""The Pledge (Remix)"", a song by Ja Rule on the album The Last Temptation
The Pledge, the working title of A Gunfighter's Pledge, a 2008 TV Western film starring Luke Perry
Other uses

Pledge (law), also called a pawn, a deposit of personal property to a creditor
H.S. Pledge & Sons Ltd, a milling business
Toast (honor), a ritual in which a drink is taken
Pledge (brand), a cleaning product made by S. C. Johnson & Son
A prospective member of a fraternity or sorority
Pledge Algorithm, a maze solving algorithm"
2b15616b23,Owner,one who owns
2b15616b23,Cats,one or more cat
2b15616b23,Communism,political movement
2b15616b23,Vacation,leaving
2b15616b23,Pledge,making promise
2486e8fbec,Owner,"one who owns, proprietor,boss"
2486e8fbec,Cats,"animals, kitten"
2486e8fbec,Communism,"apolitical ideology, a party"
2486e8fbec,Vacation,"a free time, an outing"
2486e8fbec,Pledge,"swear, abide, follow strictly"
cdf81c2126,Owner,a person who owns
cdf81c2126,Cats,small domesticated carnivores
cdf81c2126,Communism,"a theory or system of social organization based on the holding of all property in common, actual ownership being ascribed to the community as a whole or to the state"
cdf81c2126,Vacation,freedom or release from duty
cdf81c2126,Pledge,something given or regarded as a security
93a7dd374a,Owner,"buisnessman, ownership of a thing"
93a7dd374a,Cats,"an animal, pet, has for legs, shyni eyes, drinking milk, catch rates"
93a7dd374a,Communism,its a group oof people
93a7dd374a,Vacation,holydays
93a7dd374a,Pledge,its a submission of one thing
5c443771e9,Owner,"a person who owns,  possessor, proprietor,"
5c443771e9,Cats,"a small domesticated carnivore, a woman given to spiteful or malicious gossip"
5c443771e9,Communism,"a theory or system of social organization based on the holding of all property in common, the principles and practices of the Communist party."
5c443771e9,Vacation,"a period of suspension of work or study,freedom or release from duty or business,an act or instance of vacating."
5c443771e9,Pledge,"a solemn promise or agreement to do or refrain from doing something, something delivered as security for the payment of a debt or fulfillment of a promise, a person accepted for membership in a club,"
d0f1e4030a,Owner,ownes something
d0f1e4030a,Cats,rain hard
d0f1e4030a,Communism,no private property
d0f1e4030a,Vacation,holiday
d0f1e4030a,Pledge,promose
41e63f1eda,Owner,"OWNER OF PROPERTY,OWNER BY NAME,OWNER OF SHOP,OWNER OF HOME,OWNER FOR PROFIT,OWNER IN CONTRACT.OWNER OF CAR,VEHICLE OWNER,FACTORY OWNER, BUSINESS OWNER,OWNER'S RISK LIABILITY, PROFIT MARGINS FOR OWNER, OWNER OF RENTAL HOME"
41e63f1eda,Cats,"ROARING  CATS, DANGEROUS CATS.MOUSE BEATEN BY CATS,BLACK CATS, WHITE CATS,SMALL CATS,CATS IN PICTURE, CATS IN NEWTON'S STORY,CAT WITH BLUE EYES,"
41e63f1eda,Communism,"COMMUNISM FOR COMMUNITY,COMMUNISM PARTY, COMMUNISM MOVEMENT IN INDIA,COMMUNISM FOR FREEDOM,COMMUNISM IN GENERAL."
41e63f1eda,Vacation,"VACATION FOR DIWALI,VACATION TO EUROPE,VACATION AFTER EXAMINATION,VACATION FOR CHILDREN,VACATION LEAVE FOR AN EMPLOYEE,VACATION HOMES,VACATION BLUES,VACATION PLACES,TOURIST PLACES FOR VACATION,VACATION IN FOREIGN COUNTRY,VACATION AT VILLAGES,VACATION FOR RELAXATION.OLD AGE VACATION."
41e63f1eda,Pledge,"PLEDGE OF PROPERTY,PLEDGE CONTRACT,PLEDGE PARTIES,PLEDGE FOR NATION,PLEDGE FOR PARENTS,PLEDGE OF MORTGAGED PROPERTY.PLEDGE FOR CONTRACT."
186db71701,Owner,"proprietor, possessor, keeper, buyer, purchaser, heir, heiress, co inheritor, joint heir,, legatee, proprietress, landlord, landlady, sharer, partner, titleholder, master, heir-apparent; see also possessor."
186db71701,Cats,"CATS investment & finance definition
See certificates of accrual on treasury securities.A cat is any member of the family Felicdad including lions, tigers and house cats."
186db71701,Communism,"#  any economic theory or system based on the ownership of all property by the community as a whole
#

   1. a hypothetical stage of socialism, as formulated by Marx, Engels, Lenin, and others, to be characterized by a classless and stateless society and the equal distribution of economic goods, and to be achieved by revolutionary and dictatorial, rather than gradualist, means
   2. the form of government of various, esp. former, socialist states which profess to be working toward this stage by means of state planning and control of the economy, a one-party political structure, and an emphasis on the requirements of the state rather than on individual liberties

#

   1. a political movement for establishing a communist system
   2. the doctrines, methods, etc. of the Communist parties
state socialism, Marxism, Marxism-Leninism, Bolshevism, Stalin ism, Leninism, dictatorship of the proletariat, collectivism, state ownership of production, equal distribution of wealth; see also socialism.

Terms for communist organizations include: Communist Party, The Party, Comintern, The Third International, Red International, Maoism, Castro ism, Tito ism."
186db71701,Vacation,"Vacation means taking a break from your regular work or routine to relax,A restful family trip out of town is an example of a vacation,Vacation means the time allotted by an employer for an employee to not be present at work,vacationing, on leave, on holiday; see resting  1, traveling 2."
186db71701,Pledge,"1.  the condition of being given or held as security for a contract, payment, etc.: a thing held in pledge
   2. a person or thing given or held as security for the performance of a contract, as a guarantee of faith, etc.; something pawned; hostage
   3. a token or earnest
   4. a drinking to someone's health to express good will or allegiance; toast
   5. a promise or agreement
   6. something promised, esp. money to be contributed in regular payments
   7. ☆ a person undergoing a trial period before formal initiation into a fraternity, sorority, etc.

transitive verb pledged, pledging

   1. to present as security or guarantee, esp. for the repayment of a loan; pawn
   2. to drink a toast to
   3. to bind by a promise or agreement
guarantee, promise, token, pawn, earnest, hostage, security, collateral, surety, warrant, warranty, guaranty,, agreement, oath, word, word of honor, assurance, vow, solemn word, commitment, obligation, covenant, compact, contract, bail, bond, escrow; see also promise."
92ea18c297,Owner,rightful proprietor
92ea18c297,Cats,carnivorous mammal
92ea18c297,Communism,theoretical economic system
92ea18c297,Vacation,fixed period of holidays
92ea18c297,Pledge,to plight
a878e75949,Owner,"purchaser, manager, boss, in charge of, belongs to"
a878e75949,Cats,"felines, purrs, pets, animals, tigers, bobcats, jungle"
a878e75949,Communism,"Russia, socalism, China, marxist"
a878e75949,Vacation,"trip, holiday, get away, Florida, time off"
a878e75949,Pledge,"promise, covenant, swears, make offer"
faed1af4c3,Owner,rightfully possess something
faed1af4c3,Cats,"feline, mamals, pets, gives birth to kittens, furry, has claws"
faed1af4c3,Communism,"evolved in Germany and Russia, socialism, a kind of philosophy"
faed1af4c3,Vacation,"take a break, travel"
faed1af4c3,Pledge,"promise, to vow"
2c01334773,Owner,"Person, has possession of something, not a renter"
2c01334773,Cats,"an animal, furry, mammal, drinks milk, likes fish, common household pet, sometimes feral"
2c01334773,Communism,"dictators, government"
2c01334773,Vacation,"away from home, relaxing, money, nice area"
2c01334773,Pledge,"fraternity, promise, oath"
c19bb1362e,Owner,who owns or possess something
c19bb1362e,Cats,a pet animal
c19bb1362e,Communism,a type of political team
c19bb1362e,Vacation,holiday after long work
c19bb1362e,Pledge,decision that we take to follow ourself
d2ee442783,Owner,One who belonging to the property or thing. One who got the right on the materials/things.
d2ee442783,Cats,"A small domesticated carnivorous mammal, a cat family.  Various other carnivorous mammals of the family Felidae, which includes the lion, tiger, leopard, and lynx."
d2ee442783,Communism,A political theory derived from Karl Marx. A political party
d2ee442783,Vacation,"A period of time devoted to pleasure, rest, or relaxation, especially one with pay granted to an employee.A holiday. A fixed period of holidays, especially one during which a school, court, or business suspends activities."
d2ee442783,Pledge,"A solemn binding promise to do, give, or refrain from doing something. Something given or held as security to guarantee payment of a debt or fulfillment of an obligation.The condition of something thus given or held."
2622f61522,Owner,"proprietor, possessor"
2622f61522,Cats,"computed axial tomography, computed tomography, computerized axial tomography, computerized tomography, ct, true cat, big cat, caterpillar,"
2622f61522,Communism,"Left, china, Karl Marx"
2622f61522,Vacation,holiday
2622f61522,Pledge,"assurance, toast, plight, drink, salute, wassail, subscribe"
d6fbaf0859,Owner,"proprietor, boss,"
d6fbaf0859,Cats,four legged mammal with paws
d6fbaf0859,Communism,"form of government, idolizes ideolgy of Marx, owned by the people"
d6fbaf0859,Vacation,"breather.. to go outside the city , to unwind or to relax"
d6fbaf0859,Pledge,"promise, to take oath"
802fdeb9c8,Owner,"proprietor,landlord,holder"
802fdeb9c8,Cats,"Is an animal, is an four legs animal, Pets animal"
802fdeb9c8,Communism,"Leninism,Maoism,Collectivism"
802fdeb9c8,Vacation,"Holiday, Trip, rest, refreshment,tour"
802fdeb9c8,Pledge,"Security,Word of honor,Promise, assurance,"
206409c75d,Owner,"is a human being, a male or female, walks, driver, a baby, live in house, receive money"
206409c75d,Cats,"is an animal, long tale, climber, enemy of rats, kills, non-vegetarian,"
206409c75d,Communism,"communist, Lenin, Carl Marx, common people, property of the community"
206409c75d,Vacation,"relaxation, relief, happy, cheerful, time to enjoy, guest"
206409c75d,Pledge,"gold, land, vehicle, property, furniture, animals, promise"
1c6ee77d92,Owner,"amber, auburn, bay, beige, bister, brick, bronze, buff, burnt sienna, chestnut, chocolate, cinnamon, cocoa, coffee, copper, drab, dust, ecru, fawn, ginger, hazel, henna, khaki, mahogany, nut, ochre, puce, russet, rust, sepia, snuff-colored, sorrel, tan, tawny, terra-cotta, toast, umber"
1c6ee77d92,Cats,"Montagues and Capulets, cats and dogs"
1c6ee77d92,Communism,"Bolshevism, Leninism, Marxism, collectivism, rule of the proletariat, socialism, state ownership, totalitarianism"
1c6ee77d92,Vacation,"R and R, break, breathing space, day of rest, few days off, fiesta, furlough, holiday, intermission, layoff, leave, leave of absence, liberty, long weekend, recess, recreation, respite, rest, sabbatical, spell, time off, two weeks with pay"
1c6ee77d92,Pledge,"agreement, assurance, covenant, guarantee, health, oath, promise, toast, undertaking, vow, warrant, word"
e87cf6cd3b,Owner,a proprietor. a person who owns.
e87cf6cd3b,Cats,a small domesticated carnivore.
e87cf6cd3b,Communism,"a theory or system of social organization based on the holding of all property in common, actual ownership being ascribed to the community as a whole or to the state."
e87cf6cd3b,Vacation,"a period of suspension of work, study, or other activity, usually used for rest, recreation, or travel; recess or holiday."
e87cf6cd3b,Pledge,a solemn promise or agreement to do or refrain from doing something.
7716859c62,Eyes,"look at , stare at, judgement, gaze at, watch , observe,ogle, eyeball."
7716859c62,Doe,"An adult female in some animal species,Doe people,,Doe language,Doe river."
7716859c62,Sentence,"verdict, ruling , judgement, decree, punishment, prison term, stretch, condemnation."
7716859c62,Upstairs,"step, tread, rung, staircase, stairway, flight of steps, set of steps."
7716859c62,Bush,"shrub, plant, flowering shrub, hedge plant."
64fbf86e46,Eyes,"opinion or judgment,view, watch, appreciation,persuation,point of view,conviction,scrutiny"
64fbf86e46,Doe,"the female of the deer, antelope, goat, rabbit, and certain other animals, buck, bunny, hare, hares live in the open and bear young that have fur at birth,while rabbits live in burrows and bear young that are naked at birth,"
64fbf86e46,Sentence,"a structurally independent grammatical unit of one or more words,a judicial decision or decree,an opinion given on a particular question,condemn to punishment,"
64fbf86e46,Upstairs,"the part of a building above the ground floor,with respect to the mind"
64fbf86e46,Bush,"a low plant with many branches that arise from or near the ground,a small cluster of shrubs appearing as a single plant,a fox's tail,a large, sparsely populated, mostly uncleared area, as areas of Australia,a wineshop or tavern,a lining of metal or the like set into an orifice to guard against wearing,"
43f7e46034,Eyes,"Eyes are organs that detect light and convert it into electro-chemical impulses in neurons. The simplest photoreceptors in conscious vision connect light to movement. In higher organisms the eye is a complex optical system which collects light from the surrounding environment, regulates its intensity through a diaphragm, focuses it through an adjustable assembly of lenses to form an image, converts this image into a set of electrical signals, and transmits these signals to the brain through complex neural pathways that connect the eye via the optic nerve to the visual cortex and other areas of the brain. Eyes with resolving power have come in ten fundamentally different forms, and 96% of animal species possess a complex optical system.[1] Image-resolving eyes are present in molluscs, chordates and arthropods.[2]

The simplest ""eyes"", such as those in microorganisms, do nothing but detect whether the surroundings are light or dark, which is sufficient for the entrainment of circadian rhythms. From more complex eyes, retinal photosensitive ganglion cells send signals along the retinohypothalamic tract to the suprachiasmatic nuclei to effect circadian adjustment.

Overview
Eye of the wisent,
the European bison

Complex eyes can distinguish shapes and colours. The visual fields of many organisms, especially predators, involve large areas of binocular vision to improve depth perception. In other organisms, eyes are located so as to maximize the field of view, such as in rabbits and horses, which have monocular vision.

The first proto-eyes evolved among animals 600 million years ago about the time of the Cambrian explosion.[3] The last common ancestor of animals possessed the biochemical toolkit necessary for vision, and more advanced eyes have evolved in 96% of animal species in six of the thirty-plus[4] main phyla.[1] In most vertebrates and some molluscs, the eye works by allowing light to enter and project onto a light-sensitive panel of cells, known as the retina, at the rear of the eye. The cone cells (for colour) and the rod cells (for low-light contrasts) in the retina detect and convert light into neural signals for vision. The visual signals are then transmitted to the brain via the optic nerve. Such eyes are typically roughly spherical, filled with a transparent gel-like substance called the vitreous humour, with a focusing lens and often an iris; the relaxing or tightening of the muscles around the iris change the size of the pupil, thereby regulating the amount of light that enters the eye,[5] and reducing aberrations when there is enough light.[6]

The eyes of most cephalopods, fish, amphibians and snakes have fixed lens shapes, and focusing vision is achieved by telescoping the lens—similar to how a camera focuses.[7]

Compound eyes are found among the arthropods and are composed of many simple facets which, depending on the details of anatomy, may give either a single pixelated image or multiple images, per eye. Each sensor has its own lens and photosensitive cell(s). Some eyes have up to 28,000 such sensors, which are arranged hexagonally, and which can give a full 360° field of vision. Compound eyes are very sensitive to motion. Some arthropods, including many Strepsiptera, have compound eyes of only a few facets, each with a retina capable of creating an image, creating vision. With each eye viewing a different thing, a fused image from all the eyes is produced in the brain, providing very different, high-resolution images.

Possessing detailed hyperspectral colour vision, the Mantis shrimp has been reported to have the world's most complex colour vision system.[8] Trilobites, which are now extinct, had unique compound eyes. They used clear calcite crystals to form the lenses of their eyes. In this, they differ from most other arthropods, which have soft eyes. The number of lenses in such an eye varied, however: some trilobites had only one, and some had thousands of lenses in one eye.

In contrast to compound eyes, simple eyes are those that have a single lens. For example, jumping spiders have a large pair of simple eyes with a narrow field of view, supported by an array of other, smaller eyes for peripheral vision. Some insect larvae, like caterpillars, have a different type of simple eye (stemmata) which gives a rough image. Some of the simplest eyes, called ocelli, can be found in animals like some of the snails, which cannot actually ""see"" in the normal sense. They do have photosensitive cells, but no lens and no other means of projecting an image onto these cells. They can distinguish between light and dark, but no more. This enables snails to keep out of direct sunlight. In organisms dwelling near deep-sea vents, compound eyes have been secondarily simplified and adapted to spot the infra-red light produced by the hot vents–in this way the bearers can spot hot springs and avoid being boiled alive.[9]
[edit] Evolution
Main article: Evolution of the eye
Evolution of the eye

Photoreception is phylogenetically very old, with various theories of phylogenesis.[10] The common origin (monophyly) of all animal eyes is now widely accepted as fact. This is based upon the shared anatomical and genetic features of all eyes; that is, all modern eyes, varied as they are, have their origins in a proto-eye believed to have evolved some 540 million years ago.[11][12][13] The majority of the advancements in early eyes are believed to have taken only a few million years to develop, since the first predator to gain true imaging would have touched off an ""arms race"".[14] Prey animals and competing predators alike would be at a distinct disadvantage without such capabilities and would be less likely to survive and reproduce. Hence multiple eye types and subtypes developed in parallel.

Eyes in various animals show adaption to their requirements. For example, birds of prey have much greater visual acuity than humans, and some can see ultraviolet light. The different forms of eye in, for example, vertebrates and mollusks are often cited as examples of parallel evolution, despite their distant common ancestry.

The very earliest ""eyes"", called eyespots, were simple patches of photoreceptor protein in unicellular animals. In multicellular beings, multicellular eyespots evolved, physically similar to the receptor patches for taste and smell. These eyespots could only sense ambient brightness: they could distinguish light and dark, but not the direction of the light source.[1]

Through gradual change, as the eyespot depressed into a shallow ""cup"" shape, the ability to slightly discriminate directional brightness was achieved by using the angle at which the light hit certain cells to identify the source. The pit deepened over time, the opening diminished in size, and the number of photoreceptor cells increased, forming an effective pinhole camera that was capable of dimly distinguishing shapes.[15]

The thin overgrowth of transparent cells over the eye's aperture, originally formed to prevent damage to the eyespot, allowed the segregated contents of the eye chamber to specialize into a transparent humour that optimized color filtering, blocked harmful radiation, improved the eye's refractive index, and allowed functionality outside of water. The transparent protective cells eventually split into two layers, with circulatory fluid in between that allowed wider viewing angles and greater imaging resolution, and the thickness of the transparent layer gradually increased, in most species with the transparent crystallin protein.[16]

The gap between tissue layers naturally formed a bioconvex shape, an optimally ideal structure for a normal refractive index. Independently, a transparent layer and a nontransparent layer split forward from the lens: the cornea and iris. Separation of the forward layer again formed a humour, the aqueous humour. This increased refractive power and again eased circulatory problems. Formation of a nontransparent ring allowed more blood vessels, more circulation, and larger eye sizes.[16]
[edit] Types of eye

There are ten different eye layouts—indeed every way of capturing an optical image commonly used by man, with the exceptions of zoom and Fresnel lenses. Eye types can be categorized into ""simple eyes"", with one concave photoreceptive surface, and ""compound eyes"", which comprise a number of individual lenses laid out on a convex surface.[1] Note that ""simple"" does not imply a reduced level of complexity or acuity. Indeed, any eye type can be adapted for almost any behaviour or environment. The only limitations specific to eye types are that of resolution—the physics of compound eyes prevents them from achieving a resolution better than 1°. Also, superposition eyes can achieve greater sensitivity than apposition eyes, so are better suited to dark-dwelling creatures.[1] Eyes also fall into two groups on the basis of their photoreceptor's cellular construction, with the photoreceptor cells either being cilliated (as in the vertebrates) or rhabdomeric. These two groups are not monophyletic; the cnidaria also possess cilliated cells, [17] and some annelids possess both.[18]
[edit] Non-compound eyes

Simple eyes are rather ubiquitous, and lens-bearing eyes have evolved at least seven times in vertebrates, cephalopods, annelids, crustaceans and cubozoa.[19]
[edit] Pit eyes

Pit eyes, also known as stemma, are eye-spots which may be set into a pit to reduce the angles of light that enters and affects the eyespot, to allow the organism to deduce the angle of incoming light.[1] Found in about 85% of phyla, these basic forms were probably the precursors to more advanced types of ""simple eye"". They are small, comprising up to about 100 cells covering about 100 µm.[1] The directionality can be improved by reducing the size of the aperture, by incorporating a reflective layer behind the receptor cells, or by filling the pit with a refractile material.[1]

Pit vipers have developed pits that function as eyes by sensing thermal infra-red radiation, in addition to their optical wavelength eyes like those of other vertebrates.
[edit] Spherical lensed eye

The resolution of pit eyes can be greatly improved by incorporating a material with a higher refractive index to form a lens, which may greatly reduce the blur radius encountered—hence increasing the resolution obtainable.[1] The most basic form, seen in some gastropods and annelids, consists of a lens of one refractive index. A far sharper image can be obtained using materials with a high refractive index, decreasing to the edges; this decreases the focal length and thus allows a sharp image to form on the retina.[1] This also allows a larger aperture for a given sharpness of image, allowing more light to enter the lens; and a flatter lens, reducing spherical aberration.[1] Such an inhomogeneous lens is necessary in order for the focal length to drop from about 4 times the lens radius, to 2.5 radii.[1]

Heterogeneous eyes have evolved at least eight times: four or more times in gastropods, once in the copepods, once in the annelids and once in the cephalopods.[1] No aquatic organisms possess homogeneous lenses; presumably the evolutionary pressure for a heterogeneous lens is great enough for this stage to be quickly ""outgrown"".[1]

This eye creates an image that is sharp enough that motion of the eye can cause significant blurring. To minimize the effect of eye motion while the animal moves, most such eyes have stabilizing eye muscles.[1]

The ocelli of insects bear a simple lens, but their focal point always lies behind the retina; consequently they can never form a sharp image. This capitulates the function of the eye. Ocelli (pit-type eyes of arthropods) blur the image across the whole retina, and are consequently excellent at responding to rapid changes in light intensity across the whole visual field; this fast response is further accelerated by the large nerve bundles which rush the information to the brain.[20] Focusing the image would also cause the sun's image to be focused on a few receptors, with the possibility of damage under the intense light; shielding the receptors would block out some light and thus reduce their sensitivity.[20] This fast response has led to suggestions that the ocelli of insects are used mainly in flight, because they can be used to detect sudden changes in which way is up (because light, especially UV light which is absorbed by vegetation, usually comes from above).[20]
[edit] Multiple lenses

Some marine organisms bear more than one lens; for instance the copepod Pontella has three. The outer has a parabolic surface, countering the effects of spherical aberration while allowing a sharp image to be formed. Another copepod, Copilia, has two lenses in each eye, arranged like those in a telescope.[1] Such arrangements are rare and poorly understood, but represent an interesting alternative construction. An interesting use of multiple lenses is seen in some hunters such as eagles and jumping spiders, which have a refractive cornea (discussed next): these have a negative lens, enlarging the observed image by up to 50% over the receptor cells, thus increasing their optical resolution.[1]
[edit] Refractive cornea

In the eyes of most mammals, birds, reptiles, and most other terrestrial vertebrates (along with spiders and some insect larvae) the vitreous fluid has a higher refractive index than the air.[1] In general, the lens is not spherical. Spherical lenses produce spherical aberration. In refractive corneas, the lens tissue is corrected with inhomogeneous lens material (see Luneburg lens), or with an aspheric shape.[1] Flattening the lens has a disadvantage; the quality of vision is diminished away from the main line of focus. Thus, animals that have evolved with a wide field-of-view often have eyes that make use of an inhomogeneous lens.[1]

As mentioned above, a refractive cornea is only useful out of water; in water, there is little difference in refractive index between the vitreous fluid and the surrounding water. Hence creatures that have returned to the water–penguins and seals, for example–lose their highly curved cornea and return to lens-based vision. An alternative solution, borne by some divers, is to have a very strongly focusing cornea.[1]
[edit] Reflector eyes

An alternative to a lens is to line the inside of the eye with "" mirrors"", and reflect the image to focus at a central point.[1] The nature of these eyes means that if one were to peer into the pupil of an eye, one would see the same image that the organism would see, reflected back out.[1]

Many small organisms such as rotifers, copepods and platyhelminths use such organs, but these are too small to produce usable images.[1] Some larger organisms, such as scallops, also use reflector eyes. The scallop Pecten has up to 100 millimeter-scale reflector eyes fringing the edge of its shell. It detects moving objects as they pass successive lenses.[1]

There is at least one vertebrate, the spookfish, whose eyes include reflective optics for focusing of light. Each of the two eyes of a spookfish collects light from both above and below; the light coming from above is focused by a lens, while that coming from below, by a curved mirror composed of many layers of small reflective plates made of guanine crystals.[21]
[edit] Compound eyes
An image of a house fly compound eye surface by using scanning electron microscope
Anatomy of the compound eye of an insect
Arthropods such as this Calliphora vomitoria fly have compound eyes

A compound eye may consist of thousands of individual photoreceptor units or ommatidia (ommatidium, singular). The image perceived is a combination of inputs from the numerous ommatidia (individual ""eye units""), which are located on a convex surface, thus pointing in slightly different directions. Compared with simple eyes, compound eyes possess a very large view angle, and can detect fast movement and, in some cases, the polarization of light.[22] Because the individual lenses are so small, the effects of diffraction impose a limit on the possible resolution that can be obtained (assuming that they do not function as phased arrays). This can only be countered by increasing lens size and number. To see with a resolution comparable to our simple eyes, humans would require compound eyes which would each reach the size of their heads.

Compound eyes fall into two groups: apposition eyes, which form multiple inverted images, and superposition eyes, which form a single erect image.[23] Compound eyes are common in arthropods, and are also present in annelids and some bivalved molluscs.[24]

Compound eyes, in arthropods at least, grow at their margins by the addition of new ommatidia.[25]
[edit] Apposition eyes

Apposition eyes are the most common form of eye, and are presumably the ancestral form of compound eye. They are found in all arthropod groups, although they may have evolved more than once within this phylum.[1] Some annelids and bivalves also have apposition eyes. They are also possessed by Limulus, the horseshoe crab, and there are suggestions that other chelicerates developed their simple eyes by reduction from a compound starting point.[1] (Some caterpillars appear to have evolved compound eyes from simple eyes in the opposite fashion.)

Apposition eyes work by gathering a number of images, one from each eye, and combining them in the brain, with each eye typically contributing a single point of information.

The typical apposition eye has a lens focusing light from one direction on the rhabdom, while light from other directions is absorbed by the dark wall of the ommatidium. In the other kind of apposition eye, found in the Strepsiptera, lenses are not fused to one another, and each forms an entire image; these images are combined in the brain. This is called the schizochroal compound eye or the neural superposition eye. Because images are combined additively, this arrangement allows vision under lower light levels.[1]
[edit] Superposition eyes

The second type is named the superposition eye. The superposition eye is divided into three types; the refracting, the reflecting and the parabolic superposition eye. The refracting superposition eye has a gap between the lens and the rhabdom, and no side wall. Each lens takes light at an angle to its axis and reflects it to the same angle on the other side. The result is an image at half the radius of the eye, which is where the tips of the rhabdoms are. This kind is used mostly by nocturnal insects. In the parabolic superposition compound eye type, seen in arthropods such as mayflies, the parabolic surfaces of the inside of each facet focus light from a reflector to a sensor array. Long-bodied decapod crustaceans such as shrimp, prawns, crayfish and lobsters are alone in having reflecting superposition eyes, which also have a transparent gap but use corner mirrors instead of lenses.
[edit] Parabolic superposition

This eye type functions by refracting light, then using a parabolic mirror to focus the image; it combines features of superposition and apposition eyes.[9]
[edit] Other

Good fliers like flies or honey bees, or prey-catching insects like praying mantis or dragonflies, have specialized zones of ommatidia organized into a fovea area which gives acute vision. In the acute zone the eyes are flattened and the facets larger. The flattening allows more ommatidia to receive light from a spot and therefore higher resolution.

There are some exceptions from the types mentioned above. Some insects have a so-called single lens compound eye, a transitional type which is something between a superposition type of the multi-lens compound eye and the single lens eye found in animals with simple eyes. Then there is the mysid shrimp Dioptromysis paucispinosa. The shrimp has an eye of the refracting superposition type, in the rear behind this in each eye there is a single large facet that is three times in diameter the others in the eye and behind this is an enlarged crystalline cone. This projects an upright image on a specialized retina. The resulting eye is a mixture of a simple eye within a compound eye.

Another version is the pseudofaceted eye, as seen in Scutigera. This type of eye consists of a cluster of numerous ocelli on each side of the head, organized in a way that resembles a true compound eye.

The body of Ophiocoma wendtii, a type of brittle star, is covered with ommatidia, turning its whole skin into a compound eye. The same is true of many chitons. The tube feet of sea urchins contain photoreceptor proteins, which together act as a compound eye; they lack screening pigments, but can detect the directionality of light by the shadow cast by its opaque body.[26]
[edit] Nutrients

The ciliary body is triangular in horizontal section and is coated by a double layer, the ciliary epithelium. The inner layer is transparent and covers the vitreous body, and is continuous from the neural tissue of the retina. The outer layer is highly pigmented, continuous with the retinal pigment epithelium, and constitutes the cells of the dilator muscle.

The vitreous is the transparent, colorless, gelatinous mass that fills the space between the lens of the eye and the retina lining the back of the eye.[27] It is produced by certain retinal cells. It is of rather similar composition to the cornea, but contains very few cells (mostly phagocytes which remove unwanted cellular debris in the visual field, as well as the hyalocytes of Balazs of the surface of the vitreous, which reprocess the hyaluronic acid), no blood vessels, and 98-99% of its volume is water (as opposed to 75% in the cornea) with salts, sugars, vitrosin (a type of collagen), a network of collagen type II fibers with the mucopolysaccharide hyaluronic acid, and also a wide array of proteins in micro amounts. Amazingly, with so little solid matter, it tautly holds the eye.
[edit] Relationship to life requirements

Eyes are generally adapted to the environment and life requirements of the organism which bears them. For instance, the distribution of photoreceptors tends to match the area in which the highest acuity is required, with horizon-scanning organisms, such as those that live on the African plains, having a horizontal line of high-density ganglia, while tree-dwelling creatures which require good all-round vision tend to have a symmetrical distribution of ganglia, with acuity decreasing outwards from the centre.

Of course, for most eye types, it is impossible to diverge from a spherical form, so only the density of optical receptors can be altered. In organisms with compound eyes, it is the number of ommatidia rather than ganglia that reflects the region of highest data acquisition.[1]:23-4 Optical superposition eyes are constrained to a spherical shape, but other forms of compound eyes may deform to a shape where more ommatidia are aligned to, say, the horizon, without altering the size or density of individual ommatidia.[28] Eyes of horizon-scanning organisms have stalks so they can be easily aligned to the horizon when this is inclined, for example if the animal is on a slope.[29] An extension of this concept is that the eyes of predators typically have a zone of very acute vision at their centre, to assist in the identification of prey.[28] In deep water organisms, it may not be the centre of the eye that is enlarged. The hyperiid amphipods are deep water animals that feed on organisms above them. Their eyes are almost divided into two, with the upper region thought to be involved in detecting the silhouettes of potential prey—or predators—against the faint light of the sky above. Accordingly, deeper water hyperiids, where the light against which the silhouettes must be compared is dimmer, have larger ""upper-eyes"", and may lose the lower portion of their eyes altogether.[28] Depth perception can be enhanced by having eyes which are enlarged in one direction; distorting the eye slightly allows the distance to the object to be estimated with a high degree of accuracy.[9]

Acuity is higher among male organisms that mate in mid-air, as they need to be able to spot and assess potential mates against a very large backdrop.[28] On the other hand, the eyes of organisms which operate in low light levels, such as around dawn and dusk or in deep water, tend to be larger to increase the amount of light that can be captured.[28]

It is not only the shape of the eye that may be affected by lifestyle. Eyes can be the most visible parts of organisms, and this can act as a pressure on organisms to have more transparent eyes at the cost of function.[28]

Eyes may be mounted on stalks to provide better all-round vision, by lifting them above an organism's carapace; this also allows them to track predators or prey without moving the head.[9]
[edit] Visual acuity
The eye of a red-tailed hawk

Visual acuity, or resolving power, is ""the ability to distinguish fine detail"" and is the property of cones.[30] It is often measured in cycles per degree (CPD), which measures an angular resolution, or how much an eye can differentiate one object from another in terms of visual angles. Resolution in CPD can be measured by bar charts of different numbers of white/black stripe cycles. For example, if each pattern is 1.75 cm wide and is placed at 1 m distance from the eye, it will subtend an angle of 1 degree, so the number of white/black bar pairs on the pattern will be a measure of the cycles per degree of that pattern. The highest such number that the eye can resolve as stripes, or distinguish from a gray block, is then the measurement of visual acuity of the eye.

For a human eye with excellent acuity, the maximum theoretical resolution is 50 CPD[31] (1.2 arcminute per line pair, or a 0.35 mm line pair, at 1 m). A rat can resolve only about 1 to 2 CPD.[32] A horse has higher acuity through most of the visual field of its eyes than a human has, but does not match the high acuity of the human eye's central fovea region.[citation needed]

Spherical aberration limits the resolution of a 7 mm pupil to about 3 arcminutes per line pair. At a pupil diameter of 3 mm, the spherical aberration is greatly reduced, resulting in an improved resolution of approximately 1.7 arcminutes per line pair.[33] A resolution of 2 arcminutes per line pair, equivalent to a 1 arcminute gap in an optotype, corresponds to 20/20 (normal vision) in humans.
[edit] Perception of colours

""Colour vision is the faculty of the organism to distinguish lights of different spectral qualities.""[34] All organisms are restricted to a small range of electromagnetic spectrum; this varies from creature to creature, but is mainly between wavelengths of 400 and 700 nm.[35] This is a rather small section of the electromagnetic spectrum, probably reflecting the submarine evolution of the organ: water blocks out all but two small windows of the EM spectrum, and there has been no evolutionary pressure among land animals to broaden this range.[36]

The most sensitive pigment, rhodopsin, has a peak response at 500 nm.[37] Small changes to the genes coding for this protein can tweak the peak response by a few nm;[2] pigments in the lens can also filter incoming light, changing the peak response.[2] Many organisms are unable to discriminate between colours, seeing instead in shades of grey; colour vision necessitates a range of pigment cells which are primarily sensitive to smaller ranges of the spectrum. In primates, geckos, and other organisms, these take the form of cone cells, from which the more sensitive rod cells evolved.[37] Even if organisms are physically capable of discriminating different colours, this does not necessarily mean that they can perceive the different colours; only with behavioural tests can this be deduced.[2]

Most organisms with colour vision are able to detect ultraviolet light. This high energy light can be damaging to receptor cells. With a few exceptions (snakes, placental mammals), most organisms avoid these effects by having absorbent oil droplets around their cone cells. The alternative, developed by organisms that had lost these oil droplets in the course of evolution, is to make the lens impervious to UV light — this precludes the possibility of any UV light being detected, as it does not even reach the retina.[37]
[edit] Rods and cones

The retina contains two major types of light-sensitive photoreceptor cells used for vision: the rods and the cones.

Rods cannot distinguish colours, but are responsible for low-light (scotopic) monochrome (black-and-white) vision; they work well in dim light as they contain a pigment, rhodopsin (visual purple), which is sensitive at low light intensity, but saturates at higher (photopic) intensities. Rods are distributed throughout the retina but there are none at the fovea and none at the blind spot. Rod density is greater in the peripheral retina than in the central retina.

Cones are responsible for colour vision. They require brighter light to function than rods require. In humans, there are three types of cones, maximally sensitive to long-wavelength, medium-wavelength, and short-wavelength light (often referred to as red, green, and blue, respectively, though the sensitivity peaks are not actually at these colours). The colour seen is the combined effect of stimuli to, and responses from, these three types of cone cells. Cones are mostly concentrated in and near the fovea. Only a few are present at the sides of the retina. Objects are seen most sharply in focus when their images fall on the fovea, as when one looks at an object directly. Cone cells and rods are connected through intermediate cells in the retina to nerve fibres of the optic nerve. When rods and cones are stimulated by light, the nerves send off impulses through these fibres to the brain.[37]
[edit] Pigmentation

The pigment molecules used in the eye are various, but can be used to define the evolutionary distance between different groups, and can also be an aid in determining which are closely related – although problems of convergence do exist.[37]

Opsins are the pigments involved in photoreception. Other pigments, such as melanin, are used to shield the photoreceptor cells from light leaking in from the sides. The opsin protein group evolved long before the last common ancestor of animals, and has continued to diversify since.[2]

There are two types of opsin involved in vision; c-opsins, which are associated with ciliary-type photoreceptor cells, and r-opsins, associated with rhabdomeric photoreceptor cells.[38] The eyes of vertebrates usually contain cilliary cells with c-opsins, and (bilaterian) invertebrates have rhabdomeric cells in the eye with r-opsins. However, some ganglion cells of vertebrates express r-opsins, suggesting that their ancestors used this pigment in vision, and that remnants survive in the eyes.[38] Likewise, c-opsins have been found to be expressed in the brain of some invertebrates. They may have been expressed in ciliary cells of larval eyes, which were subsequently resorbed into the brain on metamorphosis to the adult form.[38] C-opsins are also found in some derived bilaterian-invertebrate eyes, such as the pallial eyes of the bivalve molluscs; however, the lateral eyes (which were presumably the ancestral type for this group, if eyes evolved once there) always use r-opsins.[38] Cnidaria, which are an outgroup to the taxa mentioned above, express c-opsins - but r-opsins are yet to be found in this group.[38] Incidentally, the melanin produced in the raticate is produced in the same fashion as that in vertebrates, suggesting the common descent of this pigment.[38]"
43f7e46034,Doe,"Doe may refer to:
Contents
 [hide] 

    1 Music
    2 Science, technology, and medicine
    3 Law
    4 People
    5 Government departments
    6 See also

    An adult female in some animal species; see List of animal names
    Doe people, a people of coastal Tanzania
    Doe language, spoken by the Doe people
    Doe River, a river in Tennessee, USA
    Defying Ocean's End, a 2004 global agenda for action in marine conservation
    Duke of Edinburgh, a dukedom associated with Edinburgh, Scotland
    The Duke of Edinburgh's Award, a program of activities in the United Kingdom for persons aged 14 to 25

[edit] Music

    ""Doe"" (song), by The Breeders on the 1990 debut album Pod
    D.O.E., American rapper

[edit] Science, technology, and medicine

    Design of experiments, a statistical approach to experimental design
    Diagram of effects, a tool for reasoning about nonlinear systems
    Diffractive Optical Element
    Distributed Objects Everywhere, a distributed computing project by Sun Microsystems
    Dodecahedron, a Platonic solid
    Dyspnea on exertion, or exertional dyspnea

[edit] Law

    Doctrine of equivalents in patent law
    Date of effect, the date an event comes into effect, used in contracts
    Date of execution, the date a death penalty is intended to be carried out

[edit] People

    Samuel Doe (1951–1990), president of Liberia 1980–1990
    John Doe or Jane Doe a name used as a placeholder for an unknown or anonymous person, especially in a legal context

[edit] Government departments

    Department of Education (disambiguation) in several countries
    Department of Energy (disambiguation) in several countries
    Department of the Environment (disambiguation) in several countries

[edit] See also

    Do (disambiguation)
    Doh (disambiguation)"
43f7e46034,Sentence,"Sentence or sentencing may refer to:

    Sentence (linguistics), a grammatical unit of language
    Sentence (mathematical logic), a formula with no free variables
    Sentence (music), a particular type of musical phrase
    Sentence (law), a penalty applied to a person or entity found guilty of a criminal act
    ""Sentencing"" (The Wire), the thirteenth episode of The Wire
    Sentences, a 12-century book of theology by Peter Lombard
    Sentences: The Life of MF Grimm, an autobiographical graphic novel by the MF Grimm, published by Vertigo in 2007"
43f7e46034,Upstairs,"""Stairs"" redirects here. For other uses, see Stairs (disambiguation).
""Staircase"" redirects here. For other uses, see Staircase (disambiguation).
This article is about the construction. For the song by Led Zeppelin, see Stairway to Heaven.
Stairways in Persepolis, Iran, built ca. 550 B.C.
Plovdiv Roman amphitheatre staircase with multiple repairs of feet-worn stairs
Nabataean stairway in Beida (""Little Petra""), Jordan
A straight stairway with tiled treads, a double railing and two landings in the ""Porta Garibaldi"" station, Milan
The simplest form of staircase, down to Man o'War Cove, Dorset, England
A Stairway with a landing in the middle.
A wide shot of the massacre on the ""Odessa Steps"" from The Battleship Potemkin (1925).
Example of Winder Stairs
Staircase between levels at Cabot Circus shopping centre, Bristol, England, United Kingdom. A sitting area is provided on the right of the staircase proper.

Stairway, staircase, stairwell, flight of stairs, or simply stairs are names for a construction designed to bridge a large vertical distance by dividing it into smaller vertical distances, called steps. Stairways may be straight, round, or may consist of two or more straight pieces connected at angles.

Special stairways include escalators and ladders. Some alternatives to stairways are elevators, stairlifts and inclined moving sidewalks as well as stationary inclined sidewalks.

Components and terminology
[edit] Step

The step is composed of the tread and riser.

Tread 
    The part of the stairway that is stepped on. It is constructed to the same specifications (thickness) as any other flooring. The tread ""depth"" is measured from the outer edge of the step to the vertical ""riser"" between steps. The ""width"" is measured from one side to the other.
Riser 
    The vertical portion between each tread on the stair. This may be missing for an ""open"" stair effect.
Nosing 
    An edge part of the tread that protrudes over the riser beneath. If it is present, this means that, measured horizontally, the total ""run"" length of the stairs is not simply the sum of the tread lengths, as the treads actually overlap each other slightly.
Starting step or Bullnose 
    Where stairs are open on one or both sides, the first step above the lower floor may be wider than the other steps and rounded. The balusters typically form a semicircle around the circumference of the rounded portion and the handrail has a horizontal spiral called a ""volute"" that supports the top of the balusters. Besides the cosmetic appeal, starting steps allow the balusters to form a wider, more stable base for the end of the handrail. Handrails that simply end at a post at the foot of the stairs can be less sturdy, even with a thick post. A double bullnose can be used when both sides of the stairs are open.
Stringer, Stringer board or sometimes just String 
    The structural member that supports the treads and risers. There are typically two stringers, one on either side of the stairs; though the treads may be supported many other ways. The stringers are sometimes notched so that the risers and treads fit into them. Stringers on open-sided stairs are often open themselves so that the treads are visible from the side. Such stringers are called ""cut"" stringers. Stringers on a closed side of the stairs are closed, with the support for the treads routed into the stringer.
Winders 
    Winders are steps that are narrower on one side than the other. They are used to change the direction of the stairs without landings. A series of winders form a circular or spiral stairway. When three steps are used to turn a 90° corner, the middle step is called a kite winder as a kite-shaped quadrilateral.
Trim 
    Trim (e.g. quarter-round or baseboard trim) is normally applied where walls meet floors and often underneath treads to hide the reveal where the tread and riser meet. Shoe moulding may be used between where the lower floor and the first riser meet. Trimming a starting step is a special challenge as the last riser above the lower floor is rounded. Flexible, plastic trim is available for this purpose, however wooden mouldings are still used and are either cut from a single piece of rounded wood, or bent with laminations Scotia is concave moulding that is underneath the nosing between the riser and the tread above it.

[edit] The railing system

The balustrade is the system of railings and balusters that prevents people from falling over the edge.

Banister, Railing or Handrail 
    The angled member for handholding, as distinguished from the vertical balusters which hold it up for stairs that are open on one side; there is often a railing on both sides, sometimes only on one side or not at all, on wide staircases there is sometimes also one in the middle, or even more. The term ""banister"" is sometimes used to mean just the handrail, or sometimes the handrail and the balusters or sometimes just the balusters.[1]

    Volute 
        A handrail end element for the bullnose step that curves inward like a spiral. A volute is said to be right or left-handed depending on which side of the stairs the handrail is as one faces up the stairs.
    Turnout 
        Instead of a complete spiral volute, a turnout is a quarter-turn rounded end to the handrail.
    Gooseneck 
        The vertical handrail that joins a sloped handrail to a higher handrail on the balcony or landing is a gooseneck.
    Rosette 
        Where the handrail ends in the wall and a half-newel is not used, it may be trimmed by a rosette.
    Easings 
        Wall handrails are mounted directly onto the wall with wall brackets. At the bottom of the stairs such railings flare to a horizontal railing and this horizontal portion is called a ""starting easing"". At the top of the stairs, the horizontal portion of the railing is called a ""over easing"".
    Core rail 
        Wood handrails often have a metal core to provide extra strength and stiffness, especially when the rail has to curve against the grain of the wood. The archaic term for the metal core is ""core rail"".

Baluster 
    A term for the vertical posts that hold up the handrail. Sometimes simply called guards or spindles. Treads often require two balusters. The second baluster is closer to the riser and is taller than the first. The extra height in the second baluster is typically in the middle between decorative elements on the baluster. That way the bottom decorative elements are aligned with the tread and the top elements are aligned with the railing angle.
Newel 
    A large baluster or post used to anchor the handrail. Since it is a structural element, it extends below the floor and subfloor to the bottom of the floor joists and is bolted right to the floor joist. A half-newel may be used where a railing ends in the wall. Visually, it looks like half the newel is embedded in the wall. For open landings, a newel may extend below the landing for a decorative newel drop.
Baserail or Shoerail 
    For systems where the baluster does not start at the treads, they go to a baserail. This allows for identical balusters, avoiding the second baluster problem.
Fillet 
    A decorative filler piece on the floor between balusters on a balcony railing.

Handrails may be continuous (sometimes called over-the-post) or post-to-post (or more accurately ""newel-to-newel""). For continuous handrails on long balconies, there may be multiple newels and tandem caps to cover the newels. At corners, there are quarter-turn caps. For post-to-post systems, the newels project above the handrails.

Another, more classical, form of handrailing which is still in use is the tangent method. A variant of the Cylindric method of layout, it allows for continuous climbing and twisting rails and easings. It was defined from principles set down by architect Peter Nicholson in the 18th century.
[edit] Other terminology
Historical photo of a staircase in the Ford plant in Los Angeles with a double bullnose and two volutes. The photo also shows an intermediate landing as part of this U-shaped stair.

Balcony 
    For stairs with an open concept upper floor or landing, the upper floor is functionally a balcony. For a straight flight of stairs, the balcony may be long enough to require multiple newels to support the length of railing. In modern homes, it is common to have hardwood floors on the first floor and carpet on the second. The homeowner should consider using hardwood nosing in place of carpet. Should the carpet be subsequently replaced with hardwood, the balcony balustrade may have to be removed to add the nosing.
Flight 
    A flight is an uninterrupted series of steps.
Floating stairs 
    A flight of stairs is said to be ""floating"" if there is nothing underneath. The risers are typically missing as well to emphasize the open effect. There may be only one stringer or the stringers otherwise minimized. Where building codes allow, there may not even be handrails.
Landing or Platform 
    A landing is the area of a floor near the top or bottom step of a stair. An intermediate landing is a small platform that is built as part of the stair between main floor levels and is typically used to allow stairs to change directions, or to allow the user a rest. A half landing is where a 180° change in direction is made, and a quarter landing is where a 90° change in direction is made (on an intermediate landing).[2] As intermediate landings consume floor space they can be expensive to build. However, changing the direction of the stairs allows stairs to fit where they would not otherwise, or provides privacy to the upper level as visitors downstairs cannot simply look up the stairs to the upper level due to the change in direction.
Runner 
    Carpeting that runs down the middle of the stairs. Runners may be directly stapled or nailed to the stairs, or may be secured by a specialized bar that holds the carpet in place where the tread meets the riser, known as a stair rod.
Spandrel 
    If there is not another flight of stairs immediately underneath, the triangular space underneath the stairs is called a ""spandrel"". It is frequently used as a closet.
Staircase 
    This term is often reserved for the stairs themselves: the steps, railings and landings; though often it is used interchangeably with ""stairs"" and ""stairway"". In the UK, however, the term ""staircase"" denotes what in the U.S. is called ""stairway"", but usually includes the casing – the walls, bannisters and underside of the stairs or roof above.
Stairway 
    This term is often reserved for the entire stairwell and staircase in combination; though often it is used interchangeably with ""stairs"" and ""staircase"".
Stairwell 
    The spatial opening, usually a vertical shaft, containing an indoor stairway; by extension it is often used as including the stairs it contains.

[edit] Measurements

The measurements of a stair, in particular the rise height and going of the steps, should remain the same along the stairs.[3]

The following stair measurements are important:
Stairway Measurements.svg

    The rise height or rise of each step is measured from the top of one tread to the next. It is not the physical height of the riser; the latter excludes the thickness of the tread. A person using the stairs would move this distance vertically for each step he takes.
    The tread depth of a step is measured from the edge of the nosing to the vertical riser; if the steps have no nosing, it is the same as the going; otherwise it is the going plus the extent of one nosing.
    The going of a step is measured from the edge of the nosing to the edge of nosing in plan view. A person using the stairs would move this distance forward with each step they take.
    To avoid confusion, the number of steps in a set of stairs is always the number of risers, not the number of treads.
    The total run or total going of the stairs is the horizontal distance from the first riser to the last riser. It is often not simply the sum of the individual tread lengths due to the nosing overlapping between treads. If there are N steps, the total run equals N−1 times the going: the tread of the last step is part of a landing and is not counted.
    The total rise of the stairs is the height between floors (or landings) that the flight of stairs is spanning. If there are N steps, the total rise equals N times the rise of each step.

A quite unusual ""variable rise"" stairway, which also distorts visual perspective (at The Duomo in Urbino, Italy)

    The slope or pitch of the stairs is the ratio between the rise and the going (not the tread depth, due to the nosing). It is sometimes called the rake of the stairs. The pitch line is the imaginary line along the tip of the nosing of the treads. In the UK, stair pitch is the angle the pitch line makes with the horizontal, measured in degrees. The value of the slope, as a ratio, is then the tangent of the pitch angle.
    Headroom is the height above the nosing of a tread to the ceiling above it.
    Walkline – for curved stairs, the inner radius of the curve may result in very narrow treads. The ""walkline"" is the imaginary line some distance away from the inner edge on which people are expected to walk. Building code will specify the distance. Building codes will then specify the minimum tread size at the walkline.

The easiest way to calculate the rise and run is to use a stair stringer calculator.
[edit] Ergonomics and building code requirements

Ergonomically and for safety reasons, stairs must have certain measurements so that people can comfortably use them. Building codes typically specify certain measurements so that the stairs are not too steep or narrow. Building codes specify the following parameters:[4]

    Minimum tread length, typically 9 inches (230 mm) excluding the nosing for private residences.[5] However, most human feet are longer than this, thus people's feet do not actually fit completely on the tread of the step.
    Maximum riser height, typically 8.25 inches (210 mm). Note that by specifying the maximum riser height and minimum tread length, a maximum slope is established. Residential building codes will typically allow for steeper stairs than public building codes.
    Minimum riser height: Some building codes also specify a minimum riser height, often 5 inches (130 mm).
    Riser-Tread formula: Sometimes the stair parameters will be something like riser + tread equals 17–18 inches (430–460 mm);[6] another formula is 2 times riser + tread equals 24.6 inches (625 mm), the length of a stride.[3] Thus a 7 inches (178 mm) rise and a 10.6 inches (269 mm) tread exactly meets this code. If only a 2 inches (51 mm) rise is used then a 20.6 inches (523 mm) tread is required. This is based on the principle that a low rise is more like walking up a gentle incline and so the natural swing of the leg will be longer. This makes low rise stairs very expensive in terms of the space consumed. Such low rise stairs were built into the Winchester Mystery House to accommodate the infirmities of the owner, Sarah Winchester, before the invention of the elevator. These stairways, called ""Easy Risers"" consist of five flights wrapped into a multi-turn arrangement with a total width equal to more than four times the individual flight width and a depth roughly equal to one flight's run plus this width. The flights have varying numbers of steps.
    Slope: A value for the rise-to-tread ratio of 17/29 ≈ 0.59 is considered optimal;[3] this corresponds to a pitch angle of about 30°.
    Variance on riser height and tread depth between steps on the same flight should be very low. Building codes require variances no larger than 0.1875 inches (4.76 mm) between depth of adjacent treads or the height of adjacent risers; within a flight, the tolerance between the largest and smallest riser or between the largest and smallest tread can not exceed 0.375 inches (9.5 mm).[7] The reason is that on a continuous flight of stairs, people get used to a regular step and may trip if there is a step that is different, especially at night. The general rule is that all steps on the same flight must be identical. Hence, stairs are typically custom made to fit the particular floor to floor height and horizontal space available. Special care must be taken on the first and last risers. Stairs must be supported directly by the subfloor. If thick flooring (e.g. thick hardwood planks) are added on top of the subfloor, it will cover part of the first riser, reducing the effective height of the first step. Likewise at the top step, if the top riser simply reaches the subfloor and thick flooring is added, the last rise at the top may be higher than the last riser. The first and last riser heights of the rough stairs are modified to adjust for the addition of the finished floor.
    Maximum nosing protrusion, typically 1.25 inches (32 mm) to prevent people from tripping on the nosing.
    Height of the handrail. This is typically between 34 and 38 inches (860 and 970 mm), measured to the nose of the tread. The minimum height of the handrail for landings may be different and is typically 36 inches (910 mm).
    Handrail diameter. The size has to be comfortable for grasping and is typically between 1.25 and 2.675 inches (32 and 67.9 mm).
    Maximum space between the balusters of the handrail. This is typically 4 inches (100 mm).
    Openings (if they exist) between the bottom rail and treads are typically no bigger than 6 inches (150 mm).
    Headroom: At least 83 inches (210 cm).[3]
    Maximum vertical height between floors or landings. This allows people to rest and limits the height of a fall.
    Mandate handrails if there is more than a certain number of steps (typically 2 risers)
    Minimum width of the stairway, with and without handrails
    Not allow doors to swing over steps; the arc of doors must be completely on the landing/floor.
    A stairwell may be designated as an area of refuge as well as a fire escape route, due to its fire-resistance rated design and fresh air supply.

Jacques-François Blondel in his 1771 Cours d'architecture[8] was the first known person to establish the ergonomic relationship of tread and riser dimensions.[9] He specified that 2 x riser + tread = step length.[10]

It is estimated that a noticeable mis-step occurs once in 7,398 uses and a minor accident on a flight of stairs occurs once in 63,000 uses.[11] Some people choose to live in residences without stairs so that they are protected from injury.

Stairs are not suitable for wheelchairs and other vehicles. A stairlift is a mechanical device for lifting wheelchairs up and down stairs. For sufficiently wide stairs, a rail is mounted to the treads of the stairs. A chair is attached to the rail and the person on the chair is lifted as the chair moves along the rail.
[edit] USA Building Regulations

See http://www.amezz.com/ibc-stairs-code.htm

See http://stairways.org - Stairway Manufacturers' Association
[edit] UK Building Regulations

(overview of Approved document K - Stairs Ramps and Guards)[12]

Approved document K categorises stairs as ‘Private’, ‘Institutional or assembly’ and ‘other’

When considering stairs for private dwellings

Building regulations are required for stairs used where the difference of level is greater than 600mm

Steepness of stairs – Rise and Going - Any rise between 155mm and 220mm used with any going between 245mm and 260mm or any rise between 165mm and 200mm used with any going between 223mm and 300mm

Maximum Rise 220mm and Minimum Going 220mm remembering that the maximum pitch of private stairs is 42⁰. The normal relationship between dimensions of the rise and going is that twice the rise plus the going (2R + G) should be between 550mm and 700mm

Construction of steps - Steps should have level treads, they may have open risers but if so treads should overlap at least 16mm. Domestic private stairs are likely to be used by children under 5 years old so they should be constructed so that a 100mm diameter sphere cannot pass though the opening in the risers.

Headroom - A headroom of 2m is adequate. Special considerations can be made for loft conversions see paragraph 1.10 of the approved document for clarification on the 1.9 tapering to 1.8m

Width of flights - No recommendations are given for stair widths in the Approved document K for stairs but designer’s attention is drawn to approved document B: fire safety.

Length of flights - The approved document refers to 16 risers (steps) for stairs in shops or assembly building. There is no requirement for private stairs. In practice there will be less than 16 steps as 16 x 220mm gives over 3.5m total rise which is way above that in a domestic situation.

Landings - Level, unobstructed landings should be provided at the top and bottom of every flight. The width and length being at least that of the width of the stairs and can include part of the floor. A door may swing across the landing at the bottom of the flight but must leave a clear space of at least 400mm across the whole landing

Tapered steps - There are special rules for stairs with tapered steps as shown in the image Example of Winder Stairs above

Alternate tread stairs can be provide in space saving situations

Guarding - Flights and landings must be guarded at the sides where the drop is more than 600mm. As domestic private stairs are likely to be used by children under 5 the guarding must be constructed so that a 100mm diameter sphere cannot pass through any opening or constructed so that children will not be able to climb the guarding. The height for internal private stairs should be at least 900mm and be able to withstand a horizontal force of 0.36 kN/m
[edit] Forms

Stairs can take a large number of forms, combining winders and landings.

The simplest form is the straight flight of stairs, with neither winders nor landings. It is not often[citation needed] used in modern homes because:

    the upstairs is directly visible from the bottom of a straight flight of stairs.
    it is potentially more dangerous in that a fall is not interrupted until the bottom of the stairs.
    a straight flight requires enough space for the entire run of the stairs.

However, a straight flight of stairs is easier to design and construct than one with landings. Additionally, the rhythm of stepping is not interrupted in a straight run, which may offset the increased fall risk by helping to prevent a misstep in the first place.

Most modern stairs incorporate at least one landing. ""L"" shaped stairways have one landing and usually change in direction by 90 degrees. ""U"" shaped stairs may employ a single wider landing for a change in direction of 180 degrees, or 2 landings for two changes in direction of 90 degrees each. Use of landings and a possible change of direction have the following effects:

    The upstairs is not directly visible from the bottom of the stairs, which can provide more privacy for the upper floor.
    A fall can be arrested at the landing.
    Though the landings consume total floor space, there is no requirement for a large single dimension, allowing more flexible floorplan designs.
    For larger stairs, particularly in exterior applications, a landing can provide a place to rest the legs.

[edit] Spiral and helical stairs
External spiral staircase at the Palazzo Contarini del Bovolo in Venice, Italy
This article is about the architectural feature. For other uses, see Spiral staircase (disambiguation).

Spiral stairs wind around a newel (also the central pole). They typically have a handrail on the outer side only, and on the inner side just the central pole. A squared spiral stair assumes a square stairwell and expands the steps and railing to a square, resulting in unequal steps (larger where they extend into a corner of the square). A pure spiral assumes a circular stairwell and the steps and handrail are equal and positioned screw-symmetrically. A tight spiral stair with a central pole is very space efficient in the use of floor area. Spiral stairs have the disadvantage of being very steep. Unless the central column is very large, the circumference of the circle at the walk line will be small enough that it will be impossible to maintain a normal tread depth and a normal rise height without compromising headroom before reaching the upper floor. To maintain headroom most spiral stairs have very high rises and a very short going. Most building codes limit the use of spiral stairs to small areas or secondary usage.[citation needed]

The term ""spiral"" is used incorrectly for a staircase from a mathematical viewpoint, as a mathematical spiral lies in a single plane and moves towards or away from a central point. A spiral staircase by the mathematical definition therefore would be of little use as it would afford no change in elevation. The correct mathematical term for motion where the locus remains at a fixed distance from a fixed line whilst moving in a circular motion about it is ""helix"". The presence or otherwise of a central pole does not affect the terminology applied to the design of the structure.

Spiral stairs in medieval times were generally made of stone and typically wound in a clockwise direction (from the ascendor's point of view),[13] to place attacking swordsmen (who were most often right-handed) at a disadvantage . This asymmetry forces the right-handed swordsman to engage the central pike and degrade his mobility compared with the defender who is facing down the stairs. Extant 14th to 17th century examples of these stairways can be seen at Muchalls Castle, Crathes Castle and Myres Castle in Scotland. Exceptions to the rule exist, however, as may be seen in the accompanying image of the Scala of the Palazzo Contarini del Bovolo, which winds up anti-clockwise.

Developments in manufacturing and design have led to the introduction of kit form spiral stairs. Steps and handrails can be bolted together to form a complete unit. These stairs can be made out of steel, timber, concrete or a combination of materials.

Helical or circular stairs do not have a central pole and there is a handrail on both sides. These have the advantage of a more uniform tread width when compared to the spiral staircase. Such stairs may also be built around an elliptical or oval planform. A double helix is possible, with two independent helical stairs in the same vertical space, allowing one person to ascend and another to descend, without ever meeting if they choose different helices (examples: Château de Chambord, Château de Blois, Crédit Lyonnais headquarters in Paris). Fire escapes, though built with landings and straight runs of stairs, are often functionally double helices, with two separate stairs intertwined and occupying the same floor space. This is often in support of legal requirements to have two separate fire escapes.

Both spiral and helical stairs can be characterized by the number of turns that are made. A ""quarter-turn"" stair deposits the person facing 90 degrees from the starting orientation. Likewise there are half-turn, three-quarters-turn and full-turn stairs. A continuous spiral may make many turns depending on the height. Very tall multi-turn spiral staircases are usually found in old stone towers within fortifications, churches and in lighthouses.

Winders may be used in combination with straight stairs to turn the direction of the stairs. This allows for a large number of permutations.

    There is no newel at Loretto Chapel's spiral staircase (the ""Miracle stair"") in Santa Fe, New Mexico, USA.

    A spiral staircase inside Cremona's Torrazzo, Italy.

    Upward view of the Tulip Stairs & lantern at the Queen's House, Greenwich, United Kingdom.

    Spiral stairway seen from below; Melk Abbey, Austria.

[edit] History
See also: List of ancient spiral stairs

The earliest spiral staircases appear in Temple A in the Greek colony Selinunte, Sicily, to both sides of the cella. The temple was constructed around 480–470 BC.[14]
[edit] Alternating tread stairs
An alternating Duplo tread stair (center) between a half-width stair (left) and full-width stair (right).
An alternating tread stair climbing the steep slope of a pinnacle in Pinnacles National Monument, California, United States.

Where there is insufficient space for the full run length of normal stairs, alternating tread stairs may be used. Alternating tread stairs allow for safe forward-facing descent of very steep stairs. The treads are designed such that they alternate between treads for each foot: one step is wide on the left side; the next step is wide on the right side. There is insufficient space on the narrow portion of the step for the other foot to stand, hence the person must always use the correct foot on the correct step. The slope of alternating tread stairs can be as high as 65 degrees as opposed to standard stairs which are almost always less than 45 degrees. The advantage of alternating tread stairs is that people can descend face forward. The only other alternative in such short spaces would be a ladder which requires backward-facing descent. Alternating tread stairs may not be safe for small children, the elderly or the physically challenged. Building codes typically classify them as ladders and will only allow them where ladders are allowed, usually basement or attic utility or storage areas not frequently accessed.

The image on the right illustrates the space efficiency gained by an alternating tread stair. The alternating tread stair appears in the image's center, with green-colored treads. The alternating stair requires one unit of space per step: the same as the half-width step on its left, and half as much as the full-width stair on its right. Thus, the horizontal distance between steps is in this case reduced by a factor of two, reducing the size of each step.

The horizontal distance between steps is reduced by a factor less than two if for construction reasons there are narrow ""unused"" steps.

There is often (here also) glide plane symmetry: the mirror image with respect to the vertical center plane corresponds to a shift by one step.

Alternating tread stairs have been in use since at least 1888.[15]
[edit] Notable stairways
The world's longest stairway at the Niesenbahn funicular in Switzerland has 11,674 steps

    The longest stairway is listed by Guinness Book of Records as the service stairway for the Niesenbahn funicular railway near Spiez, Switzerland, with 11,674 steps and a height of 1669 m (5476 ft).[16] The stairs are employee-only.
    A flight of 7,200 steps (including inner temple Steps), with 6,293 Official Mountain Walkway Steps, leads up the East Peak of Mount Tai in China.
    The Haʻikū Stairs, on the island of Oʻahu, Hawaiʻi, are approximately 4,000 steps which climb nearly 1/2 of a mile. Originally used to access longwire radio radio antennas which were strung high above the Haʻikū Valley, between Honolulu and Kāneʻohe, they are closed to hikers.
    The Flørli stairs, in Lysefjorden, Norway, have 4,444 wooden steps which climb from sea level to 740 metres. It is a maintenance stairway for the water pipeline to the old Flørli hydro plant. The hydro plant is now closed down, and the stairs are open to the public. The stairway is claimed to be the longest wooden stairway in the world.[17]
    The CN Tower's staircase reaches the main deck level after 1,776 steps and the Sky Pod above after 2,579 steps; it is the tallest metal staircase on Earth.
    The Penrose stairs, devised by Lionel and Roger Penrose, are a famous impossible object. The image distorts perspective in such a manner that the stairs appear to be never-ending, a physical impossibility. The image was adopted by M. C. Escher in his iconic lithograph Ascending and Descending.
    The World Trade Center Survivors' Staircase is the last visible structure above ground level at the World Trade Center site. It was originally two outdoor flights of granite-clad stairs and an escalator that connected Vesey Street to the World Trade Center's Austin J. Tobin Plaza. During the September 11, 2001, attacks, the stairs served as an escape route for hundreds of evacuees from 5 World Trade Center, a 9-floor building adjacent to the 110-story towers.
    Stairwell A was the lone stairway left intact after the second plane hit the South Tower of the World Trade Center during the September 11 attacks. It wa"
df5ff96a53,Eyes,Things in your head that you use to see.
df5ff96a53,Doe,Female deer or rabbit.
df5ff96a53,Sentence,A line of speech.
df5ff96a53,Upstairs,On a floor above.
df5ff96a53,Bush,Leafy shrub.
6d2481195c,Eyes,eye (noun) Each of a pair of globular organs of sight in the head of humans and vertebrate animals: | a thing resembling
6d2481195c,Doe,"doe (noun) a female deer, especially a female roe, fallow deer, or reindeer."
6d2481195c,Sentence,"sentence (noun) a set of words that is complete in itself, typically containing a subject and predicate, conveying"
6d2481195c,Upstairs,upstairs (adverb)on or to an upper floor of a building: (adjective) Situated on an upper floor: (noun) an upper floor
6d2481195c,Bush,"bush (noun) a metal lining for a round hole, especially one in which an axle revolves. a sleeve that protects an electric cable"
cf8ffe2059,Eyes,"sight, two"
cf8ffe2059,Doe,"deer, female"
cf8ffe2059,Sentence,"word, length"
cf8ffe2059,Upstairs,"first floor, high"
cf8ffe2059,Bush,"tree, hole"
85e1f85b71,Eyes,"iris, pupil, cornea, sight"
85e1f85b71,Doe,"mature female, deer lady, mother"
85e1f85b71,Sentence,"write, read, amend"
85e1f85b71,Upstairs,"walk, run, go to room"
85e1f85b71,Bush,"grass, weeds, needs trimming"
984aa317ad,Eyes,"to watch,organ of human,small hole,light of body,one of the important sense  organ,mainly have 2 eyes for a person,it in face,in black,in grey,in blue"
984aa317ad,Doe,"animal,live in forest,have 4 leg,herbivores,walk,run,,beautiful,migrates,has fleshy skin,hunted by people,hunted by big animals,blocky head,do not typically grow antlers,hair"
984aa317ad,Sentence,"to express,some words combine to form sentence,should end with full stop, backbone of all writing,can be a statement, question or exclamation,start with capital letter,must end in appropriate punctuation--question mark, period or exclamation mark"
984aa317ad,Upstairs,"to climb,not very easy to climb on them, usually more than 2 or three,see in house,see in temple,see in shops,cant climb on them those who have leg pain,making by cement,woods,steel"
984aa317ad,Bush,"can see in green,can see in yellow ,in forest,bank of river,bank of pond,can hide on it,may exist many insects,may exist animals,"
cef0fec366,Eyes,"the part of the body that allows us to see, come in many colors, usually both of the two are the same color. The window of the soul"
cef0fec366,Doe,"a deer, a female deer!"
cef0fec366,Sentence,words put together with proper punctuation that convey a meaning
cef0fec366,Upstairs,on the top level. to go up a staircase to the top level of a home or to a place above where one is at present
cef0fec366,Bush,"shrubbery, plant that is large, but usually smaller than an average tree"
3682090ac3,Eyes,two objects used to relay sight to the brai
3682090ac3,Doe,"a dear, a female dear"
3682090ac3,Sentence,"A string of words with a subject, ending with a period. Also starts with a capital"
3682090ac3,Upstairs,Any floor of a building that is higher up than you are
3682090ac3,Bush,foliage in small cluster
eb09612a37,Eyes,vision
eb09612a37,Doe,female fallow deer
eb09612a37,Sentence,lines
eb09612a37,Upstairs,steps
eb09612a37,Bush,funny
0a7858ea02,Eyes,"vision, different colors, see, part of the face, body part, blinks, pupil, eyeball, cornea, produces tears"
0a7858ea02,Doe,"an animal, female deer, is brown, runs, leaps, eats grass, hunted, edible, mother"
0a7858ea02,Sentence,"made up of words, contains punctuation, is a complete though, written"
0a7858ea02,Upstairs,"upper floor, inclines, steps, banister, part of a building"
0a7858ea02,Bush,"plant, usually outside, leaves, needs water, needs light, is eaten by animals, provides shelter for animals, is planted by people"
fe6c3218eb,Eyes,"iris, colours blue green brown, slanted, large, sneeky"
fe6c3218eb,Doe,"deer, edible, hunted by man, female."
fe6c3218eb,Sentence,"words, capital, fullstop, grammar, any language"
fe6c3218eb,Upstairs,"bedrooms, toilet, landing, stairs, attic"
fe6c3218eb,Bush,"evergreen, large, small, leaves, decidious"
7fda7da485,Eyes,A couple of organs that make organisms interact with the world.
7fda7da485,Doe,it generally refers to female deer. but it is also used to denote female rabbits too.
7fda7da485,Sentence,a set of words joined together to form a definite meaning is called a sentence.
7fda7da485,Upstairs,above the stairs is called upstairs. that is in floor above the current floor
7fda7da485,Bush,a form of plant. it is a woody plant. short. maximum height is 6 meters
5f6fadae3f,Eyes,"judgment, opinion
appreciation, belief, conviction, discernment, discrimination, eagle eye, feeling, mind, perception, persuasion"
5f6fadae3f,Doe,"animal,buck, bunny, capon, chinchilla, coney, cony, cottontail, cuniculus, doe , hare, lagomorph, lapin, rodent"
5f6fadae3f,Sentence,"punishing decree,book, censure, clock, condemnation, considered opinion, decision, determination, dictum, doom, edict, fall, getup"
5f6fadae3f,Upstairs,"on an upper floor
above, in the upper story, overhead, upper"
5f6fadae3f,Bush,"shrubs; woodland
backcountry, backwoods, boscage, bramble, briar"
cffb1096d4,Eyes,"are used to see, have pupils, irises, and are in the head."
cffb1096d4,Doe,is a young female deer.
cffb1096d4,Sentence,It is a construct of different words made of combinations of letter to portray a particular message from the speaker or writer.
cffb1096d4,Upstairs,"this is the upper part of a building or construct, directly above the bottom floor."
cffb1096d4,Bush,"this is a group of shrubbery in the woods, wilderness or on a lawn."
95e2618c28,Eyes,"An organ of vision or of light sensitivity,Either of a pair of hollow structures located in bony sockets of the skull, functioning together or independently, each having a lens capable of focusing incident light on an internal photosensitive retina from which nerve impulses are sent to the brain; the vertebrate organ of vision."
95e2618c28,Doe,"The female of a deer or related animal,The female of various mammals, such as the hare, goat, or kangaroo."
95e2618c28,Sentence,"grammatical unit that is syntactically independent and has a subject that is expressed or, as in imperative sentences, understood and a predicate that contains at least one finite verb"
95e2618c28,Upstairs,"To or on a higher floor,To or at a higher level"
95e2618c28,Bush,A low shrub with many branches
1c6ee77d92,Eyes,Look
1c6ee77d92,Doe,"buck, bunny, capon, chinchilla, coney, cony, cottontail, cuniculus,doe, hare, lagomorph, lapin, rodent"
1c6ee77d92,Sentence,"book, censure, clock, condemnation, considered opinion, decision, determination, dictum, doom, edict, fall, getup, hitch, jolt, judgment, knock, order, penalty, pronouncement, punishment, rap, ruling, sending up the river, sleep, stretch, term, time, trick, vacation, verdict"
1c6ee77d92,Upstairs,"above, in the upper story, overhead, upper"
1c6ee77d92,Bush,"backcountry, backwoods, boscage, bramble, briar, brush, chaparral, creeper, forest, hedge, hinterland, jungle, outback, plant, scrub, scrubland, shrubbery, the wild, thicket, vine, wilderness"
0ff6f25e1c,Eyes,can be seen every thing live
0ff6f25e1c,Doe,pair of each other
0ff6f25e1c,Sentence,words can for a sentence
0ff6f25e1c,Upstairs,it is upwards like a building having a first floor
0ff6f25e1c,Bush,contains more grass
5e679e39a7,Eyes,"organ of sight, to observe, watch, he eyed the stranger with suspicion"
5e679e39a7,Doe,"female deer, female rabbit"
5e679e39a7,Sentence,"a group of words making a complete sense, a judgement pronounced by a court, a decision, to condemn someone to some kind of punishment"
5e679e39a7,Upstairs,"towards the upper floor of a house, up the stairs, the upper floors of a house"
5e679e39a7,Bush,"a thicket of small trees and shrubs, a woodland or a forest, a bird in hand is worth two in the bush, bush fighting"
e559621c55,Eyes,"helps see, are round, can dilate, can process images"
e559621c55,Doe,"female deer, has antlers, has four legs, lives in the forest, gets shot at by hunters"
e559621c55,Sentence,"a complete thought, has a subject, has a verb, has a period."
e559621c55,Upstairs,"is above the first floor, usually where the bedrooms are in a house, is accessed through steps."
e559621c55,Bush,"is green, is in landscaping, can be trimmed, can have berries."
ffd05a2b19,Eyes,round body parts located in the top half of your head used for seeing
ffd05a2b19,Doe,a female deer
ffd05a2b19,Sentence,a formulated set of words containing a noun and a verb to form a thought or convey amessage
ffd05a2b19,Upstairs,a location that located above where you are at
ffd05a2b19,Bush,a form of tree that is smaller than a tree and is more condensed in nature
cdf81c2126,Eyes,this organ with respect to the color of the iris
cdf81c2126,Doe,the female of the deer
cdf81c2126,Sentence,an authorative decision
cdf81c2126,Upstairs,up the stairs
cdf81c2126,Bush,a small cluster of shrubs appearing as a single plant
d0f1e4030a,Eyes,eyebrows
d0f1e4030a,Doe,bird
d0f1e4030a,Sentence,line
d0f1e4030a,Upstairs,steps
d0f1e4030a,Bush,rabbit
b245d0513e,Eyes,"organ of sight, spectacles, sun glasses, hole in fabric, bud of potato"
b245d0513e,Doe,"female deer, shy female,"
b245d0513e,Sentence,"chain of words, short for clarity, express ideas, quotes"
b245d0513e,Upstairs,"on upper floor, in the head, elevated position in hierarchy"
b245d0513e,Bush,"shrubs, small trees, wilderness, mountain slopes, area around cultivation"
dcf44e6284,Eyes,"1.
the organ of sight, in vertebrates typically one of a pair of spherical bodies contained in an orbit of the skull and in humans appearing externally as a dense, white, curved membrane, or sclera, surrounding a circular, colored portion, or iris, that is covered by a clear, curved membrane, or cornea, and in the center of which is an opening, or pupil, through which light passes to the retina.
2.
the aggregate of structures situated within or near the orbit that assist, support, or protect the eye.
3.
this organ with respect to the color of the iris
4.
the region surrounding the eye: a black eye
5.
sight; vision: a sharp eye."
dcf44e6284,Doe,"the female of the deer, antelope, goat, rabbit, and certain other animals."
dcf44e6284,Sentence,"1.
Grammar . a grammatical unit of one or more words, bearing minimal syntactic relation to the words that precede or follow it, often preceded and followed in speech by pauses, having one of a small number of characteristic intonation patterns, and typically expressing an independent statement, question, request, command, etc., as Summer is here.  or Who is it?  or Stop!
2.
Law .
a.
an authoritative decision; a judicial judgment or decree, especially the judicial determination of the punishment to be inflicted on a convicted criminal.
b.
the punishment itself.
3.
Music . a period.
4.
Archaic . a saying, apothegm, or maxim.
5.
Obsolete . an opinion given on a particular question."
dcf44e6284,Upstairs,"1.
up the stairs; to or on an upper floor.
2.
Informal . in the mind: to be a little weak upstairs.
3.
to or at a higher level of authority: You may have to take the matter upstairs."
dcf44e6284,Bush,"1.
a low plant with many branches that arise from or near the ground.
2.
a small cluster of shrubs appearing as a single plant.
3.
something resembling or suggesting this, as a thick, shaggy head of hair.
4.
Also called bush lot. Canadian . a small, wooded lot, especially a farm lot with trees left standing to provide firewood, fence posts, etc.
5.
the tail of a fox; brush."
92ea18c297,Eyes,faculty of seeing
92ea18c297,Doe,female of various mammals
92ea18c297,Sentence,group of words containing a subject
92ea18c297,Upstairs,at a higher level
92ea18c297,Bush,A shrub
a99eff3ef7,Eyes,human organ to see the objects and everything in the world
a99eff3ef7,Doe,"the female deer, antelope, rabbit, goat, etc"
a99eff3ef7,Sentence,Sentence means a ruling of punishment made by a judge in a court case
a99eff3ef7,Upstairs,on or to an upper floor or higher level
a99eff3ef7,Bush,a woody plant having many stems branching out low instead of one main stem or trunk
2622f61522,Eyes,"Body part, see, organ."
2622f61522,Doe,"department of energy, energy, energy department"
2622f61522,Sentence,"condemnation, conviction, judgment of conviction, prison term, time, condemn, doom"
2622f61522,Upstairs,"upstair, on a higher floor, up the stairs"
2622f61522,Bush,"crotch hair, pubic hair, chaparral, scrub, george bush,"
61776e43e9,Eyes,the organ of sight
61776e43e9,Doe,the female of the deer
61776e43e9,Sentence,"a gramatical unit of one or more words, bearing minimal syntatic relation to the words that precede it or follow it"
61776e43e9,Upstairs,up the stairs
61776e43e9,Bush,a low plant with many branches that arise from or near the ground
43135d06e2,Eyes,"sight, organs that detect light, optical system, cortex"
43135d06e2,Doe,"people of coastal tanzania, language"
43135d06e2,Sentence,"meaningful words, with fullstop, collection of words"
43135d06e2,Upstairs,"steps,stairway, staircase, towards upwards"
43135d06e2,Bush,"bunch, shrub, a type of woody plant"
d6fbaf0859,Eyes,organ for sense of vision
d6fbaf0859,Doe,female deer
d6fbaf0859,Sentence,ccmposed of a subject and predicate completes a sentence
d6fbaf0859,Upstairs,"above, to make use of stairs, elevated"
d6fbaf0859,Bush,"green shade, uncultivated land"
de4de943fb,Eyes,"A part of the body,below the eyelids, which helps us in sight, Soft part of body"
de4de943fb,Doe,"a Femail roe, Fallow Deer, reindeer, A female Hare, rat"
de4de943fb,Sentence,"A set of words, Series of signs and Symbols which have meaning, The punishment assigned by the court"
de4de943fb,Upstairs,"upper floor, Situated on Upper ground"
de4de943fb,Bush,"a shrub, clump of Shrubs"
6be52007c6,Eyes,"1. An organ of vision or of light sensitivity.
2.
a. Either of a pair of hollow structures located in bony sockets of the skull, functioning together or independently, each having a lens capable of focusing incident light on an internal photosensitive retina from which nerve impulses are sent to the brain; the vertebrate organ of vision.
b. The external, visible portion of this organ together with its associated structures, especially the eyelids, eyelashes, and eyebrows.
c. The pigmented iris of this organ.
3. The faculty of seeing; vision.
4. The ability to make intellectual or aesthetic judgments: has a good eye for understated fashion.
5.
a. A way of regarding something; a point of view: To my eye, the decorations are excellent.
b. Attention: The lavish window display immediately got my eye.
c. Watchful attention or supervision: always under his boss's eye; kept an eye on her valuables."
6be52007c6,Doe,"doe or does
1. The female of a deer or related animal.
2. The female of various mammals, such as the hare, goat, or kangaroo."
6be52007c6,Sentence,". A grammatical unit that is syntactically independent and has a subject that is expressed or, as in imperative sentences, understood and a predicate that contains at least one finite verb.
2. Law
a. A court judgment, especially a judicial decision of the punishment to be inflicted on one adjudged guilty.
b. The penalty meted out.
3. Archaic A maxim.
4. Obsolete An opinion, especially one given formally after deliberation.
tr.v. sen·tenced, sen·tenc·ing, sen·tenc·es Law
To pronounce sentence upon (one adjudged guilty). See Synonyms at condemn."
6be52007c6,Upstairs,". A grammatical unit that is syntactically independent and has a subject that is expressed or, as in imperative sentences, understood and a predicate that contains at least one finite verb.
2. Law
a. A court judgment, especially a judicial decision of the punishment to be inflicted on one adjudged guilty.
b. The penalty meted out.
3. Archaic A maxim.
4. Obsolete An opinion, especially one given formally after deliberation.
tr.v. sen·tenced, sen·tenc·ing, sen·tenc·es Law
To pronounce sentence upon (one adjudged guilty). See Synonyms at condemn."
6be52007c6,Bush,"a low plant with many branches that arise from or near the ground.
2.
a small cluster of shrubs appearing as a single plant.
3.
something resembling or suggesting this, as a thick, shaggy head of hair.
4.
Also called bush lot. Canadian . a small, wooded lot, especially a farm lot with trees left standing to provide firewood, fence posts, etc.
5.
the tail of a fox; brush."
5c443771e9,Eyes,"opinion , judgment, vision,  a look, glance, a center, the hole in a needle, the loop into which a hook is inserted, the direction from which a wind is blowing,"
5c443771e9,Doe,"Department of Energy, the female of the fallow deer,"
5c443771e9,Sentence,"a judicial decision or decree, a structurally independent grammatical unit of one or more words, the period of time a prisoner is imprisoned, a philosophical or theological opinion, a dogma,"
5c443771e9,Upstairs,"to or on an upper floor, to or at a higher level of authority, the part of a building above the ground floor, with respect to the mind,"
5c443771e9,Bush,"a small cluster of shrubs appearing as a single plant, a fox's tail, a large uncleared area covered with mixed plant growth,hair growing in the pubic area,"
0611e09ef3,Eyes,throw dust in to someone's eyes
0611e09ef3,Doe,"the female of certain deer,and of the rabbit hare etc."
0611e09ef3,Sentence,a number of words forming a complete statement:
0611e09ef3,Upstairs,one or to an upperfloor:an upper floor
0611e09ef3,Bush,a growing thing between a tree and a plant in size :a rose bush.
93a7dd374a,Eyes,"use to see the world things etc , its also beautiful one"
93a7dd374a,Doe,its a small thing
93a7dd374a,Sentence,its a group of word which get correct meaning
93a7dd374a,Upstairs,"to use to go upper building, or to take any thing in upper most"
93a7dd374a,Bush,"there is a group of small plants to see, its also beauti ful, its not growing longer one"
3c84e2112e,Eyes,"sense organ, sense, seeing, vision, iris, eyelid"
3c84e2112e,Doe,"adult animal, usually female, a people of coastal Tanzania"
3c84e2112e,Sentence,"little complete  form of  saying, phrase, made of words, have meaning, should be complete"
3c84e2112e,Upstairs,"to move upwards, stairs, roof,"
3c84e2112e,Bush,"shrubs, herbs, twisted , sometimes thorny,"
ab266a6b3c,Eyes,"part of body, see, have eye lashes,sensitive,detect light, have retina"
ab266a6b3c,Doe,"is female deer,unknown person,a term used in law,"
ab266a6b3c,Sentence,"is linguistic, a word or combination of words,related to speech"
ab266a6b3c,Upstairs,"higher level,upper floor,higher level of authority"
ab266a6b3c,Bush,"s shrub,may be thorny,a wild forest,small animals hide themselves in it,"
10d4f79779,Eyes,"The organ of sight or vision in man, The center of a target, the bull's-eye, A small loop to receive a hook, To appear, to look."
10d4f79779,Doe,"The female of a deer or related animal, The female of various mammals, such as the hare, goat, or kangaroo."
10d4f79779,Sentence,"an authoritative decision; a judicial judgment or decree, a sequence of words capable of standing alone to make an assertion, ask a question, or give a command,"
10d4f79779,Upstairs,"up the stairs, to or on an upper floor, Informal. in the mind, to be a little weak upstairs, to or at a higher level of authority"
10d4f79779,Bush,"A shrub or branch, A thicket, or place abounding in trees or shrubs; a wild forest, The tail, or brush, of a fox, To furnish with a bush, or lining; as, to bush a pivot hole"
7cf403bfc3,Eyes,"device to protect the eyes,esp.from strong light."
7cf403bfc3,Doe,"female fallow deer,reindeer,hare,or rabbit"
7cf403bfc3,Sentence,"statement,question,exclamation,or command containing or implying a subject and predicate"
7cf403bfc3,Upstairs,to or on an upper floor
7cf403bfc3,Bush,shrub or clump of shrubs
a878e75949,Eyes,"sees, glances, windows of soul, looks at, peeks"
a878e75949,Doe,"deer, forest animal, hunting, eyes, wildlife"
a878e75949,Sentence,"structure of words, English, to write out, to issue judgment"
a878e75949,Upstairs,"above, upper, God, heavenly"
a878e75949,Bush,"landscape, plant, woody, pine, shrub"
d2ee442783,Eyes,Parts of body in the living thing from which we can see the world.
d2ee442783,Doe,"A deer, a female deer.  Street term for money.  A variation of the words bro, homie, or dog. In layman's terms, it means friend or acquaintance."
d2ee442783,Sentence,"A single distinct meaningful element of speech or writing, used with others (or sometimes alone) to form a sentence typically.	Choose and use particular words in order to say or write."
d2ee442783,Upstairs,Up the stairs. To or at a higher level. To or on a higher floor/positions.
d2ee442783,Bush,"A low plant with many branches that arise from or near the ground. A small cluster of shrubs appearing as a single plant. Something resembling or suggesting this, as a thick, shaggy head of hair. Also indicate Bush Family (George Bush)"
2b15616b23,Eyes,part of human body which helps for sight
2b15616b23,Doe,means female mammals
2b15616b23,Sentence,group of words
2b15616b23,Upstairs,path connecting the downfloor and upperfloor
2b15616b23,Bush,a kind of shrub
2486e8fbec,Eyes,"organ, visual communication, organs for vision"
2486e8fbec,Doe,"young beautiful female, female deer, though"
2486e8fbec,Sentence,"word construction, a way to express"
2486e8fbec,Upstairs,"dominant position, brain,mind"
2486e8fbec,Bush,"a plant, pubic hair, a monkey"
7c67b6cc11,Eyes,"see, blue, in the face, colors, pair"
7c67b6cc11,Doe,"a people of coastal Tanzania, An adult female in some animal specie, a river in Tennessee, American rapper,  language spoken by the Doe people"
7c67b6cc11,Sentence,"line, consists if word,verdict, ruling, judgement"
7c67b6cc11,Upstairs,"set of steps, climb, made of wood also, fist floor, high"
7c67b6cc11,Bush,"bunch of grass and small plants, shrub, plant, flowering shrub, hedge plant"
932ad1fc41,Eyes,"blue,brown,grey,cat."
932ad1fc41,Doe,"good,life,food."
932ad1fc41,Sentence,"long,small,great,clear."
932ad1fc41,Upstairs,"steps,building,office."
932ad1fc41,Bush,"birds in bush,bush of trees."
0da623e05b,Eyes,"1.
the organ of sight, in vertebrates typically one of a pair of spherical bodies contained in an orbit of the skull and in humans appearing externally as a dense, white, curved membrane, or sclera, surrounding a circular, colored portion, or iris, that is covered by a clear, curved membrane, or cornea, and in the center of which is an opening, or pupil, through which light passes to the retina.
2.
the aggregate of structures situated within or near the orbit that assist, support, or protect the eye.
3.
this organ with respect to the color of the iris: blue eyes.
4.
the region surrounding the eye: a black eye; puffy eyes.
5.
sight; vision: a sharp eye."
0da623e05b,Doe,"the female of the deer, antelope, goat, rabbit, and certain other animals."
0da623e05b,Sentence,"1.
Grammar . a grammatical unit of one or more words, bearing minimal syntactic relation to the words that precede or follow it, often preceded and followed in speech by pauses, having one of a small number of characteristic intonation patterns, and typically expressing an independent statement, question, request, command, etc., as Summer is here.  or Who is it?  or Stop!
2.
Law .
a.
an authoritative decision; a judicial judgment or decree, especially the judicial determination of the punishment to be inflicted on a convicted criminal.
b.
the punishment itself.
3.
Music . a period.
4.
Archaic . a saying, apothegm, or maxim.
5.
Obsolete . an opinion given on a particular question."
0da623e05b,Upstairs,"1.
up the stairs; to or on an upper floor.
2.
Informal . in the mind: to be a little weak upstairs.
3.
to or at a higher level of authority: You may have to take the matter upstairs.
4.
Military Slang . at or to a higher level in the air."
0da623e05b,Bush,"1.
a low plant with many branches that arise from or near the ground.
2.
a small cluster of shrubs appearing as a single plant.
3.
something resembling or suggesting this, as a thick, shaggy head of hair.
4.
Also called bush lot. Canadian . a small, wooded lot, especially a farm lot with trees left standing to provide firewood, fence posts, etc.
5.
the tail of a fox; brush."
1b9c766662,Eyes,are beautiful gift of god
1b9c766662,Doe,dont doe
1b9c766662,Sentence,needs to be completed
1b9c766662,Upstairs,means on the next floor
1b9c766662,Bush,was prez of America
9aacef99f4,Eyes,very important
9aacef99f4,Doe,looks good
9aacef99f4,Sentence,eager to earn
9aacef99f4,Upstairs,difficult
9aacef99f4,Bush,bushhh.
6b2ac0ef88,Eyes,organ of sight
6b2ac0ef88,Doe,female of deer
6b2ac0ef88,Sentence,a group of words which contains a subject and a predicate
6b2ac0ef88,Upstairs,higher floor
6b2ac0ef88,Bush,low shrub with many branches
5a97554418,Eyes,"Organs used for sight, can refer to video cameras,"
5a97554418,Doe,"Female deer, vegetarian who grazes, animal of prey"
5a97554418,Sentence,A group of words put togrther to convey a thought or message. The term of punishment for someone who breaks the law.
5a97554418,Upstairs,"Above the ground floor, can be reference to someone's mind (what's going on upstairs"
5a97554418,Bush,"a low tree, a shrub, a collection of branches and leaves."
2a6566d746,Eyes,"the aggregate of structures situated within or near the orbit that assist, support, or protect the eye,this organ with respect to the color of the iris,the region surrounding the eye,sight; vision: a sharp eye."
2a6566d746,Doe,"the female of the deer, antelope, goat, rabbit, and certain other animals.,"
2a6566d746,Sentence,"a grammatical unit of one or more words,an authoritative decision,an opinion given on a particular question,condemn to punishment."
2a6566d746,Upstairs,"up the stairs; to or on an upper floor,to or at a higher level of authority: You may have to take the matter upstairs,a higher command or level of authority."
2a6566d746,Bush,"a low plant with many branches that arise from or near the ground.,a small cluster of shrubs appearing as a single plant,something resembling or suggesting this, as a thick, shaggy head of hair."
7a0b7cea54,Eyes,"Human eye, Arthropod eye, Simple eye  Lovely  eye"
7a0b7cea54,Doe,"Doe people, Deer, Animal"
7a0b7cea54,Sentence,"Judgement, word of letter, sentence in language"
7a0b7cea54,Upstairs,"Upstairs House, Staircase, Ladders."
7a0b7cea54,Bush,"USS Bush, Bush craft, Grass"
4792a552bb,Eyes,"Eyes are organs that detect light and convert it into electro-chemical impulses in neurons. The simplest photoreceptors in conscious vision connect light to movement. In higher organisms the eye is a complex optical system which collects light from the surrounding environment, regulates its intensity through a diaphragm, focuses it through an adjustable assembly of lenses to form an image, converts this image into a set of electrical signals, and transmits these signals to the brain through complex neural pathways that connect the eye via the optic nerve to the visual cortex and other areas of the brain. Eyes with resolving power have come in ten fundamentally different forms, and 96% of animal species possess a complex optical system.[1] Image-resolving eyes are present in molluscs, chordates and arthropods.[2]"
4792a552bb,Doe,"An adult female in some animal species; see List of animal names
Doe people, a people of coastal Tanzania
Doe language, spoken by the Doe people
Doe River, a river in Tennessee, USA
Defying Ocean's End, a 2004 global agenda for action in marine conservation
Duke of Edinburgh, a dukedom associated with Edinburgh, Scotland
The Duke of Edinburgh's Award, a program of activities in the United Kingdom for persons aged 14 to 25"
4792a552bb,Sentence,"Sentence (linguistics), a grammatical unit of language
Sentence (mathematical logic), a formula with no free variables
Sentence (music), a particular type of musical phrase
Sentence (law), a penalty applied to a person or entity found guilty of a criminal act
""Sentencing"" (The Wire), the thirteenth episode of The Wire
Sentences, a 12-century book of theology by Peter Lombard
Sentences: The Life of MF Grimm, an autobiographical graphic novel by the MF Grimm, published by Vertigo in 2007"
4792a552bb,Upstairs,"Stairway, staircase, stairwell, flight of stairs, or simply stairs are names for a construction designed to bridge a large vertical distance by dividing it into smaller vertical distances, called steps. Stairways may be straight, round, or may consist of two or more straight pieces connected at angles.
Special stairways include escalators and ladders. Some alternatives to stairways are elevators, stairlifts and inclined moving sidewalks as well as stationary inclined sidewalks"
4792a552bb,Bush,"Nouns

Shrub, a type of woody plant, smaller than normal trees. Usually grows in the soil. Most bushes are low to the ground and have branches which rise up from the bottom of the plant.
The Bush, a term used in several countries for rural, undeveloped land or country areas.
The Bush (Alaska).
Bushcraft, a popular term for wilderness survival skills.
Bush baby, or galago, a small nocturnal primate.
Slang for pubic hair.
Bushing (disambiguation) (several meanings) is commonly called ""bush""      Places

Canada
Bush Island (Nunavut)
New Zealand
The easternmost part of the Manawatu-Wanganui Region, in the southern North Island
United Kingdom
Bush House, London, a building in London used by the BBC for its international broadcasting service, the World Service
Shepherds Bush, a district of London
Bush, a small town in North Cornwall, near Bude
United States
Bush, Illinois
Bush, Louisiana
Bush Tower, a building in Manhattan, New York
Original name of the Ralph Waldo Emerson House in Concord, Massachusetts
Brand names and companies

Bush (brand), a British electronics manufacturer brand owned by Home Retail Group and sold exclusively at Argos
Bush (1916 automobile), an early American car company
Bush Brothers and Company, commonly known as Bush's
Bush (Beer), a Belgian beer made by Dubuisson Brewery
Media and entertainment

Bush Mechanics, a 2001 television documentary featuring an Indigenous Australian take on motor mechanics
Bush (band), a popular rock band, named after the Shepherd's Bush district in London
Bush (Canadian band), a Canadian band active in the 1970s
Sport

Wairarapa Bush Rugby Football Union in New Zealand
Bush Rugby Football Union, a former team which combined with Wairarapa to form the above side
Vessels
USS Bush, two destroyers in the United States Navy"
2773fc01ba,Eyes,"two. balance, symmetry ,nature, beautiful, creation"
2773fc01ba,Doe,"goat, nature, animal, mammal"
2773fc01ba,Sentence,"understandable, grammar , completeness,"
2773fc01ba,Upstairs,"up, next level, above, roof, top"
2773fc01ba,Bush,"danger, ambush, beating the bushes, George w bush"
e87cf6cd3b,Eyes,organs that detect light and convert it into electro-chemical impulses in neurons.
e87cf6cd3b,Doe,An adult female in some animal species e.g deer.
e87cf6cd3b,Sentence,grammatical unit of language.
e87cf6cd3b,Upstairs,mans up the stairs or in other terms refers to an upper floor.
e87cf6cd3b,Bush,a small cluster of shrubs appearing as a single plant.
d2238a631b,Eyes,"opinion or judgment; ""in the eyes of the law""; ""I was wrong in her eyes"""
d2238a631b,Doe,"A female deer or antelope; specifically, the female of the fallow deer, of which the male is called a buck. Also applied to the female of other animals, as the rabbit. See the Note under Buck."
d2238a631b,Sentence,Sense; meaning; significance.
d2238a631b,Upstairs,Up the stairs; in or toward an upper story.
d2238a631b,Bush,"A thicket, or place abounding in trees or shrubs; a wild forest."
f6cb1a6c92,Eyes,"beautiful,black,aids vision,sensitive,brings out emotion,tears."
f6cb1a6c92,Doe,"a category of people,doe language,river"
f6cb1a6c92,Sentence,"conveys something, message,a note,gives meaning,collection of words."
f6cb1a6c92,Upstairs,"steps,above ground level,elevation,takes up,"
f6cb1a6c92,Bush,"green,weeds,plants,thick,bunch."
faed1af4c3,Eyes,"optic, helps to see, has colour"
faed1af4c3,Doe,"female deer, does not have antlers"
faed1af4c3,Sentence,group of words to communicate
faed1af4c3,Upstairs,"above, top floor"
faed1af4c3,Bush,"short plant, a rubber device used to prevent water leakage"
f6cb1a6c92,Minute,"time,short period,sometimes long,clock,60 seconds,late."
f6cb1a6c92,Order,"give,command,a sequence,dicipline,to demand,rows, under control."
f6cb1a6c92,Eleven,"number,time,count,after ten,date,2011,november."
f6cb1a6c92,Boss,"leader,who commands,head,company,target setter,answerable."
f6cb1a6c92,Change,"makes difference,new,different,always happening,hesitation,adventurous."
6b2ac0ef88,Minute,unit of time
6b2ac0ef88,Order,command
6b2ac0ef88,Eleven,a number
6b2ac0ef88,Boss,leader
6b2ac0ef88,Change,transfer
95e2618c28,Minute,"A unit of time equal to one sixtieth of an hour, or 60 seconds"
95e2618c28,Order,A condition of logical or comprehensible arrangement among the separate elements of a group
95e2618c28,Eleven,The cardinal number equal to 10 + 1.
95e2618c28,Boss,"An employer or a supervisor,One who makes decisions or exercises authority"
95e2618c28,Change,"To cause to be different,To give a completely different form or appearance to; transform"
d6fbaf0859,Minute,"measure of time , a minute is equivalent to 60 seconds"
d6fbaf0859,Order,"in stages,to ask for"
d6fbaf0859,Eleven,"ten plus one is eleven,  numerical figure, comes after the number ten"
d6fbaf0859,Boss,the owner or the manager of a business
d6fbaf0859,Change,"to revise, to improve"
9aacef99f4,Minute,reminds work
9aacef99f4,Order,one by one
9aacef99f4,Eleven,a team a unity
9aacef99f4,Boss,office
9aacef99f4,Change,everything
2b15616b23,Minute,means small
2b15616b23,Order,means command
2b15616b23,Eleven,a number
2b15616b23,Boss,is the head
2b15616b23,Change,unpredictable event
1fa521efd9,Minute,Sixty Seconds
1fa521efd9,Order,arrogant
1fa521efd9,Eleven,ten plus one
1fa521efd9,Boss,head of the department
1fa521efd9,Change,the another one
1c6ee77d92,Minute,"atomic, diminutive, exact, exiguous, fine, inconsiderable, infinitesimal, insignificant, invisible, little, microbic, microscopic, miniature, minim, minimal, minuscule, molecular, peewee, piddling, precise, puny, slender, teeny-weeny, tiny, wee"
1c6ee77d92,Order,"adjustment, aligning, array, assortment, cast, categorization, classification, codification, composition, computation, disposal, disposition, distribution, establishment, form, grouping, harmony, layout, line, lineup, management, method, neatness, ordering, orderliness, pattern, placement, plan, procedure, procession, progression, propriety, regularity, regulation, rule, scale, scheme, sequence, series, setup, standardization, structure, succession, symmetry, system, tidiness, uniformity"
1c6ee77d92,Eleven,Cardinal
1c6ee77d92,Boss,"awesome, bang-up, capital, champion, excellent, fine, first-rate, fly, top, whiz-bang, wonderful"
1c6ee77d92,Change,"about-face, addition, adjustment, advance, break, compression, contraction, conversion, correction, development, difference, distortion, diversification, diversity, innovation, metamorphosis, modification, modulation, mutation, novelty, permutation, reconstruction, refinement, remodeling, reversal, revision, revolution, shift, surrogate, switch, tempering, transformation, transition, transmutation, turn, turnover, variance, variation, variety, vicissitude"
3c84e2112e,Minute,"small, sharp, tiny, a unit of time, 60 seconds."
3c84e2112e,Order,"subscription. to ask to do something,"
3c84e2112e,Eleven,"count, quantity, hockey team players, by autority"
3c84e2112e,Boss,"senior official, have authority,"
3c84e2112e,Change,"reaarange, settle, adjustment, adaptation with time"
0ff6f25e1c,Minute,sixty seconds
0ff6f25e1c,Order,strict instruction
0ff6f25e1c,Eleven,normally walking called eleven because we use two legs
0ff6f25e1c,Boss,leader
0ff6f25e1c,Change,alternative
cef0fec366,Minute,60 seconds of time
cef0fec366,Order,"neatness, things being neat"
cef0fec366,Eleven,the number between 10 and 12
cef0fec366,Boss,"the ruler, someone strong, one who runs a company or a business"
cef0fec366,Change,the process of becoming different
d0f1e4030a,Minute,sixty seconds
d0f1e4030a,Order,demand
d0f1e4030a,Eleven,number
d0f1e4030a,Boss,head
d0f1e4030a,Change,new
3d99adad5e,Minute,"The sixtieth part of an hour,sixty seconds.to time in terms of minutes;tiny."
3d99adad5e,Order,"is a command, an authoritative direction or instruction,command;mandate on command of a court or judge.methodical or narmonious arrangement."
3d99adad5e,Eleven,"a grandical number, ten plus one; symbol of this number as 11 or x|."
3d99adad5e,Boss,"a person who employs or superintends workers; manager, controller, make dicition, directo , master ...etc"
3d99adad5e,Change,"to make the form,natur,content,future course etc. to trance form or convert,substitute another or others for; to tranceform one become different."
1b9c766662,Minute,is tiny.
1b9c766662,Order,is placed in hotels
1b9c766662,Eleven,comes before 12
1b9c766662,Boss,is a pig
1b9c766662,Change,is needed for life.
faed1af4c3,Minute,"sixty seconds, part of an hour,write down details of a meeting"
faed1af4c3,Order,"sequence, maintain proper decorum, to instruct with authority"
faed1af4c3,Eleven,"a number, two ones placed together"
faed1af4c3,Boss,"superior, to order around"
faed1af4c3,Change,"alter, smaller denominations"
4792a552bb,Minute,"A minute is a unit of measurement of time or of angle. The minute is a unit of time equal to 1/60th (the first sexagesimal fraction) of an hour or 60 seconds. In the UTC time scale, a minute on rare occasions has 59 or 61 seconds; see leap second. The minute is not an SI unit; however, it is accepted for use with SI units. The SI symbol for minute or minutes is min (for time measurement) or apostrophe after a number, eg 5' (for angle measurement, even if it is informally used for time)."
4792a552bb,Order,"Order may refer to:
Ordinality

Order identifies what comes before or after what.
Alphabetical order
Collation, the sequencing and ordering of text in alphabetical or lexicographical order
Order of precedence
Philosophy

Natural order (philosophy)
Implicate and explicate order according to David Bohm
Science

Order and disorder (physics), measured by an order parameter or more generally by entropy
An ordered world, the cosmos, antithetical concept of chaos
Order, the category number of lighthouse Fresnel lenses, defining size and focal length
Order (biology), a rank between class and family, or a taxon at that rank
Order of reaction, a concept of chemical kinetics
Order of hierarchical complexity, the ordinal complexity of tasks that are addressed
Social order, a concept used in sociology, history and other social sciences, referring to the conduct of society
World order (disambiguation), including the concept of a world government
Topological order, an organized quantum state
Mathematics and logic

See Order (mathematics), a disambiguation page
Computer science

Order of computation, the computational complexity of an algorithm
Canonical order (disambiguation), the order of elements that obeys a certain set of rules or specifications
Z-order — which graphics cover up others on computer screens
Electronics and telecommunications

First-order hold in signal processing
Modulation order, the number of different symbols that can be sent using a given modulation
The polynomial order of a Filter (signal processing) transfer function
Zeroth order mode of light propagation in optical fibres [1]
Economics and commerce

Order (business), an instruction from a customer to buy
Order (exchange), customer's instruction to a stock broker
Money order
Work order
Legal, political, and military

Court order, made by a judge; a restraining order, for example, is a type of injunction
Executive order (disambiguation), issued by the executive branch of government
General order, a published directive from a commander
Standing order (disambiguation), a general order of indefinite duration, and similar ongoing rules in a parliament
Law and order (politics)
Military command
Tactical formation, an arrangement or deployment of moving military forces
Architecture and urban planning

Architectonic orders: see classical order
Public order, a concept in urban planning
Honors

Order (honour), medal or award
Religious, chivalric, fraternal, and ideological

The Order (group), an underground American neo-Nazi organization active in 1983 and 1984
Chivalric order, established since the 14th century
Fraternal order
Religious order
Monastic order, established since circa 300 AD
Military order, established in the crusades
Tariqa or Sufi Order
Holy Orders, the rite or sacrament in which clergy are ordained
Order of Mass, the set of texts of the Roman Catholic Church Latin Rite Mass that are generally invariable
Media and entertainment

Order (album), 2009 album by German band Maroon
Orders (film), a 1974 film by Canadian filmmaker, Michel Brault"
4792a552bb,Eleven,"Eleven can refer to:
The year 11
The year 11 BC
11 (number)
The month of November
Writing

Eleven (novel), a 2006 novel by British author David Llewellyn
Eleven, a 1970 collection of short stories by Patricia Highsmith
Eleven (Myracle novel), a teen novel by Lauren Myracle
Eleven or Elven (Elven Quest Trilogy), a young adult fantasy by C M Lloyd
]Music

Eleven (Martina McBride album), the 11th studio album by American singer Martina McBride
Eleven (22-Pistepirkko album) or Ele∀en, a 1998 album by Finnish band 22-Pistepirkko
Eleven (Sugarcult album), a 1999 album by American band Sugarcult
Eleven (B'z album), a 2000 album by Japanese band B'z
Eleven (Harry Connick, Jr. album)
Eleven (band), an American hard rock band
Eleven (Serbian band), Serbian alternative rock band
Eleven: A Music Company, an Australian record label
Up to eleven, an idiom originated in the excessive volume setting
""The Eleven"", a song by the Grateful Dead
""Eleven"", a song on the Primus album Sailing the Seas of Cheese that is in 11/8 time
11 (The Smithereens album), an album by The Smithereens
11 (Bryan Adams album), an album by Bryan Adams
""Eleven"", a song by ¡Forward, Russia!
""Eleven"", a character description in book 1 Child of the Elves by C M Lloyd"
4792a552bb,Boss,"Persons with the surname Boss

Hugo Boss (fashion designer) (1885–1948)
Isaac Boss (born 1980), Irish rugby union player
Kevin Boss (born 1984), American football tight end
Lewis Boss (1846–1912), American astronomer
Marcellus Boss (1901–1967), 5th Civilian Governor of Guam
Terry Boss (born 1981), Puerto Rican association football goalkeeper
Common nouns

Boss (architecture), a protruding stone, often decoratively carved
The hub of a propeller
Boss (crater), a lunar crater
Boss (engineering), an engineering term for a protrusion type feature
The Boss (roller coaster), a wooden roller coaster at Six Flags St. Louis
Boss (soft drink), a brand of coffee-flavored beverages
Shield boss, the domed metal centre to a shield
A series of modified Ford engines used for NASCAR racing, including:
Ford Boss 302 engine
Boss 351
Boss 429
""Boss"", nickname of the robot that won the 2007 DARPA Grand Challenge
""Boss of The Plains"", nickname of the Stetson wide-brimmed Western hat
Entertainment

Film and television
The Boss (1915 film), a silent film based on a play by Edward Sheldon (see below)
The Boss (1956 film), an American film by Byron Haskin
The Boss (1973 film) or Il Boss, an Italian crime film
The Boss (1975 film) or Boss Nigger, a blaxploitation film
The Boss, a 2005 short film starring Jennifer Sciole
Boss (2006 film), an Indian Telugu-language film
Boss (2011 film), an Indian Kannada-language film
Boss (TV series), a 2011 American-Canadian series starring Kelsey Grammer
""Boss"" (Life's Work), an episode of Life's Work
Music
Performers
Boss (Australian band), a 1980s hard rock band
Boss (rapper) (born 1969), American rapper
The Boss (band), a South Korean boy band
Albums
Boss (album), by Magik Markers, 2007
The Boss (Diana Ross album), 1979
The Boss (Jimmy Smith album), 1968
The Boss (Timati album), 2009
Songs
""The Boss"" (Diana Ross song)
""The Boss"" (Rick Ross song)
""The Boss"", a song by James Brown from the soundtrack of the 1973 film Black Caesar
""The Boss"", a song from the 2007 Sivaji film soundtrack album
Other media
Boss (video gaming), a particularly powerful enemy or opponent in a video game
Boss Radio, a 1960s pop radio format
Boss: Richard J. Daley of Chicago, a 1971 book by Mike Royko
The Boss, a 1911 Broadway play by Edward Sheldon
Companies

Boss Corporation, a company that manufactures guitar accessories and audio equipment
Hugo Boss, a German fashion company
Boss Hoss, a motorcycle company in Dyersburg, Tennessee
Roles

Crime boss
Pit boss, the person who looks after the employees who work in a casino pit
Political boss
Fire boss
Air boss
People referred to as ""The Boss""

Politicians
Joseph Stalin (1878–1953), former leader of the Soviet Union
Richard J. Daley (1902–1976), former mayor of Chicago, Illinois, USA
Boss Tweed (William M. Tweed, 1823–1878), notoriously corrupt 19th-century politician in New York City
Boss Shepherd (Alexander Robey Shepherd, 1835–1902), 19th-century politician in Washington, D.C.
Rafael Trujillo (""El Jefe"", 1891–1961), dictator of the Dominican Republic
Musicians
Gene Ammons (""The Boss"", 1925–1974), American jazz musician and songwriter
Bruce Springsteen (""The Boss"", born 1949), American singer and songwriter
Ross the Boss Friedman (born 1954), guitarist of The Dictators and Manowar
Snoop Dogg (""The Boss Dogg"", born 1971), American rapper and record producer
Rick Ross (""The Boss"", born 1976), American rapper
Other
Lance Armstrong (born 1971), professional cyclist
Bobby Lashley (born 1976), professional wrestler
Helmut Rahn (""Der Boss"", 1929–2003), German football player
Andrew Reynolds (skateboarder) (born 1978)
Ernest Shackleton (1874–1922), Anglo-Irish explorer
George Steinbrenner (1930–2010), owner of the New York Yankees baseball team
Ray Traylor (""The Big Boss Man"", 1963–2004), professional wrestler
Jos Verstappen (born 1972), Dutch Formula One driver
Characters
Boss (Transformers), a Transformers character
Boss (Mazinger), from the anime Mazinger Z
Boss Hogg, the main villain of the television show The Dukes of Hazzard
The Boss (character), a character in the video game Metal Gear Solid 3: Snake Eater
Big Boss (Metal Gear), a character in the Metal Gear video game series
Big Boss (C.O.P.S.), a crime boss from the animated series C.O.P.S.
Nicolas Lucifer III, aka ""The Boss"", from the animated series The Baskervilles
Pointy-haired Boss, the office nemesis of cartoon character Dilbert
""The Boss,"" title bestowed upon the narrator of A Connecticut Yankee in King Arthur's Court
Things or organisations known as BOSS

Ballistic Optimizing Shooting System, from Browning Arms Company
Bharat Operating System Solutions, GNU/Linux distribution developed by NRCFOSS/C-DAC, India
Big Occultable Steerable Satellite, a system for observing distant planets
Bimorphic Organisational Systems Supervisor, fictional supercomputer in the Doctor Who television serial The Green Death
BOSS (molecular mechanics) (Biochemical and Organic Simulation System), a molecular modeling program
Boulder Outdoor Survival School (BOSS), in Boulder, Colorado
South African Bureau of State Security (B.O.S.S.), the South African security police from 1966–1980
Yahoo! Search BOSS, a web services platform initiative
Boss Corporation, a manufacturer of effects pedals for electric guitar and bass guitar
Baryon Oscillation Spectroscopic Survey
Other uses

Boss, Missouri
Boss, an alternate name for one personality type in the Enneagram of Personality theory"
4792a552bb,Change,"Change may refer to:
The process of becoming different

Social change
Biological metamorphosis
Change (mathematics), the mathematical study of change
Percentage change, in statistics
Fold change, in statistics
Personal development - especially if seen as personally ""life-changing""
Changing clothes
Changing money
The change (also the change of life), an informal alternate term for menopause
In music

Bands
Change (band), an Italian-American post-disco group active in the 1980s
Change (also known as Clockwork and Jimmy and the Soulblazers), an American R&B group active in the 1970s
Songs
""Change"" (Daniel Merriweather song)
""Change"" (Every Little Thing song)
""Change"" (Hotel FM song)
""Change (In the House of Flies)"", a Deftones song
""Change"" (Killing Joke song)
""Change"" (Kimberley Locke song)
""Change"" (Lisa Stansfield song)
""Change"" (Miwa song)
""Change"" (Sugababes song)
""Change"" (Taylor Swift song)
""Change"" (Tears for Fears song)
""Change"" (Hyuna song)
""Change"", a song by Oingo Boingo from their 1994 album Boingo
""Change"", a song by Blind Melon from their 1992 album Blind Melon
""Change"", a song by Crazy Town from their 2002 album Darkhorse
""Change"", a song by Axium from their 2002 album Matter of Time
""Change"", a 2001 song by Conor and Jay, featured in the video game Grand Theft Auto III
""Change"", a 2005 song by Tracy Chapman on the album Where You Live
""Change"", a 2008 song by Tess Gaerthé
""Change"", a song by Bobby Darin, used in the 2004 film Beyond The Sea
""Change"", a song by Fishbone on the album Truth and Soul
""Change"", a song by John Waite
""Change"", a song by T-Pain from the album Thr33 Ringz
""Change"", a song by Carrie Underwood
""Change"", a song by Keri Hilson
""Change"", a song by Sparks
Albums
Change (The Alarm album)
Change (Vanessa Amorosi album)
Change!, an album by the Black Swans
Change (The Dismemberment Plan album)
Change (Every Little Thing album)
Change (Andrew Hill album)
Change (Richie Kotzen album)
Change (Pink Cream 69 album)
Change (Sons of the Desert album)
Change (Sugababes album)
Change (Ray Wilson album)
Change, by Bakithi Kumalo
Places

Change Islands, Newfoundland and Labrador
Change, Nepal
Change, Saône-et-Loire, France
Changé, Mayenne, France
Changé, Sarthe, France
Le Change, Dordogne, France
Other uses

Loose change, coin money
Communities Helping All Neighbors Gain Empowerment (CHANGE), a civic organization based in Winston-Salem, North Carolina
Change (TV series), 2008 Japanese television drama starring Takuya Kimura and Eri Fukatsu
Change: The Magazine of Higher Learning, a journal published for the Carnegie Foundation for the Advancement of Teaching by Heldref Publications
Change.gov, the website for the Obama administration's transition (November 2008 to January 2009)
Change 2011, a Finnish political party"
dcf44e6284,Minute,"1.
being in accordance with the actual state or conditions; conforming to reality or fact; not false: a true story.
2.
real; genuine; authentic: true gold; true feelings.
3.
sincere; not deceitful: a true interest in someone's welfare.
4.
firm in allegiance; loyal; faithful; steadfast: a true friend.
5.
being or reflecting the essential or genuine character of something: the true meaning of his statement.
EXPAND"
dcf44e6284,Order,"1.
an authoritative direction or instruction; command; mandate.
2.
a command of a court or judge.
3.
a command or notice issued by a military organization or a military commander to troops, sailors, etc.
4.
the disposition of things following one after another, as in space or time; succession or sequence: The names were listed in alphabetical order.
5.
a condition in which each thing is properly disposed with reference to other things and to its purpose; methodical or harmonious arrangement:"
dcf44e6284,Eleven,"1.
a cardinal number, ten plus one.
2.
a symbol for this number, as 11 or XI.
3.
a set of this many persons or things, as a football team."
dcf44e6284,Boss,"1.
a person who employs or superintends workers; manager.
2.
a politician who controls the party organization, as in a particular district.
3.
a person who makes decisions, exercises authority, dominates, etc
4.
to be master of or over; manage; direct; control.
5.
to order about, especially in an arrogant manner."
dcf44e6284,Change,"1.
to make the form, nature, content, future course, etc., of (something) different from what it is or from what it would be if left alone: to change one's name; to change one's opinion; to change the course of history.
2.
to transform or convert (usually followed by into ): The witch changed the prince into a toad.
3.
to substitute another or others for; exchange  for something else, usually of the same kind: She changed her shoes when she got home from the office.
4.
to give and take reciprocally; interchange: to change places with someone.
5.
to transfer from one (conveyance) to another"
af2803583c,Minute,"A unit of time equal to one sixtieth of an hour, or 60 seconds."
af2803583c,Order,"An ecclesiastical grade or rank, as of deacon, priest, or bishop"
af2803583c,Eleven,one ten plus one unit.
af2803583c,Boss,a person responsible for hiring workers
af2803583c,Change,To alter or to make different
5a97554418,Minute,"60 seconds, unexact amout of time ""I'll be there in a minute"", the notes taken recording the events of a meeting"
5a97554418,Order,"To purchase something that is not from a retail store and needs to be requested, neatness, organization, a sequence of things, demand"
5a97554418,Eleven,"The whole number that comes after ten and before 12,"
5a97554418,Boss,"The person who oversees others in an employment setting, the head of an organization, to order someone to do a task"
5a97554418,Change,"Alter, amend, correct, make different, not stay the same, used to describle an unspecific amount of money usually in coins."
6d2481195c,Minute,minute (noun) a period of time equal to sixty seconds or a sixtieth of an hour: | a sixtieth of a degree of angular
6d2481195c,Order,order (noun) The arrangement or disposition of people or things in relation to each other according to a particular
6d2481195c,Eleven,eleven (cardinal number) Equivalent to the sum of six and five; one more than ten; 11:
6d2481195c,Boss,boss (noun) a person who is in charge of a worker or organization
6d2481195c,Change,change (verb) Make or become different: | Take or use another instead
0da623e05b,Minute,"1.
the sixtieth part ( 1 / 60 ) of an hour; sixty seconds.
2.
an indefinitely short space of time: Wait a minute!
3.
an exact point in time; instant; moment: Come here this minute!
4.
minutes, the official record of the proceedings at a meeting of a society, committee, or other group.
5.
Chiefly British . a written summary, note, or memorandum."
0da623e05b,Order,"1.
an authoritative direction or instruction; command; mandate.
2.
a command of a court or judge.
3.
a command or notice issued by a military organization or a military commander to troops, sailors, etc.
4.
the disposition of things following one after another, as in space or time; succession or sequence: The names were listed in alphabetical order.
5.
a condition in which each thing is properly disposed with reference to other things and to its purpose; methodical or harmonious arrangement: You must try to give order to your life."
0da623e05b,Eleven,"1.
a cardinal number, ten plus one.
2.
a symbol for this number, as 11 or XI.
3.
a set of this many persons or things, as a football team."
0da623e05b,Boss,"1.
a person who employs or superintends workers; manager.
2.
a politician who controls the party organization, as in a particular district.
3.
a person who makes decisions, exercises authority, dominates, etc.: My grandfather was the boss in his family.
verb (used with object)
4.
to be master of or over; manage; direct; control.
5.
to order about, especially in an arrogant manner."
0da623e05b,Change,"1.
to make the form, nature, content, future course, etc., of (something) different from what it is or from what it would be if left alone: to change one's name; to change one's opinion; to change the course of history.
2.
to transform or convert (usually followed by into ): The witch changed the prince into a toad.
3.
to substitute another or others for; exchange  for something else, usually of the same kind: She changed her shoes when she got home from the office.
4.
to give and take reciprocally; interchange: to change places with someone.
5.
to transfer from one (conveyance) to another: You'll have to change planes in Chicago."
ab266a6b3c,Minute,"is unit of time, 60 seconds make one minute"
ab266a6b3c,Order,"is sequence, is arrangement, in shape, in proper format"
ab266a6b3c,Eleven,"number after 10,a digit,a figure, is used in counting"
ab266a6b3c,Boss,"incharge, leader, head of department,is a person, has control over organization"
ab266a6b3c,Change,"is different,alteration, to transfer from one form to other, change of seasons"
ce58ffe106,Minute,"very small, fine, atomic, insignificant, exiguous, exact, infinitesimal, diminutive, inconsiderable, invisible, little, miniature, peewee, teeny-weeny, slender, precise, piddling, minuscule, minimal, minim, invisible, little, microbic, infinitesimal, blow-by-blow, clocklike, critical, elaborate, itemized, painstaking, brief time, crack, flash, instant, moment, second, short time"
ce58ffe106,Order,"command, charge, direction, authorization, decree, directive, mandage, instruction, permission, regulation, stipulation, answer, class, status, type, station, stripe, position, place, nature, subclass, taxonomic group, slot, species, pigeonhole, kind, hierarchy, feather, description, caste, breed, adjustment, classification, neatness, pattern, placement, procedure, progression, regulation, codification, scheme, series, tidiness"
ce58ffe106,Eleven,"a cardinal number, ten plus one, a symbol for this number, as 11 or XI, a set of this many persons or things, as a football team, amounting to eleven in number"
ce58ffe106,Boss,"awesome, great, champion, whiz-bang, excellent, wonderful, top, fine, bang-up, capital, fly, control, administer, behave, survey, quarterback, employ, administrate, direct, oversee, overlook, chaperon, run, take charge,"
ce58ffe106,Change,"something made different, advance, about-face, adjustment, break, contraction, distortion, correction, development, diversification, innovation, metamorphosis, modulation, mutation, permutation, revision, remodeling, revolution, surrogate, transmutation, variance, variety, chicken fee, pocket money, quarters, spending money, copper, dimes, nickels, pennies, diverge, fluctuate, tamper with, transform, transpose, recondition, evolve, conver"
2622f61522,Minute,"arcminute, minute of arc, min, instant, moment, second,"
2622f61522,Order,"ordering, order of magnitude, purchase order, decree,"
2622f61522,Eleven,"football team, 11, xi"
2622f61522,Boss,"knob, hirer"
2622f61522,Change,"variety, alteration, modification, alter, vary."
569626741c,Minute,"moment, instant, jiffy"
569626741c,Order,"command, line, sequence"
569626741c,Eleven,number
569626741c,Boss,"superior, decision maker"
569626741c,Change,"different, another"
d2238a631b,Minute,"The sixtieth part of an hour; sixty seconds. (Abbrev. m.; as, h. m.)"
d2238a631b,Order,Regular arrangement; any methodical or established succession or harmonious relation; method; system
d2238a631b,Eleven,"Ten and one added; as, eleven men."
d2238a631b,Boss,"Any protuberant part; a round, swelling part or body; a knoblike process; as, a boss of wood."
d2238a631b,Change,"To alter; to make different; to cause to pass from one state to another; as, to change the position, character, or appearance of a thing; to change the countenance."
fe6c3218eb,Minute,"60 seconds, short time, words of a meeting, very small, very exact"
fe6c3218eb,Order,"obey, instruction, authority, captain, parent"
fe6c3218eb,Eleven,"number, cricket team, tea break, o'clock, precinct"
fe6c3218eb,Boss,"Chief, master, leader, great one,domineering"
fe6c3218eb,Change,"swap, different, dress into other clothes, coins, alter"
43f7e46034,Minute,"his article is about the unit of time, angle and right ascension. For other uses of the word, see Minute (disambiguation).
See also: Minute of arc

A minute is a unit of measurement of time or of angle. The minute is a unit of time equal to 1/60th (the first sexagesimal fraction[1]) of an hour or 60 seconds. In the UTC time scale, a minute on rare occasions has 59 or 61 seconds; see leap second. The minute is not an SI unit; however, it is accepted for use with SI units.[2] The SI symbol for minute or minutes is min (for time measurement) or apostrophe after a number, eg 5' (for angle measurement, even if it is informally used for time).
[edit] Astronomy

In astronomy, the minute is a unit of angle, the minute of right ascension. It is equal to 1/60th of an hour of right ascension and can be further divided into 60 seconds of right ascension.

The Earth turns on its polar axis through fifteen minutes of arc in every minute of sidereal time. One minute of arc at the Earth's equator is approximately one nautical mile.

In old astronomical texts minute can also mean a unit of time equal to 1/60th of a day (24 usual minutes). These minutes correspond to the Latin diei scrupulis, and used to express periods of planetary motions. For example, Kepler in Harmonices Mundi gives Saturn year as 10759D12', that is 10759 (Earth) days, 4 hours, and 48 (usual) minutes (roughly 29.5 years),"
43f7e46034,Order,"Order may refer to:
[edit] Ordinality

Order identifies what comes before or after what.

    Alphabetical order
    Collation, the sequencing and ordering of text in alphabetical or lexicographical order
    Order of precedence

[edit] Philosophy

    Natural order (philosophy)
    Implicate and explicate order according to David Bohm

[edit] Science

    Order and disorder (physics), measured by an order parameter or more generally by entropy
    An ordered world, the cosmos, antithetical concept of chaos
    Order, the category number of lighthouse Fresnel lenses, defining size and focal length
    Order (biology), a rank between class and family, or a taxon at that rank
    Order of reaction, a concept of chemical kinetics
    Order of hierarchical complexity, the ordinal complexity of tasks that are addressed
    Social order, a concept used in sociology, history and other social sciences, referring to the conduct of society
        World order (disambiguation), including the concept of a world government
    Topological order, an organized quantum state

[edit] Mathematics and logic

See Order (mathematics), a disambiguation page
[edit] Computer science

    Order of computation, the computational complexity of an algorithm
    Canonical order (disambiguation), the order of elements that obeys a certain set of rules or specifications
    Z-order — which graphics cover up others on computer screens

[edit] Electronics and telecommunications

    First-order hold in signal processing
    Modulation order, the number of different symbols that can be sent using a given modulation
    The polynomial order of a Filter (signal processing) transfer function
    Zeroth order mode of light propagation in optical fibres [1]

[edit] Economics and commerce

    Order (business), an instruction from a customer to buy
    Order (exchange), customer's instruction to a stock broker
    Money order
    Work order

[edit] Legal, political, and military

    Court order, made by a judge; a restraining order, for example, is a type of injunction
    Executive order (disambiguation), issued by the executive branch of government
    General order, a published directive from a commander
        Standing order (disambiguation), a general order of indefinite duration, and similar ongoing rules in a parliament
    Law and order (politics)
    Military command
    Tactical formation, an arrangement or deployment of moving military forces

[edit] Architecture and urban planning

    Architectonic orders: see classical order
    Public order, a concept in urban planning

[edit] Honors

    Order (honour), medal or award

[edit] Religious, chivalric, fraternal, and ideological

    The Order (group), an underground American neo-Nazi organization active in 1983 and 1984
    Chivalric order, established since the 14th century
    Fraternal order
    Religious order
    Monastic order, established since circa 300 AD
    Military order, established in the crusades
    Tariqa or Sufi Order
    Holy Orders, the rite or sacrament in which clergy are ordained
    Order of Mass, the set of texts of the Roman Catholic Church Latin Rite Mass that are generally invariable

[edit] Media and entertainment

    Order (album), 2009 album by German band Maroon
    Orders (film), a 1974 film by Canadian filmmaker, Michel Brault"
43f7e46034,Eleven,"Eleven can refer to:

    The year 11
    The year 11 BC
    11 (number)
    The month of November

[edit] Writing

    Eleven (novel), a 2006 novel by British author David Llewellyn
    Eleven, a 1970 collection of short stories by Patricia Highsmith
    Eleven (Myracle novel), a teen novel by Lauren Myracle
    Eleven or Elven (Elven Quest Trilogy), a young adult fantasy by C M Lloyd

[edit] Music

    Eleven (Martina McBride album), the 11th studio album by American singer Martina McBride
    Eleven (22-Pistepirkko album) or Ele∀en, a 1998 album by Finnish band 22-Pistepirkko
    Eleven (Sugarcult album), a 1999 album by American band Sugarcult
    Eleven (B'z album), a 2000 album by Japanese band B'z
    Eleven (Harry Connick, Jr. album)
    Eleven (band), an American hard rock band
    Eleven (Serbian band), Serbian alternative rock band
    Eleven: A Music Company, an Australian record label
    Up to eleven, an idiom originated in the excessive volume setting
    ""The Eleven"", a song by the Grateful Dead
    ""Eleven"", a song on the Primus album Sailing the Seas of Cheese that is in 11/8 time
    11 (The Smithereens album), an album by The Smithereens
    11 (Bryan Adams album), an album by Bryan Adams
    ""Eleven"", a song by ¡Forward, Russia!
    ""Eleven"", a character description in book 1 Child of the Elves by C M Lloyd

[edit] Other uses

    EleVen, a clothing range designed by tennis player Venus Williams
    Municipal Okrug 11, name of Ostrov Dekabristov Municipal Okrug of Vasileostrovsky District of St. Petersburg, Russia, until 2011
    7-Eleven a convenience store in North America, South America, Europe, the Middle East, and Asia
    MIT elEVEN
    Eleven, A Free to air digital channel, owned by Ten Network Holdings and CBS Studios International
    Apollo 11, historic space mission which landed the first humans on the Moon
    A football team, so-called because of the number of players on the team
    Ocean's 11, a 1960 heist film, and it's 2001 remake Ocean's Eleven"
43f7e46034,Boss,"Boss may refer to:
Contents
 [hide] 

    1 Persons with the surname Boss
    2 Common nouns
    3 Entertainment
        3.1 Film and television
        3.2 Music
        3.3 Other media
    4 Companies
    5 Roles
    6 People referred to as ""The Boss""
        6.1 Politicians
        6.2 Musicians
        6.3 Other
        6.4 Characters
    7 Things or organisations known as BOSS
    8 Other uses
    9 See also

[edit] Persons with the surname Boss

    Hugo Boss (fashion designer) (1885–1948)
    Isaac Boss (born 1980), Irish rugby union player
    Kevin Boss (born 1984), American football tight end
    Lewis Boss (1846–1912), American astronomer
    Marcellus Boss (1901–1967), 5th Civilian Governor of Guam
    Terry Boss (born 1981), Puerto Rican association football goalkeeper

[edit] Common nouns

    Boss (architecture), a protruding stone, often decoratively carved
    The hub of a propeller
    Boss (crater), a lunar crater
    Boss (engineering), an engineering term for a protrusion type feature
    The Boss (roller coaster), a wooden roller coaster at Six Flags St. Louis
    Boss (soft drink), a brand of coffee-flavored beverages
    Shield boss, the domed metal centre to a shield
    A series of modified Ford engines used for NASCAR racing, including:
        Ford Boss 302 engine
        Boss 351
        Boss 429
    ""Boss"", nickname of the robot that won the 2007 DARPA Grand Challenge
    ""Boss of The Plains"", nickname of the Stetson wide-brimmed Western hat

[edit] Entertainment
[edit] Film and television

    The Boss (1915 film), a silent film based on a play by Edward Sheldon (see below)
    The Boss (1956 film), an American film by Byron Haskin
    The Boss (1973 film) or Il Boss, an Italian crime film
    The Boss (1975 film) or Boss Nigger, a blaxploitation film
    The Boss, a 2005 short film starring Jennifer Sciole
    Boss (2006 film), an Indian Telugu-language film
    Boss (2011 film), an Indian Kannada-language film
    Boss (TV series), a 2011 American-Canadian series starring Kelsey Grammer
    ""Boss"" (Life's Work), an episode of Life's Work

[edit] Music

Performers

    Boss (Australian band), a 1980s hard rock band
    Boss (rapper) (born 1969), American rapper
    The Boss (band), a South Korean boy band

Albums

    Boss (album), by Magik Markers, 2007
    The Boss (Diana Ross album), 1979
    The Boss (Jimmy Smith album), 1968
    The Boss (Timati album), 2009

Songs

    ""The Boss"" (Diana Ross song)
    ""The Boss"" (Rick Ross song)
    ""The Boss"", a song by James Brown from the soundtrack of the 1973 film Black Caesar
    ""The Boss"", a song from the 2007 Sivaji film soundtrack album

[edit] Other media

    Boss (video gaming), a particularly powerful enemy or opponent in a video game
    Boss Radio, a 1960s pop radio format
    Boss: Richard J. Daley of Chicago, a 1971 book by Mike Royko
    The Boss, a 1911 Broadway play by Edward Sheldon

[edit] Companies

    Boss Corporation, a company that manufactures guitar accessories and audio equipment
    Hugo Boss, a German fashion company
    Boss Hoss, a motorcycle company in Dyersburg, Tennessee

[edit] Roles

    Crime boss
    Pit boss, the person who looks after the employees who work in a casino pit
    Political boss
    Fire boss
    Air boss

[edit] People referred to as ""The Boss""
[edit] Politicians

    Joseph Stalin (1878–1953), former leader of the Soviet Union
    Richard J. Daley (1902–1976), former mayor of Chicago, Illinois, USA
    Boss Tweed (William M. Tweed, 1823–1878), notoriously corrupt 19th-century politician in New York City
    Boss Shepherd (Alexander Robey Shepherd, 1835–1902), 19th-century politician in Washington, D.C.
    Rafael Trujillo (""El Jefe"", 1891–1961), dictator of the Dominican Republic

[edit] Musicians

    Gene Ammons (""The Boss"", 1925–1974), American jazz musician and songwriter
    Bruce Springsteen (""The Boss"", born 1949), American singer and songwriter
    Ross the Boss Friedman (born 1954), guitarist of The Dictators and Manowar
    Snoop Dogg (""The Boss Dogg"", born 1971), American rapper and record producer
    Rick Ross (""The Boss"", born 1976), American rapper

[edit] Other

    Lance Armstrong (born 1971), professional cyclist
    Bobby Lashley (born 1976), professional wrestler
    Helmut Rahn (""Der Boss"", 1929–2003), German football player
    Andrew Reynolds (skateboarder) (born 1978)
    Ernest Shackleton (1874–1922), Anglo-Irish explorer
    George Steinbrenner (1930–2010), owner of the New York Yankees baseball team
    Ray Traylor (""The Big Boss Man"", 1963–2004), professional wrestler
    Jos Verstappen (born 1972), Dutch Formula One driver

[edit] Characters

    Boss (Transformers), a Transformers character
    Boss (Mazinger), from the anime Mazinger Z
    Boss Hogg, the main villain of the television show The Dukes of Hazzard
    The Boss (character), a character in the video game Metal Gear Solid 3: Snake Eater
    Big Boss (Metal Gear), a character in the Metal Gear video game series
    Big Boss (C.O.P.S.), a crime boss from the animated series C.O.P.S.
    Nicolas Lucifer III, aka ""The Boss"", from the animated series The Baskervilles
    Pointy-haired Boss, the office nemesis of cartoon character Dilbert
    ""The Boss,"" title bestowed upon the narrator of A Connecticut Yankee in King Arthur's Court

[edit] Things or organisations known as BOSS

    Ballistic Optimizing Shooting System, from Browning Arms Company
    Bharat Operating System Solutions, GNU/Linux distribution developed by NRCFOSS/C-DAC, India
    Big Occultable Steerable Satellite, a system for observing distant planets
    Bimorphic Organisational Systems Supervisor, fictional supercomputer in the Doctor Who television serial The Green Death
    BOSS (molecular mechanics) (Biochemical and Organic Simulation System), a molecular modeling program
    Boulder Outdoor Survival School (BOSS), in Boulder, Colorado
    South African Bureau of State Security (B.O.S.S.), the South African security police from 1966–1980
    Yahoo! Search BOSS, a web services platform initiative
    Boss Corporation, a manufacturer of effects pedals for electric guitar and bass guitar
    Baryon Oscillation Spectroscopic Survey

[edit] Other uses

    Boss, Missouri
    Boss, an alternate name for one personality type in the Enneagram of Personality theory"
43f7e46034,Change,"Change may refer to:
[edit] The process of becoming different

    Social change
    Biological metamorphosis
    Change (mathematics), the mathematical study of change
    Percentage change, in statistics
    Fold change, in statistics
    Personal development - especially if seen as personally ""life-changing""
    Changing clothes
    Changing money
    The change (also the change of life), an informal alternate term for menopause

[edit] In music
[edit] Bands

    Change (band), an Italian-American post-disco group active in the 1980s
    Change (also known as Clockwork and Jimmy and the Soulblazers), an American R&B group active in the 1970s

[edit] Songs

    ""Change"" (Daniel Merriweather song)
    ""Change"" (Every Little Thing song)
    ""Change"" (Hotel FM song)
    ""Change (In the House of Flies)"", a Deftones song
    ""Change"" (Killing Joke song)
    ""Change"" (Kimberley Locke song)
    ""Change"" (Lisa Stansfield song)
    ""Change"" (Miwa song)
    ""Change"" (Sugababes song)
    ""Change"" (Taylor Swift song)
    ""Change"" (Tears for Fears song)
    ""Change"" (Hyuna song)
    ""Change"", a song by Oingo Boingo from their 1994 album Boingo
    ""Change"", a song by Blind Melon from their 1992 album Blind Melon
    ""Change"", a song by Crazy Town from their 2002 album Darkhorse
    ""Change"", a song by Axium from their 2002 album Matter of Time
    ""Change"", a 2001 song by Conor and Jay, featured in the video game Grand Theft Auto III
    ""Change"", a 2005 song by Tracy Chapman on the album Where You Live
    ""Change"", a 2008 song by Tess Gaerthé
    ""Change"", a song by Bobby Darin, used in the 2004 film Beyond The Sea
    ""Change"", a song by Fishbone on the album Truth and Soul
    ""Change"", a song by John Waite
    ""Change"", a song by T-Pain from the album Thr33 Ringz
    ""Change"", a song by Carrie Underwood
    ""Change"", a song by Keri Hilson
    ""Change"", a song by Sparks

[edit] Albums

    Change (The Alarm album)
    Change (Vanessa Amorosi album)
    Change!, an album by the Black Swans
    Change (The Dismemberment Plan album)
    Change (Every Little Thing album)
    Change (Andrew Hill album)
    Change (Richie Kotzen album)
    Change (Pink Cream 69 album)
    Change (Sons of the Desert album)
    Change (Sugababes album)
    Change (Ray Wilson album)
    Change, by Bakithi Kumalo

[edit] Places

    Change Islands, Newfoundland and Labrador
    Change, Nepal
    Change, Saône-et-Loire, France
    Changé, Mayenne, France
    Changé, Sarthe, France
    Le Change, Dordogne, France

[edit] Other uses

    Loose change, coin money
    Communities Helping All Neighbors Gain Empowerment (CHANGE), a civic organization based in Winston-Salem, North Carolina
    Change (TV series), 2008 Japanese television drama starring Takuya Kimura and Eri Fukatsu
    Change: The Magazine of Higher Learning, a journal published for the Carnegie Foundation for the Advancement of Teaching by Heldref Publications
    Change.gov, the website for the Obama administration's transition (November 2008 to January 2009)
    Change 2011, a Finnish political party

[edit] See also

    All pages beginning with ""Change""
    All pages with titles containing ""Change""
    Changes (disambiguation)
    Chang'e, the Chinese goddess of the moon
    Chang'e (disambiguation)
    ""Changing"", a song by Saosin from the album In Search of Solid Ground
    Identity and change
    Impermanence"
f0e7eb5369,Minute,part of time
f0e7eb5369,Order,force to do work
f0e7eb5369,Eleven,its a number . figure
f0e7eb5369,Boss,means chief of the staff
f0e7eb5369,Change,replace
cdf81c2126,Minute,60 seconds
cdf81c2126,Order,an authoritative direction or instruction
cdf81c2126,Eleven,"a cardinal number, ten plus one"
cdf81c2126,Boss,a person who employs or superintends workers
cdf81c2126,Change,to transform
62909fedc9,Minute,"1)One sixtieth part of an hour
2)smallest
3)happenings in a conference or meeting written by somebody."
62909fedc9,Order,"1)Oral or written command of a superior
2)sequence of happenings or deeds"
62909fedc9,Eleven,Number next to ten in the ascending order
62909fedc9,Boss,Head of a department or organisation
62909fedc9,Change,"Something different(deviating from the previous route,policy etc)"
a878e75949,Minute,"moment, small, wee, measure of time, tiny"
a878e75949,Order,"buy, purchase, boss around, command, demand"
a878e75949,Eleven,"number, double digits, movie, seven eleven"
a878e75949,Boss,"manager, in charge, supervisor, over others, to command"
a878e75949,Change,"turn, replace, rearrange, remove"
e180b38ede,Minute,"60 seconds, unit of measurement of time, live every minute to the full"
e180b38ede,Order,"rules, proper arrangment"
e180b38ede,Eleven,"number, double digit number, was a hard rock band from california"
e180b38ede,Boss,best officer selected person
e180b38ede,Change,"different, transform"
de4de943fb,Minute,"A Period of time, 60 Seconds,Very Short Time,  Sixtienth of an hour"
de4de943fb,Order,"The Arrangement of things, the disposition of people, the state in which everything is its Correct place."
de4de943fb,Eleven,"The Sum of 5 and 6, one more than 10, A sports Team of 11 Player"
de4de943fb,Boss,"A person who is charge of employee. The Person who give orders. In-charge, Head of Organization."
de4de943fb,Change,"Become Different, Become new, exchange, move from one to another, new one, not match"
7c67b6cc11,Minute,"time, 60 secs, fast, tiny, little small, miniature"
7c67b6cc11,Order,"arrange, sort, organize, classify, array"
7c67b6cc11,Eleven,"number, time, work, night, sleep, clock"
7c67b6cc11,Boss,"manager, owner, pay master, strict, superior, in charge"
7c67b6cc11,Change,"alter, modify, transform, adjust, amend"
7cf403bfc3,Minute,sixtieth part of an hour
7cf403bfc3,Order,"a condition in which every part,unit,etc.is in its right place;tidiness.b specified sequence,succession"
7cf403bfc3,Eleven,one more than ten
7cf403bfc3,Boss,"employer,manager,or supervisor.give orders to;order about"
7cf403bfc3,Change,"a making or becoming different,alteration or modification"
e592776b4d,Minute,"time, sixty seconds, valuable, sixty minute makes one hour, minute needle"
e592776b4d,Order,"sequence, line, pattern, in line, office order, police order, official order, rules, laws, by order"
e592776b4d,Eleven,"digit, eleven minute, after ten, before twelve"
e592776b4d,Boss,"leader, major, proprietor, master, teacher, brigade, controller, administrator,"
e592776b4d,Change,"variance, vary, varies, climate change, gene change, different, not same, dress change, change colour,"
d2ee442783,Minute,"We can show the time in minute/minutes.  When we are helding a meeting there we can indicate that minutes of the meeting. For counting the  minutes we can use watch, clock, etc."
d2ee442783,Order,Higher Authority can command to their co-workers to do something  as an order.  When we want to buy something we can give a purchase order.
d2ee442783,Eleven,"We can use Eleven as any type of Number, Class, positions."
d2ee442783,Boss,"Boss is a master, head person or higher authority"
d2ee442783,Change,"Changes effects every where like daily routine work, timings, climatic conditions, viz. viz. persons/places/situations etc."
df5ff96a53,Minute,Sixty seconds.
df5ff96a53,Order,"Neatness. 
Tell someone to do something."
df5ff96a53,Eleven,Ten plus one. 11.
df5ff96a53,Boss,Overseer. Manager. Foreman. The person in charge.
df5ff96a53,Change,Make different.
dd6f194abe,Minute,"clock, wait, tick tack, click, important"
dd6f194abe,Order,"command, food, food chain, eat, court, judge, waiter,"
dd6f194abe,Eleven,"number, double number one, sleeping time, party time, before lunch break, two thin person,"
dd6f194abe,Boss,"scary, money, gangster, office, captain, commander,"
dd6f194abe,Change,"coins, shift, nothing's last forever, not certain,"
93a7dd374a,Minute,"its a short time, its suddenly going, its take short time"
93a7dd374a,Order,"judgement, order of any goverment or pvt shedules"
93a7dd374a,Eleven,"its an mathematical number, 11,"
93a7dd374a,Boss,"means business man, sir , or a respective person"
93a7dd374a,Change,its a differnt of on feeling to other
e87cf6cd3b,Minute,the sixtieth part of an hour; sixty seconds.
e87cf6cd3b,Order,an authoritative direction or instruction; command; mandate.
e87cf6cd3b,Eleven,"a cardinal number, ten plus one."
e87cf6cd3b,Boss,a person who employs or superintends workers.
e87cf6cd3b,Change,to transform or convert.
10d4f79779,Minute,"A unit of time equal to one sixtieth of an hour, or 60 seconds, A measure of the distance one can cover in a minute, A specific point in time"
10d4f79779,Order,"A condition of logical or comprehensible arrangement among the separate elements of a group, A request made by a customer at a restaurant for a portion of food, An authoritative indication to be obeyed; a command or direction"
10d4f79779,Eleven,"Eleven is the first number which cannot be counted with a human's eight fingers, It's the number after ten"
10d4f79779,Boss,"a person who exercises control over workers, a person responsible for hiring workers, a person who exercises control and makes decisions"
10d4f79779,Change,"to make the form, nature, content, future course, etc, to transform or convert, to substitute another or others for, to transfer from one (conveyance) to another"
2a625093df,Minute,"Small, one sixtieth of an hour or a degree"
2a625093df,Order,"Command, demand something in a restaurant or shop, arranged or placed neatly"
2a625093df,Eleven,A number indicated by two ones.
2a625093df,Boss,The head man who gives orders and gets things done.
2a625093df,Change,"Alter, vary, differ from the present"
fd1a1cbbc3,Minute,"turn, molybdenum, act, spot, irregular, piece, endorsement, chip, bit, min, flake, snatch, arcminute, second gear, instant, second, minute of arc, routine, s, mo, minute, fleck, atomic number 42, sec, bite, secondment, number, second base, morsel, scrap, moment, hour, indorsement, here and now, import, consequence, present moment, arcsecond"
fd1a1cbbc3,Order,"society, social club, order of magnitude, rescript, edict, gild, club, parliamentary law, ordination, ordering, purchase order, parliamentary procedure, fiat, guild, rules of order, orderliness, lodge, decree, monastic order"
fd1a1cbbc3,Eleven,"football team, eleven"
fd1a1cbbc3,Boss,"hirer, tribal chief, headman, foreman, political boss, antique, boss, gaffer, old geezer, chief, knob, old-timer, honcho, oldtimer, chieftain, head, party boss, top dog"
fd1a1cbbc3,Change,"change, modification, qualifying, revision, alteration, variety, adjustment, limiting"
eb09612a37,Minute,seconds
eb09612a37,Order,command
eb09612a37,Eleven,number
eb09612a37,Boss,owner
eb09612a37,Change,alter
85e1f85b71,Minute,"sixty seconds, time"
85e1f85b71,Order,"an instruction, being organized, a request for goods"
85e1f85b71,Eleven,"a number, two ones, six plus five"
85e1f85b71,Boss,"authority, makes final decisions, is hated"
85e1f85b71,Change,"something new, different, not the same as before"
694b2d8fb5,Minute,"a representation of time , a minute is equal to 60 seconds , measurement of time"
694b2d8fb5,Order,"something in sequence ,strong statement issued , to make somebody to do something , a filled form , placing an order to buy something  , placed one by one according to some fixed rule ,"
694b2d8fb5,Eleven,"a number in decimal number system , indicates 11 , represents the time 11 o clock , a specific position , roll number or id"
694b2d8fb5,Boss,"The person who is head to others , person who controls other members , superior person in an organization , captain , higher authority , powerful person"
694b2d8fb5,Change,"replacing something , alter something , shifting , swapping something for the original stuff , letting new ideas , let off old thing"
4a529ee356,Minute,"the sixtieth part of an hour , unit of time."
4a529ee356,Order,"Command, Directive"
4a529ee356,Eleven,"a number wich comes after Ten, a digit, an odd number."
4a529ee356,Boss,"Supervisor, Administrator"
4a529ee356,Change,"content , convert"
0611e09ef3,Minute,very small :the diamonds in the brooch were minute.
0611e09ef3,Order,a statement of what someone must do; a command:
0611e09ef3,Eleven,11 in number.
0611e09ef3,Boss,the master or manager:the boss of the factory.
0611e09ef3,Change,the process of becoming or making different:
79ad239082,Minute,"a moment, the present time,as soon as,very small,"
79ad239082,Order,"the condition in which every part, tidiness, an authoritative command, a state of harmony under a constituted authority, a kind,"
79ad239082,Eleven,"one more than ten ,a size, a set or team of eleven individuals"
79ad239082,Boss,"a person in charge,be the master or manager,"
79ad239082,Change,the act or an instance of making or becoming different
b3b4b59658,Minute,"this word is related to time.is in the clock.hours,seconds also related."
b3b4b59658,Order,"government,purchase,sales,obey to other"
b3b4b59658,Eleven,"numeric word,"
b3b4b59658,Boss,"manager,officers,head of the team."
b3b4b59658,Change,"substitute,Instead,currency"
7716859c62,Minute,"little , small , tiny , miniature, time, sixty seconds, microscopic."
7716859c62,Order,"arrange, sort , classify, tidy, array, tidy, categorize, regulate"
7716859c62,Eleven,"Number, numeric,  prime number,"
7716859c62,Boss,"manager, head, senior, superior, person over you, person in charge, person above you, supervisor..."
7716859c62,Change,"alter, modify, vary,transform, revolutionize, adjust , amend , alteration."
6be52007c6,Minute,"A unit of time equal to one sixtieth of an hour, or 60 seconds.
2. A unit of angular measurement equal to one sixtieth of a degree, or 60 seconds. Also called minute of arc.
3. A measure of the distance one can cover in a minute: lives ten minutes from school.
4. A short interval of time; moment. See Synonyms at moment.
5. A specific point in time: Stop that this minute!
6. A note or summary covering points to be remembered; a memorandum.
7. minutes An official record of the proceedings of a meeting.
tr.v. min·ut·ed, min·ut·ing, min·utes
To record in a memorandum or the minutes of a meeting."
6be52007c6,Order,"A condition of logical or comprehensible arrangement among the separate elements of a group.
2.
a. A condition of methodical or prescribed arrangement among component parts such that proper functioning or appearance is achieved: checked to see that the shipping department was in order.
b. Condition or state in general: The escalator is in good working order.
3.
a. The established system of social organization: ""Every revolution exaggerates the evils of the old order"" (C. Wright Mills).
b. A condition in which freedom from disorder or disruption is maintained through respect for established authority: finally restored order in the rebellious provinces.
4. A sequence or arrangement of successive things: changed the order of the files.
5. The prescribed form or customary procedure: the order of worship.
6. An authoritative indication to be obeyed; a command or direction."
6be52007c6,Eleven,"Number Eleven possesses the qualities of intuition, patience, honesty, sensitivity, and spirituality, and is idealistic. Others turn to people who are 'Eleven' for teaching and inspiration, and are usually uplifted by the experience"
6be52007c6,Boss,"a. An employer or a supervisor.
b. One who makes decisions or exercises authority.
2. A professional politician who controls a party or a political machine.
v. bossed, boss·ing, boss·es
v.tr.
1. To supervise or control. See Synonyms at supervise.
2. To give orders to, especially in an arrogant or domineering manner: bossing us around.
v.intr.
To be or act as a supervisor or controlling element.
adj. Slang
First-rate; topnotch."
6be52007c6,Change,"a. To cause to be different: change the spelling of a word.
b. To give a completely different form or appearance to; transform: changed the yard into a garden.
2. To give and receive reciprocally; interchange: change places.
3. To exchange for or replace with another, usually of the same kind or category: change one's name; a light that changes colors.
4.
a. To lay aside, abandon, or leave for another; switch: change methods; change sides.
b. To transfer from (one conveyance) to another: change planes.
5. To give or receive the equivalent of (money) in lower denominations or in foreign currency.
6. To put a fresh covering on:"
2a6566d746,Minute,"the sixtieth part ( 1 / 60 ) of an hour,an indefinitely short space of time,an exact point in time, a written summary, note, or memorandum."
2a6566d746,Order,"an authoritative direction or instruction,a command of a court or judge,the disposition of things following one after another, as in space or time; succession or sequence,a condition in which each thing is properly disposed with reference to other things and to its purpose,to direct to be made, supplied, or furnished,to regulate, conduct, or manage."
2a6566d746,Eleven,"a cardinal number, ten plus one,a symbol for this number, as 11 or XI,a set of this many persons or things, as a football team."
2a6566d746,Boss,"a person who employs or superintends workers,a politician who controls the party organization, as in a particular district,a person who makes decisions, exercises authority, dominates, etc,to be master of or over,to order about."
2a6566d746,Change,"to give and take reciprocally; interchange: to change places with someone,to transfer from one (conveyance) to another,to substitute another or others for; exchange  for something else, usually of the same kind,to make the form, nature, content, future course, etc., of (something) different from what it is or from what it would be if left alone: to change one's name."
a99eff3ef7,Minute,A minute is 60 seconds or a short amount of time
a99eff3ef7,Order,"An order is a position, rank or arrangement of people or things"
a99eff3ef7,Eleven,the cardinal number between ten and twelve
a99eff3ef7,Boss,"a person in authority over employees, as an employer, a manager, or a foreman"
a99eff3ef7,Change,Change means to replace one thing for another or to become different
2486e8fbec,Minute,"60 seconds, a time duration"
2486e8fbec,Order,"dictate, instruction, dictation"
2486e8fbec,Eleven,"a number, a count,"
2486e8fbec,Boss,"owner, leader, employer"
2486e8fbec,Change,"modification, transformation, alteration"
92ea18c297,Minute,a unit of time
92ea18c297,Order,Regular arrangement
92ea18c297,Eleven,cardinal
92ea18c297,Boss,a supervisor
92ea18c297,Change,to alter
b245d0513e,Minute,"sixty seconds, right now, very small, measure of time, hand on clock"
b245d0513e,Order,"sequence of, a society of priests, an indent, lineup, command, an honor"
b245d0513e,Eleven,"cricket, soccer, after ten, slang for walk, stadium, street name"
b245d0513e,Boss,"superior at work, owner, in-charge, responsible for organization"
b245d0513e,Change,"different method, clothes, vary colors, take another route, coins"
cf8ffe2059,Minute,"time, clock"
cf8ffe2059,Order,"command, nonrequest"
cf8ffe2059,Eleven,"number, doubledigit"
cf8ffe2059,Boss,"head, leader"
cf8ffe2059,Change,"climate, season"
dd6f194abe,Outdoors,"adventures, to enjoy, garden, travel, open air, sports,"
dd6f194abe,Scratch,"crap, paper, mess, trash, trial,"
dd6f194abe,Apart,"miles away, not together, separate,"
dd6f194abe,Son,"boy, child, dude, bloke,"
dd6f194abe,River,"swim, cold, wet, flowing water, water,"
7a0b7cea54,Outdoors,"Nature, Open Place, Door in other side"
7a0b7cea54,Scratch,"Scratching, scratch track, Guitar technique"
7a0b7cea54,Apart,"Equality, Classical Maths, Constructive mathematics,"
7a0b7cea54,Son,"Son of God, My son, A boy"
7a0b7cea54,River,"Water, Freshwater, Lake"
64fbf86e46,Outdoors,"out of doors; in the open air,the world outside of or away from houses,nature, natural places, and outdoor activities"
64fbf86e46,Scratch,"to break, mar, or mark the surface of by rubbing, scraping, or tearing with something sharp or rough,to rub or scrape slightly, as with the fingernails, to relieve itching,to strike out or cancel (something written) by or as if by drawing a line through it,to reject a particular candidate on (a party ticket),to earn a living or get along with difficulty."
64fbf86e46,Apart,"into pieces or parts;separated or away from in place, time, or motion,separately or individually in consideration,aside,isolated,having characteristics not shared by other,excluded from consideration,"
64fbf86e46,Son,"a male child or person in relation to his parents,a son-in-law,a person related as if by ties of son ship,a male person looked upon as the product or result of a particular agent, force, or influence"
64fbf86e46,River,"a natural stream of water of fairly large size flowing in a definite course or channel or series of diverging and converging channels, a similar stream of something else,any abundant stream or copious flow,a person who rives"
1c6ee77d92,Outdoors,"bucolic surroundings, country, countryside, environment, fresh air, garden, green earth, hill, mountain, open, out-of-doors, patio, without, woods, yard"
1c6ee77d92,Scratch,"blemish, claw mark, gash, graze, hurt, laceration, score, scrape"
1c6ee77d92,Apart,"afar, alone, aloof, aside, away, by itself, cut off, disassociated, disconnected, distant, distinct, divorced, excluded, exclusively, freely, independent, independently, individually, isolated, lone wolf, separated, separately, singly, special, to itself, to one side"
1c6ee77d92,Son,"boy, dependent, descendant, heir, junior, offspring, scion"
1c6ee77d92,River,"administrate, be in the driver's seat, be in the saddle, boss, carry out, conduct, control, crack the whip, direct, execute, govern, head, head up, hold the reins, oversee, pull the strings, pull the wires, render, ride herd on, run, run the show, sit on top of, sup"
4792a552bb,Outdoors,"1out·doors adv \ˌau̇t-ˈdȯrz; ˈau̇t-ˈ\

Definition of OUTDOORS

: outside a building : in or into the open air
 See outdoors defined for English-language learners »
See outdoors defined for kids »
Examples of OUTDOORS

The game is meant to be played outdoors.
He worked outdoors all afternoon.
I went outdoors for some fresh air.
First Known Use of OUTDOORS

1755
Related to OUTDOORS

Synonyms: alfresco, out, outside
Antonyms: indoors
[+]more
Rhymes with OUTDOORS

Azores, indoors"
4792a552bb,Scratch,"Scratch may refer to:
A mark or indentation on a surface: Abrasion (mechanical)"
4792a552bb,Apart,"1apart adv \ə-ˈpärt\

Definition of APART

1
a : at a little distance <tried to keep apart from the family squabbles>
b : away from one another in space or time <towns 20 miles apart>
2
a : as a separate unit : independently <viewed apart, his arguments were unsound>
b : so as to separate one from another <found it hard to tell the twins apart>
3
: excluded from consideration : aside <a few blemishes apart, the novel is excellent>
4
: in or into two or more parts : to pieces <coming apart at the seams>
 See apart defined for English-language learners »
See apart defined for kids »
Examples of APART

He stood with his feet planted far apart.
He stood apart while the other members of the team celebrated.
Their children were born two years apart.
My wife and I are unhappy when we're apart.
They separated and have been living apart for the past year.
Origin of APART

Middle English, from Anglo-French a part, literally, to one side
First Known Use: 14th century
Related to APART

Synonyms: asunder, piecemeal, to pieces
Antonyms: together
Rhymes with APART

at heart, bar chart, blackheart, bogart, Bogart, by heart, clip art, crash cart, depart, Descartes, dispart, dogcart, Earhart, eye chart, ..."
4792a552bb,Son,A son is a male offspring; a boy or man in relation to his parents
4792a552bb,River,"A river is a natural watercourse, usually freshwater, flowing towards an ocean, a lake, a sea, or another river. In a few cases, a river simply flows into the ground or dries up completely before reaching another body of water. Small rivers may also be called by several other names, including stream, creek, brook, rivulet, tributary and rill; there is no general rule that defines what can be called a river, although in some countries or communities a stream may be defined by its size. Many names for small rivers are specific to geographic location; one example is ""burn"" in Scotland and northeast England. Sometimes a river is said to be larger than a creek, but this is not always the case, because of vagueness in the language.
Rivers are part of the hydrological cycle. Water within a river is generally collected from precipitation through a drainage basin from surface runoff and other sources such as groundwater recharge, springs, and the release of stored water in natural ice and snowpacks (e.g., from glaciers). Potamology is the scientific study of rivers."
aeac64a7e8,Outdoors,"Out-of-Doors, Outside, In the Open, In the Open Air, Opposite of Indoors"
aeac64a7e8,Scratch,"Scrape, Rub, Cut, Score, Damage a part"
aeac64a7e8,Apart,"Seperately, Not Together, Away from each other, At a distance"
aeac64a7e8,Son,"Child, Youngster, Lad, Teenager"
aeac64a7e8,River,"Stream, Waterway, Canal"
10d4f79779,Outdoors,"The open air, An area away from human settlements, located, suited for, or taking place in the open air,"
10d4f79779,Scratch,"to make a thin shallow cut or mark on (a surface) with a sharp instrument, To use the nails or claws to dig or scrape at, To rub or scrape (the skin) to relieve itching, To scrape or strike on an abrasive surface"
10d4f79779,Apart,"At a distance in place, position, or time, Away from another or others, In or into parts or pieces, One from another, Aside or in reserve, as for a separate use or purpose"
10d4f79779,Son,"One's male child, A male descendant, A man considered as if in a relationship of child to parent, One personified or regarded as a male descendant, sed as a familiar form of address for a young man."
10d4f79779,River,"A stream or abundant flow, a large natural stream of fresh water flowing along a definite course, usually into the sea, being fed by tributary streams, an abundant flow of water or other liquid"
2622f61522,Outdoors,"open, open air, out-of-doors, alfresco, out of doors, outside"
2622f61522,Scratch,"mark, scar, scrape, cacography, scrawl,"
2622f61522,Apart,"isolated, obscure, aside, asunder"
2622f61522,Son,"logos, word, boy"
2622f61522,River,Water stream
d0f1e4030a,Outdoors,gust room
d0f1e4030a,Scratch,pain
d0f1e4030a,Apart,seperate
d0f1e4030a,Son,boy
d0f1e4030a,River,nile
ab266a6b3c,Outdoors,"out of home, in open, without shelter"
ab266a6b3c,Scratch,"is to rub, indentation of surface, to fiddle with the object"
ab266a6b3c,Apart,"is wide, at a distance, far from each other"
ab266a6b3c,Son,"is a relationship, sibling, part of family,"
ab266a6b3c,River,"full of water, smaller than ocean, a watercourse"
2b15616b23,Outdoors,outside world
2b15616b23,Scratch,making a thin mark using sharp instrument
2b15616b23,Apart,seperate
2b15616b23,Son,one's male child
2b15616b23,River,stream of water flowing in definte
7cf403bfc3,Outdoors,"in or into the open air,the open air"
7cf403bfc3,Scratch,"score,mark or would superficially"
7cf403bfc3,Apart,"separately,not together"
7cf403bfc3,Son,boy or man in relation to his parent
7cf403bfc3,River,copious natural stream of water flowing to the sea or a lake etc..
85e1f85b71,Outdoors,"sunshine, picnic, play"
85e1f85b71,Scratch,"kitten claws, and win, mark a surface"
85e1f85b71,Apart,"aside from, not together, separate"
85e1f85b71,Son,"boy, heir, progeny"
85e1f85b71,River,"swim, drown, waterfalls, blueholes"
62909fedc9,Outdoors,Outside the home
62909fedc9,Scratch,to make an impression on the skin on something else with nails/sharp object
62909fedc9,Apart,other than
62909fedc9,Son,male child of somebody
62909fedc9,River,Huge amount of water flowing on the land in a continuous manner
5d21d0b3ae,Outdoors,"outside, nature, everything that is not in a building"
5d21d0b3ae,Scratch,"to scratch an itch, drag your nails across skin, reaction"
5d21d0b3ae,Apart,"separated, divided, broken apart"
5d21d0b3ae,Son,"heritage of male gender, boy, descended from his parents"
5d21d0b3ae,River,"running water, a pool of water starting  from a spring, descending from high to low"
0da623e05b,Outdoors,"1.
out of doors; in the open air: He's happiest when he's outdoors. open air: Our whole family likes the outdoors."
0da623e05b,Scratch,"1.
to break, mar, or mark the surface of by rubbing, scraping, or tearing with something sharp or rough: to scratch one's hand on a nail.
2.
to dig, scrape, or tear (something) out or off with or as if with the nails, claws, etc.: to scratch the burs off one's coat.
3.
to rub or scrape slightly, as with the fingernails, to relieve itching.
4.
to rub or draw along a rough, grating surface: to scratch a match on the sidewalk.
5.
to erase, cancel, strike out, or eliminate (a name, something written, etc.) by or as if by drawing a line through it (often followed by out ): Scratch out the third name on the list."
0da623e05b,Apart,"1.
into pieces or parts; to pieces: to take a watch apart; an old barn falling apart from decay.
2.
separately in place, time, motion, etc.: New York and Tokyo are thousands of miles apart. Our birthdays are three days apart.
3.
to or at one side, with respect to place, purpose, or function: to put money apart for education; to keep apart from the group out of pride.
4.
separately or individually in consideration: each factor viewed apart from the others.
5.
aside (used with a gerund or noun): Joking apart, what do you think?"
0da623e05b,Son,"1.
a male child or person in relation to his parents.
2.
a male child or person adopted as a son; a person in the legal position of a son.
3.
any male descendant: a son of the Aztecs.
4.
a son-in-law.
5.
a person related as if by ties of sonship."
0da623e05b,River,"1.
a natural stream of water of fairly large size flowing in a definite course or channel or series of diverging and converging channels.
2.
a similar stream of something other than water: a river of lava; a river of ice.
3.
any abundant stream or copious flow; outpouring: rivers of tears; rivers of words.
4.
( initial capital letter ) Astronomy . the constellation Eridanus.
5.
Printing . a vertical channel of white space resulting from the alignment in several lines of spaces between words."
af2803583c,Outdoors,"Being, or done, in the open air"
af2803583c,Scratch,To make a thin shallow cut or mark on (a surface) with a sharp instrument
af2803583c,Apart,"Separately, in regard to space or company"
af2803583c,Son,A male child
af2803583c,River,"A large stream of water flowing in a bed or channel and emptying into the ocean, a sea, a lake, or another stream"
92cfd37e76,Outdoors,"Fresh air, sky, garden, walks, open air, tents, barbecues, picnics"
92cfd37e76,Scratch,"Sore, claw, cut, grate, mark, rub, scrape, strike off, graze"
92cfd37e76,Apart,"Not close, away, by oneself, distant, excluded, separate"
92cfd37e76,Son,"Boy, youth, child"
92cfd37e76,River,"Water, fish, reeds, fishing, wading, swimming, salmon"
1b9c766662,Outdoors,activity makes life good.
1b9c766662,Scratch,your back.
1b9c766662,Apart,is bad
1b9c766662,Son,is usually good in India
1b9c766662,River,Nokia flows in Finland
6b2ac0ef88,Outdoors,open air
6b2ac0ef88,Scratch,scrape
6b2ac0ef88,Apart,at a distance
6b2ac0ef88,Son,one's male child
6b2ac0ef88,River,large stream of water
cef0fec366,Outdoors,"being out in nature, not being inside of your home, breathing fresh air"
cef0fec366,Scratch,a defect in a smooth surface or something that happens to your skin when it's slightly cut. using your nails to take care of an itch.
cef0fec366,Apart,"separate, not close together, not next to eachother"
cef0fec366,Son,male offspring in a family
cef0fec366,River,"a body of water that had land on 2 sides, usually flows into an ocean"
ce58ffe106,Outdoors,"open air, nature, bucolic surroundings, countryside, country, environment, green earth, fresh air, mountain, open, without woods, yard, out-of-doors, patio, forest, landscape, natural history, scenery, seascape, setting, universe, view, world, open, open air, middle, topside"
ce58ffe106,Scratch,"small cut or mark, blemish, hurt, claw mark, graze, scrape, laceration, score, perfection, cancel, annul, pull out, delete, erase, eliminate, withdraw, schedule, set up, cut off, knock off, lay off, nullify,"
ce58ffe106,Apart,"separate, afar, cut off, alone, by itself, aloof, away, disassociated, distant, disconnected, divorced, exclusively, freely, independent, individually, isolated, lone wolf, separately, special, to one side, together, away from, to the side, alone, away, out of the way, privately sidewise, in another direction, hence, out of, to one side"
ce58ffe106,Son,"male child, junior, boy, heir, dependent, descendant, offspring, scion, baby, child, lad, lass, little one, youngster, juvenile"
ce58ffe106,River,"waterway, beck, branch, creek, course, rivulet, tributary, run, stream, runnel, watercourse, stream of water, crick, run, spring, tributary, watercourse,"
0611e09ef3,Outdoors,spend alot of time in outdoors...not in a building
0611e09ef3,Scratch,"a mark, injury or sound made by scratching"
0611e09ef3,Apart,"seperated by certain distance,"
0611e09ef3,Son,"a male child , when spoken of in relation to his parents"
0611e09ef3,River,large stream of water flowing across the country
a878e75949,Outdoors,"camping, recreation, outside, fresh air, earth"
a878e75949,Scratch,"itch, cut, cat claw, laceration, to cancel, hurt"
a878e75949,Apart,"not together, separate, alone, by oneself, absent"
a878e75949,Son,"child, boy, man, Jesus, male"
a878e75949,River,"water, wet, ripples, boat, swim"
5c88d6dd6c,Outdoors,"located or situated to the open air, out of door,out side,not in a building"
5c88d6dd6c,Scratch,"mark the surface with a sharp pointed object, to scrape the body to relieve itching, to scribble or write hurriedly."
5c88d6dd6c,Apart,"away from others, separately, alone, one from the others"
5c88d6dd6c,Son,"a male child, a male descendant,a young male person spoken of as a child"
5c88d6dd6c,River,"a large stream, lake,an abundant flow of water, waterway"
33cd6db15a,Outdoors,"Open space,Ground,Fields,A place with lots of space with no congestion,Fresh air trees and natural things exist,Natural surroundings."
33cd6db15a,Scratch,"Make a mark on a surface,Marks on polished surface,Mark made by the claws of an animal,Dog scratching on the door,Clawing on a smooth surface,Itching,Itching caused on the skin by allergic reaction."
33cd6db15a,Apart,"Make two parts,Divide,Partition,Tear into two,Separate, Force something to tear into two."
33cd6db15a,Son,"Biological male offspring,Male sibling in a family,Legal male heir,Member of a family unit."
33cd6db15a,River,"Flowing water body,Water flow from a mountain to the valley below,Small streams that overflow a pond or a lake,Mass flow of water through a natural or man made channel."
ffd05a2b19,Outdoors,being out in the open being one with mother nature
ffd05a2b19,Scratch,to remove an on object ot substance by physicallity or bye personaaly doing it
ffd05a2b19,Apart,a seperaion of an object or a substance
ffd05a2b19,Son,a sibling from a mother or father
ffd05a2b19,River,a bod of water that is seperated b two sides of land used for fishing and sd rereational activities
eb09612a37,Outdoors,program
eb09612a37,Scratch,damage
eb09612a37,Apart,seperately
eb09612a37,Son,cousin
eb09612a37,River,stream
6d2481195c,Outdoors,out place
6d2481195c,Scratch,damage
6d2481195c,Apart,single
6d2481195c,Son,male child of parents
6d2481195c,River,lake
c284e4a997,Outdoors,"Away home,a pleasant scenery,makes mind free,a shotting location."
c284e4a997,Scratch,"tiny scribes,by nail,a small accident,a little bite"
c284e4a997,Apart,"exclusive,out of,away,go to."
c284e4a997,Son,"From our blood,a successor,a care taker,sometime irritates."
c284e4a997,River,"A stream,reason for ancient civilization,a life giver,sometime a killer."
0ff6f25e1c,Outdoors,Happening out side the home
0ff6f25e1c,Scratch,something sticking that has to be removed
0ff6f25e1c,Apart,keep something away from handle
0ff6f25e1c,Son,male person of a family
0ff6f25e1c,River,which can run through village and city and joining towards see
93a7dd374a,Outdoors,"open to out side, its a large area open to public"
93a7dd374a,Scratch,a small damage
93a7dd374a,Apart,"beside, small distance"
93a7dd374a,Son,"boy, child"
93a7dd374a,River,"flowing of water, it to saw very beautiful. and the water is so cool"
d35bd0ad39,Outdoors,"hot,pleasant,fresh air"
d35bd0ad39,Scratch,"from start,pain,nails,tear"
d35bd0ad39,Apart,"people,distance,sad,relationship"
d35bd0ad39,Son,"boy,person,proud,father"
d35bd0ad39,River,"flowing,water,fish,landscape"
c3069fbff3,Outdoors,"In or into the open; outside,The open air,An area away from human settlements,the world outside or far away from human habitation,where the air is unconfined; ""he wanted to get outdoors a little""; ""the concert was held in the open air""; ""camping in the open"", the region that is outside of something."
c3069fbff3,Scratch,"To make a thin shallow cut or mark on (a surface) with a sharp instrument,To use the nails or claws to dig or scrape at,To rub or scrape (the skin) to relieve itching,To scrape or strike on an abrasive surface, To write or draw (something) by scraping a surface,To write or draw hurriedly,To strike out or cancel (a word, for example) by or as if by drawing lines through,Slang To cancel,To withdraw (an entry) from a contest,To use the nails or claws to dig, scrape, or wound, To rub or scrape the skin to relieve itching,To make a harsh scraping sound,To gather funds or produce a living with difficulty,To withdraw from a contest, Games To make a shot in billiards that results in a penalty, as when the cue ball falls into a pocket or jumps the cushion, A mark resembling a line that is produced by scratching,A slight wound,A hasty scribble, A sound made by scratching, Sports The starting line for a race,A contestant who has been withdrawn from a competition,The act of scratching in billiards,A fluke or chance shot in billiards,Poultry feed,Slang Money"
c3069fbff3,Apart,"At a distance in place, position, or time,Away from another or others, In or into parts or pieces, One from another, Aside or in reserve, as for a separate use or purpose,As a distinct item or entity,So as to except or exclude from consideration; aside,Set apart; isolated. Used after a noun or in the predicate, to pieces or in pieces"
c3069fbff3,Son,"One's male child,A male descendant, A man considered as if in a relationship of child to parent, One personified or regarded as a male descendant, Used as a familiar form of address for a young man,Son Christianity The second person of the Trinity, a male offspring; a boy or man in relation to his parents, a male descendant,a familiar term of address for a boy or man, a male from a certain country, place, etc., or one closely connected with a certain environment a son of the circus."
c3069fbff3,River,"A large natural stream of water emptying into an ocean, lake, or other body of water and usually fed along its course by converging tributaries,A stream or abundant flow,In or into prison, a large natural stream of fresh water flowing along a definite course, usually into the sea, being fed by tributary streams,to deceive or betray,. any abundant stream or flow,A wide, natural stream of fresh water that flows into an ocean or other large body of water and is usually fed by smaller streams, called tributaries, that enter it along its course. A river and its tributaries form a drainage basin, or watershed, that collects the runoff throughout the region and channels it along with erosional sediments toward the river. The sediments are typically deposited most heavily along the river's lower course, forming floodplains along its banks and a delta at its mouth"
f6cb1a6c92,Outdoors,"free,feel good,open,natural,reality."
f6cb1a6c92,Scratch,"lines,pain,mark, itching,nail,blood,"
f6cb1a6c92,Apart,"separate,go away,between,divide,go to different directions"
f6cb1a6c92,Son,"smart,child,study,fathers follower,bold, mischievous,"
f6cb1a6c92,River,"water, pleasant,pure,silent,calm,boat,fish,swimming,"
c4ec0ebf47,Outdoors,"Out-of-doors, outside, in the open, in the air"
c4ec0ebf47,Scratch,"Cut, mark, graze, scrape,"
c4ec0ebf47,Apart,"Separate, at a distance, to one side, spaced out, distance"
c4ec0ebf47,Son,"Young man, lad, school boy, youngster, child, teenager"
c4ec0ebf47,River,"Stream, waterway, tributary, brook, canal, watercourse,"
b245d0513e,Outdoors,"greenery, forest, water front, games, cycling, healthy"
b245d0513e,Scratch,"below surface, cats, to win by, marks on surface, lines on glass"
b245d0513e,Apart,"separate, distinguish from, identify from, sorting, differences"
b245d0513e,Son,"ward, heir, progeny, bring up, train, play with"
b245d0513e,River,"water, floods, flow, canoes, swim across, rains, fish, boating"
5c443771e9,Outdoors,"the world outside of or away from houses, in the open air,"
5c443771e9,Scratch,"to break,to mark the surface of by rubbing, scraping, to tearing with something sharp or rough, to use the nails, a slight injury, a shot resulting in a penalty, especially a pocketing of the cue ball without hitting the object ball in Billiards or Pool,"
5c443771e9,Apart,"aside(Joking apart), separately or individually in consideration (each factor viewed apart from the others.), having independent or unique qualities or features or characteristics, to disassemble (to take a clock apart),"
5c443771e9,Son,"a male child  in relation to his parents, the Son (the second person of the Trinity;Jesus Christ), a familiar term of address to a man or boy from an older person, a person related as if by ties of sonship"
5c443771e9,River,"a natural stream of water of fairly large size flowing in a definite course or channel or series of diverging and converging channels, any abundant stream or copious flow ( rivers of tears; rivers of words.), a vertical channel of white space resulting from the alignment in several lines of spaces between words in printing."
f5d0e4b4a2,Outdoors,The open air.An area away from human settlements.outside.outside a building
f5d0e4b4a2,Scratch,"ragged,scrape,rough across,as the claws,the nails, a pin ,a like."
f5d0e4b4a2,Apart,"Separately, in regard to space or company; in a state of separation as to place; aside. it is meaning is neglating,except,from,avoid."
f5d0e4b4a2,Son,"SON is ""Close Friend"",A male child; the male issue, or offspring, of a parent, father or mother. ,it is a relationship,it is a person born in earth, it is a relation for carring his mother."
f5d0e4b4a2,River,"It is water flowing,It is water with contain many minarals,it is used for drinkin cleaning washing,it contain flower and fish and small animals and pearls."
9bec5a5a23,Outdoors,"INTO OPEN AIR,NO CLOSED FENCING,NO RESTRICTION TO ANY BODY,NO ONE ENTRY,NOT GIVEN PAYMENT TO ATTEND."
9bec5a5a23,Scratch,"SCORE , MARK,WOUND WITH A SHARP OBJECT,SCRAPE,PIN POINT OF SMOOTH SURFACE."
9bec5a5a23,Apart,"SEPARATELY,INTO PIECES,AT A DISTANCE,A SIDE,ALONE FROM GROUP."
9bec5a5a23,Son,"BOY OR MAN IN RELATION TO HIS PARENTS,MALE INHERITOR,MALE CHILD OF PATENTS,"
9bec5a5a23,River,"NATURAL STREAM OF WATER,COLLECTING WATER FROM HIGHER LEVELS THROUGH THROUGH NATURAL OBJECTS."
43135d06e2,Outdoors,"exit, games like baseball, football, outside home"
43135d06e2,Scratch,"scrub, a mark or indication on surface"
43135d06e2,Apart,"separate, other than, constructive form of inequality"
43135d06e2,Son,"male offspring, boy or male relation to parent"
43135d06e2,River,"moving water, natural watercourse, fresh water"
fe6c3218eb,Outdoors,"open-air, outside, countryside, oxygen, wind"
fe6c3218eb,Scratch,"to dig with a nail, itch, withdraw from a competition, rub a lottery ticket, draw a sharp object across a bonnet of a car"
fe6c3218eb,Apart,"separate, in pieces, in opposite directions,not together, divorced"
fe6c3218eb,Son,"male, offspring, human,"
fe6c3218eb,River,"water, flowing, large stream, delta, estuary"
cf8ffe2059,Outdoors,"outside, not a house"
cf8ffe2059,Scratch,"broken, not strong"
cf8ffe2059,Apart,"another, next"
cf8ffe2059,Son,"male, person"
cf8ffe2059,River,"nile, water"
81cc947609,Outdoors,"outdoor games, shootings, outings, fun"
81cc947609,Scratch,"rub, scratch a gift coupon"
81cc947609,Apart,"divide, separate, tear apart"
81cc947609,Son,"ward, male child, moustache, beard"
81cc947609,River,"full of water, swim, boating, fishing"
a99eff3ef7,Outdoors,outside a building or shelter
a99eff3ef7,Scratch,"to mark, break, or cut the surface of slightly with something pointed or sharp"
a99eff3ef7,Apart,Apart refers to a whole thing being broken down into units
a99eff3ef7,Son,a boy or man as he is related to either or both parents
a99eff3ef7,River,"a natural stream of water larger than a creek and emptying into an ocean, a lake, or another river"
e87cf6cd3b,Outdoors,in the open air.
e87cf6cd3b,Scratch,"to break, mar, or mark the surface of by rubbing, scraping, or tearing with something sharp or rough."
e87cf6cd3b,Apart,separate or aside.
e87cf6cd3b,Son,a male child or person in relation to his parents.
e87cf6cd3b,River,a natural stream of water of fairly large size flowing in a definite course or channel or series of diverging and converging channels.
faed1af4c3,Outdoors,"outside, out in the open, not confined to an enclosed space"
faed1af4c3,Scratch,"itch, scrape"
faed1af4c3,Apart,set distance away from
faed1af4c3,Son,"boy, male offspring"
faed1af4c3,River,"flowing column of water, connects to the sea"
86dc19ebbd,Outdoors,"Outside, in the open, in the open air"
86dc19ebbd,Scratch,"graze, grate, scrub"
86dc19ebbd,Apart,"away, separated, not together, distant"
86dc19ebbd,Son,"lad, child, young man"
86dc19ebbd,River,"stream, waterway, brook, canal"
cdf81c2126,Outdoors,"characteristic of, located, occurring, or belonging outdoors"
cdf81c2126,Scratch,to rub or scrape slightly
cdf81c2126,Apart,into pieces or parts
cdf81c2126,Son,any male descendant
cdf81c2126,River,a natural stream of water of fairly large size flowing in a definite course
3682090ac3,Outdoors,"Out of your house, in the open"
3682090ac3,Scratch,moving your fingers back and forth across your skin
3682090ac3,Apart,when two objects do not touch
3682090ac3,Son,the male child
3682090ac3,River,a stream of water
d6fbaf0859,Outdoors,outside
d6fbaf0859,Scratch,"itchy, to touch"
d6fbaf0859,Apart,"separated, space in between"
d6fbaf0859,Son,boy. male child
d6fbaf0859,River,stream of fresh water freely flowing towards the ocean
61776e43e9,Outdoors,the world outside
61776e43e9,Scratch,mark the surface by rubbing or scraping
61776e43e9,Apart,"separately in place, time, and motion"
61776e43e9,Son,a male child or person in relation to his parents
61776e43e9,River,s natural stream of water of fairly large size
6be52007c6,Outdoors,"1. The open air.
2. An area away from human settlements."
6be52007c6,Scratch,"1. To make a thin shallow cut or mark on (a surface) with a sharp instrument.
2. To use the nails or claws to dig or scrape at.
3. To rub or scrape (the skin) to relieve itching.
4. To scrape or strike on an abrasive surface.
5. To write or draw (something) by scraping a surface:"
6be52007c6,Apart,"a. At a distance in place, position, or time: railings spaced two feet apart; born three years apart.
b. Away from another or others: grew apart over the years; decided to live apart.
2. In or into parts or pieces: split apart.
3. One from another: I can't tell the twins apart.
4. Aside or in reserve, as for a separate use or purpose: funds set apart for the project.
5. As a distinct item or entity: Quality sets it apart.
6. So as to except or exclude from consideration; aside"
6be52007c6,Son,"1. One's male child.
2. A male descendant.
3. A man considered as if in a relationship of child to parent: a son of the soil.
4. One personified or regarded as a male descendant.
5. Used as a familiar form of address for a young man.
6. Son Christianity The second person of the Trinity."
6be52007c6,River,"A large natural stream of water flowing in a channel to the sea, a lake, or another stream.
A large quantity of a flowing substance: ""great rivers of molten lava""; ""the trickle of disclosures has grown into a river of revelations""."
2486e8fbec,Outdoors,"external, out side"
2486e8fbec,Scratch,"damage, remove,"
2486e8fbec,Apart,"additional, exclude"
2486e8fbec,Son,"heir, progeny"
2486e8fbec,River,"a water body, flowing water"
cc0fd23c05,Outdoors,"Outdoors:-outdoes, outflows, outdoing, outcomes, outboard motor, outboard motorboat, outgoes, outdone, outlook ."
cc0fd23c05,Scratch,"Scratch :-hurt, cut, mark; see injury,scar,scrape, scarify, prick ."
cc0fd23c05,Apart,"Apart:-disconnected, distant,separate, special, alone, isolated ,disassemble, dismember, dissect ."
cc0fd23c05,Son,"son:-male child, offspring, descendant, foster son, dependent, scion, heir, boy,"
cc0fd23c05,River,"River:-wave, swell, outpouring, flood , plenty ,imprisoned, jailed ."
183160c664,Outdoors,"earthy smells, sunshine, wind, trees, animals, relaxation, fun, physical activities, rain"
183160c664,Scratch,"makes an itch go away, tears your skin, nothing, lose"
183160c664,Apart,"not together, sad, disassemble"
183160c664,Son,"offspring, boy, masculine"
183160c664,River,"running water, peaceful, flowing, smooth, cool"
95e2618c28,Outdoors,"The open air,An area away from human settlements."
95e2618c28,Scratch,"To make a thin shallow cut or mark on (a surface) with a sharp instrument,
 To use the nails or claws to dig or scrape at,
 To rub or scrape (the skin) to relieve itching."
95e2618c28,Apart,"At a distance in place, position, or time, Away from another or others"
95e2618c28,Son,"One's male child,A male descendant,A man considered as if in a relationship of child to parent"
95e2618c28,River,"A large natural stream of water emptying into an ocean, lake, or other body of water and usually fed along its course by converging tributaries."
932ad1fc41,Outdoors,"games,table,party,schools."
932ad1fc41,Scratch,"card,body,metal,point."
932ad1fc41,Apart,"life,jokes,give,live."
932ad1fc41,Son,"son-in-law,child,cute,sweet,human."
932ad1fc41,River,"water,big,small,pool,side."
2a6566d746,Outdoors,"taking place, existing, or intended for use in the open air,out-of-door, outside."
2a6566d746,Scratch,"to break, mar, or mark the surface of by rubbing, scraping, or tearing with something sharp or rough: to scratch one's hand on a nail.,to dig, scrape, or tear (something) out or off with or as if with the nails, claws, etc,to rub or scrape slightly, as with the fingernails, to relieve itching."
2a6566d746,Apart,"into pieces or parts; to pieces: to take a watch apart; an old barn falling apart from decay.,separately in place, time, motion, etc.: New York and Tokyo are thousands of miles apart,separately or individually in consideration: each factor viewed apart from the others.,aside.to disassemble."
2a6566d746,Son,"a male child or person in relation to his parents.,a male child or person adopted as a son; a person in the legal position of a son,a boy or man in relation to his parents."
2a6566d746,River,"a natural stream of water of fairly large size flowing in a definite course or channel or series of diverging and converging channels.,a similar stream of something other than water."
d2238a631b,Outdoors,Abread; out of the house; out of doors.
d2238a631b,Scratch,"To rub and tear or mark the surface of with something sharp or ragged; to scrape, roughen, or wound slightly by drawing something pointed or rough across, as the claws, the nails, a pin, or the like."
d2238a631b,Apart,"Separately, in regard to space or company; in a state of separation as to place; aside."
d2238a631b,Son,"A male child; the male issue, or offspring, of a parent, father or mother."
d2238a631b,River,One who rives or splits.
