subject_id,word,answer
96824489d6,Boring,"not interested,tedious,irksome,sleepy"
96824489d6,English,"language,popular,america,common,alphabets,vowels"
96824489d6,Tight,"close,together,stylish"
96824489d6,Spoiled,"damaged,imperfect,stain,spoiled food"
96824489d6,Mother,"love,women,give birth,feeding,emotional,affection"
1c7639828f,Boring,"the act or process of making or enlarging a hole, not interesting, dull"
1c7639828f,English,"a subject , a language, spoken or written english language"
1c7639828f,Tight,"not losse, fit, close"
1c7639828f,Spoiled,"waste, damaged, irreparably"
1c7639828f,Mother,"a female parent, gave birth to a child, care taker of a child"
b0af56c46c,Boring,tiring
b0af56c46c,English,language
b0af56c46c,Tight,rigid
b0af56c46c,Spoiled,destroyed
b0af56c46c,Mother,relationship
53f824e404,Boring,"After reading some people's posts here it made me wonder what exactly do you consider to be a boring person? 
I've never been bored by anyone; I tend to find everyone interesting in some way. However, my EX used to sit and watch TV from the time he came home from work until time to go to sleep (stripping in front of the TV just got me yelled at, and it wasn't during a sports game, so believe me I tried everything lol). Did I consider him boring? No. I considered him lazy. Later on he admitted he was just too lazy. 

So what is boring? Empty headed people that ramble on about nothing? Those who have nothing interesting to say? Or for you, is it people that aren't active enough? Do you need to constantly be doing something? Is it all about action? 

I used to be very athletic, played softball, trained horses, rode a lot, had motorcycle meetups with friends, etc...... but now that I'm less active, I still view people the same and don't really find them boring. So I'm curious about how others feel."
53f824e404,English,It is an language.
53f824e404,Tight,"Tight is used as an adverb following verbs that denote a process of closure or constriction, as squeeze, shut, close, tie, and hold. In this use it is subtly distinct from the adverb tightly. Tight denotes the state resulting from the process, whereas tightly denotes the manner of its application. As such, tight is more appropriate when the focus is on a state that endures for some time after the activity has ended. The sentence She closed up the house tight suggests preparation for an impending blizzard. By the same token, it is more natural to say The windows were frozen tight than The windows were frozen tightly, since in this case the tightness of the seal is not likely to be the result of the manner in which the windows were frozen. With a few verbs tight is used idiomatically as an intensive and is the only possible form: sleep tight; sit tight."
53f824e404,Spoiled,spoiled identity’ by Erving Goffman. This is a short(ish) book of 147 pages but I found myself needing to read it twice and still having some difficulty in getting to grips with it. I think possibly that this is because Goffman has a deep understanding of this subject and communicates it in a reflective style which is rich in interconnected concepts. This is probably a book which takes
53f824e404,Mother,"Mother is a person who will guide you all your life, she will always be there for you and love you no matter what. 
Sometimes we don't realise how special a Mother is until we lose her. Mothers are Love!!"
86dc19ebbd,Boring,"tedious, dull, uninteresting"
86dc19ebbd,English,"a language, people from UK"
86dc19ebbd,Tight,"rigid, firm, strong"
86dc19ebbd,Spoiled,"blemished, flawed"
86dc19ebbd,Mother,"look after,  parent, protect"
6be52007c6,Boring,the act or process of making or enlarging a hole.
6be52007c6,English,English is a West Germanic language that originated from the Anglo-Frisian
6be52007c6,Tight,"fixed,closed,or fastened firmly"
6be52007c6,Spoiled,Having the character or disposition harmed by pampering or oversolicitous attention
6be52007c6,Mother,"a female parent,the head of the convent."
a99eff3ef7,Boring,for making holes
a99eff3ef7,English,English describes someone or something that is from England
a99eff3ef7,Tight,cannot pass through
a99eff3ef7,Spoiled,"to damage or injure in such a way as to make useless, valueless, etc"
a99eff3ef7,Mother,A mother is a woman who gives birth or who has the responsibility of physical and emotional care for specific children
e97ff5f954,Boring,lifeless/unexciting
e97ff5f954,English,a language
e97ff5f954,Tight,not loose/hole without letting go
e97ff5f954,Spoiled,not as expected/ruined/destroyed
e97ff5f954,Mother,pure love/caring person/loving person
2b15616b23,Boring,making a large hole for water
2b15616b23,English,international language
2b15616b23,Tight,to be compact
2b15616b23,Spoiled,wasted
2b15616b23,Mother,a female gender
5920e2b941,Boring,unliked things
5920e2b941,English,English is common language
5920e2b941,Tight,i have tight job
5920e2b941,Spoiled,grils will spoiled the boys life
5920e2b941,Mother,caring child
153fbbab45,Boring,The film was so boring I fell asleep.
153fbbab45,English,Do you speak English?
153fbbab45,Tight,The people stood talking in tight groups.
153fbbab45,Spoiled,The oil spill has spoilt the whole beautiful coastline.
153fbbab45,Mother,My mother was 21 when she got married.
83a4f613f6,Boring,"when something irritate you and you don't have any other work, it is example of boring."
83a4f613f6,English,English is a language which is spoken in so many countries and now-a-days its common language to communicate in all the regions in the world.
83a4f613f6,Tight,When there is not a bit to relax
83a4f613f6,Spoiled,"when we put our energy, time, or any precious things in to do some unwanted things that behavior called spoiling your precious things."
83a4f613f6,Mother,Its not a word or relation. It a place from where a life starts.
6b2ac0ef88,Boring,uninteresting
6b2ac0ef88,English,a language
6b2ac0ef88,Tight,fitting close
6b2ac0ef88,Spoiled,which is not in a usable condition
6b2ac0ef88,Mother,female parent
bba2068b29,Boring,so lacking in interest as to cause mental weariness
bba2068b29,English,of or relating to or characteristic of England or its culture or people
bba2068b29,Tight,osely constrained or constricted or constricting
bba2068b29,Spoiled,he act of spoiling something by causing damage to it
bba2068b29,Mother,a woman who has given birth to a child
d6fbaf0859,Boring,"not exciting, monotonous"
d6fbaf0859,English,"synonymous to the USA, language used by the americans"
d6fbaf0859,Tight,"narrowed, skimpy"
d6fbaf0859,Spoiled,"rotten, not fresh"
d6fbaf0859,Mother,is the one who brought us to this world by conceiving us for 9 months in her own womb
af2803583c,Boring,"The act or process of one who, or that which, bores"
af2803583c,English,"A kind of printing type, in size between Pica and Great Primer.considered as language also."
af2803583c,Tight,"Fixed or fastened firmly in place like a tight lid, tight screws"
af2803583c,Spoiled,"To damage irreparably, ruin."
af2803583c,Mother,A female person who is pregnant with or gives birth to a child.
b51378192c,Boring,"Boring: is an emotional state experienced when an individual is without any activity or is not interested in their surroundings. The first recorded use of the word boredom is in the novel Bleak House by Charles Dickens, written in 1852,[1] in which it appears six times, although the expression to be a bore had been used in the sense of ""to be tiresome or dull""  The French term for boredom, ennui, is sometimes used in English as well."
b51378192c,English,"English:it is from, or related to England, a country of the United Kingdom, especially: English language"
b51378192c,Tight,"Tight is Skin-tight garment, a garment that is held to the skin by elastic tension
Tights, a type of leg coverings fabric extending from the waist to feet
Tightlacing, the practice of wearing a tightly-laced corset."
b51378192c,Spoiled,"Spoiled: it is  Decomposition,grandiose, narcissistic,egocentric-regressed.A spoiled child (also called a spoiled brat) is a child that exhibits behavioral problems from overindulgence by his or her parents."
b51378192c,Mother,"Mother: is mother, mum, mom, momma, or mama is a woman who has raised a child, given birth to a child, and/or supplied the ovum that grew into a child."
34c2ee4f5d,Boring,ITS MEANS THAT  SOMETHING WE CANDO IT FEEL IT TIERD
34c2ee4f5d,English,ENGLISH MEANS THAT THIS INTERNATIONAL LANGUAGE FOR COMMUNICATION.
34c2ee4f5d,Tight,MEANS THAT  NOT SUITABLE FOR WEAR OR ANYTHINGS
34c2ee4f5d,Spoiled,MEANS THAT ANY THIND DISAPPEARED FROM THE EARTH
34c2ee4f5d,Mother,MOTHER MEANS THAT CREATER OF THE WORLD MEN AND ANIMAL.
61cf21f695,Boring,"is a disambiguation,"
61cf21f695,English,"is a language, is a people of England"
61cf21f695,Tight,is a fixed
61cf21f695,Spoiled,"distroy, is a damage"
61cf21f695,Mother,"women who give a child birth, is like you most"
eaecffb8af,Boring,"not interest,wast of time,make angry"
eaecffb8af,English,"language,26 letter"
eaecffb8af,Tight,"making tough,closed,close fitting"
eaecffb8af,Spoiled,"damaged,less good,not suitable for eat"
eaecffb8af,Mother,"mummy,provider of life"
6c04a7f4c1,Boring,feeling hadache
6c04a7f4c1,English,the language used in many countries
6c04a7f4c1,Tight,which is uncomfortable related to size
6c04a7f4c1,Spoiled,which is damaged
6c04a7f4c1,Mother,how is the lovest person in the world i.e.
075bbbca89,Boring,adjective not interesting; tedious.
075bbbca89,English,"the language of England, now used in many varieties throughout the world."
075bbbca89,Tight,"fixed or fastened firmly; hard to move, undo, or open. (of clothes) close-fitting, especially uncomfortably so. (of a grip) very firm. well sealed against something such as water or air."
075bbbca89,Spoiled,"a person or thing that spoils. a news story published to divert attention from a similar story published elsewhere. 
2	a flap on an aircraft wing which can be projected to create drag and so reduce speed. a similar device on a motor vehicle intended to improve road holding at high speeds."
075bbbca89,Mother,a woman in relation to her child or children. Øa female animal in relation to its offspring.
cc0fd23c05,Boring,"dull, dim, windy, wearisome, wordy, dense, muted, boring, verbose, dumb, leaden, tedious, slow, sluggish, obtuse, deadening, tiresome"
cc0fd23c05,English,"side, face, side of meat, incline, position, slope"
cc0fd23c05,Tight,"fuddled, squiffy, crocked, plastered, mean, mingy, smashed, wet, stiff, miserly, compressed, cockeyed, taut, nasty, soaked, close"
cc0fd23c05,Spoiled,"bad, spoilt, blighted"
cc0fd23c05,Mother,"get, fuss, overprotect,  niggle, fret, mother, sire, bring forth, beget, engender, generate"
84ffcb1eb4,Boring,"dull,having nothing to do,idol,lazy"
84ffcb1eb4,English,"language,subject,writing,american,ethnicity"
84ffcb1eb4,Tight,"well fitting,opposite of loose,"
84ffcb1eb4,Spoiled,"given everything,rotten,smells like it died"
84ffcb1eb4,Mother,"parent,gives birth,raises children,relative,biologic,adopter,role model"
99822f0efe,Boring,"Lame, not unique, monotonous"
99822f0efe,English,"Speaking, language, dialect"
99822f0efe,Tight,"Close, uncomfortable, squeezing"
99822f0efe,Spoiled,"Brat, bad, rotten, smells bad"
99822f0efe,Mother,"Woman, mom, nurture, love"
2622f61522,Boring,"drilling, oil production, deadening, dull, ho-hum, irksome, slow, tedious, tiresome, wearisome"
2622f61522,English,"english language, side, english people"
2622f61522,Tight,"rigorous, stringent, nasty, besotted, blind drunk, blotto, cockeyed, crocked, fuddled,"
2622f61522,Spoiled,"despoilation, despoilment, despoliation, spoilation, spoliation, spoilage,"
2622f61522,Mother,"female parent, beget, bring forth, engender, mom, generate, get, sire,"
fbcc6f1973,Boring,irritation
fbcc6f1973,English,a launguage
fbcc6f1973,Tight,not loose
fbcc6f1973,Spoiled,moral
fbcc6f1973,Mother,mam
a7cece6cf4,Boring,"Movie, Person, Class, Subject, Trip & Friends"
a7cece6cf4,English,"Native language, Internationally spoken, Word, Education & Graduates"
a7cece6cf4,Tight,"Bottle cap, Dresses, Inner wear's, Opp of lose, Hard to open"
a7cece6cf4,Spoiled,"mood, anger, Food, decay, Spoil sport"
a7cece6cf4,Mother,"Womb, Care taker, Tasty food, Love, Child"
3dc0788290,Boring,"dry, fun less, slow, theory, long, tedious"
3dc0788290,English,"world wide, global, free way, culture, social, usefull"
3dc0788290,Tight,"close, no escape, unfriendly, stiff, lonely, modest"
3dc0788290,Spoiled,"messy, lack of discipline, not corrected, bad counselling"
3dc0788290,Mother,"love, care, sacrifice, pain, long life, birth, hard work, endless kindness"
c602294c0a,Boring,not interesting
c602294c0a,English,its a language
c602294c0a,Tight,fit
c602294c0a,Spoiled,damaged
c602294c0a,Mother,takes care of a child
ab266a6b3c,Boring,"dull, not attractive, without colours"
ab266a6b3c,English,"a language, has alphabets, spoken in USA"
ab266a6b3c,Tight,"hard, without slack, thread is tight,"
ab266a6b3c,Spoiled,"dirty, loss, wasted."
ab266a6b3c,Mother,"a relation, siblings, loves his kids,"
6c7df926ad,Boring,"bore, this is a boring wall"
6c7df926ad,English,"a language,"
6c7df926ad,Tight,"this is my tight,"
6c7df926ad,Spoiled,"spoil , this is a spoiled cake"
6c7df926ad,Mother,"rama is my mother, same on god"
eb09612a37,Boring,INTEREST LESS
eb09612a37,English,LANGUAGE
eb09612a37,Tight,FREE LESS
eb09612a37,Spoiled,VAST
eb09612a37,Mother,MAM
b47f4dafbe,Boring,"FEELING OF TIRESOME,A TEDIOUS MONOTONOUS FEELING"
b47f4dafbe,English,"A UNIVERSAL LANGUAGE,USED IN US,LESS WORDS,RICH MEANINGS,EASY TO LEARN"
b47f4dafbe,Tight,"FIXED FIRMLY IN A PLACE,DIFFICULT TO PROCEED OR DEAL WITH"
b47f4dafbe,Spoiled,"MAKING WORSE A THING   BY REDUCING ITS QUALITY,DAMAGED,WASTED BY SOME MEANS..."
b47f4dafbe,Mother,"A FEMALE PARENT,CARE TAKER,GIVE BIRTH TO A CHILD,RESPONSIBLE IN DOING HOUSEHOLDS"
2e5cca2f77,Boring,"uninteresting, a monday job, dull, reptitious"
2e5cca2f77,English,"language, characteristic of England, people of england"
2e5cca2f77,Tight,"fitted closely, fixed firmly, cannot be moved,"
2e5cca2f77,Spoiled,"damaged,unusable condition"
2e5cca2f77,Mother,"one who gives birth, cares, a female parent"
5cf41e6737,Boring,no entertainment
5cf41e6737,English,language
5cf41e6737,Tight,fitting
5cf41e6737,Spoiled,bacteria
5cf41e6737,Mother,who gives birth
b71a0177ea,Boring,"uninteresting, bromidic, colorless,characterless, dull,lifeless, monotonous, nothing, nowhere, stupid, tiresome"
b71a0177ea,English,"language, literature, alphabets, sentences, words"
b71a0177ea,Tight,"close, snug, bound, clasped,close-fitting, compact, solid, stable, steady, stiff, strained, stretched, strong, sturdy"
b71a0177ea,Spoiled,"ruin, hurt,damage, demolish, destroy, mess, smash, tarnish, trash, waste, wreck, breakdown, bad, corrupted, injured, rotten, sour"
b71a0177ea,Mother,"female person,ancestor, child-bearer, creator, forebearer, mom, mommy, origin, parent, caretaker, governess, nanny, supporter, elder"
4722c98540,Boring,"Class, Lover, Serial, Song & Life."
4722c98540,English,"Accent, Diphthong, Vowels, USA & Language."
4722c98540,Tight,"Dress, Bold, Shoes, Jean & Bottle cap"
4722c98540,Spoiled,"Mood, Food, Decay & Party"
4722c98540,Mother,"Womb, Care, Love, God & Delicious Food."
fd1a1cbbc3,Boring,"dull, dim, windy, wearisome, wordy, dense, muted, boring, verbose, dumb, leaden, tedious, slow, sluggish, obtuse, deadening, tiresome, muffled, ho-hum, long-winded, irksome, thudding, softened"
fd1a1cbbc3,English,an Indo-European language belonging to the West Germanic branch; the official language of Britain and the United States and most of the commonwealth countries
fd1a1cbbc3,Tight,"fuddled, squiffy, crocked, plastered, mean, mingy, smashed, wet, stiff, miserly, compressed, cockeyed, taut, nasty, soaked, close, besotted, slopped, loaded, pie-eyed, stringent, blotto, rigorous, pissed, blind drunk, sloshed, sozzled, soused, pixilated"
fd1a1cbbc3,Spoiled,"spoiled, bad, spoilt, blighted"
fd1a1cbbc3,Mother,"mother, female parent"
7c3ee16479,Boring,not interested
7c3ee16479,English,"a language that is spoken in UK , US etc"
7c3ee16479,Tight,firmly or closely
7c3ee16479,Spoiled,to destroy or reduce the pleasure
7c3ee16479,Mother,a female parent
ab6d427bc7,Boring,Boring: Not interesting; tedious
ab6d427bc7,English,"English: The West Germanic language of England, now widely used in many varieties throughout the world."
ab6d427bc7,Tight,"Tight: Fixed, fastened, or closed firmly; hard to move, undo, or open"
ab6d427bc7,Spoiled,"Spoiled: Diminish or destroy the value or quality of: ""I wouldn't want to spoil your fun""."
ab6d427bc7,Mother,Mother: A woman in relation to a child or children to whom she has given birth.
ebc4f95447,Boring,not interest
ebc4f95447,English,language
ebc4f95447,Tight,free less
ebc4f95447,Spoiled,vast
ebc4f95447,Mother,mam
5146be6c32,Boring,Boring is an emotional state experienced when an individual is without any activity or is not interested in their surroundings.
5146be6c32,English,English is a language which is use all over the world.
5146be6c32,Tight,"firmly or closely fixed in place, not easily moved, secure a tight knot."
5146be6c32,Spoiled,"To damage severely or harm especially with reference to its excellence, value, usefulness and The water stain spoiled the painting. Drought spoiled the corn crop."
5146be6c32,Mother,"A mother is a woman who has raised a child, given birth to a child and supplied the ovum that grew into a child"
8298f6c5c0,Boring,when something just isn't appealing
8298f6c5c0,English,A language that is universally spoken in the USA
8298f6c5c0,Tight,When something fits to close to the skin
8298f6c5c0,Spoiled,A brat or someone who over receives gratuity without earning it
8298f6c5c0,Mother,a woman who has given birth to a child and is a nurturer
95e2618c28,Boring,Uninteresting and tiresome; dull
95e2618c28,English,"Of, relating to, or characteristic of England or its people or culture, The West Germanic language of England, the United States, and other countries that are or have been under English influence or control."
95e2618c28,Tight,"Fixed or fastened firmly in place,Stretched or drawn out fully"
95e2618c28,Spoiled,"To impair the value or quality of,To damage irreparably; ruin"
95e2618c28,Mother,"A female person who is pregnant with or gives birth to a child, A female person whose egg unites with a sperm, resulting in the conception of a child"
8298f6c5c0,Weird,something deemed unusual
8298f6c5c0,Divide,to equally calculate  in half
8298f6c5c0,Grow,to thrive
8298f6c5c0,Jogger,a slow paced runner
8298f6c5c0,Quack,a fraud or a sound that a duck makes
cc0fd23c05,Weird,"preternatural, spiritual, uncanny, unearthly, weird, eldritch"
cc0fd23c05,Divide,"river basin, drainage area, landmark, catchment area, watershed, drainage basin, catchment basin, divide, turning point, basin, water parting"
cc0fd23c05,Grow,"bend, get, mature, wrick, rise, work, plow, change state, move around, twist, release, develop, uprise, rick, maturate, acquire, flex, arise, spring up, farm,"
cc0fd23c05,Jogger,"joewood , joffre , joffrey,   jogging , joggle , jog"
cc0fd23c05,Quack,"quackery  ,quack grass,  quadrangular prism"
2e373f4235,Weird,Strange which is not availabe on earth
2e373f4235,Divide,"to do expand, distribute one thing equally in some parts"
2e373f4235,Grow,"increase , feeding of baby"
2e373f4235,Jogger,"to move, can run"
2e373f4235,Quack,"Duck's cry, hard voice of duck"
b71a0177ea,Weird,"awe-inspiring, awful, creepy, curious, dreadful, magical, mysterious, supernatural, freaky, funky, strange, spooky, abnormal, ridiculous"
b71a0177ea,Divide,"Separate, disconnect, cut, cross, section, split, disjoin, dislocate, break down, disunite, isolate, part, detach, partition, pull away, quater, subdivide"
b71a0177ea,Grow,"Become larger, evolve, age, arise, mature, multiply, get bigger, get taller, rise, shoot, spread, increas, heighten, expand, flourish, extend, enlarge"
b71a0177ea,Jogger,"carrier, contestant, cross-country runner, distance runner, entrant, hurdler,  marathoner, racer, trackman, racer"
b71a0177ea,Quack,"Dishonest, fake, false,simulated, unprincipled, pretended"
ab266a6b3c,Weird,"old , torn off, uncanny"
ab266a6b3c,Divide,"used in mathematics, to separate,"
ab266a6b3c,Grow,"to prosper, baby grows, plants grow, to nourish"
ab266a6b3c,Jogger,"boots used for jogging,a sport, running"
ab266a6b3c,Quack,"a sound. duck quacks, a giggle"
33cd6db15a,Weird,"Different,Funny,Out of the context,Imbalanced,Eccentric,Unruly,non conformist,Vague and fearful."
33cd6db15a,Divide,"Half,Parts,Share,Make in to many parts,Share among others,Make pieces for each one."
33cd6db15a,Grow,"Germinate,Come up, Expand,Multiply,Increase,Come to bear fruit,Mature,Add on,Shoot up,Coming to full."
33cd6db15a,Jogger,"Runner,One who run to reduce fat.Run to get into shape.One who normally runs in the morning or evening for exercise,Health conscious person."
33cd6db15a,Quack,"Bogus,Fake,A fake person who practice as medical doctor,spurious,Not qualified,Illegal,Ducks cry,Silly noise."
7c3ee16479,Weird,very strange and unusual
7c3ee16479,Divide,to separate into parts
7c3ee16479,Grow,to increase in size of amount
7c3ee16479,Jogger,someone who is running at a slow speed regularly as a form of exercise
7c3ee16479,Quack,to make unusual sound of duck
e97ff5f954,Weird,Totally strange.
e97ff5f954,Divide,sharing
e97ff5f954,Grow,raising; bringing up; making bigger
e97ff5f954,Jogger,Runner; One who like to run as an exercise regularly.
e97ff5f954,Quack,Could be a doctor without formal certifications and credentials; The sound naturally made by a duck.
6764bded40,Weird,"abnormal, different, strange"
6764bded40,Divide,"split, part, cut,"
6764bded40,Grow,"life, food, plants, water, population"
6764bded40,Jogger,"fitness, strength, exercise,"
6764bded40,Quack,"sound a duck makes, mad, a quack for a doctor (slang)"
96824489d6,Weird,"strange,unusual,odd,"
96824489d6,Divide,"division,share,cut,equal part"
96824489d6,Grow,"increase,development,older,changing"
96824489d6,Jogger,"jogging,one who jogging,morning,healthy,exercise,"
96824489d6,Quack,"duck making sound,cry,sound"
6c04a7f4c1,Weird,diving something
6c04a7f4c1,Divide,separating something
6c04a7f4c1,Grow,increase
6c04a7f4c1,Jogger,which is used to indicate the funny things
6c04a7f4c1,Quack,for mind related things
b0af56c46c,Weird,frightening
b0af56c46c,Divide,share
b0af56c46c,Grow,"upgrading, progress"
b0af56c46c,Jogger,runner
b0af56c46c,Quack,sound made by duck
5146be6c32,Weird,"relating to, or suggestive of the preternatural or supernatural."
5146be6c32,Divide,"To separate into parts, sections, groups, or branches"
5146be6c32,Grow,To increase in size by a natural process.
5146be6c32,Jogger,"To move by shoving, bumping, or jerking"
5146be6c32,Quack,The characteristic sound uttered by a duck.
ebc4f95447,Weird,weir
ebc4f95447,Divide,cut part
ebc4f95447,Grow,up
ebc4f95447,Jogger,slow runner
ebc4f95447,Quack,attack
1cb3d3fb80,Weird,"Fate personified, any one of the three Weird Sisters , abnormal"
1cb3d3fb80,Divide,"partition,mathemetical division,barrier,apart, bisect."
1cb3d3fb80,Grow,"improve, larger , greater, develop, increase, become mature."
1cb3d3fb80,Jogger,"Running Slow, brand of a shoe, Lazy."
1cb3d3fb80,Quack,"sound of duck, an untrained persion."
c0ab885973,Weird,Unusual
c0ab885973,Divide,To serve two or more pieces
c0ab885973,Grow,Increase a size
c0ab885973,Jogger,A sharp change in direction
c0ab885973,Quack,medically unqualified
5228dbabd5,Weird,"Not normal, creepy, odd, eccentric, description of character, societal outcast"
5228dbabd5,Divide,"To split, a war strategy, halve, break, dissociate from another"
5228dbabd5,Grow,"To gain a quality, get bigger, advance, develop, to thrive, to turn into something different"
5228dbabd5,Jogger,"exerciser, contestant, racer, someone in a hurry, used to get from one place to another at a medium pace"
5228dbabd5,Quack,"Incredulous, fake, pretending, false, dishonest, a con, a sham"
fd1a1cbbc3,Weird,"preternatural, spiritual, uncanny, unearthly, weird, eldritch"
fd1a1cbbc3,Divide,"water parting, watershed"
fd1a1cbbc3,Grow,"bend, get, mature, wrick, rise, work, plow, change state, move around, twist, release, develop, uprise, rick, maturate, acquire, flex, arise, spring up, farm, wrench, become, grow, originate, sour, sprain, call on, raise, change by reversal, produce, turn over, reverse, ferment, deform, turn, plough"
fd1a1cbbc3,Jogger,someone who runs a steady slow pace (usually for exercise)
fd1a1cbbc3,Quack,qualified
0952df59a8,Weird,"Weird:means supernatural,queerand incomprehensible."
0952df59a8,Divide,"Divide:is splitting or separating things,classify into parts or groups."
0952df59a8,Grow,"Grow:means increase in  size,height,quantity etc."
0952df59a8,Jogger,"Jogger:is a person who jogs,exercise,to maintain healthy body."
0952df59a8,Quack,"Quack:is the sound of ducks,unqualified practitioner."
a99eff3ef7,Weird,Weird means relating to the supernatural or strange or unconventional
a99eff3ef7,Divide,to separate into parts
a99eff3ef7,Grow,To grow is to become or cause something to become larger in size or to undergo the natural process of developing
a99eff3ef7,Jogger,to give a little shake
a99eff3ef7,Quack,to utter the characteristic sound or cry of a duck
d6fbaf0859,Weird,not ordinary
d6fbaf0859,Divide,to distribute among
d6fbaf0859,Grow,to sprout  or to develop
d6fbaf0859,Jogger,a person who jogs or known to be fond of jogging
d6fbaf0859,Quack,"pretender, not licensed"
6fb5041b7f,Weird,fantastic
6fb5041b7f,Divide,separation
6fb5041b7f,Grow,to increase
6fb5041b7f,Jogger,push or start
6fb5041b7f,Quack,sound produced by ducks
eaecffb8af,Weird,"strange,bizarre"
eaecffb8af,Divide,"separate,calculation,split"
eaecffb8af,Grow,"improve,higher,top level"
eaecffb8af,Jogger,"comedy,dummy,bonus"
eaecffb8af,Quack,"duck's sound,huge sound"
6e487b9cb7,Weird,the supernatural.
6e487b9cb7,Divide,Separated.
6e487b9cb7,Grow,an increase in some quantity.
6e487b9cb7,Jogger,jerking.
6e487b9cb7,Quack,sound uttered by a duck.
a4da035c8e,Weird,"something different, unusual,"
a4da035c8e,Divide,"a mathematical sign, separate, disagree."
a4da035c8e,Grow,"getting big, come into existence, become large."
a4da035c8e,Jogger,"some one who jogs, runs steadily,"
a4da035c8e,Quack,"sound made by duck, a dishonest person claiming to be professional"
99822f0efe,Weird,"Strange, aberration,  unique, different"
99822f0efe,Divide,"Split up, section, partition, fraction"
99822f0efe,Grow,"Plant, feed, gain, get bigger, enlarge"
99822f0efe,Jogger,"Runner, athlete"
99822f0efe,Quack,"Duck, noise, goose"
b51378192c,Weird,"Weird: is Weird stuff,Weird facts,Weird animals involving , suggesting the supernatural, unearthly , uncanny,"
b51378192c,Divide,"Divide:is Digital divide,to separate into parts, groups, sections,to separate ,part from something else; sunder, cut off."
b51378192c,Grow,"Grow: is to increase by natural development, as any living organism , Grow game
Grow questions,Grow magazine,Grow island"
b51378192c,Jogger,"Jogger: Baby jogger,Paper jogger,Aqua jogger,to stir or jolt into activity ,alertness, as by a hint or reminder"
b51378192c,Quack,"Quack: is the harsh, throaty cry of a duck , any similar sound"
af2803583c,Weird,Of or pertaining to witchcraft
af2803583c,Divide,"To separate into parts, sections, groups, or branches"
af2803583c,Grow,To increase in size by a natural and organic process
af2803583c,Jogger,"To move by shoving, bumping, or jerking"
af2803583c,Quack,The characteristic sound uttered by a duck.
bba2068b29,Weird,strikingly odd or unusual
bba2068b29,Divide,perform a division
bba2068b29,Grow,"become larger, greater, or bigger; expand or gain"
bba2068b29,Jogger,someone who runs a steady slow pace (usually for exercise)
bba2068b29,Quack,he harsh sound of a duck
eb09612a37,Weird,were
eb09612a37,Divide,sliced
eb09612a37,Grow,up
eb09612a37,Jogger,slow runner
eb09612a37,Quack,fast
5cf41e6737,Weird,wire
5cf41e6737,Divide,apart
5cf41e6737,Grow,groth
5cf41e6737,Jogger,who  juggs
5cf41e6737,Quack,duck's voice
6b2ac0ef88,Weird,strange
6b2ac0ef88,Divide,to separate
6b2ac0ef88,Grow,growth
6b2ac0ef88,Jogger,one who jogs for health
6b2ac0ef88,Quack,sound made by ducks
699462afa3,Weird,"unusual, strange, unexpected"
699462afa3,Divide,"to split, to break into parts (verb)
canyon, crevasse (noun)"
699462afa3,Grow,"to get bigger, to become larger, to become deeper in spirit while remaining the same size, to obtain more work or life skills"
699462afa3,Jogger,"someone who runs for pleasure or health, generally recreational"
699462afa3,Quack,"sound made by a duck, also refers to a medical practitioner who isn't quite up to par"
2622f61522,Weird,"wyrd, eldritch, uncanny, unearthly"
2622f61522,Divide,"water parting, watershed, fraction, disunite, part, separate, carve up, dissever, split, split up"
2622f61522,Grow,"acquire, develop, get, produce, turn, maturate, mature, farm, raise, arise, originate, rise, spring up, uprise"
2622f61522,Jogger,"Jogging, Joggers park, Running"
2622f61522,Quack,"Cheat, cheating"
bee7f2ab27,Weird,"STRANGE,  MAGICAL, UNUSUAL, ABNORMAL"
bee7f2ab27,Divide,"SPLIT,  SEPARATE,  SHARE,  SORT"
bee7f2ab27,Grow,"BECOME LARGER, MAGNIFY,   DEVELOP"
bee7f2ab27,Jogger,"ONE WHO MOVES SLOWLY,"
bee7f2ab27,Quack,"MEDICAL IMPOSTER, DUCK CRYING,"
743aa7615c,Weird,strange;bizarre
743aa7615c,Divide,seperate into parts;disintegrate;mathematical function
743aa7615c,Grow,develop and get bigger;increase in size or amount
743aa7615c,Jogger,person who jogs;person who runs at a steady pace
743aa7615c,Quack,sound made by duck;a person who falsely claims to have medical knowledge
075bbbca89,Weird,"1	suggesting something supernatural; uncanny. informal very strange; bizarre. 
2	archaic connected with fate."
075bbbca89,Divide,"1	separate or be separated into parts. (usually divide something between) separate into portions and share out. form a boundary between. 
2	disagree or cause to disagree. 
3	Mathematics find how many times (a number) contains another: 36 divided by 2 equals 18. (of a number) be susceptible of division without a remainder."
075bbbca89,Grow,"1	(of a living thing) undergo natural development by increasing in size and changing physically. (grow up) progress to maturity or adulthood. (grow out of or into) become too large (or large enough) to wear. 
2	come into existence and develop. (with reference to a plant) germinate or cause to germinate and develop. 
3	become larger or greater over time; increase. develop or expand (an enterprise or business). become increasingly: we grew braver."
075bbbca89,Jogger,"1	a person who jogs. 
2	(joggers) tracksuit trousers worn for jogging."
075bbbca89,Quack,"noun the characteristic harsh sound made by a duck. 
	verb make this sound."
eece1523fc,Weird,"uncanny,unearthly"
eece1523fc,Divide,"separate,disagreement,dissonance,dissension"
eece1523fc,Grow,"develop,fill out,decrease,change,make,acquire"
eece1523fc,Jogger,"runner,second"
eece1523fc,Quack,"physician,charlatan,mountebank,sound,doctor,medical practitioner,fake,humbug"
5f6fadae3f,Weird,"unusual character, strange, new age"
5f6fadae3f,Divide,"separate, section, group, graduate, cutoff"
5f6fadae3f,Grow,"increase, expand, gain, raise, develop"
5f6fadae3f,Jogger,"to run, ride, bumping, jerking, push"
5f6fadae3f,Quack,"sound of duck, sound, noise"
5385e41645,Weird,"its strange,bizarre,weird is an exception to unusual rule of before and expected after."
5385e41645,Divide,"separate into parts,cause to disagree,find how many times one number contain another,a wide difference between the two group"
5385e41645,Grow,"develop and get bigger,cultivate a crop,increase in size or amount,become gradually or increasing"
5385e41645,Jogger,"To move by shoving, bumping, or jerking; jar,a rough wagon ride that jogged the passengers. To give a push or shake to, nudge"
5385e41645,Quack,"the harsh sound made by a duck, a person who claims to have medical knowledge"
6be52007c6,Weird,involving or suggesting the supernatural; unearthly or uncanny: a weird sound; weird lights.
6be52007c6,Divide,"1. Separated into parts or pieces.
2. Being in a state of disagreement or disunity: a divided nation.
3. Moved by conflicting interests, emotions, or activities"
6be52007c6,Grow,To increase in size by a natural process. To expand; gain:
6be52007c6,Jogger,"To move by shoving, bumping, or jerking; jar:"
6be52007c6,Quack,"An untrained person who pretends to be a physician and dispenses medical advice and treatment,The characteristic sound uttered by a duck,
A charlatan; a mountebank."
153fbbab45,Weird,Her boyfriend's a bit weird but she's all right.
153fbbab45,Divide,"After World War Two, Germany was divided  into  two separate countries."
153fbbab45,Grow,The labour force is expected to grow by 2% next year.
153fbbab45,Jogger,someone who is running at a slow regular speed as a form of exercise
153fbbab45,Quack,The ducks started quacking loudly when we threw them some bread.
ab6d427bc7,Weird,Weird: Induce a sense of disbelief or alienation in someone.
ab6d427bc7,Divide,"Divide: Separate or be separated into parts: ""consumer magazines can be divided into a number of different categories"""
ab6d427bc7,Grow,Grow: Undergo natural development by increasing in size and changing physically; progress to maturity.
ab6d427bc7,Jogger,Jogger: someone who runs a steady slow pace
ab6d427bc7,Quack,"Quack: A person who dishonestly claims to have special knowledge in some field, typically in medicine."
639e85f063,Weird,"odd, quirky, unusual."
639e85f063,Divide,"split, separate"
639e85f063,Grow,"expand, flourish"
639e85f063,Jogger,"pacer, runner"
639e85f063,Quack,"charlatan, fake, swindler,"
95e2618c28,Weird,"Of, relating to, or suggestive of the preternatural or supernatural, Of a strikingly odd or unusual character; strange"
95e2618c28,Divide,"To separate into parts, sections, groups, or branches,To sector into units of measurement; graduate"
95e2618c28,Grow,"To increase in size by a natural process, To expand; gain"
95e2618c28,Jogger,"To move by shoving, bumping, or jerking,To give a push or shake to; nudge"
95e2618c28,Quack,"The characteristic sound uttered by a duck,To utter the characteristic sound of a duck."
8298f6c5c0,Alcohol,ethanol
8298f6c5c0,Twelve,a number after 11
8298f6c5c0,Subject,what you will be talking about
8298f6c5c0,Knight,a person that wears armor
1b4b466956,Alcohol,hard drink
1b4b466956,Twelve,number
1b4b466956,Subject,study
1b4b466956,Knight,king
cc0fd23c05,Alcohol,"alcoholic beverage, alcohol, intoxicant, alcoholic drink, inebriant"
cc0fd23c05,Twelve,"twelve, dozen , twelvemonth  twelve noon  twelve-tone"
cc0fd23c05,Subject,"national, paper, content, topic, radical, composition, subject, issue, motif, discipline, base, case, subject area, musical theme, matter, theme, root word, depicted object, study, stem, guinea pig, report, melodic theme, idea, subject field, root, field"
cc0fd23c05,Knight,"cavalry, knight, buck, sawbuck, gymnastic horse, sawhorse, horse, horse cavalry"
eb09612a37,Alcohol,MIXED IN DRINKS
eb09612a37,Twelve,NUMERIC NUMBER
eb09612a37,Subject,TAMIL
eb09612a37,Knight,TIME
9fbbce61dd,Alcohol,"liquid,  drug,  medicine, used  to  intoxicate,"
9fbbce61dd,Twelve,"number, dozen,  count,  1 unit,"
9fbbce61dd,Subject,"lessons,  schedule of  time  can  be  change,  branch  of  types  of  lesson, matter"
9fbbce61dd,Knight,"chess , warrior,  soldier , army man, military personnel"
99822f0efe,Alcohol,"Drink, drunk, accidents, age 21"
99822f0efe,Twelve,"After 11 before 13, midnight, 24:00, preteen, lunch, noon"
99822f0efe,Subject,"Title, study, person"
99822f0efe,Knight,"Armour, horse, soldier, sword"
b51378192c,Alcohol,"Alcohol:an alcohol is an organic compound in which the hydroxy functional group (-OH) is bound to a carbon atom. In particular, this carbon center should be saturated, having single bonds to three other atoms."
b51378192c,Twelve,"Twelve:The Twelve (disambiguation)
Quorum of the Twelve, a priesthood body established by Joseph Smith, Jr. as part of the Latter Day Saint movement
December, the 12th month of a year"
b51378192c,Subject,"Subject:A subject is an individual subjected to the rule by an elite, see feudalism
subjects in medieval feudalism, see Commoners
subjects in modern constitutional monarchies, such as the United Kingdom, see British subject"
b51378192c,Knight,"Knight:A knight was a member of a class of lower nobility in the High Middle Ages. By the Late Middle Ages, the rank had become associated with the ideals of chivalry, a code of conduct for the perfect courtly Christian warrior. Since the Early Modern period, the title of ""knight"" is purely honorific, usually bestowed by a monarch, as in the British honours system."
af2803583c,Alcohol,Pure spirit of wine
af2803583c,Twelve,its the number comes after eleven(11).
af2803583c,Subject,"Being dependent or conditional upon something, as in subject to shareholder approval."
af2803583c,Knight,servant to military follower of a king or other superior
1c7639828f,Alcohol,"a drink, colorless liquid, obtained by fermentation of sugars and starches"
1c7639828f,Twelve,"ten plus two, after eleven, a number, symbol is 12"
1c7639828f,Subject,"a branch, being in a  position, a basic matter of thought"
1c7639828f,Knight,"a mounted soldier serving under a feudal superior in the Middle Ages, a position"
153fbbab45,Alcohol,I could smell the alcohol on his breath.
153fbbab45,Twelve,a twelve-seater minibus
153fbbab45,Subject,Our subject for discussion is homelessness.
153fbbab45,Knight,knights in black armour
ab6d427bc7,Alcohol,"Alcohol: A colorless volatile flammable liquid, C2H5OH, that is the intoxicating constituent of wine, beer, spirits, and other drinks"
ab6d427bc7,Twelve,Twelve: Equivalent to the product of three and four; two more than ten; 12.
ab6d427bc7,Subject,"Subject: A person or thing that is being discussed, described, or dealt with."
ab6d427bc7,Knight,Knight: A man who served his sovereign or lord as a mounted soldier in armor.
6e487b9cb7,Alcohol,beverage is a drink containing ethanol.
6e487b9cb7,Twelve,Is a number .
6e487b9cb7,Subject,Placed or situated under.
6e487b9cb7,Knight,military follower of a king .
2b15616b23,Alcohol,a kind of drug
2b15616b23,Twelve,a number
2b15616b23,Subject,topic
2b15616b23,Knight,a soldier
d6fbaf0859,Alcohol,can be isopropyl for disenfectant
d6fbaf0859,Twelve,"a dozen, ten plus 2"
d6fbaf0859,Subject,"interest, focus of attention"
d6fbaf0859,Knight,member of the royal service
e97ff5f954,Alcohol,A liquid that stabilizes an acid./ An addicting substance.
e97ff5f954,Twelve,A number./A dozen
e97ff5f954,Subject,Theme/Topic/Person
e97ff5f954,Knight,A medieval English warrior.
075bbbca89,Alcohol,"1	a colorless volatile flammable liquid which is the intoxicating constituent of wine, beer, spirits, etc. Also called ethanol, ethyl alcohol. [C2H5OH.] 
2	drink containing alcohol. 
3	Chemistry any organic compound containing a hydroxide group -OH: propyl alcohol."
075bbbca89,Twelve,"1	equivalent to the product of three and four; two more than ten; 12. (Roman numeral: xii or XII.) 
2	(the Twelve) the twelve Apostles. 
3	(12) British (of a film) classified as suitable for people of 12 years and over."
075bbbca89,Subject,"1	a person or thing that is being discussed or dealt with or that gives rise to something. Logic the part of a proposition about which a statement is made. a person who is the focus of scientific or medical attention or experiment. 
2	a branch of knowledge studied or taught in a school, college, or university. 
3	Grammar a noun or noun phrase about which the rest of the clause is predicated."
075bbbca89,Knight,1	(in the Middle Ages) a man raised to honorable military rank after service as a page and squire. (also knight of the shire) historical a gentleman representing a shire or county in Parliament. literary a man devoted to a cause or the service of a woman.
86dc19ebbd,Alcohol,"chemical, drug"
86dc19ebbd,Twelve,"2 digit number, december"
86dc19ebbd,Subject,"topic, theme, focus"
86dc19ebbd,Knight,a young man admitted tothe privelege of bearing arms
96824489d6,Alcohol,"liquor,bad for health,drunkard,beer, giddiness, unconscious,"
96824489d6,Twelve,"number,month,one ten two ones,two multiply by six"
96824489d6,Subject,"maths, English,science,major,study,particular topic,language,grammar"
96824489d6,Knight,"chess,game,brave"
95e2618c28,Alcohol,"A colorless volatile flammable liquid, C2H5OH, synthesized or obtained by fermentation of sugars and starches and widely used, either pure or denatured, as a solvent and in drugs, cleaning solutions"
95e2618c28,Twelve,The cardinal number equal to the sum of 11 + 1
95e2618c28,Subject,Being in a position or in circumstances that place one under the power or authority of another or others
95e2618c28,Knight,A medieval tenant giving military service as a mounted man-at-arms to a feudal landholder.
186db71701,Alcohol,"alcohol is a liquor that contains ethanol and has a potential to intoxicate drinkers and it can be burned as fuel.spirits,methanol,wood alcohol,whiskey,grain alcohol"
186db71701,Twelve,"totaling two more than ten,the cardinal number between eleven and twelve.any group of twelve person or things know as dozen,twelve fold,uncial,duodecimal"
186db71701,Subject,"subject describes someone or something that is under the authority of another or others,like us history,under rule,dependent,a title,caption,legend,controlled,directed"
186db71701,Knight,"in the middle ages,gentleman,champion ,bachelor,paladin,Templar,cavalier"
ab266a6b3c,Alcohol,"is liquid, a drink, intoxication related drug, used in bear"
ab266a6b3c,Twelve,"a digit, used in counting, a dozen,"
ab266a6b3c,Subject,"topic, related to some specific topic, a heading"
ab266a6b3c,Knight,"king, ruler, old monarchs"
6b2ac0ef88,Alcohol,liquor
6b2ac0ef88,Twelve,ten and two
6b2ac0ef88,Subject,theme
6b2ac0ef88,Knight,servant
ebc4f95447,Alcohol,drug
ebc4f95447,Twelve,number
ebc4f95447,Subject,toppic
ebc4f95447,Knight,knightly
dc1e49be30,Alcohol,"a colourless volatile flammable liquid which is the intoxicating constituent of wine, beer, spirits , and other drinks, and is also used as an industrial solvent and as fuel:it is an offence to drive if you have more than 80 mg of alcohol per 100 ml of bloodthe use of petrol containing alcohol"
dc1e49be30,Twelve,equivalent to the product of three and four; two more than ten; 12…
dc1e49be30,Subject,"a person or thing that is being discussed, described, or dealt with:I’ve said all there is to be said on the subjecthe’s the subject of a major new biography
a person or circumstance giving rise to a specified feeling, response, or action:the incident was the subject of international condemnation"
dc1e49be30,Knight,a man who served his sovereign or lord as a mounted soldier in armour.
2622f61522,Alcohol,"alcoholic beverage, alcoholic drink, inebriant, intoxicant"
2622f61522,Twelve,"12, dozen, xii"
2622f61522,Subject,"content, depicted object, issue, matter, topic, bailiwick, discipline, field, field of study, study, subject area, subject field, theme, national, case, guinea pig, submit, subjugate, dependent, capable, open"
2622f61522,Knight,"horse, dub"
33cd6db15a,Alcohol,"Drink,Brew,Moonshine,Devils pee,Intoxicant,Malt whiskey,Liquor,Toddy,Any brewed and distilled drink."
33cd6db15a,Twelve,"Dozen,Depict the old Israel tribes,Six multiplied by two,Two groups of six each,A full set of plates or glass,A number measure."
33cd6db15a,Subject,"Content,Topic,Main matter,Idea involved,People under a monarchs rule,Under the control,Be under the rule,Acknowledge power."
33cd6db15a,Knight,"Mythical valiant soldiers, King Arthur's Valiant Men,Honor bestowed by the British Monarch for meritorious services."
bba2068b29,Alcohol,aliquor or brew containing alcohol as the active agent
bba2068b29,Twelve,the cardinal number that is the sum of eleven and one
bba2068b29,Subject,a branch of knowledge
bba2068b29,Knight,originally a person of noble birth trained to arms and chivalry; today in Great Britain a person honored by the sovereign for personal merit
c05417ff31,Alcohol,"is a chemical, a medicine, a drink, is potable"
c05417ff31,Twelve,"is a number, is one more than eleven, is one less than thirteen, a dozen, six times two"
c05417ff31,Subject,"a thing being talked about, a topic that is discussed, a branch of knowledge"
c05417ff31,Knight,"a soldier on horse, one has been granted a knighthood"
c0ab885973,Alcohol,A Colorless flammable liquid
c0ab885973,Twelve,It is a number
c0ab885973,Subject,It is a matter of conversation
c0ab885973,Knight,Servant
7b5feaf707,Alcohol,A colorless flammable liquid
7b5feaf707,Twelve,A number
7b5feaf707,Subject,A course of a study
7b5feaf707,Knight,Fighting men
da957b79fd,Alcohol,"flammable liquid found in many forms.  can be used as fuel, disinfectant, or in beverages.  when consumed it causes intoxication"
da957b79fd,Twelve,the number between 11 and 13.  also known as a dozen.
da957b79fd,Subject,"the topic of a discussion, or the specialized category of a class or book"
da957b79fd,Knight,"the title of a soldier during medieval times.  characterized with metallic suits of armor, large swords, and often riding horses."
7c3ee16479,Alcohol,"a colourless liquid which makes you drunk, which is also used as a solvent"
7c3ee16479,Twelve,the number 12
7c3ee16479,Subject,the thing which is being discussed
7c3ee16479,Knight,a man given a rank of honour by british king for some special achievements
3c84e2112e,Alcohol,"a chemichal, hydrocarbon, have oh group, a beverage, bad , drunkyards use alcohl in acess......"
3c84e2112e,Twelve,"one dozen, one plus eleven, -a twelve man team,one dozen have twelve,unit of nu mber"
3c84e2112e,Subject,"a topic,and issue,matter of discussion,relation with field,"
3c84e2112e,Knight,"a warrior knightrider,brave man, storng person, have guts, war fighter"
eaecffb8af,Alcohol,"drinks,bottle"
eaecffb8af,Twelve,"number,after eleven,before thirteen"
eaecffb8af,Subject,"concept,meaning,content"
eaecffb8af,Knight,"fight,duty"
6c04a7f4c1,Alcohol,it is the drug
6c04a7f4c1,Twelve,it is the numerical number 12
6c04a7f4c1,Subject,in detail about anything
6c04a7f4c1,Knight,tenant giving military service
ed12f022a1,Alcohol,A chemical substance. Can be used for fuel. Drinking alcohol is used socially or medicinally by some people to enter an altered state of mind. A depressant
ed12f022a1,Twelve,a number. comes after the number 11 and before the number 13. more than unit amounts under it and less than those above it
ed12f022a1,Subject,the topic of something under scrutiny or discussion.
ed12f022a1,Knight,a warrior who fights for a king. usually medieval times come to mind with heavy metal armor large heavy swords and may ride horses
84ffcb1eb4,Alcohol,"causes impairment to senses when consumed in large amount,causes liver damage,illegal to underage,legal to people 21 and older,clear,can be drank alone or mixed with soda,juice or liqueur"
84ffcb1eb4,Twelve,"number,date,day,amount,used in mathematics,age"
84ffcb1eb4,Subject,"person,topic of conversation,classroom assignment,study,vocabulary"
84ffcb1eb4,Knight,"mid evil,fights in battle,last name,game piece used in chess"
fd1a1cbbc3,Alcohol,"alcoholic beverage, alcohol, intoxicant, alcoholic drink, inebriant"
fd1a1cbbc3,Twelve,"twelve, 12, XII, dozen 
the cardinal number that is the sum of eleven and one"
fd1a1cbbc3,Subject,"national, paper, content, topic, radical, composition, subject, issue, motif, discipline, base, case, subject area, musical theme, matter, theme, root word, depicted object, study, stem, guinea pig, report, melodic theme, idea, subject field, root, field, field of study, bailiwick"
fd1a1cbbc3,Knight,"originally a person of noble birth trained to arms and chivalry; today in Great Britain a person honored by the sovereign for personal merit 
 horse"
5cf41e6737,Alcohol,wine
5cf41e6737,Twelve,12
5cf41e6737,Subject,math
5cf41e6737,Knight,night
b0af56c46c,Alcohol,drink
b0af56c46c,Twelve,"number, a dozen"
b0af56c46c,Subject,objective
b0af56c46c,Knight,servant
bee7f2ab27,Alcohol,"liquor, intoxicating beverage"
bee7f2ab27,Twelve,"one dozen, months in a year"
bee7f2ab27,Subject,"topic,  matter, issue,  theme"
bee7f2ab27,Knight,"soldier,  warrior,  fighter, horseman"
5f6fadae3f,Alcohol,"flammable liquid, liquor, hydroxyl compounds, chemical"
5f6fadae3f,Twelve,"number, unit, value, dozen, time"
5f6fadae3f,Subject,"exposed, incur, concerning, receive, about something"
5f6fadae3f,Knight,"defender, champion, chess piece, man belonging to an order"
a99eff3ef7,Alcohol,Alcohol is a liquor that contains ethanol and has the potential to intoxicate drinkers and it can be burned as fuel
a99eff3ef7,Twelve,the cardinal number between eleven and thirteen
a99eff3ef7,Subject,Subject describes someone or something that is under the authority of another or others
a99eff3ef7,Knight,a military servant of a king or other feudal superior
d0fa26d606,Alcohol,"a drink, an appetizer, short mix with water can cure commoncold,taken by men mostly, makes the mad, use of this causes internal diseases"
d0fa26d606,Twelve,"a two digit number,the numbers adds up to 3,lucky number for some people"
d0fa26d606,Subject,"a study, used in experiments, often said in the palace of king,a person who is about to be discussed among fellow people"
d0fa26d606,Knight,"riding horse, an honor to people in certain jobs, used in chess game"
cdf81c2126,Alcohol,"whiskey, gin, vodka, or any other intoxicating liquor containing this liquid"
cdf81c2126,Twelve,"a cardinal number, 10 plus 2."
cdf81c2126,Subject,"that which forms a basic matter of thought, discussion, investigation, etc."
cdf81c2126,Knight,a mounted soldier serving under a feudal superior in the Middle Ages.
a99eff3ef7,Cards,a game or games played with a deck of cards
a99eff3ef7,Devil,a very wicked or malevolent person
a99eff3ef7,Hunter,a person who hunts
a99eff3ef7,Marker,a person who keeps score in a game
a99eff3ef7,Neat,unmixed with anything
fbcc6f1973,Cards,"notice, paper etc"
fbcc6f1973,Devil,fearable man
fbcc6f1973,Hunter,shoot
fbcc6f1973,Marker,pointer
fbcc6f1973,Neat,clear
01e72afa7e,Cards,"it is an item to express happiness & sorrow, it can be used to wish people for their b'day, anniversay, marriage, new job, etc"
01e72afa7e,Devil,"devil means evil, a person with haunting looks, who frightens you in the dark, all the bad things in the world is controlled by the devil"
01e72afa7e,Hunter,"person who goes into the forest to capture animals, birds and other living species live or dead"
01e72afa7e,Marker,"used to mark something, to write on plastic items where writing with a pen is not possible"
01e72afa7e,Neat,"clean, tidy, neatly dressed person is accepted everywhere, neatly written answers claim more marks in the examination"
2dbd57eb87,Cards,"Card means - It is in the form of normal paper, plastic paper, etc. in which we can convey a message/information to other.card may be greeting cards, visiting cards, marriage cards, or may playing cards."
2dbd57eb87,Devil,"Devil means danger, bad, ugly, unbelievable, supernatural power."
2dbd57eb87,Hunter,"Hunter means chasing animals, hunting for some information, hunting animals with gun,hunter can find in jungle,forest."
2dbd57eb87,Marker,"Marker means- its a kind of pen.used to highlight something, easily erasable, marker is available in different colors, marker used for writing in wooden/plywood board."
2dbd57eb87,Neat,"Neat means clean, impressing other by neat appearance, neat family healthy family"
430b8bee10,Cards,"card : is made of cardboard,has numbers and alphabets in it,pack of cards ,is used for playing by people."
430b8bee10,Devil,"Devil: is an monster or a demon of god.evil spirit,777 is used as symbol for devil."
430b8bee10,Hunter,"Hunter:  is a person who hunts for  animals or birds,has a net,hunts for the sake of money."
430b8bee10,Marker,"marketer: is a person who is markets all items  for people.sells shares ,acts a middlemen for the people in the stock market."
430b8bee10,Neat,"Neat: is a way by which you the keep the place clean and tidy.sparkled floors,neat handwriting."
86dc19ebbd,Cards,"playing cards, certificates"
86dc19ebbd,Devil,"fiend, evil spirit"
86dc19ebbd,Hunter,"seeker, huntsman"
86dc19ebbd,Marker,"indicator, sign, pointer"
86dc19ebbd,Neat,"tidy, careful ,efficient"
ab266a6b3c,Cards,"52 in total, a game, pack of cards, has numbers and alphabets printed on it"
ab266a6b3c,Devil,"satan, an evil, negative thing, bad"
ab266a6b3c,Hunter,"who hunts, kills some animal, a sport,"
ab266a6b3c,Marker,"to mark something, multi coloured, for writing"
ab266a6b3c,Neat,"clean, pure, without dirt, neat clothes"
ed12f022a1,Cards,small rectangles or squares with information printed on them. can be used for studying(flashcards) or for fun (playing cards)
ed12f022a1,Devil,A demon in many faiths who is evil and usually tries to trick people in to doing harm to others or themselves.
ed12f022a1,Hunter,"a being that stalks and kills other beings for food or pleasure. Many humans hunt for sport and or food, a lion hunts for food."
ed12f022a1,Marker,An object with usually dark ink that you can write with. Thicker in width than a pen. Usually darker than a pen in ink color. Artists use these.
ed12f022a1,Neat,clean and tidy. or to say something is interesting or cool
551afcf08e,Cards,"They are made of paper, used for playing, used as visiting cards, wedding cards, for printing."
551afcf08e,Devil,"is one who distracts us from doing good deeds, not a good one, takes to wrong path"
551afcf08e,Hunter,"hunts, has weapons like gun/bow-arrow, goes to jungle for hunting, kills animals or birds, has hunting like a hobby or just for fun"
551afcf08e,Marker,"is a sketch pen, used to write, used to mark important points in a para"
551afcf08e,Neat,"Clean, tidy, is not unclean"
6c04a7f4c1,Cards,which indicates the identity of some
6c04a7f4c1,Devil,evil
6c04a7f4c1,Hunter,which hunts the animal
6c04a7f4c1,Marker,how seals foods items and many more
6c04a7f4c1,Neat,clear and clean
fd1a1cbbc3,Cards,"card game, cards 
a game played with playing cards"
fd1a1cbbc3,Devil,"monster, daemon, heller, match, hellion, fiend, dickens, deuce, morning star, friction match, demon, daystar, ogre, daimon, the Tempter"
fd1a1cbbc3,Hunter,"hunter, huntsman, hunting watch"
fd1a1cbbc3,Marker,"mark, marking"
fd1a1cbbc3,Neat,"slap-up, full-strength, straight, cracking, neat, clean, nifty, swell, orderly, keen, tasteful, bang-up, smashing, not bad(p), corking, groovy, refined, great, bully, dandy, peachy"
075bbbca89,Cards,noun a person who cheats at cards.
075bbbca89,Devil,"1	(usually the Devil) (in Christian and Jewish belief) the supreme spirit of evil; Satan. an evil spirit; a demon. 
2	a very wicked or cruel person. a mischievously clever or self-willed person. 
3	(the devil) fighting spirit; wildness: he was born with the devil in him. 
4	(the devil) a thing that is very difficult or awkward to do or deal with. 
5	informal a person with specified characteristics: you lucky devil."
075bbbca89,Hunter,"1	a person or animal that hunts. a horse of a breed developed for stamina in fox-hunting. 
2	a watch with a hinged cover protecting the glass."
075bbbca89,Marker,"1	an object used to indicate a position, place, or route. a distinctive feature or characteristic indicative of a particular quality or condition. Genetics an allele used to identify a chromosome or to locate other genes on a genetic map. 
2	a felt-tip pen with a broad tip. 
3	British (in team games) a player who marks an opponent. 
4	a person who marks a test or examination. a person who records the score in a game, especially in snooker or billiards. 
5	North American informal a promissory note; an IOU."
075bbbca89,Neat,"1	in good order; tidy or carefully arranged. 
2	done with or demonstrating skill or efficiency. 
3	(of a drink of spirits) not diluted or mixed with anything else. 
4	North American informal excellent."
73e5c32227,Cards,"are used for poker, have hearts and clubs, have diamonds and spades, come in a deck, are used in magic tricks"
73e5c32227,Devil,"lives in hell, tortures sinners, has a pitchfork, embodies evil, is also called Satan, buys souls, made me do it, is in the details"
73e5c32227,Hunter,"shoots animals, uses a crossbow, uses a rifle, is a shade of green, sits in a duck blind"
73e5c32227,Marker,"writes on paper, is used by artists, has a cap, dries out, can be messy"
73e5c32227,Neat,"is orderly, is organized, is prim"
1c7639828f,Cards,"made of paper, usually rectagular shape, stiff"
1c7639828f,Devil,"bad, sprit at enimity with god, not good"
1c7639828f,Hunter,"kills animals , may be for food or hobby, who searches something"
1c7639828f,Marker,"a thing that marks, used for indication, recorder"
1c7639828f,Neat,"clean, in an order, systamatic"
1375331cfd,Cards,"It Is Nothing But A flat, usually rectangular piece of stiff paper, cardboard, or plastic"
1375331cfd,Devil,It Means A Malevolent person.
1375331cfd,Hunter,It Means One who hunts game.
1375331cfd,Marker,Marker Means One that marks or serves as a mark
1375331cfd,Neat,It Means clean
1398dc46e5,Cards,"rectangle shaped used for playing games, betting"
1398dc46e5,Devil,"fallen angle, evil ghost"
1398dc46e5,Hunter,a person or animal whose gold is to kill another person or animal to benifit themselves
1398dc46e5,Marker,"used to point out areas of importance,"
1398dc46e5,Neat,"tidy, organized, put together, orderly"
5514529186,Cards,"is a user, number plate, id"
5514529186,Devil,"is a afrid, one type of illegal"
5514529186,Hunter,"in aforester, catch the animalman"
5514529186,Marker,"use for identification,"
5514529186,Neat,"cleaning, clear"
3c84e2112e,Cards,"is a piece of stationery, can be greeting, invitational, playing,lottery coupon, memory card, business card."
3c84e2112e,Devil,"is a bad person, monster, think bad of others, malice, do mall activities. devil spirit"
3c84e2112e,Hunter,"on who hunts, usually animals, shooter, `killer,"
3c84e2112e,Marker,"is a type of writing instrument, can be permanent or temporary, officially used as well, used to mark or highlight"
3c84e2112e,Neat,"clean, ok, good, looking healthy, having clear vision"
e5ec491417,Cards,"paper with some information, easily caried information list, chits"
e5ec491417,Devil,"evil, ghost, which scares, bad habits"
e5ec491417,Hunter,"catching the aim, hooking"
e5ec491417,Marker,"selector, highlighter"
e5ec491417,Neat,"clean, fresh"
99822f0efe,Cards,"Deck, games, fortune, bets, solitaire, magic tricks, shuffle"
99822f0efe,Devil,"Evil, Satan, hell, sin"
99822f0efe,Hunter,"Deer, gun, shoot, camouflage , orange vest, meat"
99822f0efe,Marker,"Pen, sharpie, color, write, permanent"
99822f0efe,Neat,"Tidy, orderly, organized, not messy"
645dedc6c5,Cards,It is a game.It as an all time favourite game.
645dedc6c5,Devil,It is used to denote a demon or something evil
645dedc6c5,Hunter,One who kills animals for sport
645dedc6c5,Marker,It is a kind of pen used to mark.
645dedc6c5,Neat,It means being clean and tidy.
6b2ac0ef88,Cards,wedding invitation
6b2ac0ef88,Devil,enemy of God and human beings
6b2ac0ef88,Hunter,one who hunts
6b2ac0ef88,Marker,a type of pen used for highlighting on paper
6b2ac0ef88,Neat,clear
cc0fd23c05,Cards,"cardsharper,  card sharp,  cardsharp"
cc0fd23c05,Devil,"monster, daemon, heller, match, hellion, fiend, dickens, deuce, morning star, friction match, demon, daystar, ogre, daimon, the Tempter"
cc0fd23c05,Hunter,"huntsman, hunting watch"
cc0fd23c05,Marker,"score, sign, marker, gull, home run, grade, scar, mug, fall guy, mark, grading, brand, stigma, marking, scrape, scratch,"
cc0fd23c05,Neat,"slap-up, full-strength, straight, cracking, neat, clean, nifty, swell, orderly, keen, tasteful, bang-up, smashing, not bad(p), corking, groovy, refined, great, bully, dandy, peachy"
2b15616b23,Cards,a tough paper
2b15616b23,Devil,evil spirit
2b15616b23,Hunter,one who hunts
2b15616b23,Marker,a kind of big pen used to write in charts or board
2b15616b23,Neat,to be clean
2622f61522,Cards,"add-in, board, circuit board, circuit card, plug-in, identity card, batting order, lineup, bill of fare, carte, carte du jour, menu, scorecard, calling card, visiting card, bill, notice, placard,"
2622f61522,Devil,"deuce, dickens, daemon, daimon, demon, fiend, beelzebub, lucifer, old nick, prince of darkness, satan, the tempter, heller, hellion, monster"
2622f61522,Hunter,"hunting watch, orion, huntsman"
2622f61522,Marker,"mark, marking"
2622f61522,Neat,"clean, full-strength, straight, refined, tasteful, bang-up, bully, corking, cracking, dandy, great, groovy, keen, nifty, not bad, peachy,"
ebc4f95447,Cards,thick paper
ebc4f95447,Devil,danger
ebc4f95447,Hunter,shooter
ebc4f95447,Marker,pointer
ebc4f95447,Neat,fine
2ece3f8886,Cards,"paste board, piece, wood, greeting, record information, playing card"
2ece3f8886,Devil,"spirit, demon, mischievousness, harass"
2ece3f8886,Hunter,"person that who hunt animal, forest, hunting, huntress"
2ece3f8886,Marker,"marks, pen, mark a thing, commodity, record"
2ece3f8886,Neat,"tidy, clean, clear, simple, wash"
c0ab885973,Cards,"Greeting Cards,It's a symbol of love"
c0ab885973,Devil,Ruler of hell
c0ab885973,Hunter,A Hunting a dog
c0ab885973,Marker,Paint Marker
c0ab885973,Neat,Clean
96824489d6,Cards,"identity card,post card,playing cards,poker cards"
96824489d6,Devil,"gohst,scary,bad power,cruel, Lucifer"
96824489d6,Hunter,"hunting,rifle, arrow and bow,animals,forest,aim"
96824489d6,Marker,"use to make mark,text marker,color,white board marker"
96824489d6,Neat,"clean,tidy, hygiene,"
eb09612a37,Cards,THICK PAPER
eb09612a37,Devil,DANGER
eb09612a37,Hunter,SHOOTER
eb09612a37,Marker,PREPARE
eb09612a37,Neat,FINE
5cf41e6737,Cards,papers
5cf41e6737,Devil,saitan
5cf41e6737,Hunter,who hunts
5cf41e6737,Marker,liner
5cf41e6737,Neat,clean
b0af56c46c,Cards,game
b0af56c46c,Devil,evil
b0af56c46c,Hunter,one who hunts
b0af56c46c,Marker,stationery
b0af56c46c,Neat,clean
ab6d427bc7,Cards,"Cards: A piece of thick, stiff paper or thin pasteboard, in particular one used for writing or printing on."
ab6d427bc7,Devil,Devil: The chief evil spirit; Satan.
ab6d427bc7,Hunter,"Hunter: A person or animal that hunts: ""a deer hunter"""
ab6d427bc7,Marker,"Marker: An object used to indicate a position, place, or route: ""a granite marker at the boundary""."
ab6d427bc7,Neat,"Neat: Arranged in an orderly, tidy way."
da957b79fd,Cards,"pieces of thing cardboard used for playing games such as poker, black jack, etc.  
decorative pieces of mail sent for holidays or special occasions"
da957b79fd,Devil,the entity which represents evil in Christianity.  resides in Hell.  the enemy of God
da957b79fd,Hunter,"someone who pursues animals to shoot with a bow or a gun.  can be for sport or food.  Usually animals like rabbit, deer, or ducks."
da957b79fd,Marker,like a pen but with thicker tip.  makes darker thicker lines when used to write.
da957b79fd,Neat,"organized, tidy.  to be particular about the arrangement of belongings"
42507af7e6,Cards,"which are used to play for fun, which collapses many families, destroyes the relationships"
42507af7e6,Devil,"which does evil things, evil spirits, one who dies before time becomes devil"
42507af7e6,Hunter,"One who hunts, specialized in hunting"
42507af7e6,Marker,"which is used to mark, used to write on the boards"
42507af7e6,Neat,"to arrange the things in an organized way, looks good for clean and organized"
95e2618c28,Cards,"A flat, usually rectangular piece of stiff paper, cardboard, or plastic"
95e2618c28,Devil,"often Devil In many religions, the major personified spirit of evil, ruler of Hell, and foe of God,A wicked or malevolent person"
95e2618c28,Hunter,"One who hunts game, A dog bred or trained for use in hunting."
95e2618c28,Marker,"One that marks or serves as a mark,An implement, especially a felt-tipped pen, used for marking or writing."
95e2618c28,Neat,Orderly and clean; tidy
6c7df926ad,Cards,"greatings cards ,notice"
6c7df926ad,Devil,"ghost, evil"
6c7df926ad,Hunter,"small house,"
6c7df926ad,Marker,"judeger, gives mark"
6c7df926ad,Neat,"clean, please neat the room"
153fbbab45,Cards,a  credit card  that earns a small amount of money for a  charity  each time something is bought with it
153fbbab45,Devil,a powerful evil force and the enemy of God in Christianity and Judaism
153fbbab45,Hunter,a fox-hunter
153fbbab45,Marker,She reached the 500-metre marker in record time.
153fbbab45,Neat,She likes everything neat  and tidy .
8298f6c5c0,Cards,"These are used for all sorts of occassions regarding someones birthday, for example. It could also be like a collectors item such as a baseball card."
8298f6c5c0,Devil,This is something that is related to satan.
8298f6c5c0,Hunter,An animal or a human that is in search or someone or something
8298f6c5c0,Marker,A bold pen filled with ink
8298f6c5c0,Neat,When something is done in order and fixed nicely.
5146be6c32,Cards,"A piece of pasteboard, or thick paper, blank or prepared for various uses, as, a playing card ,a visiting card, a card of invitation"
5146be6c32,Devil,"The Devil is believed in many religions and cultures to be a powerful, supernatural entity that is the personification of evil and the enemy of God and humankind."
5146be6c32,Hunter,"Hunting is the practice of pursuing any living thing, usually wildlife, for food, recreation, or trade"
5146be6c32,Marker,a morpheme that indicates some grammatical function.
5146be6c32,Neat,"a single, unmixed liquor served in a rocks glass."
cb28f621de,Cards,"Game, paper, fun"
cb28f621de,Devil,"mean,angry , red"
cb28f621de,Hunter,"birds , animals in trees"
cb28f621de,Marker,"coloring, learning"
cb28f621de,Neat,"clean, proper"
7c3ee16479,Cards,a small rectangular piece of paper or plastic
7c3ee16479,Devil,an evil being
7c3ee16479,Hunter,a person or animal that hunts animals for food or for sport
7c3ee16479,Marker,a sign which shows where is something
7c3ee16479,Neat,tidy
bee7f2ab27,Cards,"CHARTS,  BILLS"
bee7f2ab27,Devil,"SATAN, PRINCE OF DARKNESS,  SPIRIT OF EVIL"
bee7f2ab27,Hunter,"ONE WHO SEARCH FOR, FOLLOWER,"
bee7f2ab27,Marker,"IMPRESSION MAKER,  SCRATCH MAKER,"
bee7f2ab27,Neat,"CLEAN,  CONTROLLED, STRAIGHT"
a7cece6cf4,Cards,"Game, Business card, Cardboard, Invitations, Greetings."
a7cece6cf4,Devil,"Fear, Awkward, Dark, Red horns, Mid Night, Scary."
a7cece6cf4,Hunter,"Animals, Rope, Cap, Pistol, Uniform."
a7cece6cf4,Marker,"Black, Colors, White board, Permanent, Sketch."
a7cece6cf4,Neat,"Clean, Room, Offices, Dress, City"
a4da035c8e,Blush,"shy in a way, shame, embarrassed."
a4da035c8e,Failure,"fail to do a task, lack of success, action not functioning."
a4da035c8e,Human,"consisting of men, women, genus homo"
a4da035c8e,Job,"work allotted, paid to do job, also act of wrenching."
a4da035c8e,Nice,"being good, pleasant, attractive."
86dc19ebbd,Blush,"go red, flush, color"
86dc19ebbd,Failure,"breakdown, stoppage, malfunction"
86dc19ebbd,Human,"person, being, individual"
86dc19ebbd,Job,"work, career, duty"
86dc19ebbd,Nice,"pleasant, good, kind, polite"
5f6fadae3f,Blush,"red in the face,embarrassment,shame,flush"
5f6fadae3f,Failure,"insufficient,wrong,omission,decline"
5f6fadae3f,Human,"person,character,men,woman"
5f6fadae3f,Job,"task,work,doing something for earning,alert"
5f6fadae3f,Nice,"respect,good character,pleasant,agree"
e86d1aa114,Blush,"To go red in the face because of an emotion related adrenaline rush ( anger, embarrassment, joy...)"
e86d1aa114,Failure,To not succeed. To fail. Negative connotation. A person is a failure means they are no good.
e86d1aa114,Human,"Related to us as a species, also sometimes related to our vulnerability. Multiple meaning word."
e86d1aa114,Job,"A: Employment� I found a job posted...
B: Task i.e I have a job to..."
e86d1aa114,Nice,"Good but not great, 
quality,
in people: being courteous, polite, also kind;
in an in-animated object: it looks good it feels good it smells good."
090f700796,Blush,"Either a mix of red & white wine OR
Color to the cheeks, caused by expanding blood vessels in the face.  Also, the lining of your stomach turns red when this happens"
090f700796,Failure,Anything short of success.  Generally the opposite of success.  Anything that is not up to par.
090f700796,Human,"Homo Sapien.  Has a soul, mammal, has manners, ethics, language"
090f700796,Job,Employment or task.  Something that is to be done in order to reap the benefits.
090f700796,Nice,"Well thought of.  Opposite of bad.  Something good, well done, successful"
a7cd587df0,Blush,"bloom, color, flush, glow"
a7cd587df0,Failure,"deficit, loser, lose, fiasco, defeated,"
a7cd587df0,Human,"animal, anthropoid, creature, individual"
a7cd587df0,Job,"activity, work, assigment, career,"
a7cd587df0,Nice,"admirable, fine, fair, kind, friendly"
eb09612a37,Blush,NEW
eb09612a37,Failure,BREAK DOWN
eb09612a37,Human,MANKIND
eb09612a37,Job,WORK
eb09612a37,Nice,FINE
99822f0efe,Blush,"Flushed, pink cheeks, embarrassed , red, warm"
99822f0efe,Failure,"Not winning, loser, reject, unsuccessful , mistake"
99822f0efe,Human,"Being, not animal, person, biology"
99822f0efe,Job,"Work, employment, paycheck, boss, labor"
99822f0efe,Nice,"Pleasant, appealing, sweet, not bad,  good"
6c04a7f4c1,Blush,insiting to do something
6c04a7f4c1,Failure,"which is not ok,i.e. opposite of success"
6c04a7f4c1,Human,the person ling in this world
6c04a7f4c1,Job,the  work is to be done by the person
6c04a7f4c1,Nice,good one
6ae501f0be,Blush,"A physical reaction seen on ones face, cheeks often change color to red."
6ae501f0be,Failure,To be unsuccessful at something.
6ae501f0be,Human,Homo-sapien.
6ae501f0be,Job,Place of employment.
6ae501f0be,Nice,To be friendly or kind.
b0af56c46c,Blush,"making anger, feeling"
b0af56c46c,Failure,defeated
b0af56c46c,Human,home sapiens
b0af56c46c,Job,work
b0af56c46c,Nice,good
153fbbab45,Blush,I blush  to think  of what a fool I made of myself.
153fbbab45,Failure,The meeting was a  complete/total  failure.
153fbbab45,Human,The human  body  is composed of about 60% water.
153fbbab45,Job,a temporary/permanent job
153fbbab45,Nice,Have a nice day/time!
0da623e05b,Blush,embarrassment or shame
0da623e05b,Failure,proving nonsuccessive
0da623e05b,Human,"man,evolved from apes"
0da623e05b,Job,to do work
0da623e05b,Nice,"excellent, good"
ab266a6b3c,Blush,"to become pink with embarrasment, to feel shy,related to face expression"
ab266a6b3c,Failure,"unsuccesful, disappoint, far from success."
ab266a6b3c,Human,"mankind, related to creature of homosapiens,"
ab266a6b3c,Job,"work,duty,task, employment"
ab266a6b3c,Nice,"super, good quality,fantastic, excellent"
6b2ac0ef88,Blush,become red
6b2ac0ef88,Failure,defeat
6b2ac0ef88,Human,person
6b2ac0ef88,Job,work
6b2ac0ef88,Nice,good
3c84e2112e,Blush,"to feel shame, to feel lower or abased,  a boss usually cause blush to employees,  embarrassment"
3c84e2112e,Failure,"no success , attempt in vain, opposite result, lose, failing person, failing in plan"
3c84e2112e,Human,"man, homosapiens, man and women, lives on earth, social animals, lives in society, most intelligent,.........."
3c84e2112e,Job,"profession, work, aim, ambition, passion for job, workers do job, official......."
3c84e2112e,Nice,"good, pleasant, best, likeable, lovely."
703258120b,Blush,"Color, feel ashamed"
703258120b,Failure,"malfunction, collapse"
703258120b,Human,"Person, creature"
703258120b,Job,"work, occupation"
703258120b,Nice,"Good, fine"
74a82eb356,Blush,"Blush:Develop a pink tinge in the face from embarrassment or shame: ""she blushed at the unexpected compliment""."
74a82eb356,Failure,"Failure:An unsuccessful person, enterprise, or thing"
74a82eb356,Human,"Human:Of, relating to, or characteristic of people or human beings."
74a82eb356,Job,Job:A paid position of regular employment.
74a82eb356,Nice,"Nice:Pleasant; agreeable; satisfactory: ""we had a nice time""."
bee7f2ab27,Blush,"redden,   grow red"
bee7f2ab27,Failure,"lack of success,  vain attempt,"
bee7f2ab27,Human,"mankind,  person,  homo sapiens"
bee7f2ab27,Job,"work,  duty,  mission,  task"
bee7f2ab27,Nice,"pleasant,  excellent,  good,  lovely"
95e2618c28,Blush,"To become red in the face, especially from modesty, embarrassment, or shame; flush"
95e2618c28,Failure,"The condition or fact of not achieving the desired end or ends,One that fails"
95e2618c28,Human,"A member of the genus Homo and especially of the species ,A person"
95e2618c28,Job,"A regular activity performed in exchange for payment, especially as one's trade, occupation, or profession."
95e2618c28,Nice,"Pleasing and agreeable in nature, Having a pleasant or attractive appearance"
5146be6c32,Blush,"a reddening of the face especially from shame, modesty or confusion"
5146be6c32,Failure,omission of occurrence or performance or lossing in match
5146be6c32,Human,"Humans have a highly developed brain and are capable of abstract reasoning, language, introspection, and problem solving"
5146be6c32,Job,A job is a regular activity performed in exchange for payment.
5146be6c32,Nice,showing fastidious or finicky tastes
ebc4f95447,Blush,fresh
ebc4f95447,Failure,break down
ebc4f95447,Human,human being
ebc4f95447,Job,work
ebc4f95447,Nice,fine
8298f6c5c0,Blush,What happens when you become very flattered as your face turns rosy-cheeked.
8298f6c5c0,Failure,When you lose at something
8298f6c5c0,Human,"A living, breathing homosapian"
8298f6c5c0,Job,A career in which you are compensated for
8298f6c5c0,Nice,When a person is pleasant
2622f61522,Blush,"flush, bloom, rosiness, crimson, redden"
2622f61522,Failure,"loser, nonstarter, unsuccessful person, bankruptcy"
2622f61522,Human,"homo, human being, man"
2622f61522,Job,"business, line, line of work, occupation, chore, task, caper, book of job, problem, speculate, farm out"
2622f61522,Nice,"courteous, gracious, dainty, overnice, prissy, squeamish, skillful, decent"
fd1a1cbbc3,Blush,"outpouring, ruddiness, rush, bang, blooming, rose, thrill, kick, bloom of youth, blush, charge, blossom, gush, heyday, prime, hot flash, flower, bloom, efflorescence, peak, rosiness, flush, boot, salad days"
fd1a1cbbc3,Failure,"bankruptcy, loser, nonstarter, unsuccessful person"
fd1a1cbbc3,Human,"military personnel, world, humankind, man, human beings, mankind, valet de chambre, serviceman, military man, gentleman, homo, valet, human, homosexual, homophile, humanity, piece, gentleman's gentleman, human being, humans, adult male, gay, human race"
fd1a1cbbc3,Job,"occupation, job, line, chore, line of work, business, task, problem, caper, project, undertaking, labor"
fd1a1cbbc3,Nice,"dainty, courteous, overnice, gracious, squeamish, skillful, prissy, decent"
9300056fe2,Blush,getting red in the face by smiling big
9300056fe2,Failure,things continually done incorrectly
9300056fe2,Human,mankind
9300056fe2,Job,work
9300056fe2,Nice,good
cc0fd23c05,Blush,"outpouring, ruddiness, rush, bang, blooming, rose, thrill, kick, bloom of youth"
cc0fd23c05,Failure,"bankruptcy, loser, nonstarter, unsuccessful person"
cc0fd23c05,Human,"military personnel, world, humankind, man, human beings, mankind, valet de chambre, serviceman, military man, gentleman, homo, valet"
cc0fd23c05,Job,"occupation, job, line, chore, line of work, business, task, problem, caper, project, undertaking, labor"
cc0fd23c05,Nice,"dainty, courteous, overnice, gracious, squeamish, skillful, prissy,"
06a0bdf0cf,Blush,Involuntary reddening of a person's face.
06a0bdf0cf,Failure,The condition or fact of not achieving.
06a0bdf0cf,Human,A member of the genus Homo.
06a0bdf0cf,Job,A piece of chance or occasional work.
06a0bdf0cf,Nice,Agreeable in nature or appearance
24a08f9d6b,Blush,"To become red in the face, embarrassment, shame; flush,blush of dawn,rosiness, flush, bloom."
24a08f9d6b,Failure,"not achieving the desired end,a crop failure,power failure,an insufficiency,shortage,a decline or loss, as in health or strength."
24a08f9d6b,Human,"A person;human being,the human race,A member of the genus,humankind, humans, mankind, humanity, world, man."
24a08f9d6b,Job,"A regular activity,task,A specified duty,responsibility,employed,Paying close attention; on the alert."
24a08f9d6b,Nice,"Good,Pleasing,agreeable,kind, friendly,subtle, delicate, or discriminating."
3f8e745dd2,Blush,"to have a warm and delicate colour,as some rose and other flowers.to grow red and to have a red and rosy colour."
3f8e745dd2,Failure,the condition or fact of not achieving desired end or ends.
3f8e745dd2,Human,"a member of genus homo and especially of the spicies,a person"
3f8e745dd2,Job,a specific peace of work required to be done as duty or for a specific duty.
3f8e745dd2,Nice,pleasing and aggrible in nature.a good charecter and reputation.
075bbbca89,Blush,"1	become red in the face through shyness, embarrassment, or shame. 
2	literary be or become pink or pale red."
075bbbca89,Failure,"1	lack of success. an unsuccessful person or thing. 
2	the omission of expected or required action: their failure to comply with the rules. 
3	the action of ceasing to function or the state of not functioning. a sudden cessation of power. the collapse of a business."
075bbbca89,Human,"adjective relating to or characteristic of humankind. of or characteristic of people as opposed to God or animals or machines: human error. showing the better qualities of humankind, such as sensitivity. 
	noun a human being."
075bbbca89,Job,"1	a paid position of regular employment. 
2	a task or piece of work. a responsibility or duty. informal a crime, especially a robbery. Computing an operation or group of operations treated as a distinct unit. 
3	informal a procedure to improve the appearance of something: a nose job. 
4	informal a thing of a specified nature: the car was a fast job."
075bbbca89,Nice,"1	giving pleasure or satisfaction; agreeable. good-natured; kind. 
2	fine or subtle: a nice distinction. requiring careful attention. 
3	archaic fastidious."
4722c98540,Blush,"Crush, Pink, Cheeks, Love, Affection."
4722c98540,Failure,"Love, Exams, Life, Interviews, Bad Luck."
4722c98540,Human,"Intelligence, Creativity, Computer, Looking good, Who Walks, Runs, Play."
4722c98540,Job,"TO Earn, Fun, Making Friends, Love, Money, Manager, Posting."
4722c98540,Nice,"Cute, Ones Nature, Girls, Apt, Personality."
bba2068b29,Blush,sudden reddening of the face (as from embarrassment or guilt or shame or modesty)
bba2068b29,Failure,a person with a record of failing; someone who loses consistently
bba2068b29,Human,relating to a person
bba2068b29,Job,the responsibility to do something
bba2068b29,Nice,done with delicacy and skill
a99eff3ef7,Blush,"Blush means to turn red, usually in the face, from shyness or embarrassment"
a99eff3ef7,Failure,a person or thing that fails
a99eff3ef7,Human,A human is a person
a99eff3ef7,Job,A job is a task or working on one specific project
a99eff3ef7,Nice,Nice describes someone who is pleasant
d6fbaf0859,Blush,to get excited characterized by turning red mostly seen on the cheeks
d6fbaf0859,Failure,"defeat, loose"
d6fbaf0859,Human,"to have life, breathing"
d6fbaf0859,Job,is a responsibility wherein you are being payed by the hour for a specific task
d6fbaf0859,Nice,good and kind
cdf81c2126,Blush,"to redden, as from embarrassment or shame"
cdf81c2126,Failure,an act or instance of failing  or proving unsuccessful
cdf81c2126,Human,consisting of people
cdf81c2126,Job,a post of employment
cdf81c2126,Nice,pleasing
d2ab4563df,Blush,"makeup, flustered, kiss, pink, brush, sparkle, happy, embarrassed"
d2ab4563df,Failure,"test, score, job, life, contest, curve, school"
d2ab4563df,Human,"man, woman, life, living, God, habitat, feelings, intelligence,"
d2ab4563df,Job,"work, office, uniform, salary, wage, hours, time card, benefits,"
d2ab4563df,Nice,"cool, lovely, gentle, sweet, child,kind"
6e487b9cb7,Blush,To have a warm.
6e487b9cb7,Failure,not achieving.
6e487b9cb7,Human,the only living species in the Homo genus.
6e487b9cb7,Job,work required to be done or duty.
6e487b9cb7,Nice,Good.
96824489d6,Blush,"reddening human's face, allergy,emotional change on face"
96824489d6,Failure,"loss,detained,lose"
96824489d6,Human,"living thing,six sense,man,woman,different from animals"
96824489d6,Job,"work,designation,salary,earning"
96824489d6,Nice,"lovely, pleasant feeling,friendly"
8db24b6026,Blush,"glow in embarrassment, Shy, applying on cheeks,"
8db24b6026,Failure,"not pass, loss,"
8db24b6026,Human,"homo sapiens, man or women, children, boy or girl, not animal,"
8db24b6026,Job,"work, cooking,"
8db24b6026,Nice,"good, well done,"
1c7639828f,Blush,"to become red, as a result of shame , used to reffer facial expression"
1c7639828f,Failure,"not achieving things, unsuccessful, not meeting goals"
1c7639828f,Human,"a man or women, people, a person"
1c7639828f,Job,"a position, doing something, engaged in something"
1c7639828f,Nice,"good, fair, not bad, pleasing"
ffceca1d7c,Blush,bllom or flush
ffceca1d7c,Failure,"Loser,one way to get success."
ffceca1d7c,Human,"homo, an artificial living being"
ffceca1d7c,Job,Occupation
ffceca1d7c,Nice,courteous or decent
7c3ee16479,Blush,to become pink in face
7c3ee16479,Failure,when someone or something doesnot succeed
7c3ee16479,Human,of or typical of people
7c3ee16479,Job,regular work a person does to earn money
7c3ee16479,Nice,"pleasant, enjoyable or satisfactory"
5cf41e6737,Blush,smile
5cf41e6737,Failure,not success
5cf41e6737,Human,man
5cf41e6737,Job,work
5cf41e6737,Nice,good
4686890da0,Action,"move forward, go ahead, start something,"
4686890da0,Few,"not much, very little, not a whole lot, three"
4686890da0,Higher,"not low, above the next one in line, higher on the todem pole,"
4686890da0,Kiss,"French Kiss, smack, kiss on the face, kiss on the lips.two mouths contacting eachother"
4686890da0,Sign,"stop sign,""sign on the dotted line"", the warnings were the signs, biblical..."
6be52007c6,Action,concerning the processes causing intentional (willful) human bodily movements
6be52007c6,Few,. a small number of; hardly any: few men are so cruel
6be52007c6,Higher,"Higher, post-secondary, tertiary, or third level education refers to the stage of learning that occurs at universities, academies, colleges, seminaries, and institutes of technology. Higher education also includes certain collegiate-level institutions, such as vocational schools, trade schools, and career colleges, that award academic degrees or professional certifications."
6be52007c6,Kiss,touch with the lips as a sign of love
6be52007c6,Sign,"an indication that something exist ,is happening or may happen"
baf9377b39,Action,Fights
baf9377b39,Few,below the expected number
baf9377b39,Higher,Above everything
baf9377b39,Kiss,sweet gentle mouths
baf9377b39,Sign,warning
186db71701,Action,"an action is something that is done or performed,activity,movement,operation,performance,occupation,work,behavior, response,commission,manipulation,energy,step,progress."
186db71701,Few,"not many,a small number of,less,a handful,hardly any,a sprinkling,a scattering,a minority,rare."
186db71701,Higher,"taller,more advanced,superior to,surpassing,bigger,greater,"
186db71701,Kiss,"touch or caress  with the lips,to touch lightly or gently,osculation,embrace,salute,smooch,pet,buss"
186db71701,Sign,"a sign is anything that shows a meaning,a mark used as an abbreviations or shortening of something or a publicly displayed board.clue,token,hint,mark,symbol,signal"
6635e9eae6,Action,"typically described by a verb; something you do, a concrete step forward, something tangible that has consequences.  Sometimes used to describe a type of movie characterized by lots of dramatic events."
6635e9eae6,Few,"Having to do with quantity, not very many, perhaps less than one would like.  Implies a loss of some kind, like there isn't enough or there used to be more."
6635e9eae6,Higher,"Describes either a location or a hierarchy/comparison of some kind.  Implying some kind of height, but also greater height as compared to something else -- another person.  Can also be used in terms of hierarchy, like a king being ""higher"" than a noble."
6635e9eae6,Kiss,"A gentle pressure of the lips, done by one person to another as an act of affection or love.  Can be platonic between family members or children, romantic or erotic between lovers.  Typically feels good, is done in private, very intimate."
6635e9eae6,Sign,"Denotes meaning.  Stands in for something else, a symbol.  Mostly thought of as tangible -- signs on streets, doors, offices, buildings, but can also be more symbolic or spiritual -- a sign from the universe."
5514529186,Action,"it is awork, movement"
5514529186,Few,"some, less"
5514529186,Higher,"long, nextstep"
5514529186,Kiss,"love, expression of happyiness"
5514529186,Sign,"it is a use for importantant place, name"
d6fbaf0859,Action,"movement, locomotion"
d6fbaf0859,Few,"rare,little amount of"
d6fbaf0859,Higher,above the normal level
d6fbaf0859,Kiss,act or expression of emotions
d6fbaf0859,Sign,"to mark your name, to agree, to consent"
96824489d6,Action,"motion,movement,fighting in movies,acting,shoes"
96824489d6,Few,"little bit,small amount,minority"
96824489d6,Higher,"peak,marks,height, Everest,progress"
96824489d6,Kiss,"touch,lips,romantic,lovers,love,caring"
96824489d6,Sign,"mark,name,symbol"
86dc19ebbd,Action,"act, deed, achievement"
86dc19ebbd,Few,"little, hardly, only some"
86dc19ebbd,Higher,"senior, superior, advanced"
86dc19ebbd,Kiss,"smooch, hug"
86dc19ebbd,Sign,"symbol, mark, signature"
698904a657,Action,"engagement, do something, activity"
698904a657,Few,"seldom, not a lot, not many"
698904a657,Higher,"elevated, zenith, reach"
698904a657,Kiss,"express affection, peck, make out"
698904a657,Sign,"write, approve, consent"
c0ab885973,Action,Moving reaction
c0ab885973,Few,Some little
c0ab885973,Higher,A high family
c0ab885973,Kiss,A symbol of love
c0ab885973,Sign,Symbol of name
4722c98540,Action,"Cinema, Fight, James Bond, Fire, Quarrel."
4722c98540,Few,"Less, Members, Rain Drops, Tears, Little."
4722c98540,Higher,"Education, Level up, Top Position, Grade, Rank1."
4722c98540,Kiss,"Love, Mother, Forehead, Lips, Sex."
4722c98540,Sign,"Signature, Bad, Initials, Alphabets, English."
bee7f2ab27,Action,force  power   effort  movement execution
bee7f2ab27,Few,"not many, thin,  hardly any"
bee7f2ab27,Higher,greater   taller  sharper
bee7f2ab27,Kiss,"touch with the lips,"
bee7f2ab27,Sign,token  badge  warning    clue
5923ae5b82,Action,A process or condition of acting or moving
5923ae5b82,Few,Amounting to or consisting of a small number
5923ae5b82,Higher,That which relates to the human body and to those who stay bound to it.
5923ae5b82,Kiss,"To touch or caress with the lips as an expression of affection, greeting, respect, or amorousness."
5923ae5b82,Sign,"Something that suggests the presence or existence of a fact, condition, or quality."
ebc4f95447,Action,act
ebc4f95447,Few,some
ebc4f95447,Higher,top
ebc4f95447,Kiss,love
ebc4f95447,Sign,signature
3c84e2112e,Action,"activity, action cause reaction, action and reaction are opposite, alacrity, energy oriented"
3c84e2112e,Few,"means little, less, few in number, minor quantity,"
3c84e2112e,Higher,"higher means upper, above, higher education, ball goes higher and higher,"
3c84e2112e,Kiss,"touching of lips of each other, lip lock, shows love and affection, sexual kiss"
3c84e2112e,Sign,"indication, omen, evidence, gives approval, a logo of person, perfect identification, agreements are signed"
cdf81c2126,Action,the process or state of acting or of being active
cdf81c2126,Few,a small number or amount
cdf81c2126,Higher,having a specified extent upward
cdf81c2126,Kiss,to join lips with in this way
cdf81c2126,Sign,indication
6c04a7f4c1,Action,ideas put into inplimentation
6c04a7f4c1,Few,small items liitle bit
6c04a7f4c1,Higher,most important oppsite of lower upper
6c04a7f4c1,Kiss,which indicates the affection of love
6c04a7f4c1,Sign,indicates the person identity
fd1a1cbbc3,Action,"activeness, natural action, natural process, legal action, activity, military action, action mechanism, action at law"
fd1a1cbbc3,Few,a small elite group
fd1a1cbbc3,Higher,advanced in complexity or elaboration
fd1a1cbbc3,Kiss,"buss, kiss, osculation, candy kiss"
fd1a1cbbc3,Sign,"marking, signaling, augury, mark, sucker, house, bell ringer, target, crisscross, preindication, polarity, fall guy, star sign, stigma, score, sign, mansion, brand, grade, planetary house, chump, signal, sign of the zodiac, mug, signboard, foretoken, scratch, home run, gull, patsy, fool, marker, scrape, cross, print, scar, stain, bull's eye, soft touch"
075bbbca89,Action,"1	the process of doing something to achieve an aim. the effect or influence of something such as a chemical. 
2	a thing done; an act. 
3	the way in which something works or moves. 
4	armed conflict. 
5	a lawsuit or legal proceedings."
075bbbca89,Few,"1	(a few) a small number of. 
2	not many."
075bbbca89,Higher,noun (in Scotland) the more advanced of the two main levels of the Scottish Certificate of Education. Compare with ordinary grade
075bbbca89,Kiss,"1	touch or caress with the lips as a sign of love, affection, or greeting. Billiards & Snooker (of a ball) lightly touch (another ball). 
2	(kiss someone/thing off) North American informal dismiss someone rudely; end a relationship abruptly. 
3	(kiss up to) North American informal behave obsequiously towards."
075bbbca89,Sign,"1	an object, quality, or event whose presence or occurrence indicates the probable presence, occurrence, or advent of something else. Medicine an indication of a disease detectable by a medical practitioner even if not apparent to the patient. Compare with symptom. North American the trail of a wild animal. 
2	a signal conveying information or an instruction. a gesture used in sign language."
b51378192c,Action,"Action:is Action movies,Action games,Action verbs,a man of action."
b51378192c,Few,"Few:is Several,Many,Big,List of prefixes,Saige"
b51378192c,Higher,"Higher:is Higher education,Higher love,Higher band,Taio cruz,Creed"
b51378192c,Kiss,"kiss:is to join lips with in this way,Kiss wallpaper,Kiss fm,Kiss discography"
b51378192c,Sign,"Sign:is to sign a letter,to sign one's name, to sign a new player."
a99eff3ef7,Action,An action is something that is done or performed
a99eff3ef7,Few,a small number of
a99eff3ef7,Higher,more advanced
a99eff3ef7,Kiss,to give a kiss to a person
a99eff3ef7,Sign,"A sign is anything that shows a meaning, a mark used as an abbreviation or shortening of something or a publicly displayed board"
8db24b6026,Action,"something to do, shaking hands, walking, running, talking, moving, eating, beating, fighting,"
8db24b6026,Few,"little, not so much, some,"
8db24b6026,Higher,"top most, up, above, bigger,"
8db24b6026,Kiss,"giving by lips in affection or love,"
8db24b6026,Sign,"name, signature, it is a view of,"
6b2ac0ef88,Action,process of acting
6b2ac0ef88,Few,consisting of a small number
6b2ac0ef88,Higher,opposite of lower
6b2ac0ef88,Kiss,touch with lips
6b2ac0ef88,Sign,signature
6c7df926ad,Action,"this is a action film,please take action"
6c7df926ad,Few,"please wait few minute , please give me few time"
6c7df926ad,Higher,"higher education , high"
6c7df926ad,Kiss,"i kissing on my baby ,kiss  gives frester"
6c7df926ad,Sign,"please sign in,please sign this side"
7c3ee16479,Action,the process of doing something
7c3ee16479,Few,small number of something
7c3ee16479,Higher,much more something
7c3ee16479,Kiss,to touch with your lips especially as a greeting
7c3ee16479,Sign,to write your name usually on any documents to show your agreement in the conditions of that document
e5ec491417,Action,"performing some movement, applied into act"
e5ec491417,Few,"many, some"
e5ec491417,Higher,"ratio, most, increasing"
e5ec491417,Kiss,expressing love
e5ec491417,Sign,recognition
eaecffb8af,Action,"act,process,doing something,battle"
eaecffb8af,Few,"not many,less,small numbers of content"
eaecffb8af,Higher,"top level,head,upward"
eaecffb8af,Kiss,"lips touching,sharing love"
eaecffb8af,Sign,"indication exist,signal,signature,symbol,unique"
bba2068b29,Action,something done
bba2068b29,Few,small elite group
bba2068b29,Higher,advanced in complexity or elaboration
bba2068b29,Kiss,ouch with the lips or press the lips
bba2068b29,Sign,public display of a message
0da623e05b,Action,in motion
0da623e05b,Few,"very rare,little"
0da623e05b,Higher,"top level, more"
0da623e05b,Kiss,to touch or press with lips
0da623e05b,Sign,"indication,a token"
eb09612a37,Action,ACT
eb09612a37,Few,SOME
eb09612a37,Higher,TOP
eb09612a37,Kiss,LOVE
eb09612a37,Sign,SIGNATURE
b0af56c46c,Action,physical movement
b0af56c46c,Few,less
b0af56c46c,Higher,topper
b0af56c46c,Kiss,action of romancing
b0af56c46c,Sign,indication
153fbbab45,Action,This problem calls for  swift/prompt  action from the government.
153fbbab45,Few,I need to get a few things in town.
153fbbab45,Higher,A greater proportion of people with first degrees are now going on to study for higher degrees.
153fbbab45,Kiss,She kissed him  on  the mouth.
153fbbab45,Sign,"Sign here, please."
5146be6c32,Action,the initiating of a proceeding in a court of justice by which one demands or enforces one's right
5146be6c32,Few,not many persons or things
5146be6c32,Higher,having large extension upward
5146be6c32,Kiss,A kiss is the act of pressing one's lips against the lips or other body parts of another person or of an object.
5146be6c32,Sign,a motion or gesture by which a thought is expressed or a command or wish made known
cc0fd23c05,Action,"bodily function, action, activeness, natural action, natural process, legal action, activity, bodily process, military action"
cc0fd23c05,Few,"numerous, umpteen, umteen, legion"
cc0fd23c05,Higher,"higher cognitive process , higher criticism , higher education"
cc0fd23c05,Kiss,"buss, kiss, osculation, candy kiss"
cc0fd23c05,Sign,"augury, signaling, house, preindication, foretoken, planetary house, signboard, signal, mansion,"
99822f0efe,Action,"Movement, do, initiate, go"
99822f0efe,Few,"Nor many, scant, scarce, limited"
99822f0efe,Higher,"Above, over, rise, upper"
99822f0efe,Kiss,"Smooch, hug, lips, love, smack"
99822f0efe,Sign,"Poster, direction, notification"
33cd6db15a,Action,"Chain of events,Plan executed,Movement,Steps taken,Solutions formulated,Ideas transformed,Result,Feat."
33cd6db15a,Few,"Scarce,Little,Not enough,Minimum,Low numbers,Pittance,Meager,Too little,Just enough."
33cd6db15a,Higher,"Up,Top,Above,Not reachable,Unattainable,Top position,Ascending,Rise up,Altitude,Piled up,Stack up,Multiple Stacks,Raised position."
33cd6db15a,Kiss,"Show of love by pressing each others lips,Smooch,Brushing each others lips in affection,A way of greeting,A show of affection."
33cd6db15a,Sign,"To give consent,To agree in paper, verbal attestation of assent,TO ask for proof, evidence."
74a82eb356,Action,"Action:The fact or process of doing something, typically to achieve an aim: ""demanding tougher action against terrorism""."
74a82eb356,Few,"Few:A small number of: ""may I ask a few questions?""; ""I will recount a few of the stories told me""."
74a82eb356,Higher,"Higher:At or to a considerable or specified height: ""the sculpture stood about five feet high""."
74a82eb356,Kiss,"Kiss:Touch with the lips as a sign of love, sexual desire, reverence, or greeting"
74a82eb356,Sign,"Sign:An object, quality, or event whose presence or occurrence indicates the probable presence or occurrence of something else."
5cf41e6737,Action,acting
5cf41e6737,Few,some
5cf41e6737,Higher,upper
5cf41e6737,Kiss,meeting oflips
5cf41e6737,Sign,signeture
95e2618c28,Action,"The state or process of acting or doing,Something done or accomplished; a deed"
95e2618c28,Few,"Amounting to or consisting of a small number,Being more than one but indefinitely small in number"
95e2618c28,Higher,"Having a relatively great elevation; extending far upward,Extending a specified distance upward"
95e2618c28,Kiss,"To touch or caress with the lips as an expression of affection, greeting, respect, or amorousness."
95e2618c28,Sign,"Something that suggests the presence or existence of a fact, condition, or quality"
ed12f022a1,Action,Something that is done. Movement.
ed12f022a1,Few,Not many. Very little
ed12f022a1,Higher,Something above something else.
ed12f022a1,Kiss,An expression of love between two people. You put your lips together purse them and place them upon the other party.
ed12f022a1,Sign,an object that represents something else or gives information about something else
8298f6c5c0,Action,a movement
8298f6c5c0,Few,three
8298f6c5c0,Higher,above and beyond
8298f6c5c0,Kiss,lock lips
8298f6c5c0,Sign,a symbol showing something
2622f61522,Action,"military action, action at law, legal action, action mechanism, activity, natural action, natural process, activeness, accomplish, carry out, carry through, execute, fulfil, fulfill, litigate, process, sue"
2622f61522,Few,Some. not many
2622f61522,Higher,"Senior, rank."
2622f61522,Kiss,"buss, osculation, candy kiss, osculate, snog"
2622f61522,Sign,"signboard, mark, signal, signaling, augury, foretoken, preindication, house, mansion, planetary house, sign of the zodiac, star sign,"
687a64124e,Action,The mechanical contrivance by means of which the impulse of the player's finger is transmitted to the strings of a pianoforte or to the valve of an organ pipe.
687a64124e,Few,Being more than one but indefinitely small in number
687a64124e,Higher,having a great or considerable extent or reach upward or vertically; lofty; tall: a high wall.
687a64124e,Kiss,"To touch or caress with the lips as an expression of affection, greeting, respect, or amorousness."
687a64124e,Sign,"A conventional figure or device that stands for a word, phrase, or operation; a symbol, as in mathematics or in musical notation."
74a82eb356,Cereal,"Cereal:A grass producing such grain, grown as an agricultural crop."
74a82eb356,Emotion,"Emotion:Any of the particular feelings that characterize such a state of mind, such as joy, anger, love, hate, horror, etc."
74a82eb356,Fries,"Fries:(of food) Be cooked in such a way: ""put half a dozen steaks to fry in a pan""."
74a82eb356,Steel,"Steel:A hard, strong, gray or bluish-gray alloy of iron with carbon and usually other elements, used extensively as a structural and fabricati..."
74a82eb356,Monkey,"Monkey:A small to medium-sized primate that typically has a long tail, most kinds of which live in trees in tropical countries. The New World..."
a052cc478e,Cereal,it is a diet food  . mostely use by the people who  have lot of fat in there body. to  reduce the fat in there body  they use this diet food products like cereal .
a052cc478e,Emotion,it is the feelings that   comes from ur mouth   when we are in   feeling which can be expressed in the form of emotion to others .
a052cc478e,Fries,fries is a  type of a snaks used  mosely in mc-donalas   it is the fried iteam prepared from potato  or sweet potato  . liked by most of the people.
a052cc478e,Steel,steel is an alloy . that contains  iron and carbon  . this is mostely  used in manufacturing companies .  there are many steel manufacturing companies
a052cc478e,Monkey,it is a human like animal   . most of the  human character is found in monkey .  which jumps from  trees to trees .  the food which monkey  prefer is fruits
af2803583c,Cereal,"Of or pertaining to the grasses which are cultivated for their edible seeds (as wheat, maize, rice, etc.), or to their seeds or grain."
af2803583c,Emotion,"The process of evaluating whether an event will cause benefit or harm, and how it might do so."
af2803583c,Fries,Plural of fry
af2803583c,Steel,Iron alloy containing carbon from as low as 0.03 percent (as in ingot steel) to 2.5 percent by weight (as in cast iron)
af2803583c,Monkey,"Any of various long-tailed, medium-sized members of the order Primates, including the macaques, baboons, guenons, capuchins, marmosets, and tamarins"
cc0fd23c05,Cereal,"grain, food grain, cereal grass"
cc0fd23c05,Emotion,"sensation, feeling, perception, sense"
cc0fd23c05,Fries,"french-fried potatoes, fries, chips, french fries"
cc0fd23c05,Steel,"vane, stigma, brand, marque, sword, trade name, steel, brand name, make, firebrand, blade,"
cc0fd23c05,Monkey,"hob, varlet, imp, scamp, pixy, rogue, monkey, elf, rapscallion, knave, brownie,"
46db8237d3,Cereal,"its a grain,pulses,nutritious,sraw coloured,rich in amino acids,edible,crop variety"
46db8237d3,Emotion,"reflection of mind,expression of ones thought"
46db8237d3,Fries,"oily,french fries ,rich in trans fats"
46db8237d3,Steel,"widely used,metal,vessels are made out of it"
46db8237d3,Monkey,"animal,mammals,darwins theory"
4722c98540,Cereal,"Oats, Eat, Babies, White in color, Food."
4722c98540,Emotion,"Love, Hurts, Cry, Black mail, Heartbreak."
4722c98540,Fries,"Potato, Cholesterol, Oil, Snacks, Tasty."
4722c98540,Steel,"Rod, Plates, Glass, Spoon, Silencer."
4722c98540,Monkey,"Jumps, Trees, Chimpanzee, Forest, Cute."
eaecffb8af,Cereal,"long time film,lengthy,emotional center"
eaecffb8af,Emotion,"expression,love,angry"
eaecffb8af,Fries,"fry,crispy,with oil"
eaecffb8af,Steel,"strong,iron,metal,cast iron"
eaecffb8af,Monkey,"animal,looking so funny,not stay at one place"
6c04a7f4c1,Cereal,clam and cool
6c04a7f4c1,Emotion,sensitive
6c04a7f4c1,Fries,more effectinate
6c04a7f4c1,Steel,material used for vessels
6c04a7f4c1,Monkey,its a animal
8298f6c5c0,Cereal,A breakfast food we consume in the morning
8298f6c5c0,Emotion,A feeling
8298f6c5c0,Fries,deep fried potatoes
8298f6c5c0,Steel,a heavy silver metal that is inflammable
8298f6c5c0,Monkey,a brown animal that swings on trees
95e2618c28,Cereal,"A grass such as wheat, oats, or corn, the starchy grains of which are used as food, Any of several other plants or their edible seed or fruit, such as buckwheat or grain amaranth"
95e2618c28,Emotion,A mental state that arises spontaneously rather than through conscious effort and is often accompanied by physiological changes; a feeling
95e2618c28,Fries,"(Cookery) another name for French fried potatoes,"
95e2618c28,Steel,"A generally hard, strong, durable, malleable alloy of iron and carbon, usually containing between 0.2 and 1.5 percent carbon, often with other constituents such as manganese, chromium, nickel, molybdenum, copper, tungsten, cobalt, or silicon, depending on the desired alloy properties, and widely used as a structural material."
95e2618c28,Monkey,"Any of various long-tailed, medium-sized members of the order Primates, including the macaques, baboons, guenons, capuchins, marmosets, and tamarins and excluding the anthropoid apes and the prosimians."
86dc19ebbd,Cereal,"puffed rice, cornflakes"
86dc19ebbd,Emotion,"feeling, sentiment, sensation"
86dc19ebbd,Fries,"crispy, fried in oil"
86dc19ebbd,Steel,"metal, strengthen, harden"
86dc19ebbd,Monkey,"ape, chimpanzee"
da957b79fd,Cereal,"breakfast food, made from grains"
da957b79fd,Emotion,"perception of feelings a person has.  a mental and possibly physical reaction a person has to a stimuli.  sad, happy, angry"
da957b79fd,Fries,"sliced potatoes that are deep fried.  often served with salt, ketchup, or mayonnaise"
da957b79fd,Steel,a very hard metal often used in construction.  it is mined from the earth
da957b79fd,Monkey,"an animal in the primate family.  closely related to chimps, orangutans, and humans"
1b4b466956,Cereal,pulses
1b4b466956,Emotion,feelings
1b4b466956,Fries,snack
1b4b466956,Steel,metal
1b4b466956,Monkey,animal
6b2ac0ef88,Cereal,grains which are used as food
6b2ac0ef88,Emotion,feeling
6b2ac0ef88,Fries,which are fried in oil
6b2ac0ef88,Steel,an alloy
6b2ac0ef88,Monkey,animal which climb trees
075bbbca89,Cereal,"1	a grain used for food, for example wheat, maize, or rye. a grass producing such grain, grown as an agricultural crop. 
2	a breakfast food made from a cereal grain or grains."
075bbbca89,Emotion,"noun a strong feeling, such as joy, anger, or sadness. instinctive or intuitive feeling as distinguished from reasoning or knowledge."
075bbbca89,Fries,noun British an animal of a black-and-white breed of dairy cattle originally from Fries land in the Netherlands.
075bbbca89,Steel,"1	a hard, strong grey or bluish-grey alloy of iron with carbon and usually other elements, used extensively as a structural and fabricating material. 
2	a rod of roughened steel on which knives are sharpened. 
3	strength and determination: nerves of steel."
075bbbca89,Monkey,"1	a small to medium-sized primate typically having a long tail and living in trees in tropical countries. [Families Abidance and Theatricality (New World), and Australopithecus (Old World).] 
2	a mischievous person, especially a child. 
3	British informal a sum of £500. 
4	(also monkey engine) a pile driving machine consisting of a heavy hammer or ram working vertically in a groove."
99822f0efe,Cereal,"Kellogg's, bowl, milk, breakfast, grains, box, granola"
99822f0efe,Emotion,"Expressions, cry, heartfelt, emo, feelings"
99822f0efe,Fries,"French, oil, McDonald's, salt, potatoes, ketchup"
99822f0efe,Steel,"Iron, metal, strong, mills, buildings"
99822f0efe,Monkey,"Zoo, chimp, swinging, furry, ape, gorilla"
3c84e2112e,Cereal,"wheat, rice,small plants, eatable, grains, pulses"
3c84e2112e,Emotion,"sentiments, laughing,smiling,happy emotions, kidding."
3c84e2112e,Fries,"french fries, potato fries, finger chips are fries, dal fries."
3c84e2112e,Steel,"alloy, maliable, ductile, used in making automobiles, steel utensils"
3c84e2112e,Monkey,"is an animal, behaves like man,loves to jump, found on mountain areas, hiv resistant"
ca7db722df,Cereal,"breakfast food, food consisting of oats wheat or other grains usually eaten with milk, sometimes a snack food, numerous types and brands,"
ca7db722df,Emotion,"feelings, happy, sad, angry, upset, a biological response to a stimulus, how you feel,"
ca7db722df,Fries,"French fries, potato slices that are deep fried, chips, fritters, eaten with gravy, eaten with fish, fast food, greasy,"
ca7db722df,Steel,"metal, grey in color, cold, hard metal, used in building, man of steel, made from iron,"
ca7db722df,Monkey,"human like creature, apelike, small primate, has fur, has a tail, prehensile tail."
fd1a1cbbc3,Cereal,"grain, cereal, food grain, cereal grass"
fd1a1cbbc3,Emotion,"sensation, emotion, feeling, perception, sense"
fd1a1cbbc3,Fries,"french-fried potatoes, fries, chips, french fries"
fd1a1cbbc3,Steel,"vane, stigma, brand, marque, sword, trade name, steel, brand name, make, firebrand, blade, stain, mark, leaf blade"
fd1a1cbbc3,Monkey,"hob, varlet, imp, scamp, pixy, rogue, monkey, elf, rapscallion, knave, brownie, rascal, pixie, gremlin, scallywag, scalawag"
cb28f621de,Cereal,Eat with milk
cb28f621de,Emotion,"sad, undecided"
cb28f621de,Fries,"sslty, eat with ketchup, fried"
cb28f621de,Steel,"Building, jewlery"
cb28f621de,Monkey,"is hairy, like humans, eats bananas"
2ece3f8886,Cereal,"grains, food, wheat, maize, rice, agriculture"
2ece3f8886,Emotion,"feeling, expression, sensibility, sense"
2ece3f8886,Fries,"dairy, cattle, friesland"
2ece3f8886,Steel,"tools, weapons, strength, harden, alloy of iron and carbon"
2ece3f8886,Monkey,"animal, gorilla, forest, tree, park, baboons, mischievous person"
eb09612a37,Cereal,LINE NUMBER
eb09612a37,Emotion,EXPRESSION
eb09612a37,Fries,BOIL DRY
eb09612a37,Steel,HARD WARE
eb09612a37,Monkey,ANIMAL
153fbbab45,Cereal,"plant which is grown to produce grain 
  cereal crops"
153fbbab45,Emotion,My mother was overcome with emotion and burst into tears.
153fbbab45,Fries,French fries
153fbbab45,Steel,a steel helmet
153fbbab45,Monkey,an animal that lives in hot countries
7c3ee16479,Cereal,a plant which is grown to produce grain
7c3ee16479,Emotion,a strong feeling
7c3ee16479,Fries,something which is fried for eating
7c3ee16479,Steel,a strong metal which is mixture of iron and carbon
7c3ee16479,Monkey,an animal
ebc4f95447,Cereal,order no
ebc4f95447,Emotion,expression
ebc4f95447,Fries,dry food
ebc4f95447,Steel,hard ware
ebc4f95447,Monkey,animal
b51378192c,Cereal,"Cereal:Cereals are grasses (members of the monocot family Poaceae, also known as Gramineae)[1] cultivated for the edible components of their grain (botanically, a type of fruit called a caryopsis), composed of the endosperm, germ, and bran. Cereal grains are grown in greater quantities and provide more food energy worldwide than any other type of crop[citation needed]; they are therefore staple crops."
b51378192c,Emotion,"Emotion:Emotion is a complex psychophysiological experience of an individual's state of mind as interacting with biochemical (internal) and environmental (external) influences. In humans, emotion fundamentally involves ""physiological arousal, expressive behaviors, and conscious experience.""[1] Emotion is associated with mood, temperament, personality, disposition, and motivation. Motivations direct and energize behavior, while emotions provide the affective component to motivation, positive or negative."
b51378192c,Fries,"Fries:Fries (surname), including list of people with the name
Victor Fries, a DC Comics character, also known as Mr. Freeze
Jacob Friedrich Fries, philosopher"
b51378192c,Steel,"Steel:Steel is an alloy that consists mostly of iron and has a carbon content between 0.2% and 2.1% by weight, depending on the grade. Carbon is the most common alloying material for iron, but various other alloying elements are used, such as manganese, chromium, vanadium, and tungsten"
b51378192c,Monkey,"Monkey:A monkey is a primate, either an Old World monkey or a New World monkey. There are about 260 known living species of monkey"
c62e2e20ca,Cereal,"is a food, crunchy, delicious, served with milk,"
c62e2e20ca,Emotion,"feelings, happy, sad, excited, angry"
c62e2e20ca,Fries,"fried potato, fast food, french"
c62e2e20ca,Steel,"in an alloy, iron, used for reinforcement"
c62e2e20ca,Monkey,"is an animal, primate, swing from trees, eat bananas, playful"
96824489d6,Cereal,"food,grain,grass,edible,healthy"
96824489d6,Emotion,"feeling,psychological change,mentally occur,internal"
96824489d6,Fries,"fish,oily,cook,snacks,potato"
96824489d6,Steel,"stainless,useful,shining,utensil"
96824489d6,Monkey,"naughty,animal,tail,climb,swing"
b0af56c46c,Cereal,food grains
b0af56c46c,Emotion,feeling
b0af56c46c,Fries,cooked with oil
b0af56c46c,Steel,metal
b0af56c46c,Monkey,animal
5ebb469ae2,Cereal,"grains, like rice, wheat, energy giving food"
5ebb469ae2,Emotion,"feeling, sensations"
5ebb469ae2,Fries,cooked in oil
5ebb469ae2,Steel,"containing iron covered with nickel, used to make utensils"
5ebb469ae2,Monkey,"an animal, having long tail, eats bananas, an imitating animal"
43a5962bc7,Cereal,"Grain; breakfast; carbohydrates; could be corn, wheat, rice, oats; plant; grown on farms."
43a5962bc7,Emotion,"Feeling; human; could be happy, sad, angry; feeling moved; passion; mind."
43a5962bc7,Fries,"Noun - chips, fried potato, thin or thick fries; fried in oil or grease; or could be the verb to fry."
43a5962bc7,Steel,"Made of iron; made in a smelter; building material; made for export; hard, solid, strong, malleable, ductile."
43a5962bc7,Monkey,"Is an animal, climbs trees, swings from trees, eats bananas, could be seen in a zoo, lives in the jungle; many different kinds like capuchin monkeys; different from apes/gorillas."
5228dbabd5,Cereal,"A morning breakfast, milk is poured on it, has many varieties, has many recipes, can be healthy,"
5228dbabd5,Emotion,"An animal trait, feelings, can make humans act inappropriately, mental state, has many subtleties, excitability, can be controlled"
5228dbabd5,Fries,"Staple of fast food restaurants, can be very unhealthy, usually deep fried, made with potatoes, a salty indulgence, is dipped in many sauces"
5228dbabd5,Steel,"hard metal, reflective, has a smell, embolden, strong, unwavering"
5228dbabd5,Monkey,"An animal, found in jungle, found in zoo, has 10 fingers, has a thumb, can make tools, is smart, are great climbers, are hairy, have many varieties"
33cd6db15a,Cereal,"Wholesome grain,Heath food,Diet food,Breakfast,Food that can be made quickly."
33cd6db15a,Emotion,"Touchy,Sensitive,Feelings,Jumpy, Nervous,Rule of the heart,Full of sympathy."
33cd6db15a,Fries,"Snacks,Tucks fried in oil,Banana fried in ghee,Vegetable batter fried,Batter covered food items."
33cd6db15a,Steel,"Metal ,Strong,Reliable,Material for making items,Plates,mettle."
33cd6db15a,Monkey,"Animal,Human forefathers,Silly,Immature,Four-legged tree climber,Antic creator,Ruckus creator."
438107f17e,Cereal,"Grain,Any, Are, As, Cultivated, Edible, For, Grain, Grass, In, Its, Itself, Maize, Of, Or, Pertaining, Plural, Rice, Seeds, The, Their, To, Wheat, Which,"
438107f17e,Emotion,"Emotions are aroused by a potential to gain or lose something important; there is the perception of personal harm or benefit that may be derived from a situation or event. The greater the harm or benefit, the stronger the emotion."
438107f17e,Fries,"french-fried potatoes, french fries"
438107f17e,Steel,knife sharpener consisting of a ridged steel rod
438107f17e,Monkey,"animal,Family  Eocatarrhini, PliopithecidaeParvorder"
adace55274,Cereal,"common breakfast, sugary, served with milk, eaten with a spoon, crunchy until soggy"
adace55274,Emotion,"overwhelming feeling, understanding, affects behavior and expressions, is a result of something good or bad"
adace55274,Fries,"sliced potatoes, fried, baked, salty, eaten with ketchup, vinegar, mayonnaise, fast food, accompanied by burgers"
adace55274,Steel,"metal, hard, shiny, superman, almost impenetrable"
adace55274,Monkey,"furry, long arms, enjoy bananas, smile, climb trees"
2b15616b23,Cereal,a kind of eatable pulses.
2b15616b23,Emotion,one of expression
2b15616b23,Fries,eatable
2b15616b23,Steel,very strong alloy
2b15616b23,Monkey,a kind of animal with hairy skin
a7cece6cf4,Cereal,"Food, White, Babies, Breakfast, Snacks"
a7cece6cf4,Emotion,"Cry, Love, Hug, Hurt, Heart"
a7cece6cf4,Fries,"Potato, Oil, Heart attack, Disease, Fat, Gain weight"
a7cece6cf4,Steel,"Plates, Glass, Spoon, Silencer, Rods"
a7cece6cf4,Monkey,"Jump, Banana, Trees, Cute, Animal"
f54a5c1732,Cereal,"refers to food grains that form the staple diet of people,depending upon the its produce in that particular geographical area."
f54a5c1732,Emotion,is a way of expressing feelings
f54a5c1732,Fries,"refers to edibles which are fried in oil, usually deep fried"
f54a5c1732,Steel,"is an alloy of iron and carbon, popular as a construction material"
f54a5c1732,Monkey,"is an animal,also referred to as the ancestors of humans, often characterized by intelligence"
4d213992b5,Cereal,"BABY,MONTHLY FOOD,NUTRITIONAL FOOD,SUPPLEMENT FOOD,CERELAC,DHALL,ROYAL OATS,WHEAT,RICE"
4d213992b5,Emotion,"ANGRY,SUSPENSE,COOL,CALM,HAPPY,SMILING,EXPECTATION,EXCITEMENT"
4d213992b5,Fries,"CHICKEN,MUTTON,NOODLES,KABAB,SAURMA CHICKEN,FRIED CHICKEN,FRIED RICE."
4d213992b5,Steel,"HOUSE,CONSTRUCTION,STAINLESS STEEL,WATCH STRAP,USE TO BUILD HOUSE,USED AS SCALE,USED AS FASHION JEWELLERY."
4d213992b5,Monkey,"AN ANIMAL,JUMPING FROM TREE TO TREE,EATING BANANA,HAVE TAIL,LIVING IN TREE,LIVING IN FOREST,LIVING IN TEMPLES,LION TAILED."
2622f61522,Cereal,"food grain, grain, cereal grass"
2622f61522,Emotion,"Emotional, Extreme Behavior, love, hate"
2622f61522,Fries,"chips, french-fried potatoes, french fries"
2622f61522,Steel,"blade, brand, sword, nerve"
2622f61522,Monkey,"Imp, rapscallion, rascal, scalawag, scallywag, scamp, mess around,"
a99eff3ef7,Cereal,the grasses producing grain
a99eff3ef7,Emotion,An emotion is a mental state that is spontaneous and does not come from conscious effort
a99eff3ef7,Fries,cooking of chicken or flesh in a pan
a99eff3ef7,Steel,"a hard, tough metal composed of iron"
a99eff3ef7,Monkey,a monkey is a mammal belonging to the order Primates
5cf41e6737,Cereal,rice
5cf41e6737,Emotion,sence
5cf41e6737,Fries,food
5cf41e6737,Steel,alloy
5cf41e6737,Monkey,animal
bee7f2ab27,Cereal,"AN EDIBLE GRAIN,   A BREAKFAST FOOD,"
bee7f2ab27,Emotion,"EXCITEMENT,  PASSION,  SENTIMENT,"
bee7f2ab27,Fries,A CRISP
bee7f2ab27,Steel,"TEMPERED IRON, KNIFE, BLADE"
bee7f2ab27,Monkey,"AN ANIMAL, CREATURE CLIMBING ON TREES"
a7cd587df0,Cereal,"bran, breakfast food, corn, grain, oats, rice"
a7cd587df0,Emotion,"affect, feeling, mental state,"
a7cd587df0,Fries,"french fry, brown, sear, bake, barbecue"
a7cd587df0,Steel,"metal,"
a7cd587df0,Monkey,"brown animal that eats banana, lives on trees,"
619c379252,Backpack,"school, student, zippers, holds books, travel"
619c379252,Elect,"to vote for, president, elections, polls, votes"
619c379252,Sympathetic,"to feel bad for, to understand someone's pain"
619c379252,Kitchen,"a place inside of a home that is used to cook and store food, chef's ideal place"
619c379252,Service,"something that is available from a business to consumer,"
a99eff3ef7,Backpack,"a piece of equipment, as a radio transmitter, used while being carried on the back"
a99eff3ef7,Elect,given preference
a99eff3ef7,Sympathetic,Sympathetic means feeling compassion for someone or a situation
a99eff3ef7,Kitchen,a room or place or the equipment for the preparation and cooking of food
a99eff3ef7,Service,Service is work done for others or repairs provided
8298f6c5c0,Backpack,"A large bag that is used to carry when camping, at the gym, or for school."
8298f6c5c0,Elect,"When you select, vote, or pick the politician or president of choice for your community or nation."
8298f6c5c0,Sympathetic,When you show compassion for something or someone
8298f6c5c0,Kitchen,A place in your home where you cook
8298f6c5c0,Service,An establishment's main priority
7c3ee16479,Backpack,a rucksack
7c3ee16479,Elect,to choose a person for a particular job or election
7c3ee16479,Sympathetic,"describes someone who shows, especially by what they say,that they understand and care about someone's sufferings"
7c3ee16479,Kitchen,a room where food is prepared and kept
7c3ee16479,Service,a system or organisation that provides for a basic public need
86dc19ebbd,Backpack,"pack, bag,rucksack"
86dc19ebbd,Elect,"choose, opt, select"
86dc19ebbd,Sympathetic,"kind, caring, concerned"
86dc19ebbd,Kitchen,"part of house, cooking"
86dc19ebbd,Service,"repair, check, examine"
2b15616b23,Backpack,a pack carried on the back
2b15616b23,Elect,to select
2b15616b23,Sympathetic,emotion or kind of felling
2b15616b23,Kitchen,a place where cooking takes place
2b15616b23,Service,a work
96824489d6,Backpack,"bag,carry,compact,school,students"
96824489d6,Elect,"select,election,one who select for the main position"
96824489d6,Sympathetic,"kind,feeling,expressing"
96824489d6,Kitchen,"cooking,house,oven,gas stove,food,wash basin"
96824489d6,Service,"work,police service,serve for the country,mother Teresa,service for the people,vehicle,work shop"
5923ae5b82,Backpack,"A knapsack, often mounted on a lightweight frame, that is worn on a person's back, as to carry camping supplies"
5923ae5b82,Elect,To select by vote for an office or for membership
5923ae5b82,Sympathetic,expressing or feeling or resulting from sympathy or compassion or friendly fellow feelings
5923ae5b82,Kitchen,A room or an area equipped for preparing and cooking food
5923ae5b82,Service,The act of serving; the occupation of a servant; the performance of labor for the benefit of another
6c04a7f4c1,Backpack,to see the defected things
6c04a7f4c1,Elect,to selection any thing
6c04a7f4c1,Sympathetic,feeling pain na t someone
6c04a7f4c1,Kitchen,cooking room
6c04a7f4c1,Service,to do help
5cf41e6737,Backpack,back space
5cf41e6737,Elect,not selected
5cf41e6737,Sympathetic,kindness
5cf41e6737,Kitchen,room for cooking
5cf41e6737,Service,employment
6b2ac0ef88,Backpack,which is worn on a person's back
6b2ac0ef88,Elect,select by vote
6b2ac0ef88,Sympathetic,feeling of sympathy
6b2ac0ef88,Kitchen,place used for cooking food
6b2ac0ef88,Service,assistance
b51378192c,Backpack,"Backpack:is School backpacks,a piece of equipment designed to be used while being carried on the back."
b51378192c,Elect,"Elect:God's elect,Elect the dead,to choose or select by vote, as for an office: to elect a mayor."
b51378192c,Sympathetic,"Sympathetic:is Sympathetic magic,Sympathetic nerve,characterized by, proceeding from, exhibiting, or feeling sympathy, sympathizing."
b51378192c,Kitchen,"Kitchen:a room or place equipped for cooking,Kitchen cabinets,Kitchen designs"
b51378192c,Service,"Service:is an act of helpful activity, help, Service canada,Service industry,Service business,Service learning"
cdf81c2126,Backpack,a piece of equipment designed to be used while being carried on the back
cdf81c2126,Elect,"to choose or select by vote, as for an office"
cdf81c2126,Sympathetic,"characterized by, proceeding from, exhibiting, or feeling sympathy"
cdf81c2126,Kitchen,a room or place equipped for cooking
cdf81c2126,Service,an act of helpful activity
d6fbaf0859,Backpack,bag to carry all you things in one
d6fbaf0859,Elect,to vote or to choose among candidates
d6fbaf0859,Sympathetic,"to feel for, to feel the same towards"
d6fbaf0859,Kitchen,a part of the house where food is being prepared and served
d6fbaf0859,Service,"job, work"
1c7639828f,Backpack,"A knapsack, often mounted on a lightweight frame, a cloth sack carried on one's back ,"
1c7639828f,Elect,"to choose ,  select by vote, to determine in favor of"
1c7639828f,Sympathetic,"expressing sympathy, Favorably inclined, exhibiting sympathy"
1c7639828f,Kitchen,"a room for coocking food, culinary department, place equipped for cooking"
1c7639828f,Service,"an activity, non profit, an act of helpful activity"
186db71701,Backpack,"a kind of knapsack,often attached to light weight frame,worn by champers or hikers ,a piece of equipment,as a radio transmitter,used while being carried on the back.an astronaut's pack used in the extravehicular activities to provide life support system and locomotion. a scientific instrument pack attached to people wild animals etc. to monitor their physical conditions ,locations etc."
186db71701,Elect,"chosen,given preference ,elected but not yet installed in office,usually used in combination.to select someone by voting.select."
186db71701,Sympathetic,"sympathetic means feeling compassion for someone or a situation,or connected by a manual feeling or passion,an example for sympathetic is a person who feels badly for a friend who lost her job.pitying,loving,considerate,"
186db71701,Kitchen,"a room or place or the equipment for the preparation and cooking food,a staff that cooks food and serve .scullery,pantry,larder,cuisine"
186db71701,Service,"service is a work done for others or repair provide .assistance,help,like religious service,worship,sermon,military services,like army,duty,active services,keep up,keep safe."
cc0fd23c05,Backpack,"packsack, rucksack, haversack, knapsack"
cc0fd23c05,Elect,"alternative, choice, election, option, pick, preference, resource"
cc0fd23c05,Sympathetic,"kindly, benevolent, likable, likeable, good-hearted, harmonic, large-hearted, charitable, appealing, openhearted"
cc0fd23c05,Kitchen,"automat
bakehouse
bakery
beanery
bistro
buffet
buvette
caboose
cafe
cafeteria
camboose"
cc0fd23c05,Service,"divine service, help, religious service, table service, serving, serve, military service, service of process, avail, inspection and repair, overhaul, servicing, armed service"
153fbbab45,Backpack,We backpacked around Thailand.
153fbbab45,Elect,The Government is elected for a five-year term of office.
153fbbab45,Sympathetic,"He suffers from back trouble too, so he was very sympathetic  about  my problem."
153fbbab45,Kitchen,"We usually eat breakfast in the kitchen.   
  the kitchen table"
153fbbab45,Service,We hope to be  operating  a normal service as soon as possible.
698904a657,Backpack,"hiking, climb, exercise, walk, excursion, nature"
698904a657,Elect,"choose, vote for, representative, candidate, politics"
698904a657,Sympathetic,"feel for, understand, agree with, commiserate"
698904a657,Kitchen,"cook, bake, food, prepare food, warmth"
698904a657,Service,"help, assistance"
2622f61522,Backpack,"back pack, haversack, knapsack, packsack, rucksack, pack"
2622f61522,Elect,"chosen, elite"
2622f61522,Sympathetic,"harmonic, benevolent, charitable, good-hearted, kindly, large-hearted, openhearted, appealing, likable, likeable"
2622f61522,Kitchen,"Food, mother, food making, clean place."
2622f61522,Service,"inspection and repair, overhaul, service of process, serving, serve,"
075bbbca89,Backpack,"noun a rucksack. 
	verb [usually as noun backpacking] travel or hike carrying one's belongings in a rucks"
075bbbca89,Elect,"1	choose (someone) to hold a position, especially public office, by voting. 
2	opt for or choose to do something. 
3	Christian Theology (of God) choose (someone) in preference to others for salvation."
075bbbca89,Sympathetic,"1	feeling, showing, or expressing sympathy. showing approval of an idea or action. 
2	likeable. designed in a sensitive or fitting way. 
3	Physiology relating to or denoting the part of the autonomic nervous system supplying the internal organs, blood vessels, and glands, and balancing the action of the parasympathetic nerves. 
4	of or denoting an effect which arises in response to a similar action elsewhere."
075bbbca89,Kitchen,"1	a room where food is prepared and cooked. 
2	informal the percussion section of an orchestra. 
3	[as modifier] (of a language) in an uneducated or domestic form: kitchen Swahili."
075bbbca89,Service,1	the action or process of serving. an act of assistance. a period of employment with a company or organization: he retired after 40 years' service. (often in hrs in or out of service) use for a particular purpose. (often in phrase in service) employment as a servant.
33f9438463,Backpack,"a pack or knapsack, often of canvas or nylon, to be carried on one's back, sometimes supported on a lightweight metal frame strapped to the body; a piece of equipment designed to be used while being carried on the back. .  a rucksack or knapsack; a pack carried on the back of an astronaut, containing oxygen cylinders, essential supplies, etc. to travel about or go hiking with a backpack; to transport (food or equipment) by backpack"
33f9438463,Elect,"to choose or select by vote, as for an office: to elect a mayor; to determine in favor of (a method, course of action, etc.). to pick out; choose: First-year students may elect French, Spanish, or German. Theology . (of God) to select for divine mercy or favor, especially for salvation; to choose (someone) to be (a representative or a public official) by voting: they elected him Mayor; to select; choose: to elect to die rather than surrender; to select or predestine for the grace of salvation; voted into office but not yet installed: the president elect; chosen or choice; selected or elite;  Christianity; selected or predestined by God to receive salvation;"
33f9438463,Sympathetic,"characterized by, proceeding from, exhibiting, or feeling sympathy; sympathizing; compassionate: a sympathetic listener; acting or affected by, of the nature of, or pertaining to a special affinity or mutual relationship; congenial: With their many similar tastes, he found her a most sympathetic companion; looking upon with favor (often followed by to  or toward ): She is sympathetic to the project; Anatomy,  Physiology; pertaining to that part of the autonomic nervous system consisting of nerves that arise from the thoracic and lumbar regions of the spinal cord, and functioning in opposition to the parasympathetic system, as in stimulating heartbeat, dilating the pupil of the eye, etc. 
b. Obsolete . pertaining to the autonomic nervous system in its entirety. 
5. Physics . noting or pertaining to vibrations, sounds, etc., produced by a body as the direct result of similar vibrations in a different body."
33f9438463,Kitchen,a room or place equipped for cooking; culinary department; cuisine: This restaurant has a fine Italian kitchen; the staff or equipment of a kitchen.
33f9438463,Service,"an act of helpful activity; help; aid: to do someone a service; the supplying or supplier of utilities or commodities, as water, electricity, or gas, required or demanded by the public; the providing or a provider of commodation and activities required by the public, as maintenance, repair, etc.: The manufacturer guarantees service and parts; the organized system of apparatus, appliances, employees, etc., for supplying some accommodation required by the public: a television repair service. the supplying or a supplier of public communication and transportation: telephone service; bus service."
ab266a6b3c,Backpack,"a sack, related to carrying things"
ab266a6b3c,Elect,"to select, to be nominated, candidates are elected in elections"
ab266a6b3c,Sympathetic,"kind, soft, a kind of behaviour"
ab266a6b3c,Kitchen,"food is cooked here, has cabinets, has utensils available, grocery is placed here"
ab266a6b3c,Service,"to help, to render assistance, to serve"
0da623e05b,Backpack,a pack of knapsack
0da623e05b,Elect,select by vote
0da623e05b,Sympathetic,being worried about
0da623e05b,Kitchen,a place to cook food
0da623e05b,Service,helping others
3ffa10e4f4,Backpack,"its used for the kids in school,for carying books,for transporting things,have two straps and it can be made from a different materials."
3ffa10e4f4,Elect,"its a God given choice to choose or to decide by election.its used in the courts,governments,schools,etc."
3ffa10e4f4,Sympathetic,"its about feelings from another person's charisma,expressing the beauty ."
3ffa10e4f4,Kitchen,"can be made from steel,wood,metal.Its used for making food and cooking."
3ffa10e4f4,Service,there are a lot of different services to serve the people with their help for money.
b0af56c46c,Backpack,luggage worn back
b0af56c46c,Elect,"select, choose"
b0af56c46c,Sympathetic,helping
b0af56c46c,Kitchen,place to cook
b0af56c46c,Service,"helping, offering"
76d16651af,Backpack,"luggage, carry-all, what students have, carries books, canvas, has pockets, has straps,"
76d16651af,Elect,"vote, public office, public position, politicians, running for office, forums, voting booth, tabulations, announcement of results"
76d16651af,Sympathetic,"warm, understanding, empathy, feel the same way, agree with,"
76d16651af,Kitchen,"room in house, cooking, has drawers and cabinets, has oven & stovetop, cutlery, delicious smells, processes food, makes food edible, heat up food, has spices,"
76d16651af,Service,"helping someone out, deal with customers, represent company, provide information, social work,"
95e2618c28,Backpack,"A knapsack, often mounted on a lightweight frame, that is worn on a person's back, as to carry camping supplies."
95e2618c28,Elect,"To select by vote for an office or for membership.,To pick out"
95e2618c28,Sympathetic,"Of, expressing, feeling, or resulting from sympathy,Favorably inclined"
95e2618c28,Kitchen,A room or an area equipped for preparing and cooking food A style of cooking; cuisine
95e2618c28,Service,"Employment in duties or work for another, as for a government"
f62e2a0e07,Backpack,"bookbag, carried on one's back"
f62e2a0e07,Elect,"pick, select someone into a position"
f62e2a0e07,Sympathetic,"show concern, understanding"
f62e2a0e07,Kitchen,"place to prepare and cook food in, gathering spot"
f62e2a0e07,Service,"give or provide someone with something, customer service"
ed12f022a1,Backpack,"a cloth or leather carrying case for books, or other items. A sack that you wear or carry on your back."
ed12f022a1,Elect,To choose by voting and getting a unanimous decision.
ed12f022a1,Sympathetic,To show sympathy or pity for someone even if you have not experienced their plight yourself.
ed12f022a1,Kitchen,A room for cooking. Usually has a stove or oven possibly a microwave and a refrigerator.
ed12f022a1,Service,"A deed or favor that you do for someone to help them, either voluntary or for money."
687a64124e,Backpack,"A knapsack, often mounted on a lightweight frame, that is worn on a person's back, as to carry camping supplies."
687a64124e,Elect,One that is chosen or selected.
687a64124e,Sympathetic,"Relating to or being vibrations, especially musical tones, produced in one body by energy from a nearby vibrating body and having the same frequency as the vibration of the near"
687a64124e,Kitchen,A room or an area equipped for preparing and cooking food.
687a64124e,Service,To be ready to help or be useful.
b71a0177ea,Backpack,"Ba, grp, hide, leather, excursion, tour, trip, walk, travel, stroll, burden, baggage, luggage, briefcase, suite case, travel bag, haversack"
b71a0177ea,Elect,"accept, admit, appoint, ballot, designate, determine, judge, mark, resolve, settle, take, tap, vote, nominate, pick, resolve"
b71a0177ea,Sympathetic,"kindly, benevolent, likable, good-hearted, sensitive, soft hearted, large-hearted, charitable, appealing, openhearted, affectionate, appreciating, warm"
b71a0177ea,Kitchen,"canteen, cook's room, cookery, cook house, cuisine, eat-in, gallery, kitchnette, mess, scullery"
b71a0177ea,Service,"account, advantage,assistance, avail, benefit, business, duty, employ, labour, maintenance, office, kindness, employment, supply, servicing"
eb09612a37,Backpack,PACK IN BACK
eb09612a37,Elect,SELECT
eb09612a37,Sympathetic,SEEN
eb09612a37,Kitchen,FOOD PREPARE PLACE
eb09612a37,Service,SERVE
99822f0efe,Backpack,"Sack, bookbag, tote, school, hiking"
99822f0efe,Elect,"Vote, choose, ballot, race"
99822f0efe,Sympathetic,"Understanding, caring, compassionate"
99822f0efe,Kitchen,"Cooking, baking, oven, apron, prepare food, table, eat, dishes"
99822f0efe,Service,"Work, repair, fix, donate time, help"
6e487b9cb7,Backpack,Shoulder bag which uses to carry some things.
6e487b9cb7,Elect,To select by vote.
6e487b9cb7,Sympathetic,different things in different contexts
6e487b9cb7,Kitchen,Place to cook
6e487b9cb7,Service,work done by one person
af2803583c,Backpack,a bag carried by a strap on your back or shoulder.
af2803583c,Elect,To select by vote for an office or for membership.
af2803583c,Sympathetic,relating to vibrations that occur as a result of vibrations in a nearby body
af2803583c,Kitchen,A room or an area equipped for preparing and cooking food.
af2803583c,Service,the occupation of a servant
6c7df926ad,Backpack,back to back
6c7df926ad,Elect,"india elect to bat,selet"
6c7df926ad,Sympathetic,this is a sympathetic matter
6c7df926ad,Kitchen,"cooking place, i go to kitchen"
6c7df926ad,Service,"a help, police srvice, service gives responsibility"
a4da035c8e,Backpack,"related to back, something carried on back, walking with it."
a4da035c8e,Elect,"to vote for some one, choose."
a4da035c8e,Sympathetic,"feel bad, helping,"
a4da035c8e,Kitchen,"cook, washing utensils"
a4da035c8e,Service,"delivering, work, providing"
e180b38ede,Backpack,carrying things on the back
e180b38ede,Elect,To vote for a good citizen
e180b38ede,Sympathetic,emotion
e180b38ede,Kitchen,A place for cooking
e180b38ede,Service,Helping others for money
46db8237d3,Backpack,A piece of equipment designed to be used while being carried on the back
46db8237d3,Elect,To choose or select someone or something as by voting
46db8237d3,Sympathetic,Looking upon with favor(often followed by to or toward)
46db8237d3,Kitchen,Culinary department;cuisine
46db8237d3,Service,An act of helpful activity;aid to do someone a service
ab6d427bc7,Backpack,"Backpack: A bag, often supported by a metal frame, with shoulder straps that allow it to be carried on someone's back."
ab6d427bc7,Elect,"Elect: chosen: an exclusive group of people; ""one of the elect who have power inside the government""."
ab6d427bc7,Sympathetic,"Sympathetic: Feeling, showing, or expressing sympathy"
ab6d427bc7,Kitchen,Kitchen: A room or area where food is prepared and cooked.
ab6d427bc7,Service,Service: The action of helping or doing work for someone.
fd1a1cbbc3,Backpack,"knapsack, rucksack, backpack, packsack, haversack, back pack"
fd1a1cbbc3,Elect,"elect, chosen"
fd1a1cbbc3,Sympathetic,"kindly, benevolent, likable, likeable, good-hearted, harmonic, large-hearted, charitable, appealing, openhearted"
fd1a1cbbc3,Kitchen,a room equipped for preparing meals
fd1a1cbbc3,Service,"divine service, help, religious service, table service, serving, serve, military service, service of process, avail, inspection and repair, overhaul, servicing, armed service"
ebc4f95447,Backpack,pocket in back
ebc4f95447,Elect,select
ebc4f95447,Sympathetic,seen create
ebc4f95447,Kitchen,cooking room
ebc4f95447,Service,experience
e97ff5f954,Backpack,A BAG FOR TREKKING/a bag carried on your back
e97ff5f954,Elect,give the power to someone
e97ff5f954,Sympathetic,thoughtful and caring/feeling the pain of others
e97ff5f954,Kitchen,a place where food is prepared and kept
e97ff5f954,Service,to repair/help/assist
b0af56c46c,Brave,courage
b0af56c46c,Value,grade
b0af56c46c,Foot,feet
b0af56c46c,Many,more
b0af56c46c,Prison,jail
76d16651af,Brave,"strong, has courage, does things other people are afraid to, quality that firemen and police have,"
76d16651af,Value,"what something is worth, intrinsic worth,"
76d16651af,Foot,"measurement, 12 inches, how height is measured, how distance is measured,"
76d16651af,Many,"more than a few, a lot, a crowd,"
76d16651af,Prison,"confinement, cells, place for criminals housed, security checks, punishment, isolation, brutal, has bunk beds, communal meals, divided into sections, iron bars,"
eece1523fc,Brave,"bold,interpid,daring,dauntless,imprudent,withstand,indomitable.adventurous,courageous."
eece1523fc,Value,"cost,price,worth,distinction,consequence,connotation,superiority,implication,significance,interpretation."
eece1523fc,Foot,"foundation,bottom,square,nadir,"
eece1523fc,Many,"multifarious,multitudinous,myraid,divers,sundry,various,countless,plentiful,bountiful,abounding,innumerable."
eece1523fc,Prison,"jail,keep,confinement."
7c3ee16479,Brave,showing no fear of dangerous
7c3ee16479,Value,amount of money which can be received for something
7c3ee16479,Foot,part of body at the bottom of leg
7c3ee16479,Many,a large number
7c3ee16479,Prison,a building where criminals are forced to live as punishment
075bbbca89,Brave,"adjective having or showing courage. 
	noun dated an American Indian warrior. 
	verb endure or face (unpleasant conditions) with courage."
075bbbca89,Value,"1	the regard that something is held to deserve; importance or worth. material or monetary worth. the worth of something compared to its price: at £12.50 the book is good value. 
2	(values) principles or standards of behavior. 
3	the numerical amount denoted by an algebraic term; a magnitude, quantity, or number. 
4	Music the relative duration of the sound signified by a note. 
5	Linguistics the meaning of a word or other linguistic unit. the sound represented by a letter or symbol. 
6	the relative degree of lightness or darkness of a color."
075bbbca89,Foot,"1	the lower extremity of the leg below the ankle, on which a person or animal stands or walks. literary manner or speed of walking or running: fleet of foot. [treated as plural] British infantry; foot soldiers. 
2	a projecting part on which a piece of furniture or each of its legs stands."
075bbbca89,Many,"determiner, pronoun, & adjective (more, most) a large number of. 
	noun [as plural noun the many] the majority of people."
075bbbca89,Prison,noun a building for the confinement of criminals or those awaiting trial.
a4da035c8e,Brave,"intelligent, clever, sign of good human being"
a4da035c8e,Value,"worth, importance, can be related to family issues."
a4da035c8e,Foot,"related to height, part of leg"
a4da035c8e,Many,"quantity, majority,"
a4da035c8e,Prison,"jail, where prisoners are kept."
ebc4f95447,Brave,belive
ebc4f95447,Value,mark
ebc4f95447,Foot,feet
ebc4f95447,Many,some
ebc4f95447,Prison,mirror
50535a4e82,Brave,"It's a feeling,courage to do or say,daring,ready to face danger or challange"
50535a4e82,Value,"it could be amount, worth, quality, a person's principles"
50535a4e82,Foot,"Body part of human beings,birds,animals,one or two pairs, use to walk, stand, run,  has fingers"
50535a4e82,Many,"numerous, more than one, countable or uncountable"
50535a4e82,Prison,"place to keep people who committed crime, rooms made of bricks, has iron door,"
95e2618c28,Brave,"Possessing or displaying courage; valiant,Making a fine display; impressive or showy"
95e2618c28,Value,"An amount, as of goods, services, or money, considered to be a fair and suitable equivalent for something else; a fair price or return"
95e2618c28,Foot,The lower extremity of the vertebrate leg that is in direct contact with the ground in standing or walking
95e2618c28,Many,"Being one of a large indefinite number; numerous,mounting to or consisting of a large indefinite number"
95e2618c28,Prison,"A place for the confinement of persons in lawful detention, especially persons convicted of crimes"
698904a657,Brave,"valiant, bravado, fearless, courage"
698904a657,Value,"worth, price, meaning"
698904a657,Foot,"toes, feet, balance, walk"
698904a657,Many,"a lot, a few, enough, various"
698904a657,Prison,"jail, crime, locked up, dangerous"
b51378192c,Brave,"Brave:is making a fine appearance,Brave people,Being brave"
b51378192c,Value,"Value:is relative worth, merit,importance,equivalent worth or return in money, material, services."
b51378192c,Foot,"Foot:is the terminal part of the leg, below the ankle joint, on which the body stands and moves."
b51378192c,Many,"Many:is A lot,Few,Several,Numerous,many people"
b51378192c,Prison,"Prison:is a building for the confinement of persons held while awaiting trial, persons sentenced after conviction,Prison life,Prison break."
fd1a1cbbc3,Brave,a North American Indian warrior
fd1a1cbbc3,Value,"economic value, note value, time value"
fd1a1cbbc3,Foot,"fundament, understructure, base, foot, human foot, infantry, ft, foundation, metrical foot, groundwork, substructure, metrical unit, invertebrate foot, pes, animal foot"
fd1a1cbbc3,Many,amounting to a large but indefinite number
fd1a1cbbc3,Prison,"prison house, prison"
eb09612a37,Brave,BRILLIANT
eb09612a37,Value,RATE
eb09612a37,Foot,FEET
eb09612a37,Many,SOME
eb09612a37,Prison,MIRROR
0952df59a8,Brave,Brave:means able to face any danger quality of a person to endure disgrace or pain.
0952df59a8,Value,"Value:is something well worth the money spent,worth ,effectiveness."
0952df59a8,Foot,"Foot:is the part of the leg below the ankle,lowest part."
0952df59a8,Many,"Many:means a large number,great in number,majority."
0952df59a8,Prison,"Prison:is a place where the prisoners are kept, place of captivity,custody."
61cf21f695,Brave,"ready to face danger,is showing courage"
61cf21f695,Value,"is an importance,is a cost or value"
61cf21f695,Foot,"is a leg , is a base"
61cf21f695,Many,"is a numerous,is a more"
61cf21f695,Prison,"is a gaol,is a calaboose"
6b2ac0ef88,Brave,opposite of coward
6b2ac0ef88,Value,monetary worth
6b2ac0ef88,Foot,part of body
6b2ac0ef88,Many,large number
6b2ac0ef88,Prison,place where prisoners are kept
96824489d6,Brave,"bold,not any fear,courage,stubborn,strong"
96824489d6,Value,"money,expensive,costly"
96824489d6,Foot,"leg,use to walk,fingers,ankle"
96824489d6,Many,"more,plenty,more than one,lot"
96824489d6,Prison,"jail,crime,criminal,killer,judgement,punishment"
2cfb3bdbcd,Brave,strong
2cfb3bdbcd,Value,worth
2cfb3bdbcd,Foot,path
2cfb3bdbcd,Many,more
2cfb3bdbcd,Prison,jail
8298f6c5c0,Brave,someone with courage
8298f6c5c0,Value,someone with core beliefs and morals
8298f6c5c0,Foot,a part of the human body that aids the body to stand up
8298f6c5c0,Many,several
8298f6c5c0,Prison,an institution where criminals stay
eaecffb8af,Brave,"bold,strong,clear mind"
eaecffb8af,Value,"quality,cost,responsibility"
eaecffb8af,Foot,"step,forward,leg"
eaecffb8af,Many,"several,collection,group"
eaecffb8af,Prison,"gail,punishment"
ff148d78f4,Brave,Courageous
ff148d78f4,Value,Worth
ff148d78f4,Foot,Terminal part of leg
ff148d78f4,Many,lots of
ff148d78f4,Prison,A rehabilitation place
4722c98540,Brave,"Super Hero, Spider man, Human, Freedom fighters & Army"
4722c98540,Value,"Human Value, Diamond, Priceless, Amount, Dollars."
4722c98540,Foot,"Inch, Sandals, Shoes, Pedicure & Heels."
4722c98540,Many,"Lot, More, Unlimited, Many happy returns, & Cousins."
4722c98540,Prison,"Jail, Cop, Gun shoot, Murderer & FIR"
5146be6c32,Brave,having or showing courage
5146be6c32,Value,"a fair return or equivalent in goods, services, or money for something exchanged"
5146be6c32,Foot,the terminal part of the vertebrate leg upon which an individual stands
5146be6c32,Many,consisting of or amounting to a large but indefinite numbe
5146be6c32,Prison,a state of confinement or captivity and a place of confinement especially for lawbreakers;
a7cd587df0,Brave,"courage, power, not afraid, daring"
a7cd587df0,Value,"price, charge, cost, profit, rate,"
a7cd587df0,Foot,"hoof, pad, paw, basis, bed"
a7cd587df0,Many,"a lot of, several, numerous, frequent"
a7cd587df0,Prison,"jail, lockup, place where punishment people stay"
99822f0efe,Brave,"Not afraid, strong, courageous"
99822f0efe,Value,"Treasure, price, worth, deal"
99822f0efe,Foot,"Ankle, toes, shoes, socks, walk"
99822f0efe,Many,"Lots, not few, crowd, collection, several"
99822f0efe,Prison,"Jail, penitentiary, cell, criminals, locked, inmates"
9fbbce61dd,Brave,"clever,intelligent,honest,the best"
9fbbce61dd,Value,"respect, cost,price,"
9fbbce61dd,Foot,"leg foot steps, big  foot, symbol"
9fbbce61dd,Many,"more then one, so much, large count,"
9fbbce61dd,Prison,"jail,lockup,quarter guard ,custody"
cc0fd23c05,Brave,"unfearing, venturous, intrepid, courageous, brave, bald-faced, bodacious, braw, unafraid(p), barefaced, brassy, stout, brazen-faced, gay, daring, sturdy, venturesome, insolent, stalwart, fearless, hardy, dauntless, audacious, brazen"
cc0fd23c05,Value,"economic value, note value, time value"
cc0fd23c05,Foot,"fundament, understructure, base, foot, human foot, infantry, ft, foundation, metrical foot, groundwork, substructure, metrical unit, invertebrate foot, pes, animal foot"
cc0fd23c05,Many,"many more , many-sided,  manzanilla"
cc0fd23c05,Prison,"prison house, , prisonlike , prison term,  prissily"
ab266a6b3c,Brave,"bold, without fear, courageous, a quality of humans"
ab266a6b3c,Value,"importance, some weightage, descriptive advantages"
ab266a6b3c,Foot,"a body part, has five fingers, helps in walking"
ab266a6b3c,Many,"plural form, much more, in numbers"
ab266a6b3c,Prison,"behind bars, for criminals, no freedom of move, restriction"
d6fbaf0859,Brave,"courageous,  high spirited"
d6fbaf0859,Value,"to appraise, to give importance to"
d6fbaf0859,Foot,for locomotion  and movement
d6fbaf0859,Many,"not alone, plenty , several"
d6fbaf0859,Prison,a place wherein killers and criminals are being held
210f1c9d9b,Brave,"fearless,bold,valiant"
210f1c9d9b,Value,"measure,quality,judgement"
210f1c9d9b,Foot,"lowest part,inferior part,perade"
210f1c9d9b,Many,"numerous,majority,indefinite number"
210f1c9d9b,Prison,"situtation,criminals,captivity"
153fbbab45,Brave,It was a brave decision to quit her job and start her own business.
153fbbab45,Value,What is the value  of  the prize?
153fbbab45,Foot,I've got a blister on my left foot.
153fbbab45,Many,I don't have many clothes.
153fbbab45,Prison,She  went to/was sent to  prison for six months.
a99eff3ef7,Brave,Brave means having courage
a99eff3ef7,Value,"Value is the worth in goods, services or money of an object or person"
a99eff3ef7,Foot,A foot is the end or last of something or 12 inches
a99eff3ef7,Many,"Many describes an indefinite, large number of people or things"
a99eff3ef7,Prison,a place where persons are confined
2622f61522,Brave,"brave out, endure, weather, audacious, dauntless, fearless, hardy, intrepid, unfearing, courageous, braw, gay"
2622f61522,Value,"economic value, note value, time value, rate, appraise, assess,"
2622f61522,Foot,"animal foot, invertebrate foot, base, foundation, fundament, groundwork,"
2622f61522,Many,"Several, a lot of"
2622f61522,Prison,A place where prisoner lives. Lack of freedom.
6c04a7f4c1,Brave,intellegent
6c04a7f4c1,Value,importance
6c04a7f4c1,Foot,legs
6c04a7f4c1,Many,so many things
6c04a7f4c1,Prison,jail
ed12f022a1,Brave,bold. fearless. a superhero would be this way
ed12f022a1,Value,what something is worth. varies from person to person if sentimental. but monetary value is pretty standard
ed12f022a1,Foot,used for walking. has toes. a limb attached to an ankle or leg. like hands but for your bottom half
ed12f022a1,Many,not few. a large amount of something. maybe a group of things
ed12f022a1,Prison,"jail. a place for criminals to go. has security bars, fences, doors, cameras. keeps criminals in and others out"
e97ff5f954,Brave,not scared/courageous/not timid
e97ff5f954,Value,having worth/principle
e97ff5f954,Foot,part of the body used for walking/pay the charge or the total expense for someone else
e97ff5f954,Many,not few/ a lot
e97ff5f954,Prison,a place were criminals and those convicted are kept/a place for most of the antisocial elements/not free
cdf81c2126,Brave,making a fine appearance
cdf81c2126,Value,relative worth
cdf81c2126,Foot,such a part considered as the organ of locomotion
cdf81c2126,Many,constituting or forming a large number
cdf81c2126,Prison,any place of confinement or involuntary restraint
63632b8010,Brave,pain
63632b8010,Value,"valuation, estimation of a things worth"
63632b8010,Foot,part of leg
63632b8010,Many,more number of
63632b8010,Prison,place of captivity
bba2068b29,Brave,able to face and deal with danger or without fear
bba2068b29,Value,numerical quantity measured or assigned or computed
bba2068b29,Foot,he lower part of anything
bba2068b29,Many,too much
bba2068b29,Prison,a correctional institution where persons are confined while on trial or for punishment
5cf41e6737,Brave,veer
5cf41e6737,Value,payment
5cf41e6737,Foot,human body part
5cf41e6737,Many,alot thing
5cf41e6737,Prison,jail
af2803583c,Brave,"Bold, courageous, daring, intrepid,"
af2803583c,Value,"An amount, as of goods, services, or money, considered to be a fair and suitable equivalent for something else"
af2803583c,Foot,The terminal part of the leg of man or an animal
af2803583c,Many,A large or considerable number.
af2803583c,Prison,"A place for the confinement of persons in lawful detention, especially persons convicted of crimes."
6be52007c6,Brave,"war: bold, brave,heroic means able or ready to endure danger, pain. a N American Aboriginal warrior."
6be52007c6,Value,"relative worth or importance.denomination, as of a monetary issue."
6be52007c6,Foot,"the terminal part of the leg, below the ankle joint, on which the body stands and moves."
6be52007c6,Many,"""how many more"" indicates that you are finding the difference. So if you subtract the smaller value from the larger value, you will find the difference, or how many more one quantity has than another."
6be52007c6,Prison,Stay: A temporary suspension or injunction of an action or process by a usually discretionary judicial or executive order. Usually this means that prison is postponed for a certain length of time
86dc19ebbd,Brave,"courage, bold, fearless"
86dc19ebbd,Value,"worth, price, cost"
86dc19ebbd,Foot,"base, bottom, end"
86dc19ebbd,Many,"lots off, numerous, countless"
86dc19ebbd,Prison,"jail, reformatory"
b71a0177ea,Brave,"bold, adventurous, audacious, chin-up, chivalrous, confident, courageous, daring, dashing,fearless, firm, heroic, dangerous, hazardous, headstrong"
b71a0177ea,Value,"worth,amount, appraisal, charge, cost, equivalent, expense, market price, monetary worth, price, profit, rate"
b71a0177ea,Foot,"hoof, pad, paw, nails, toes, fingers, bones"
b71a0177ea,Many,"abundant, bountiful, countless, numberless, numerous, several, various, multifold, multiplied, plentiful"
b71a0177ea,Prison,"confinement, guardhouse, jail, lockup, solitary, confine, put behing bars, imprison"
76d16651af,When,"time something happens, descriptive of situation"
76d16651af,Disappear,"gone, missing, was once there and now is not, loss,"
76d16651af,Front,"foremost, prominent, part of building that is most evident,"
76d16651af,Meet,"see someone, acknowledge a person, appointment to see someone at certain time, greeting, shake hands, recognize a friend"
76d16651af,Scary,"frightening, raise adrenaline, causing fear and anxiety, causing panic"
6b2ac0ef88,When,at what time
6b2ac0ef88,Disappear,vanish
6b2ac0ef88,Front,opposite of back
6b2ac0ef88,Meet,get together
6b2ac0ef88,Scary,which scares
698904a657,When,"at what time, at the time"
698904a657,Disappear,"vanish, lost, went missing"
698904a657,Front,"charade, act, false"
698904a657,Meet,"introduce, join with, know"
698904a657,Scary,"horror, frightening, fearful, terrifying"
eb09612a37,When,WHERE
eb09612a37,Disappear,HIDE
eb09612a37,Front,BEGIN
eb09612a37,Meet,CONFERENCE
eb09612a37,Scary,TAKE
619c379252,When,"a certain time period, question"
619c379252,Disappear,to vanish
619c379252,Front,not behind
619c379252,Meet,interact with someone for the first time
619c379252,Scary,"afraid, fear, gruesome, scream"
eece1523fc,When,"while,during,although,albiet,whereas,meanwhile."
eece1523fc,Disappear,"withdraw,dissipate,disperse,dissolve,abandon,abscond,retreat,fade."
eece1523fc,Front,"expression,carriage,demeanor,vanguard,overlook,encounter,countenance."
eece1523fc,Meet,"competiotion,appropriate,felicitous,congregate,rendezvous,experience,applicable."
eece1523fc,Scary,"intimidating,horrendous,shocking,alarming,chilling,spooky,creepy."
fa3c004b84,When,"time, where, clock, watch"
fa3c004b84,Disappear,"panic, scared, lost, cry, tears, anger,"
fa3c004b84,Front,"face, forward, chest, directional,"
fa3c004b84,Meet,"people, event, arrangement, coming together, face-to-face,"
fa3c004b84,Scary,"Halloween, ghosts, vampires, zombies, shivering"
5cf41e6737,When,when you do
5cf41e6737,Disappear,does not see
5cf41e6737,Front,samne ana
5cf41e6737,Meet,wait
5cf41e6737,Scary,darr jana
95e2618c28,When,"At the time that, During the time at which"
95e2618c28,Disappear,To pass out of sight; vanish.
95e2618c28,Front,"The forward part or surface, as of a building,The area, location, or position directly before or ahead"
95e2618c28,Meet,"To come upon by chance or arrangement,To be present at the arrival of"
95e2618c28,Scary,"Causing fright or alarm,Easily scared; very timid"
6be52007c6,When,"At what time; at, during, or after the time that; at or just after, the moment that; used relatively."
6be52007c6,Disappear,to go out of sight; to become extinct; to cease to exist; to vanish
6be52007c6,Front,"the foremost part or surface of anything.
2.
the part or side of anything that faces forward: the front of a jacket."
6be52007c6,Meet,a meeting at which a number of athletic contests are held
6be52007c6,Scary,"Causing fright; alarming.
(a.) Subject to sudden alarm.
(n.) Barren land having only a thin coat of grass."
6c04a7f4c1,When,where to indicate
6c04a7f4c1,Disappear,unable to see
6c04a7f4c1,Front,at before us
6c04a7f4c1,Meet,gathering
6c04a7f4c1,Scary,scre of something
f4aa134d33,When,"At what time; at, during, or after the time that; at or just after, the moment that; used relatively."
f4aa134d33,Disappear,to go out of sight; to become extinct; to cease to exist; to vanish
f4aa134d33,Front,"to appear before, the opposite to back or rear, to oppose face to face, to oppose directly,"
f4aa134d33,Meet,"to come in contact with, to perceive,to assemble together, to congregate, To come together with hostile purpose"
f4aa134d33,Scary,"causing fright, alarming, subject to sudden alarm, barren land having only a thin coat of grass, sudden"
46db8237d3,When,At what time or period?
46db8237d3,Disappear,To cease to be seen;vanish from sight.
46db8237d3,Front,The foremost part or surface of anything.
46db8237d3,Meet,To become acquainted with;be introduced to.
46db8237d3,Scary,Causing fright.
c0ab885973,When,specify date
c0ab885973,Disappear,suddenly
c0ab885973,Front,first
c0ab885973,Meet,to appoint someone
c0ab885973,Scary,bomb scare
687a64124e,When,Any incident that happens.people usually say when it happened.
687a64124e,Disappear,"To go away or become lost, esp secretly or without explanation."
687a64124e,Front,To appear before; to meet.
687a64124e,Meet,"To join, or come in contact with; esp., to come in contact with by approach from an opposite direction; to come upon or against, front to front, as distinguished from contact by following and overtaking."
687a64124e,Scary,causing fear or alarm; frightening.
96824489d6,When,"question word,which time the incident occur,time"
96824489d6,Disappear,"vanish,forgot,rubbing"
96824489d6,Front,"first,party,can see,in front of,leading"
96824489d6,Meet,"conference,get together,see some body"
96824489d6,Scary,"ghost,cruel,fear,ugly, Lucifer"
6e487b9cb7,When,At what time.
6e487b9cb7,Disappear,go out of sight.
6e487b9cb7,Front,Ahead.
6e487b9cb7,Meet,To join.
6e487b9cb7,Scary,fear .
a99eff3ef7,When,When describes a point in time and the circumstances under which something occurred
a99eff3ef7,Disappear,To disappear means to no longer be able to be seen
a99eff3ef7,Front,the part of something that faces forward or is regarded as facing forward
a99eff3ef7,Meet,to come upon or encounter
a99eff3ef7,Scary,easily frightened
5cee6644e6,When,When is the holiday
5cee6644e6,Disappear,Its gone
5cee6644e6,Front,path
5cee6644e6,Meet,Get together
5cee6644e6,Scary,Devil
153fbbab45,When,When are you going?
153fbbab45,Disappear,This is a way of life that is fast disappearing.
153fbbab45,Front,The  shop  front occupies a very prominent position on the main street.
153fbbab45,Meet,They met at work.
153fbbab45,Scary,a scary movie/story
bee7f2ab27,When,the time
bee7f2ab27,Disappear,"leave,  depart, vanish"
bee7f2ab27,Front,"forward part,  facade, head of line"
bee7f2ab27,Meet,"come across,   assemble,  execute"
bee7f2ab27,Scary,"terrify, frightening, terrorizing"
7c3ee16479,When,at the time at which
7c3ee16479,Disappear,something which we see suddenly went out from our sight
7c3ee16479,Front,which faces forward
7c3ee16479,Meet,to see or speak for the first time
7c3ee16479,Scary,frightening
5225b2e028,When,an iterogative word.
5225b2e028,Disappear,The act of being out of sight.
5225b2e028,Front,The part of an itemed designed to be seen.
5225b2e028,Meet,To introduce one's self to another.
5225b2e028,Scary,A item that causes fear.
2ece3f8886,When,"at what time, occasion, which time, place, from which"
2ece3f8886,Disappear,"not visible, missing, unable to see, disappearance"
2ece3f8886,Front,"side, facing position, direction, in front of, before"
2ece3f8886,Meet,"come together, deal with, assemble, confront, join"
2ece3f8886,Scary,"frightening, dreadful, shocking, by away off"
2622f61522,When,That time.
2622f61522,Disappear,"evaporate, melt, go away, vanish"
2622f61522,Front,"movement, social movement, forepart, front end, battlefront, front line,"
2622f61522,Meet,"sports meeting, encounter, play, take on, fill, fulfil, fulfill, satisfy, adjoin,"
2622f61522,Scary,"chilling, scarey, shivery, shuddery"
99822f0efe,When,"If, time"
99822f0efe,Disappear,"Vanish, gone, missing, magic trick"
99822f0efe,Front,"Not back, row, seat, of the line, first"
99822f0efe,Meet,"Greet, introduce, gather, acquaint"
99822f0efe,Scary,"Fear, horror, nightmare, costumes, movies, scream, terror"
af2803583c,When,At what time
af2803583c,Disappear,To cease to appear or to be perceived
af2803583c,Front,"The forehead or brow, the part of the face above the eyes"
af2803583c,Meet,"To join, or come in contact with"
af2803583c,Scary,Subject to sudden alarm.
ebc4f95447,When,where
ebc4f95447,Disappear,hide
ebc4f95447,Front,begining/first
ebc4f95447,Meet,to confirence
ebc4f95447,Scary,stay
ed12f022a1,When,a denotation of time
ed12f022a1,Disappear,to remove from view
ed12f022a1,Front,first. opposite of back
ed12f022a1,Meet,"to converge. arrive at a place planning to see another person, and they to see you."
ed12f022a1,Scary,something that elicits fear
1c7639828f,When,"at what time, period of time, how long ago"
1c7639828f,Disappear,"vanish, pass away, end gradually"
1c7639828f,Front,"the forward part, visible part, a position"
1c7639828f,Meet,"come by arrangement, encounter, arrival"
1c7639828f,Scary,"fright, alarm, timid"
cc0fd23c05,When,"whelp ,, whence,  when first seen,"
cc0fd23c05,Disappear,"melt, disappear, vaporize, fly, evaporate, go forth, go, vanish, fell, leave, go away, depart"
cc0fd23c05,Front,"strawman, straw man, forepart, front man, battlefront, movement, front line, social movement, figurehead, front end, nominal head, presence,"
cc0fd23c05,Meet,"ensure, project, hit, interpret, examine, look, experience, get word, visualise, take on, come upon, fit, assure, image, fancy, run across, go steady, fulfill, learn, fill, receive, run into, discover, light upon, escort,"
cc0fd23c05,Scary,"scary, shivery, chilling, scarey, shuddery"
5146be6c32,When,"At what time at, during, or after the time that at or just after, the moment that used relatively."
5146be6c32,Disappear,"to cease to be seen, vanish from sight."
5146be6c32,Front,the foremost part or surface of anything.
5146be6c32,Meet,a meeting at which a number of athletic contests are held
5146be6c32,Scary,causing fright or alarm.
8298f6c5c0,When,at the time of
8298f6c5c0,Disappear,when something vanishes
8298f6c5c0,Front,the first side of something
8298f6c5c0,Meet,when you see a person for the first time
8298f6c5c0,Scary,a fearful instance
1398dc46e5,When,helps list the order of events
1398dc46e5,Disappear,"no longer in sight, no longer able to see, vannish"
1398dc46e5,Front,"perceeds, a head of"
1398dc46e5,Meet,"to join, come in contact with,"
1398dc46e5,Scary,"fearful, afide"
86dc19ebbd,When,"at what time, while"
86dc19ebbd,Disappear,"vanish, fade away, evapurate"
86dc19ebbd,Front,"face, frontage"
86dc19ebbd,Meet,"get together, assemble, gather"
86dc19ebbd,Scary,"frightening, terrifying"
5f6fadae3f,When,"time, day, date, duration"
5f6fadae3f,Disappear,"hide, vanish,pass out, exist"
5f6fadae3f,Front,"forward, superiority,forehead, face"
5f6fadae3f,Meet,"join,company,come,arrange,opinion,view"
5f6fadae3f,Scary,"Causing fright,alarm,scared,timid"
4d213992b5,When,"what time exactly ,indicating some time frame, some incident happen."
4d213992b5,Disappear,"not seeing through our eyes,erase,fade,evaporate"
4d213992b5,Front,"forward,indicates some place,showing part,human physiology"
4d213992b5,Meet,"girlfriend,family,shopping,landmark,assembly,conference,sports association"
4d213992b5,Scary,"fear,ghost,jin,shaitan,"
6c7df926ad,When,"when iam doing on work,halo when you going"
6c7df926ad,Disappear,"my work is disappear,now disappear on my friend"
6c7df926ad,Front,"do not parking on frond off this gate, now i am waiting on frond campus"
6c7df926ad,Meet,"i am meet on my teacher , today evening meet my friends"
6c7df926ad,Scary,"my skin is scarn,this food is scarce"
8f659dbf2f,When,questioning word that asks for the time period that an event or action is going to occur in
8f659dbf2f,Disappear,"to vanish, be unseen, hide"
8f659dbf2f,Front,"preface, leading edge, facia, bravado (colloquial)"
8f659dbf2f,Meet,"greet acknowledge, join with, group together"
8f659dbf2f,Scary,"frightening, horrific,"
d6fbaf0859,When,answers the question of time and date or circumtances
d6fbaf0859,Disappear,to leave or to exit
d6fbaf0859,Front,"opposite of back,"
d6fbaf0859,Meet,to see eye to eye
d6fbaf0859,Scary,"horrifying,"
fd1a1cbbc3,When,whelp  whence  when first seen  when  when the time comes  whereabout  whereabouts
fd1a1cbbc3,Disappear,"melt, disappear, vaporize, fly, evaporate, go forth, go, vanish, fell, leave, go away, depart"
fd1a1cbbc3,Front,"strawman, straw man, forepart, front man, battlefront, movement, front line, social movement, figurehead, front end, nominal head, presence, front"
fd1a1cbbc3,Meet,"sports meeting, meet"
fd1a1cbbc3,Scary,"scary, shivery, chilling, scarey, shuddery"
b0af56c46c,When,time
b0af56c46c,Disappear,vanish
b0af56c46c,Front,first
b0af56c46c,Meet,gather
b0af56c46c,Scary,frightening
95e2618c28,Cold,"Having a low temperature,Having a temperature lower than normal body temperature."
95e2618c28,Cop,"A police officer,One that regulates certain behaviors or actions"
95e2618c28,Gather,"To cause to come together; convene,To gain by a process of gradual increase"
95e2618c28,Lot,"A large extent, amount, or number"
95e2618c28,Odd,"Deviating from what is ordinary, usual, or expected; strange or peculiar"
7704b54577,Cold,"cold water,a cold day,cold hands,a cold reply,a cold reception,cold coffee,cold icecream,cold juice,cold luccy,cold floor."
7704b54577,Cop,"Officer of the law,Close of Play,copper,cop abound,"
7704b54577,Gather,"The work keeps piling up,gather some stones,gather speed,Clothing, Personal Arts & Crafts / Knitting & Sewing) Sewing a gather or series of gathers in material."
7704b54577,Lot,"parking area,parking lots,chosen by lot,casting lots,has seen her lots lately,has lots of friends."
7704b54577,Odd,"had some odd dollars left over,forever at odds,    By all odds it is the best film of the year."
b51378192c,Cold,"Cold:Cold (having less heat) refers to the condition or subjective perception of having low temperature. Cold does not exist, it is simply the absence of heat."
b51378192c,Cop,"Cop:Cop is a slang term for a police official.C Object Processor (COP), a superset of the C programming language
Common Operational Picture, a display of relevant troops position and status shared by military commanders"
b51378192c,Gather,"Gather:Hunter-gatherer, a person or a society whose subsistence depends on hunting and gathering of wild foods
Bee (gathering), an old term which describes a group of people coming together for a task
Salon (gathering), a party associated with French and Italian intellectuals"
b51378192c,Lot,"Lot:Lot"", a story by Ward Moore
Land lot, a tract or parcel of land
Parking lot, for automobiles"
b51378192c,Odd,"Odd:Odd is an adjective denoting the quality of being unpaired, occasional, strange or unusual, or a person who is viewed as eccentric."
a7cd587df0,Cold,"arctic, aligd, freeze, ice, frost, fresh, cool"
a7cd587df0,Cop,"fuzz, deputy, flatfoot, policeman,"
a7cd587df0,Gather,"accumulate, assemble, capture, choose, congregate"
a7cd587df0,Lot,"area, block, piece of land, field,"
a7cd587df0,Odd,"atypical, crazy, rare, remarkable, weird"
153fbbab45,Cold,a cold day/house
153fbbab45,Cop,"Quick, run - there's a cop coming!"
153fbbab45,Gather,I went to several libraries to gather information about the scheme.
153fbbab45,Lot,She eats lots of fruit.
153fbbab45,Odd,It 's odd  that  no-one's seen him.
5146be6c32,Cold,cold refers to the condition or subjective perception of having low temperature
5146be6c32,Cop,Cop is a slang term for a police official.
5146be6c32,Gather,a person or a society whose subsistence depends on hunting and gathering of wild foods
5146be6c32,Lot,"A large quantity or number a great deal as, to spend a lot of money lots of people think so"
5146be6c32,Odd,an integer is odd if dividing by two does not yield an integer
ebc4f95447,Cold,winter
ebc4f95447,Cop,colf
ebc4f95447,Gather,collect
ebc4f95447,Lot,more
ebc4f95447,Odd,odd number
eece1523fc,Cold,"arctic,chilly,cool,frigid,frosty,gelid,glacial,icy,climate"
eece1523fc,Cop,"bull,pig,copper,fuzz"
eece1523fc,Gather,"harvest,amass,collect,assemble,congregate,accumulate,"
eece1523fc,Lot,"break,sort,mint,peck,slew,torrent"
eece1523fc,Odd,"strange,odd name,odd behavior"
92cfd37e76,Cold,"ice, goose pimples, water, polar bear, freeze, sneeze, runny nose, flu, snow, blizzard"
92cfd37e76,Cop,"policeman, police car, badge, gun, handcuffs, thief, burglar, the 'good' guy, uniform, police station"
92cfd37e76,Gather,"collect items together, meet, accumulate"
92cfd37e76,Lot,"auction item, many"
92cfd37e76,Odd,"strange, different, numbers 1, 3, 5, not the same"
1398dc46e5,Cold,"ice, snow, low tempertures,"
1398dc46e5,Cop,"police, law enforcement"
1398dc46e5,Gather,"to group, assemble"
1398dc46e5,Lot,a plot of land area
1398dc46e5,Odd,not able to divide evenly useing whole numbers
932ad1fc41,Cold,"flu,weather,ice,coffe,tea."
932ad1fc41,Cop,"police,robbery,protestor."
932ad1fc41,Gather,"information,data,food,oney,group."
932ad1fc41,Lot,"more,lot of happiness,life,money."
932ad1fc41,Odd,"number,date,lifestyle,days."
7c3ee16479,Cold,not hot or warm
7c3ee16479,Cop,a police officer
7c3ee16479,Gather,to collect several things
7c3ee16479,Lot,large amount
7c3ee16479,Odd,strange or unexepected
cc0fd23c05,Cold,"common cold, low temperature, coldness, frigidness, frigidity,"
cc0fd23c05,Cop,"bull's eye, bull, atomic number ,slovenly person, hog, strapper, shit, copper color, papal bull, crap"
cc0fd23c05,Gather,"assembly, gather, assemblage, gathering"
cc0fd23c05,Lot,"push-down list, flock, destiny, bulk, cud, chaw, multitude, upsurge, atomic reactor, pile, quid, deal, spile, smokestack, caboodle, crapper,"
cc0fd23c05,Odd,"uneven, curious, unexpended, unmatched, rum, funny, rummy, unpaired, unmated, left over(p), singular, remaining, leftover, peculiar"
6c04a7f4c1,Cold,which comes in winter season
6c04a7f4c1,Cop,which is used in fileds
6c04a7f4c1,Gather,collection of information
6c04a7f4c1,Lot,many things
6c04a7f4c1,Odd,which is the pervious one item or thing
8298f6c5c0,Cold,when it feels chilly
8298f6c5c0,Cop,a police officer
8298f6c5c0,Gather,to get things together
8298f6c5c0,Lot,a parcel or an area of section
8298f6c5c0,Odd,unusual instance
fd1a1cbbc3,Cold,"chilliness, cold, iciness, common cold, coolness, low temperature, frigidness, frigidity, coldness"
fd1a1cbbc3,Cop,"bull's eye, bull, atomic number 29, slovenly person, hog, strapper, shit, copper color, papal bull, crap, copper, dogshit, blur, hair, tomentum, grunter, horseshit, pig, fuzz, bullshit, bruiser, slob, pig bed, sloven, cop, squealer"
fd1a1cbbc3,Gather,"assembly, gather, assemblage, gathering"
fd1a1cbbc3,Lot,"tidy sum, fortune, fate, peck, mint, band, plenty, batch, raft, quite a little, passel, portion, spate, muckle, pile, good deal, stack, mountain, sight, destiny, deal, caboodle, wad, flock, hatful, mickle, slew, heap, luck, mess, bunch, mass, circumstances, draw, set, great deal, pot, circle"
fd1a1cbbc3,Odd,"left(p), remaining, peculiar, curious, rum, scratchy, odd, mismatched, uneven, singular, unpaired, unexpended, funny, unmated, spotty, left over(p), rummy, unmatched, leftover"
4686890da0,Cold,Not hot...Chilly...Freezing...Breezy...
4686890da0,Cop,"""Cop out""--meaning to get out of something...a Police Officer..."
4686890da0,Gather,"get information, collect data"
4686890da0,Lot,"Christmas Tree Lot, a place to hold and store things..."
4686890da0,Odd,numbers... not even.. strange.. unusual... different
fbcc6f1973,Cop,winter
fbcc6f1973,Gather,collected
fbcc6f1973,Lot,plenty
fbcc6f1973,Odd,one
6be52007c6,Cold,"ctive
1.
having a relatively low temperature; having little or no warmth: cold water; a cold day.
2.
feeling an uncomfortable lack of warmth; chilled: The skaters were cold."
6be52007c6,Cop,"COP means ""Officer of the law"" or ""Close of Play"""
6be52007c6,Gather,"To cause to come together; convene: The teacher gathered the students around the exhibit.
2.
a. To accumulate (something) gradually; amass:"
6be52007c6,Lot,"another word meaning lots is tons, millions, oodles or just lots. 
Hope this"
6be52007c6,Odd,"2. Being in excess of the indicated or approximate number, extent, or degree. Often used in combination."
ab266a6b3c,Cold,"a weather, temperature is low, winter season"
ab266a6b3c,Cop,"policeman, a person for enforcement of law, a diciplinarian"
ab266a6b3c,Gather,"to put together, to combine, to collect"
ab266a6b3c,Lot,"a type of similar things, unit of weight"
ab266a6b3c,Odd,"antonym of even, odd numbers of counting,"
4d213992b5,Cold,"viral infection,low tempereature,like running nose, feeling like cough"
4d213992b5,Cop,"The Police,who catch the People who do crime,"
4d213992b5,Gather,"Collecting, together with people, Stamps Collection,party,school,college"
4d213992b5,Lot,"more,"
4d213992b5,Odd,"single number,compare with even number odd number is different"
186db71701,Cold,Cold describes a low temperature or describes someone who is not warm and friendly.Cold describes a contagious virus that causes you to have a stuffy nose and sometimes a sore throat and a fever.An example of cold is 32 degree weather.An example of cold is a person who doesn't ever say hello or make you feel welcome or comfortable
186db71701,Cop,"a cone-shaped roll of thread or yarn coiled round a spindle,to seize, capture, win, steal, etc.to buy (drugs),a policeman,. the top or crest, as of a hill"
186db71701,Gather,"Gather means to bring or come together in one place,An example of gather is for a shepherd to herd his sheep into one area in the field to graze.,A gather is a drawing together,An example of gather is a piece of puckered fabric like a ruffle."
186db71701,Lot,"an object used in deciding a matter by chance, a number of these being placed in a container and then drawn or cast out at random one by one,the use of such an object or objects in determining a matter,the decision or choice arrived at by this means, regarded as the verdict of chance,what a person receives as the result of such a decision; share,a great number or amount,sort (of person or persons),A small parcel of land,A number of individual items, usually alike"
186db71701,Odd,"Odd means different than the normal, not divisible by two or the one remaining when others are paired.An example of odd is a pink tiger.An example of odd is the number five.An example of odd is the remaining sock when one sock is lost.Unusual,Indefinite,Miscellaneous,Single,Not even"
76d16651af,Cold,"drop in temperature, winter, ice, freezing,"
76d16651af,Cop,"police officer, public servant, enforces laws, monitors traffic, investigates crimes, wears a uniform, takes public complaints, carries a gun, wears a badge."
76d16651af,Gather,"amass, collect, bring a number of things together,"
76d16651af,Lot,"space, property, specified allotment."
76d16651af,Odd,"out of the ordinary, a little off kilter, strange, not normal"
49ec7d5c5a,Cold,less amount of freezing
49ec7d5c5a,Cop,police constable
49ec7d5c5a,Gather,understand
49ec7d5c5a,Lot,many
49ec7d5c5a,Odd,single
99822f0efe,Cold,"Freezing, winter, runny nose, shiver, coat"
99822f0efe,Cop,"Police, patrol, arrest"
99822f0efe,Gather,"Pick, bundle, put together"
99822f0efe,Lot,"Property, parking, empty, yard"
99822f0efe,Odd,"Strange, weird, different, quirky"
1b6ef5838b,Cold,"USSUALLY DURING RAINY SEASON,NEED SHEET,AFFECT ILL"
1b6ef5838b,Cop,"FOR PROTECTING SOCIETY,MAINTAINING PEACE,LOYEND ORDER"
1b6ef5838b,Gather,"collect, gather stamps means collection of stamps"
1b6ef5838b,Lot,"fate,destiny"
1b6ef5838b,Odd,"1,3,5...etc are ODD numbers,"
5923ae5b82,Cold,Unwelcome; disagreeable;unsatisfactory.
5923ae5b82,Cop,A tube or quill upon which silk is wound
5923ae5b82,Gather,"To haul in; to take up; as, to gather the slack of arope"
5923ae5b82,Lot,"The part, or fate, which falls to one, as it were, bychance, or without his planning"
5923ae5b82,Odd,certain number of points given beforehand to a weaker side in a contest to equalize the chances of all participants
96824489d6,Cold,"cool,freeze,ice,snow,winter,hill places,cough"
96824489d6,Cop,"police,secure,punishment,cap,honest,uniform,traffic,department"
96824489d6,Gather,"get together,meeting,assemble,members"
96824489d6,Lot,"many,more than one,plenty,unit,mass"
96824489d6,Odd,"not even,numbers,different,ugly,not matching, unusual,unpaired"
86dc19ebbd,Cold,"chill, freezing, icy"
86dc19ebbd,Cop,"steal, take , rob"
86dc19ebbd,Gather,"meet, collect, group"
86dc19ebbd,Lot,"group, batch, set"
86dc19ebbd,Odd,"strange, abnormal, unusual"
d6fbaf0859,Cold,freezing.. opposite of warm
d6fbaf0859,Cop,"policeman, authorities"
d6fbaf0859,Gather,"to collect, to bring together"
d6fbaf0859,Lot,"parcel of, a piece of land"
d6fbaf0859,Odd,opposite of even
eb09612a37,Cold,WINTER
eb09612a37,Cop,HOLD
eb09612a37,Gather,COLLECT
eb09612a37,Lot,MORE THAN
eb09612a37,Odd,ODD NUMBER
af2803583c,Cold,To become cold
af2803583c,Cop,A tube or quill upon which silk is wound.
af2803583c,Gather,a collection or accumulation.
af2803583c,Lot,"The part, or fate, which falls to one, as it were, by chance, or without his planning."
af2803583c,Odd,"Deviating from what is ordinary, usual, or expected"
075bbbca89,Cold,"1	of or at a low or relatively low temperature. 
2	lacking affection or warmth of feeling; unemotional. not affected by emotion; objective. 
3	(of a color) containing pale blue or grey and giving no impression of warmth."
075bbbca89,Cop,"1	catch or arrest (an offender). 
2	incur (something unwelcome). 
3	(cop off) British have a sexual encounter. 
4	(cop out) avoid doing something that one ought to do. 
5	United States obtain (an illegal drug). 
6	North American strike (an attitude or pose). 
7	(cop to) United States accept or admit to."
075bbbca89,Gather,"1	come or bring together; assemble or accumulate. 
2	bring together and take in from scattered places or sources harvest (a crop). collect plants, fruits, etc., for food: hunting and gathering. 
3	develop a higher degree of: the Green movement is gathering pace. 
4	infer; understand. 
5	summon up (a mental or physical attribute): he gathered his thoughts together."
075bbbca89,Lot,"1	[treated as singular or plural] informal a particular group or set of people or things. 
2	an item or set of items for sale at an auction. 
3	a method of deciding something by random selection, especially of one from a number of pieces of paper. the choice resulting from such a process. 
4	a person's destiny, luck, or condition in life."
075bbbca89,Odd,"1	unusual or unexpected; strange. 
2	(of whole numbers such as 3 and 5) having one left over as a remainder when divided by two. denoting a single goal by which one side defeats another in a game where three or more goals are scored. 
3	[in combination] in the region of: fifty-odd years."
687a64124e,Cold,The relative absence of heat or warmth.
687a64124e,Cop,"COP means ""Officer of the law"" or ""Close of Play""."
687a64124e,Gather,To collect into one place; assemble.
687a64124e,Lot,"The part, or fate, which falls to one, as it were, by chance, or without his planning."
687a64124e,Odd,"unusual or peculiar in appearance, character, etc."
c7a444cfae,Cold,"Cold is a climate , temperature is low , needs fire at cod climate , also is a disease ,"
c7a444cfae,Cop,"Cop are the one who protects law and order , also known as police,"
c7a444cfae,Gather,"Gather means together , or to arrange something together"
c7a444cfae,Lot,"Lot means a draw, an activity to take a decision by drawing something and held upon luck"
c7a444cfae,Odd,"Odd means strange , that is the one which is unique from others"
e97ff5f954,Cold,not hot/feelingless/emotionless
e97ff5f954,Cop,policeofficer
e97ff5f954,Gather,collect/understand/get together/accumulate
e97ff5f954,Lot,numerous/many/much
e97ff5f954,Odd,strange/weird/out of the ordinary
cdf81c2126,Cold,having a relatively low temperature
cdf81c2126,Cop,to steal
cdf81c2126,Gather,"to bring together into one group, collection, or place: to gather firewood; to gather the troops"
cdf81c2126,Lot,allotted share or portion
cdf81c2126,Odd,"differing in nature from what is ordinary, usual, or expected"
2622f61522,Cold,"coldness, frigidity, frigidness, low temperature, common cold, cold-blooded, inhuman, insensate, frigid,"
2622f61522,Cop,"bull, copper, fuzz, pig, apprehend, arrest, collar, nab, nail, pick up, glom, hook, knock off,"
2622f61522,Gather,"gathering, gain, accumulate, amass, conglomerate, cumulate, pile up, pucker, tuck, collect, garner"
2622f61522,Lot,"draw, bunch, caboodle, band, circle, set, batch, deal, flock, good deal, great deal, hatful, heap, mass, mess, mickle, mint, mountain, muckle,"
2622f61522,Odd,"uneven, left, left over, leftover, remaining, unexpended, curious, funny, peculiar, queer, rum, rummy, singular, unmatched, unmated, unpaired"
a99eff3ef7,Cold,Cold describes a low temperature or describes someone who is not warm and friendly
a99eff3ef7,Cop,"the top or crest, as of a hill"
a99eff3ef7,Gather,Gather means to bring or come together in one place
a99eff3ef7,Lot,"an object used in deciding a matter by chance, a number of these being placed in a container and then drawn"
a99eff3ef7,Odd,"Odd means different than the normal, not divisible by two or the one remaining when others are paired"
bba2068b29,Cold,having a low or inadequate temperature or feeling a sensation of coldness or having been made cold by e.g. ice or refrigeration
bba2068b29,Cop,terms used  for a policeman
bba2068b29,Gather,to collect in one place
bba2068b29,Lot,a collection in its entirety
bba2068b29,Odd,not divisible by two
5cf41e6737,Cold,"cool feeling .shgujkok,,"
5cf41e6737,Cop,police officer
5cf41e6737,Gather,around all people
5cf41e6737,Lot,many things
5cf41e6737,Odd,opposite of even
b0af56c46c,Cold,chillness
b0af56c46c,Cop,police
b0af56c46c,Gather,"collecting together, meet together"
b0af56c46c,Lot,"more, many"
b0af56c46c,Odd,not belonging to the same category
4722c98540,Cold,"Nose, Nasal Problem, Chillness, Headache, Ice Cream."
4722c98540,Cop,"Police, Pistol, Blood, Jail, Headquarters."
4722c98540,Gather,"Functions, Dismiss, Crowd, Shopping, Festivals."
4722c98540,Lot,"Like, More, Fully, Water, Whole."
4722c98540,Odd,"Numbers, Awkward, Embarrass, Omen, Digits."
6b2ac0ef88,Cold,opposite of hot
6b2ac0ef88,Cop,police
6b2ac0ef88,Gather,accumulate
6b2ac0ef88,Lot,huge
6b2ac0ef88,Odd,which does not belong with others
8298f6c5c0,Wait,To remain where you are until further notice.
8298f6c5c0,Tonic,A plain tasteless liquid used for gin.
8298f6c5c0,Her,Referring to a female
8298f6c5c0,Sorry,Another word for apology or remorse.
8298f6c5c0,Restaurant,A place of fine dining.
fbcc6f1973,Wait,late
fbcc6f1973,Tonic,medicine
fbcc6f1973,Her,she
fbcc6f1973,Sorry,forgive
fbcc6f1973,Restaurant,shop
bba2068b29,Wait,time during which some action is awaited
bba2068b29,Tonic,relating to or producing normal tone or tonus in muscles
bba2068b29,Her,word says in respect of woman
bba2068b29,Sorry,eeling or expressing regret or sorrow or a sense of loss over something done or undone
bba2068b29,Restaurant,a place where people go to eat
1c7639828f,Wait,"remain inactive, stay for something to be happen, not doing anything"
1c7639828f,Tonic,"a liquid, a medicine, anything invigorating physically, mentally, or morally"
1c7639828f,Her,"the objective case of she, indicates a girl, the possessive case of she"
1c7639828f,Sorry,"Feeling or expressing sympathy, pity, regret"
1c7639828f,Restaurant,"hotel, where we are going for food, sells food"
84d66f35f1,Wait,"stop, halt, hiatus, boring, anticipation, wasted time"
84d66f35f1,Tonic,"goes with gin, good for health, usually tastes bad, made from herbs"
84d66f35f1,Her,"she, female, woman, girl, eggs"
84d66f35f1,Sorry,"apology, shame, remorse, sadness, embarrassment"
84d66f35f1,Restaurant,"tasty food, romance, has waiters, candlelight, fine dining"
698904a657,Wait,"table, patience, not now"
698904a657,Tonic,"gin, healing, medication, quinine, elixir"
698904a657,Her,"his, she, femaleness"
698904a657,Sorry,"apology, regret, excuse"
698904a657,Restaurant,"food, dine, dining, hungry, yummy"
33cd6db15a,Wait,"To tarry,To relax,To laze around,Do nothing,Waste time,Act after thinking,Deliberation,To put on hold,Without haste."
33cd6db15a,Tonic,"Health drink,Vitality medicine,Elixir,Herbal remedy,Potion,Giving more to add strength,Panacea,The right medicine,Energy giver."
33cd6db15a,Her,"Female pronoun,Third party,Female referral,Depicting a female character,To point or show known female."
33cd6db15a,Sorry,"Heart felt repentance,Apologize,Feel pity,Remorseful,Acknowledge ones Wrong."
33cd6db15a,Restaurant,"Hotel,Eating place,Place where food is served for a price,Dining out,Food joints,Mess,Place where exotic menus are served."
b0af56c46c,Wait,to stop
b0af56c46c,Tonic,"nutrition, health supplement"
b0af56c46c,Her,owner
b0af56c46c,Sorry,apologize
b0af56c46c,Restaurant,"hotel, common place"
86dc19ebbd,Wait,"stay, remain, stop"
86dc19ebbd,Tonic,"boost, stimulant, energizer"
86dc19ebbd,Her,"she, female"
86dc19ebbd,Sorry,"apologetic, regretful"
86dc19ebbd,Restaurant,"hotel, cafe, eating place"
6c7df926ad,Wait,"iam waiting on my friend, i am waiting on work"
6c7df926ad,Tonic,"a tabulate, i am give tonic on my baby"
6c7df926ad,Her,"opposite he, her is a brilliant woman"
6c7df926ad,Sorry,"i am sorry da,pardan"
6c7df926ad,Restaurant,"place of eating food , hotel"
b51378192c,Wait,"Wait:wait a bit,wait a minute,wait and see,waisthigh,waistless"
b51378192c,Tonic,"Tonic:Tonic lyrics,Tonic water,Tonic nightclub,Tonic band,Recipe gin tonic"
b51378192c,Her,"Her:the objective case of she,Her body,Her first big,Her realty,Her first big one"
b51378192c,Sorry,"Sorry:Sorry poems,Im sorry letters,Sorry cards,Sorry quotes"
b51378192c,Restaurant,"Restaurant:it is an establishment where meals are served to customers,Restaurant menu."
a0b780067f,Wait,"take a position, take rest and sit, take care for other people or task, slow walking, slow moving, patient,"
a0b780067f,Tonic,"is a medicine, is liquid, has color, has taste, has smell, is drinkable,"
a0b780067f,Her,"is female, is woman, is sister, is mother, is wife, is friend, is sweetest gender in the world"
a0b780067f,Sorry,"has feeling, is sorrow, has tear,"
a0b780067f,Restaurant,"is a place for eating, plenty of foods, several types of food, get vegitable and non vegitable food, many of servents, many chefs"
eb09612a37,Wait,stay
eb09612a37,Tonic,liquid
eb09612a37,Her,girl
eb09612a37,Sorry,request
eb09612a37,Restaurant,hotel
73e5c32227,Wait,"requires patience, happens when someone is late, is anticipation, annoys many people"
73e5c32227,Tonic,"mixes with gin, is carbonated, fizzes, is clear, is a kind of water, tastes bitter, comes in a bottle, is sold in stores"
73e5c32227,Her,"indicates a girl or woman, is a direct object, is a possessive pronoun"
73e5c32227,Sorry,"shows remorse, is an apology, can demonstrate moral awareness"
73e5c32227,Restaurant,"serves food and beverages, has a chef, employs waiters, has diners, charges money, is a business"
ab266a6b3c,Wait,"to be passionate, to let something happen, relatd to time"
ab266a6b3c,Tonic,"a substance, a powder, used in medicines"
ab266a6b3c,Her,"related to she, used in sentense construction, female"
ab266a6b3c,Sorry,"to repent, to forgive, after some fault, a way to accept fault"
ab266a6b3c,Restaurant,"place to eat food, building, rooms available for staying of guests"
adace55274,Wait,"Stay, patience, hold, still, serve, stop,"
adace55274,Tonic,"liquid, wet, transparent, mixer, remedy"
adace55274,Her,"she, girl, female, madam, miss, ms, mrs, lady, woman,"
adace55274,Sorry,"apologize, guilt, repent, admit,feel, accept"
adace55274,Restaurant,"tables, chairs, customers, food, drinks, money, music, menus, servers, tips"
eaecffb8af,Wait,"until watch,take time,extra time."
eaecffb8af,Tonic,"medicine,cure,healthy,doctor"
eaecffb8af,Her,"girl,women,denotes girls"
eaecffb8af,Sorry,"forgive,kind,permission"
eaecffb8af,Restaurant,"food stall,hotel"
a99eff3ef7,Wait,to stay in a place or remain in readiness
a99eff3ef7,Tonic,mentally or morally invigorating
a99eff3ef7,Her,her means female person or lady
a99eff3ef7,Sorry,Sorry describes a feeling of sorrow or regret
a99eff3ef7,Restaurant,A restaurant is a public place where you go to buy a meal that has been cooked for you
5146be6c32,Wait,Wait remain or rest in expectation
5146be6c32,Tonic,"An agent, such as a medication, that restores or increases body tone."
5146be6c32,Her,To represent a women or girl
5146be6c32,Sorry,"It is a Feeling or expressing sympathy, pity, or regret"
5146be6c32,Restaurant,A restaurant is an establishment which prepares and serves food and drink to customers in return for money.
075bbbca89,Wait,"1	stay where one is or delay action until a particular time or occurrence. be delayed or deferred. informal defer (a meal) until a person's arrival. [usually as noun waiting] park a vehicle for a short time at the side of a road. 
2	(wait on/upon) act as an attendant to. archaic pay a respectful visit to. 
3	act as a waiter or waitress."
075bbbca89,Tonic,"1	a medicinal substance taken to give a feeling of vigor or well-being. 
2	something with an invigorating effect. 
3	(also tonic water) a carbonated soft drink with a bitter flavor, used as a mixer with gin or other spirits. 
4	Music the first note in a scale which, in conventional harmony, provides the keynote of a piece of music."
075bbbca89,Her,"1	used as the object of a verb or preposition to refer to a female person or animal previously mentioned. referring to a ship, country, or other inanimate thing regarded as female. 
2	archaic or North American dialect herself."
075bbbca89,Sorry,"1	feeling distress, especially through sympathy with someone Else's misfortune. (sorry for) filled with compassion for. 
2	feeling regret or penitence. used to express apology. 
3	in a poor or pitiful state. unpleasant and regrettable."
075bbbca89,Restaurant,noun a place where people pay to sit and eat meals that are cooked and served on the premises.
4722c98540,Wait,"Time, Patience, Hold on, Late, Someone."
4722c98540,Tonic,"Medicine, Syrup, Health drink, Sweet, Bitter."
4722c98540,Her,"She, Women, Mother, Lady, Beauty."
4722c98540,Sorry,"Forgive, Pleasing, Hurt, Mistake, Say sorry to some one"
4722c98540,Restaurant,"Food, Dinning Tables, Waiter, Tips, Music"
ebc4f95447,Wait,stay
ebc4f95447,Tonic,liquid
ebc4f95447,Her,girl
ebc4f95447,Sorry,request
ebc4f95447,Restaurant,hotel
6e487b9cb7,Wait,time during which some action is awaited.
6e487b9cb7,Tonic,medicine.
6e487b9cb7,Her,refer to a girl.
6e487b9cb7,Sorry,pity
6e487b9cb7,Restaurant,which prepares and serves food and drink to customer for money.
6be52007c6,Wait,stay where you are or delay action until a particular time or event.watching for someone and preparing to attack them.
6be52007c6,Tonic,a medicine that invigorates or strengthens.the first degree of a musical scale; keynote
6be52007c6,Her,"used as the object of a verb or preposition to refer to a female person or animal previously  mentioned.referring to a ship,country ,or other thing regarding as female"
6be52007c6,Sorry,"""Sorry"" simply means to regret your choice or action towards another being, or feeling remorse. It can also mean that the sorry person ""never meant to do it"" or ""will never do it again"". It also means that the person who is sorry really wants another chance to do it right."
6be52007c6,Restaurant,"A restaurant is a public place where food can be ordered by patrons and served. There are many types of restaurants, differing in type of food, expense, decor, etc."
1398dc46e5,Wait,time spent with the intent of getting an item
1398dc46e5,Tonic,"alcohol, drinks"
1398dc46e5,Her,"that girl, lady, female, women"
1398dc46e5,Sorry,"did not mean to do what you did,"
1398dc46e5,Restaurant,a place that makes food for the general public at a cost in which they can make a profit
bee7f2ab27,Wait,"remain inactive, be delayed, stop over"
bee7f2ab27,Tonic,"strengthening medicine, refresher"
bee7f2ab27,Her,belong to she
bee7f2ab27,Sorry,"sad,  unhappy,  repentant"
bee7f2ab27,Restaurant,an eating place
03163d3aa8,Wait,"postpone, delay, time, halt, drag, hold, stop, idle, freeze"
03163d3aa8,Tonic,"cure,syrup,cough, drowsy,cold, antibiotic, doctor, liquid"
03163d3aa8,Her,"woman, men, she,girl,female,love, beauty, peace, child, baby, reproduction"
03163d3aa8,Sorry,"sad, feelings,request,humble, guilty, self accusing, bad, realize"
03163d3aa8,Restaurant,"Food,hotel, table, waiter, cook, drink, hungry, dinner, lunch,breakfast"
6c04a7f4c1,Wait,be quite for sometime
6c04a7f4c1,Tonic,which is for energy
6c04a7f4c1,Her,related to female
6c04a7f4c1,Sorry,apolozy
6c04a7f4c1,Restaurant,which is the gathering  of different food items
7c3ee16479,Wait,to be done or to be happen at later time
7c3ee16479,Tonic,a liquid medicine
7c3ee16479,Her,a female that has just been mentioned
7c3ee16479,Sorry,feeling sadness sympathy or disappointment
7c3ee16479,Restaurant,a place where meals are prepared and served to customers
99822f0efe,Wait,"Waste time, suspense, patient"
99822f0efe,Tonic,"Pharmaceutical, medicine, herbal, solution"
99822f0efe,Her,"She, girl, female"
99822f0efe,Sorry,"Appologize, sad, forgive"
99822f0efe,Restaurant,"Diner, eat, food, chef, service, order, tip"
6b2ac0ef88,Wait,the act of waiting
6b2ac0ef88,Tonic,medicine
6b2ac0ef88,Her,objective of she
6b2ac0ef88,Sorry,expression of regret
6b2ac0ef88,Restaurant,place where meals are served
eece1523fc,Wait,"time,anticipate,interval,interim,foresee,expect,linger,remain,delay."
eece1523fc,Tonic,"sulfur,drug,medicine."
eece1523fc,Her,"she,female,lady,girl."
eece1523fc,Sorry,"insignificant,disconsolate,contemptible,disgraceful,distressing,unimportant,distressed."
eece1523fc,Restaurant,"bar,eating place,eating house."
cc0fd23c05,Wait,"clutch, grip, storage area, delay, keep, holdup, detainment, deferral, handle, hold, appreciation, handgrip, wait, cargo area,"
cc0fd23c05,Tonic,"dada, soda ash, club soda, sodium carbonate, pa, keynote, popping, pappa, dad, seltzer, washing soda, sparkling water, pop"
cc0fd23c05,Her,"come ,go walk"
cc0fd23c05,Sorry,"speculative, deplorable, big, no-account, dismal"
cc0fd23c05,Restaurant,"eatery, eating house, restaurant, eating place"
ab6d427bc7,Wait,Wait: Stay where one is or delay action until a particular time or until something else happens.
ab6d427bc7,Tonic,Tonic: A medicinal substance taken to give a feeling of vigor or well-being.
ab6d427bc7,Her,Her: Used as the object of a verb or preposition to refer to a female person or animal previously mentioned.
ab6d427bc7,Sorry,"Sorry: Feeling distress, esp. through sympathy with someone else's misfortune."
ab6d427bc7,Restaurant,Restaurant: A place where people pay to eat meals.
961f6ff1b9,Wait,to standby
961f6ff1b9,Tonic,a liquid to drink that can be used to feel a certain way or help with certain ailments or to revitalize someone
961f6ff1b9,Her,a pronoun referring to a female
961f6ff1b9,Sorry,to be apologetic for something
961f6ff1b9,Restaurant,a place to eat where there is table service
2622f61522,Wait,"waiting, delay, hold, postponement, time lag, await,"
2622f61522,Tonic,"restorative, keynote, pop, soda, soda pop, soda water, quinine water, tonic water,"
2622f61522,Her,"Something that belong girlish, she, girl`s possession"
2622f61522,Sorry,"blue, dark, dingy, disconsolate, dismal, drab, drear, dreary, gloomy, grim, deplorable,"
2622f61522,Restaurant,"eatery, eating house, eating place"
95e2618c28,Wait,"To remain or rest in expectation, To remain or be in readiness"
95e2618c28,Tonic,"An agent, such as a medication, that restores or increases body tone"
95e2618c28,Her,refers to a female person or anima
95e2618c28,Sorry,"Feeling or expressing sympathy, pity, or regret"
95e2618c28,Restaurant,A place where meals are served to the public
fd1a1cbbc3,Wait,"delay, hold, time lag, postponement, wait"
fd1a1cbbc3,Tonic,"soda water, tonic water, tonic, soda pop, quinine water, keynote, soda, restorative, pop"
fd1a1cbbc3,Her,"girl,women,grandma,aunty,sister"
fd1a1cbbc3,Sorry,"no-good, unfit, high-risk, grim, sad, risky, good-for-naught, lamentable, unsound, spoilt, distressing, bad, spoiled, forged, sorry, pitiful, gloomy, drab, dingy, dreary, defective, drear, meritless"
fd1a1cbbc3,Restaurant,"eatery, eating house, restaurant, eating place"
6f44ca6a78,Wait,"bide one's time, kill time, pass time, anticipate something, serve tables,
look to the future,"
6f44ca6a78,Tonic,"an exlixer for health, a strength giver, a pepper upper, health remedy, a concoction, an aid for health"
6f44ca6a78,Her,"that girl, that female, that woman, that other woman, that lady, that feminine person, the opposite of him,"
6f44ca6a78,Sorry,"regret, low in value, remorse, apologetic, grieving, not glad"
6f44ca6a78,Restaurant,"diner, eating place, food place, buffet place, meal server, dining place, 
nourishing place, food vendor, food business,"
5cf41e6737,Wait,look for someone
5cf41e6737,Tonic,medicine
5cf41e6737,Her,female
5cf41e6737,Sorry,apolise
5cf41e6737,Restaurant,"hotel, eating place"
cdf81c2126,Wait,"to remain inactive or in a state of repose, as until something expected happens"
cdf81c2126,Tonic,a medicine that invigorates or strengthens
cdf81c2126,Her,the objective case of she
cdf81c2126,Sorry,regrettable
cdf81c2126,Restaurant,an establishment where meals are served to customers.
e97ff5f954,Wait,don't leave
e97ff5f954,Tonic,liquid medicine
e97ff5f954,Her,not him/female possessive pronoun
e97ff5f954,Sorry,feeling regret/poor state
e97ff5f954,Restaurant,place for eating and being charged for it
96824489d6,Wait,"que,take time,waiting list,expecting"
96824489d6,Tonic,"medicine,healthy,syrup,cough,vitamins, prescribe"
96824489d6,Her,"female,owned,girl,women,lady,her dress"
96824489d6,Sorry,"confusion,admit,understanding the fault,manners"
96824489d6,Restaurant,"hotel,food,waiter,table,chairs,cook"
153fbbab45,Wait,"I waited  for  her in the corridor, while she went in to see the doctor."
153fbbab45,Tonic,The magazine is lively and interesting - the pictures alone are a tonic.
153fbbab45,Her,I don't know why she quit her job.
153fbbab45,Sorry,I  feel  so sorry  for  the children - it must be really hard for them.
153fbbab45,Restaurant,a place where meals are prepared and served to customers
