worker_id,word,answer
2fc61c1089,Foreign,"something not belong to our native place.there are different aspects they are
    * Foreign corporation, a corporation that can do business outside its jurisdiction
    * Foreign key, a constraint in a relational database
    * Foreign language, a language not spoken by the people of a certain place
    * Foreign policy, how a country interacts with other countries of the world
    * Foreign film, films and film industries of non-English speaking countries
    * Foreign accent syndrome, a rare side effect of severe brain injury
    * Foreign Policy (magazine), an American magazine
    * Foreign-born Japanese, a person who was born outside Japan and later acquired Japanese citizenship
    * Non-self, an exogenous antigen that stimulates an immune response

A lesson is a structured period of time where learnin"
2fc61c1089,Lesson,"A lesson is a structured period of time where learning  is intended to occur.  It involves one or more students (also called pupils or learners in some circumstances) being taught by a teacher or instructor. A lesson may be either one section of a textbook  (which, apart from the printed page, can also include multimedia) or, more frequently, a short period of time during which learners are taught about a particular subject or taught how to perform a particular activity. Lessons are generally taught in a classroom  but may instead take place in a situated learning environment."
2fc61c1089,Weather,"Weather is the state of the atmosphere, to the degree that it is hot or cold, wet or dry, calm or stormy, clear or cloudy.  Most weather phenomena occur in the troposphere,  just below the stratosphere. Weather refers, generally, to day-to-day temperature and precipitation  activity, whereas climate is the term for the average atmospheric conditions over longer periods of time. When used without qualification, ""weather"" is understood to be the weather of Earth."
2fc61c1089,Rocks,"In geology, rock or stone is a naturally occurring solid aggregate of minerals  and/or mineraloids.

The Earth's outer solid layer, the lithosphere, is made of rock. In general rocks are of three types, namely, igneous, sedimentary, and metamorphic. The scientific study of rocks is called petrology, and petrology is an essential component of geology."
2fc61c1089,Enough,"In a degree or quantity that satisfies; to satisfaction; sufficiently. Satisfying desire; giving content; adequate to meet the want; sufficient; usually, and more elegantly, following the noun to which it belongs."
fd1a1cbbc3,Foreign,"foreign, extraneous, strange, unknown, unusual, alien"
fd1a1cbbc3,Lesson,"good example, object lesson, deterrent example, lesson, case, illustration, exemplar, representative, model, example, exercise, instance, moral"
fd1a1cbbc3,Weather,"conditions, weather, atmospheric condition, weather condition"
fd1a1cbbc3,Rocks,"rock-and-roll, rock candy, endocarp, sway, gemstone, rock and roll, pit, stone, careen, rock, rock'n'roll, gem, rock music, rock 'n' roll, tilt"
fd1a1cbbc3,Enough,"comme il faut, fair to middling, comely, tolerable, passable, becoming, equal, decorous, adequate, enough, nice, seemly, decent"
a99eff3ef7,Foreign,Foreign means from a country other than your own
a99eff3ef7,Lesson,something to be learned
a99eff3ef7,Weather,Weather is the condition of the climate in a particular place at a particular time
a99eff3ef7,Rocks,a large mass of stone forming a peak or cliff
a99eff3ef7,Enough,"as much or as many as necessary, desirable, or tolerable; sufficient"
2622f61522,Foreign,"strange, alien, extraneous"
2622f61522,Lesson,"moral, deterrent example, example, object lesson"
2622f61522,Weather,"conditions, weather condition, brave, brave out, endure, upwind"
2622f61522,Rocks,"rock'n'roll, rock-and-roll, rock 'n' roll, rock and roll, rock music"
2622f61522,Enough,"sufficiency, adequate, decent, plenty"
2486e8fbec,Foreign,"non self, outer, exterior,"
2486e8fbec,Lesson,"teachings, knowledge, extract, informative"
2486e8fbec,Weather,"climate, condition, atmosphere"
2486e8fbec,Rocks,"hard, erect, high, stronger"
2486e8fbec,Enough,"more than, full of, filled,"
7cf403bfc3,Foreign,"of,from,in,or characteristic of,a country or language other than one's own"
7cf403bfc3,Lesson,spell of teaching
7cf403bfc3,Weather,"state of the atmosphere at a place and time as regards heat,cloudiness,dryness,sunshine,wind,and rain etc."
7cf403bfc3,Rocks,"any several fishes,the catfish and dogfish"
7cf403bfc3,Enough,"as much or many as required,sufficient amount or quantity,adequately"
0da623e05b,Foreign,"1.
of, pertaining to, or derived from another country or nation; not native: foreign cars.
2.
of or pertaining to contact or dealings with other countries; connected with foreign affairs.
3.
external to one's own country or nation: a foreign country.
4.
carried on abroad, or with other countries: foreign trade.
5.
belonging to or coming from another district, province, etc."
0da623e05b,Lesson,"1.
a section into which a course of study is divided, especially a single, continuous session of formal instruction in a subject: The manual was broken down into 50 lessons.
2.
a part of a book, an exercise, etc., that is assigned to a student for study: The lesson for today is on page 22. He worked assiduously at his music lesson.
3.
something to be learned or studied: the lessons of the past.
4.
a useful piece of practical wisdom acquired by experience or study: That accident certainly taught him a lesson in careful driving.
5.
something from which a person learns or should learn; an instructive example: Her faith should serve as a lesson to all of us."
0da623e05b,Weather,"1.
the state of the atmosphere with respect to wind, temperature, cloudiness, moisture, pressure, etc.
2.
a strong wind or storm or strong winds and storms collectively: We've had some real weather this spring.
3.
a weathercast: The radio announcer will read the weather right after the commercial.
4.
Usually, weathers. changes or vicissitudes in one's lot or fortunes: She remained a good friend in all weathers."
0da623e05b,Rocks,"1.
a large mass of stone forming a hill, cliff, promontory, or the like.
2.
Geology .
a.
mineral matter of variable composition, consolidated or unconsolidated, assembled in masses or considerable quantities in nature, as by the action of heat or water.
b.
a particular kind of such matter: igneous rock.
3.
stone in the mass: buildings that stand upon rock.
4.
a stone of any size.
5.
something resembling or suggesting a rock."
0da623e05b,Enough,"1.
adequate for the want or need; sufficient for the purpose or to satisfy desire: enough water; noise enough to wake the dead.an adequate quantity or number; sufficiency."
95e2618c28,Foreign,"Located away from one's native country,Conducted or involved with other nations or governments"
95e2618c28,Lesson,"Something to be learned,A rebuke or reprimand"
95e2618c28,Weather,"The state of the atmosphere at a given time and place, with respect to variables such as temperature, moisture, wind velocity, and barometric pressure."
95e2618c28,Rocks,"Relatively hard, naturally formed mineral or petrified matter; stone"
95e2618c28,Enough,"Sufficient to meet a need or satisfy a desire; adequate,To a satisfactory amount or degree"
19431af03e,Foreign,Located away from one's native country.
19431af03e,Lesson,Something to be learned.
19431af03e,Weather,"The state of the atmosphere at a given time and place, with respect to variables such as temperature, moisture, wind velocity, and barometric pressure."
19431af03e,Rocks,"Relatively hard, naturally formed mineral or petrified matter; stone."
19431af03e,Enough,"Sufficient to meet a need or satisfy a desire; adequate,An adequate number or quantity."
aeac64a7e8,Foreign,Other country
aeac64a7e8,Lesson,training
aeac64a7e8,Weather,"summer, winter, temperature"
aeac64a7e8,Rocks,"Parts of Mountains, huge stones"
aeac64a7e8,Enough,sufficient
de23fe1cfc,Foreign,derived from another country
de23fe1cfc,Lesson,something to be learned or studied
de23fe1cfc,Weather,"the state of the atmosphere, temperature"
de23fe1cfc,Rocks,a large mass of stone
de23fe1cfc,Enough,adequate for the want or need
f298718fd3,Foreign,native life is better than foreign life
f298718fd3,Lesson,"lessons makes a man, knowing about something"
f298718fd3,Weather,climate is also called as weather
f298718fd3,Rocks,"he rocks, his dance rocks"
f298718fd3,Enough,"no one could say ""enough"" to receive money"
2b15616b23,Foreign,it is a non native.
2b15616b23,Lesson,is a part of a subject
2b15616b23,Weather,it is the climate
2b15616b23,Rocks,big stones formed thousands of years ago
2b15616b23,Enough,means the requirement is fulled
c284e4a997,Foreign,"Abroad,other land,via sea,remote area"
c284e4a997,Lesson,"A teaching,with books,via experiments,encounters."
c284e4a997,Weather,"Climate,forecastable, with sun, wind and snow.humidity."
c284e4a997,Rocks,"Solid big stone,from lava,ice rocks in artic."
c284e4a997,Enough,"sufficient,in the limit,a margin,scale."
b3c627c007,Foreign,"Foreign means gulf countries, foreigner means person born in or coming from foreign country."
b3c627c007,Lesson,"Lesson means chapter to learn, to study ,to punish etc."
b3c627c007,Weather,"Weather means climate , weather are different types summer, winter,monsoon,rainy
etc."
b3c627c007,Rocks,"rocks are found in soil,there are different types of rocks,it found near the mountains , hills places. rocks are very useful."
b3c627c007,Enough,"Enough means to much,he need no more,"
10c7823d2d,Foreign,Not american
10c7823d2d,Lesson,Something that is taught in school so childrne learn.
10c7823d2d,Weather,"Its what describes the tempeture outside, conditions and climate."
10c7823d2d,Rocks,They are hard objcects that are hard and hurt too walk on.
10c7823d2d,Enough,When you cant take no more of something.
2a6566d746,Foreign,"belonging to or coming from another district,of, pertaining to, or derived from another country or nation,carried on abroad."
2a6566d746,Lesson,"a part of a book, an exercise, etc,something from which a person learns or should learn,to teach,instruct,to admonish or reprove,a section into which a course of study is divided."
2a6566d746,Weather,"the state of the atmosphere with respect to wind, temperature, cloudiness, moisture, pressure,A strong wind or storm or strong winds and storms collectively,to bear up against and come safely through, to discolor."
2a6566d746,Rocks,"a stone of any size,something resembling or suggesting a rock,a large mass of stone forming a hill, cliff, promontory, or the like."
2a6566d746,Enough,"adequate for the want or need, sufficient for the purpose or to satisfy desire,in appropriate amount for survival."
6de7385300,Foreign,"Foreign:is a country,travel in flight"
6de7385300,Lesson,Lesson:is remember school
6de7385300,Weather,weather:Climate
6de7385300,Rocks,Rocks:In Competition
6de7385300,Enough,Enough:Stop
0aca162d17,Foreign,of other countries
0aca162d17,Lesson,a period of learning
0aca162d17,Weather,"the state of atmosphere in terms of temperature,wind,rain etc."
0aca162d17,Rocks,peforms
0aca162d17,Enough,as much
105f32c968,Foreign,FROM THE ANOTHER COUNTRY
105f32c968,Lesson,MORAL
105f32c968,Weather,ATMOSPHERIC CONDITIONS  OF PARTICULAR PLACE OR TIME WITH RESPECT TO HEAT COLD
105f32c968,Rocks,SOLID PART OF EARTHS CRUST
105f32c968,Enough,REQUIRD
b245d0513e,Foreign,outside the country
b245d0513e,Lesson,task for teaching
b245d0513e,Weather,status of natural elements
b245d0513e,Rocks,broken boulders
b245d0513e,Enough,adequate
5f6fadae3f,Foreign,"Not native or belonging to a certain country; born in or belonging to another country, nation, sovereignty, or locality; as, a foreign language; foreign fruits ;Held at a distance; excluded; exiled ; Outside; extraneous; separated; alien; as, a foreign country; a foreign government."
5f6fadae3f,Lesson,Something to be learned: lessons from observing nature;A period of instruction; a class;An assignment or exercise in which something is to be learned;The act or an instance of instructing; teaching
5f6fadae3f,Weather,"The state of the atmosphere at a given time and place, with respect to variables such as temperature, moisture, wind velocity, and barometric pressure."
5f6fadae3f,Rocks,"A relatively small piece or fragment of such material.
A relatively large body of such material, as a cliff or peak."
5f6fadae3f,Enough,Sufficient to meet a need or satisfy a desire; adequate;Very; fully; quite
cfa82916f0,Foreign,"Country,having good landscapes,good scenery,mountains,rivers,sea,lake,ponds,forests, wild animals,orhter caste or tribe population."
cfa82916f0,Lesson,"Its a part of book, text, author,trainer, price,words, sentencing, collection of pages,printing."
cfa82916f0,Weather,"Clouds, rain, winter,summer,hailstones,coldy.sunny,rainy, hot.."
cfa82916f0,Rocks,"Stones,tiles,"
cfa82916f0,Enough,"Sufficient,stop,full,over,complete,finished."
68af498822,Foreign,"country other than one's own, related to outside, outside something"
68af498822,Lesson,"a story, moral, example, a task in a study"
68af498822,Weather,"atmospheric condition, cool or hot,sunny or  rainy"
68af498822,Rocks,"stones, exists in different shapes, hard, different sizes and different types, not eatable"
68af498822,Enough,"sufficient, required"
4ffca4cefb,Foreign,he is a foreign man
4ffca4cefb,Lesson,he teaches us lesson
4ffca4cefb,Weather,the weather is humid
4ffca4cefb,Rocks,the rocks
4ffca4cefb,Enough,stop it enough
cd4699ed74,Foreign,from another country
cd4699ed74,Lesson,a teaching
cd4699ed74,Weather,"sunny, clouds, rain, snow"
cd4699ed74,Rocks,fossils
cd4699ed74,Enough,not more.
2be03929b5,Foreign,"not of this country, or world. Anything different"
2be03929b5,Lesson,examples taught hopefully put to memory
2be03929b5,Weather,"rain,snow,sleet,hail,"
2be03929b5,Rocks,"hard, organic usually chips off mountains and large stones"
2be03929b5,Enough,NO MORE
24a08f9d6b,Foreign,"Located away from one's native country,foreign Currency,foreign Investing,Not natural,introduced from outside"
24a08f9d6b,Lesson,"a class,a teaching,A period of instruction,a act"
24a08f9d6b,Weather,"The state of the atmosphere,seasoning,time and place,bad weather"
24a08f9d6b,Rocks,"Stone,hard,firmness,Volcano Rock"
24a08f9d6b,Enough,"Sufficient,adequate,impatience,tolerably"
1c7639828f,Foreign,"derived from another country or nation, not native, Located away from one's native country"
1c7639828f,Lesson,"a section , A period of instruction, part by part"
1c7639828f,Weather,"state of the atmosphere, depends upon variables such as temperature, moisture, wind velocity, and barometric,mostly occur in troposphere"
1c7639828f,Rocks,"group of stones, Relatively hard, naturally formed mineral or petrified matter"
1c7639828f,Enough,"fully satisfied,adequate for the want or needs, no more is needed"
6535a83758,Foreign,"belonging to another country, alien, extraneous, imported"
6535a83758,Lesson,"coaching, assignment,  section of a textbook,  taught in a classroom"
6535a83758,Weather,"atmospheric condition, driven by density temperature and moisture day-to-day temperature,  withstand with courage ,"
6535a83758,Rocks,"mass of hard consolidated mineral matter,  gemstone,  someone who is strong and stable, a genre of popular music"
6535a83758,Enough,"Sufficient to meet a need, an adequate number, as much as necessary, an American film starring Jennifer Lopez"
d2238a631b,Foreign,"Outside; extraneous; separated; alien; as, a foreign country; a foreign government."
d2238a631b,Lesson,"Anything read or recited to a teacher by a pupil or learner; something, as a portion of a book, assigned to a pupil to be studied or learned at one time."
d2238a631b,Weather,"The state of the air or atmosphere with respect to heat or cold, wetness or dryness, calm or storm, clearness or cloudiness, or any other meteorological phenomena; meteorological condition of the atmosphere; as, warm weather; cold weather; wet weather; dry weather, etc."
d2238a631b,Rocks,"a large mass of stone forming a hill, cliff, or the like."
d2238a631b,Enough,"Satisfying desire; giving content; adequate to meet the want; sufficient; usually, and more elegantly, following the noun to which it belongs."
6be52007c6,Foreign,"(a.) Not native or belonging to a certain country; born in or belonging to another country, nation, sovereignty, or locality; as, a foreign language; foreign fruits.
(a.) Held at a distance; excluded; exiled.
(a.) Outside; extraneous; separated; alien; as, a foreign country; a foreign government.
(a.) Remote; distant; strange; not belonging; not connected; not pertaining or pertient; not appropriate; not harmonious; not agreeable; not congenial; -- with to or from; as, foreign to the purpose; foreign to one's nature."
6be52007c6,Lesson,"Something to be learned: lessons from observing nature.
2.
a. A period of instruction; a class.
b. An assignment or exercise in which something is to be learned.
c. The act or an instance of instructing; teaching.
3.
a. An experience, example, or observation that imparts beneficial new knowledge or wisdom.
b. The knowledge or wisdom so acquired.
4. A rebuke or reprimand.
5. often Lesson A reading from the Bible or other sacred text as part of a religious service.
tr.v. les·soned, les·son·ing, les·sons
1. To teach a lesson to; instruct.
2. To rebuke or reprimand."
6be52007c6,Weather,"To place (a hawk) unhooded in the open air.
(n.) Storm; tempest.
(v. t.) To sail or pass to the windward of; as, to weather a cape; to weather another ship.
(n.) Vicissitude of season; meteorological change; alternation of the state of the air.
(v. t.) To expose to the air; to air; to season by exposure to air.
(v. t.) Hence, to sustain the trying effect of; to bear up against and overcome; to sustain; to endure; to resist; as, to weather the storm.
(n.) A light rain; a shower.
(n.) The state of the air or atmosphere with respect to heat or cold, wetness or dryness, calm or storm, clearness or cloudiness, or any other meteorological phenomena; meteorological condition of the atmosphere; as, warm weather; cold weather; wet weather; dry weather, etc."
6be52007c6,Rocks,"1. Relatively hard, naturally formed mineral or petrified matter; stone.
2.
a. A relatively small piece or fragment of such material.
b. A relatively large body of such material, as a cliff or peak.
3. A naturally formed aggregate of mineral matter constituting a significant part of the earth's crust.
4. One that is similar to or suggestive of a mass of stone in stability, firmness, or dependability"
6be52007c6,Enough,": occurring in such quantity, quality, or scope as to fully meet demands, needs, or expectations <enough food for everyone>"
a965363f80,Foreign,"Something new, Alien, something new, overseas, strange, is distant, is far off."
a965363f80,Lesson,"A class, a lecture, a session, tutorial, an example. message or even a warning."
a965363f80,Weather,"Climatic condition, cold or sunny or rainy, withstand, survive, get through"
a965363f80,Rocks,"hard, part of earth's crust, composed of  minerals, mostly coarse, found everywhere,"
a965363f80,Enough,"adequate, as much a bearable, passable, to an extend, adds emphasis."
78a8bb3784,Foreign,"strange, different, not from this country, unusual, different language, exotic"
78a8bb3784,Lesson,"something you learn, taught by teacher, taught by parents, classroom experience, not fun, has consequences"
78a8bb3784,Weather,"what you check every day, the outdoors, affects what you wear, comes from nature"
78a8bb3784,Rocks,"solid, rough, tough, natural, used for driveways, used for decorations, bland, gray, brown, dirty"
78a8bb3784,Enough,"full, complete, finished"
5a26395b19,Foreign,"alien, different, alarming or disturbing"
5a26395b19,Lesson,"something learned, knowledge obtained, experience"
5a26395b19,Weather,"what's happening outside, can be sunny, rainy, cold, cloudy, what the sun, wind, sky and clouds are doing"
5a26395b19,Rocks,"hard, sandy, flinty, rough, smooth, shiny, impenetrable, permeable"
5a26395b19,Enough,"plenty, sufficient, a plentitude, fulfillment, topped up"
8f659dbf2f,Foreign,Alien exotic different
8f659dbf2f,Lesson,lecture tuition morality and meaning
8f659dbf2f,Weather,climate sunshine showers rain
8f659dbf2f,Rocks,granite diamonds plays music goes back and forth on a chair
8f659dbf2f,Enough,plenty adequate sufficient
2cfb3bdbcd,Foreign,abroad
2cfb3bdbcd,Lesson,a unit of instruction
2cfb3bdbcd,Weather,climate
2cfb3bdbcd,Rocks,form of stones
2cfb3bdbcd,Enough,an adequate quantity
a3c176fff2,Foreign,"unfamiliar, from another country, not known"
a3c176fff2,Lesson,"Teach, curriculum prepared by a teacher, something learned"
a3c176fff2,Weather,"forces of nature, rainy, snowy, sunny, cloudy, outside temperature"
a3c176fff2,Rocks,"stones,agates,hard material from the earth, skippers, precious jewels"
a3c176fff2,Enough,"full, cant take anymore, satisfied"
a878e75949,Foreign,"alien, from another country, different language, different culture, confusing"
a878e75949,Lesson,"homework, life, experience, school, instruction, example"
a878e75949,Weather,"climate, temperature, cloudy, sunny, humidity, rain, snow, tornado, earthquake, hurricane"
a878e75949,Rocks,"stones, sediments, gravel, cement, diamonds, music"
a878e75949,Enough,"plenty, fulfilled, tired of, complete, full"
a7dca11140,Foreign,"abroad,flight,far off place"
a7dca11140,Lesson,"school, education, study, teacher,student"
a7dca11140,Weather,"rain,cloudy sunny,climate"
a7dca11140,Rocks,"mountains, stone,hard,building"
a7dca11140,Enough,"satisfied,happy,thankful"
cdf81c2126,Foreign,external to one's own country or nation
cdf81c2126,Lesson,something to be learned or studied
cdf81c2126,Weather,"the state of the atmosphere with respect to wind, temperature, cloudiness, moisture, pressure, etc"
cdf81c2126,Rocks,"a large mass of stone forming a hill, cliff, promontory, or the like."
cdf81c2126,Enough,an adequate quantity or number
26c834f70e,Foreign,"alien, unknown, someone from another place, something from another place"
26c834f70e,Lesson,"to learn, something taught, can be a life lesson or something taught at a school"
26c834f70e,Weather,"the elements, environmental conditions, something to dress for, something that constantly changes"
26c834f70e,Rocks,"something from the earth, requires years to be formed, are hard, can be found outside"
26c834f70e,Enough,"plenty, as much as one needs"
2ece3f8886,Foreign,"country, outside, nation, society, abroad, foreigner, green card, aeroplane, ship"
2ece3f8886,Lesson,"book, home work, study, school, student, teaching, read, subject, part"
2ece3f8886,Weather,"atmosphere, climate, report, season, cloudiness, dry, rainy, winter, summer"
2ece3f8886,Rocks,"solid, stone, heavy, immovable, weight, black color, forest, natural material"
2ece3f8886,Enough,"wanted, stop, required, suffiecient, sure, satisfy, ok, expected"
7c67b6cc11,Foreign,"new to me, different country, different people, abroad, different product"
7c67b6cc11,Lesson,"study, preach, knowledge, teacher, student"
7c67b6cc11,Weather,"climate, cold, hot, warm, good"
7c67b6cc11,Rocks,"stone, hard, mountain, it can be solid"
7c67b6cc11,Enough,"stop, breaking, pausing, hold on"
9fb171be25,Foreign,"Located away from one's native country: Not natural; Of, characteristic of, or from a place or country other than the one being considered:"
9fb171be25,Lesson,A period of instruction; a class.  An assignment or exercise in which something is to be learned. an experience
9fb171be25,Weather,"The state of the atmosphere at a given time and place, with respect to variables such as temperature, moisture, wind velocity, and barometric pressure."
9fb171be25,Rocks,"Relatively hard, naturally formed mineral or petrified matter; stone.A naturally formed aggregate of mineral matter constituting a significant part of the earth's crust."
9fb171be25,Enough,An adequate number or quantity:  Tolerably; rather:Used to express impatience or exasperation:
86dc19ebbd,Foreign,"outside, not within, new, from a distant place"
86dc19ebbd,Lesson,"class, chapter, lecture, tutorial"
86dc19ebbd,Weather,"weather condition, climate, live through"
86dc19ebbd,Rocks,"astound, stun, shake, shock, hard stone"
86dc19ebbd,Enough,"sufficient, adequate"
d9c623bfe7,Foreign,"of another country, is an adjective, introduced from outside, not usually associated with a particular person, not related"
d9c623bfe7,Lesson,"is a noun,instruction period, useful experience, better knowledge, material to be taught, something that acts as an example,"
d9c623bfe7,Weather,"is a noun, state of atmosphere, temperature, cloudiness,rainfall,wind, meteorological conditions"
d9c623bfe7,Rocks,"is a noun, hard mineral aggregate, organic material, a large stone, granite or limestone, a large gemstone"
d9c623bfe7,Enough,"is an adjective, adequate,to an extent, as much as is bearable, used to give emphasis to adverbs, satisfactory extent"
fe5a703d9c,Foreign,"places out of the country, outside country"
fe5a703d9c,Lesson,"material that taught in class,instructions"
fe5a703d9c,Weather,"state of atmosphere in a place,cold, rainy"
fe5a703d9c,Rocks,"big stone, hard material in earth crust"
fe5a703d9c,Enough,"as much as needed, satisfied, adequate"
6b2ac0ef88,Foreign,not native
6b2ac0ef88,Lesson,something which is to be learnt
6b2ac0ef88,Weather,climate
6b2ac0ef88,Rocks,a hard piece of earth's crust
6b2ac0ef88,Enough,sufficient
f89618c03c,Foreign,"Relating to or originating in or characteristic of another place or part of the world.
Not contained in or deriving from the essential nature of something"
f89618c03c,Lesson,"A unit of instruction.
Punishment intended as a warning to others."
f89618c03c,Weather,The meteorological conditions: temperature and wind and clouds and precipitation.
f89618c03c,Rocks,"A lump of hard consolidated mineral matter.
Material consisting of the aggregate of minerals like those making up the Earth's crust."
f89618c03c,Enough,A quantity that is large enough to achieve a purpose or satisfy a desire.
4baffedf4f,Foreign,abroad
4baffedf4f,Lesson,earn
4baffedf4f,Weather,climate
4baffedf4f,Rocks,hit
4baffedf4f,Enough,to much
a4153f408b,Foreign,"different origin, different, country, space"
a4153f408b,Lesson,"something to learn, activities from school"
a4153f408b,Weather,"Rain, snow , sun, storms"
a4153f408b,Rocks,"sand,mountain,cement"
a4153f408b,Enough,"stop, too much"
480714ba1d,Foreign,"NON-NATIVE, VISITOR, TOURIST,TRAVELLER,WHTIE,BLACK"
480714ba1d,Lesson,"EXPERIENCE, TEACHER, ADVENTURE, STUDY , OBSERVATION, LEARNING,BOOKS."
480714ba1d,Weather,"SUMMER, WINTER, SPRING, RAINY,AUTUM,WEATHER FORECAST,REPORTS, CLALMITY, WINDS."
480714ba1d,Rocks,"STONES, PEBBLES, GRANITES, ACHIEVEMENTS, SUPER, SUCCESS"
480714ba1d,Enough,"SUFFICE, NO MORE, CORRECT QUANTITY, STOP, CEASE, SUFFICIENT"
f4798126d4,Foreign,"not native, unknown to you,"
f4798126d4,Lesson,"something to be taught, something to be learned, something that will help you"
f4798126d4,Weather,"unpredictable, can be snowy, sunny, rainy, clear, temperatures, tornadoes, blizzards, hurricanes"
f4798126d4,Rocks,"hard objects, naturally occurring, can be used to make gems or be decorative, garden edging, used to make walls"
f4798126d4,Enough,"sated, to be satisfied, reach a limit"
b98951c546,Foreign,"pertaining to, or derived from another country or nation; not native"
b98951c546,Lesson,"a section into which a course of study is divided, especially a single, continuous session of formal instruction in a subject"
b98951c546,Weather,"the state of the atmosphere with respect to wind, temperature, cloudiness, moisture, pressure, etc."
b98951c546,Rocks,"Rocks are generally classified by mineral and chemical composition, by the texture of the constituent particles and by the processes that formed them. These indicators separate rocks into igneous, sedimentary, and metamorphic. They are further classified according to particle size. The transformation of one rock type to another is described by the geological change"
b98951c546,Enough,adequate for the want or need; sufficient for the purpose or to satisfy desire
e01ef2fec0,Foreign,Foreign
e01ef2fec0,Lesson,Lesson
e01ef2fec0,Weather,Weather
e01ef2fec0,Rocks,Rocks
e01ef2fec0,Enough,Enough
ce58ffe106,Foreign,"bizarre, abnormal, divergent, irregular, odd, rare, unnatural, unorthodox, strange, peculiar"
ce58ffe106,Lesson,"assignment, drill, education, lecture, practice, quiz, study, task, test, teaching, tutoring"
ce58ffe106,Weather,"atmospheric conditions, climate, elements, manage, contend, suffer, tangle, struggle through"
ce58ffe106,Rocks,"stone, boulder, crust, lodge, mineral, lava, pebble, quarry, reef, slab, ore, slag"
ce58ffe106,Enough,"plenty, abundant, adequate, fed up, sufficient, suitable, plentiful, lavish, last straw"
d6fbaf0859,Foreign,"ALIEN,"
d6fbaf0859,Lesson,"LEARNED THINGS, TARGET"
d6fbaf0859,Weather,CONDITION  OF THE ATMOSPHERE BASED ON DIFF MEASURES
d6fbaf0859,Rocks,"COMPOSED THE EARTH, HARD PARTICLE"
d6fbaf0859,Enough,TO STOP... EXACT
9830f019db,Foreign,"foreign land, foreign language, not a native,foreign affairs minister, foreign exchange"
9830f019db,Lesson,"study, lessons of life, students, teachers, a detailed explanation"
9830f019db,Weather,"climatic condition, storm, wind, rain, floods, heat wave, cold waves, hurricanes, volcano eruption, ice, snow storm,humidity, maps, temperature highs and lows, global warming, bad weather"
9830f019db,Rocks,"rockstar, rock music, simply excellent, rocking music"
9830f019db,Enough,"over, enough is enough, sufficient, have had enough, not more"
271e108582,Foreign,"from another country, unusual, strange, imported"
271e108582,Lesson,"opportunity to learn, class, instruction,"
271e108582,Weather,"environmental conditions, climate, precipitation, wind, temperature"
271e108582,Rocks,"stones, geological objects, hard, tough, heavy"
271e108582,Enough,"sufficient, satisfied, meeting some requirement, beyond the necessary amount"
ce58ffe106,Silly,"adjective, dippy, idiotic, empty, fatuous, frivolous, childish, balmy, harebrained, unreasonable, witness, stupid"
ce58ffe106,Brothers,"male sibling, man, boy, grandfather, uncle, gent, gentlemen, husband, guy, Mr., son"
ce58ffe106,Slave,"person who serves, worker, subservient, laborer, captive, thrall, servant, bondservant, peon, retainer"
ce58ffe106,Evil,"angry, base, flagitious, iniquitous, obscene, vicious, wicked, malignant, harmful, poison, low, hideous"
ce58ffe106,Broken,"divide, smash, crash, destroy, snap, split, snare, splinter"
a99eff3ef7,Silly,Silly means foolish or stupid
a99eff3ef7,Brothers,a man or boy as he is related to the other children of his parents
a99eff3ef7,Slave,A slave is a person who is the property of another and is under the control of the master or a person who is overly influenced by something or someone else
a99eff3ef7,Evil,causing pain or trouble
a99eff3ef7,Broken,split or cracked into pieces
7242ce95a4,Silly,wrong mistakes
7242ce95a4,Brothers,siblings
7242ce95a4,Slave,one who obeys others command
7242ce95a4,Evil,bad spirits
7242ce95a4,Broken,split into two
e670c1d5c7,Silly,"it mean simple,easy,cheep,small."
e670c1d5c7,Brothers,"it is a blood relation,cusin,same parent,more than two brother."
e670c1d5c7,Slave,"worker,low level people,work for others."
e670c1d5c7,Evil,"bad,not good, not satisfied,negative word."
e670c1d5c7,Broken,"damage,lost,no use,things are cutted."
af87b4bb7f,Silly,"STUPID, IMPRACTICAL, CHILDISH, SMALL MISTAKE."
af87b4bb7f,Brothers,"RELATIVES, MORE THAN ONE SON TAKEN BIRTH FROM ONE MOTHER WITH SOME AGE DIFFERENCE."
af87b4bb7f,Slave,"SERVANT, WORKERS, STAFFS, WORK UNDER A BOSS AND GETS PAID."
af87b4bb7f,Evil,"WICKED, IMMORTALITY, SIN."
af87b4bb7f,Broken,"INTO PIECES, NOT WORKING."
a4153f408b,Silly,"funny, joke"
a4153f408b,Brothers,"sister,sibling"
a4153f408b,Slave,"slavery, worker"
a4153f408b,Evil,"bad, not good"
a4153f408b,Broken,"brake, damaged"
430445fa7c,Silly,"funny, humor, comedic,hilarious, laughter, kids, faces,"
430445fa7c,Brothers,"family, sibling, mens, twins, kin, relation, relative, united,"
430445fa7c,Slave,"captive, laborer, helper, victim, worker, black, railroad"
430445fa7c,Evil,"Satan, grievous, monstrous, hellish, satanic, corruptive, demonic, sinister, dark, unworthy, vile, unholy"
430445fa7c,Broken,"break, seperate, glass, divided, damage, scattered, destoyed, ruined"
2773fc01ba,Silly,"person,weak, unsatisfactory,below"
2773fc01ba,Brothers,"relation,family,brotherhood,love,peace,life"
2773fc01ba,Slave,"work,bounded labor,struggle, prisoner"
2773fc01ba,Evil,"devil,sin,mistake,fire,miss deeds"
2773fc01ba,Broken,"mirror,pieces, scatters,"
92ea18c297,Silly,Idiotic
92ea18c297,Brothers,Relation in family
92ea18c297,Slave,Bondservant
92ea18c297,Evil,Wickedness
92ea18c297,Broken,Damage one piece
1c7639828f,Silly,"weak-minded , lacking good sense, stupid or foolish, helpless, weak."
1c7639828f,Brothers,"a male offspring having both parents in common with another offspring, a male sibling, A male having the same parents as another"
1c7639828f,Slave,"One bound in servitude as the property of a person or household, a bond servant, One who is abjectly subservient to a specified person or influence"
1c7639828f,Evil,"morally wrong or bad, harmful, characterized or accompanied by misfortune"
1c7639828f,Broken,"Forcibly separated into two or more pieces, fractured, damaged or altered ,violently separated into parts"
41e63f1eda,Silly,"silly mistakes,silly things to do,follow.silly character,silly girl,silly boy,sorrow over silly things,silly & smart different sides of coin.silly at sleep,silly for certain things,silly over certain things in life."
41e63f1eda,Brothers,"sometimes best friends,some times worst enemies,fight for property & wealth of family.Family dividers,Sisters protection & safety.twin brothers,elder brothers,younger brothers,brothers of mom,brothers of dad,happy brothers,naughty brothers,stunt brothers,brothers & company."
41e63f1eda,Slave,"slave by birth,slave for land & property, slave of kingdom,slave for life,rigid & sorrowful life of slave,curse for mankind,slave trade in country,slave upon ships,slave for recovery of money ,slave against helpless people."
41e63f1eda,Evil,"evil in dreams,evil in reality,evil man,mind,thoughts.evil in empty home,evil attitude,evil for love & lust,evil dance,evil in dramas, evil creature ,evil to follow,evil against god,evil on people,evil for power & money,evil over relations."
41e63f1eda,Broken,"broken messages,broken lines,broken links,broken relationships,broken mind,broken life,broken picture,not completed love story,broken carrer,broken education,broken family,broken utensils,broken path,broken ideas,broken head,broken by words,heart broken,broken in the middle of event,broken emotions ,broken & incomplete sentences ,broken story of one's life,broken fate."
6c7df926ad,Silly,"simple ,meaningless"
6c7df926ad,Brothers,"eldest, youngest"
6c7df926ad,Slave,"vondman,"
6c7df926ad,Evil,ghost
6c7df926ad,Broken,"matromany , wedding agent"
b605293af4,Silly,"is an adjective, means funny, means ridiculous, means commical"
b605293af4,Brothers,"are males, are family members, are related to you, share parents with you"
b605293af4,Slave,"is a person, is owned by another, is held against their will"
b605293af4,Evil,"is bad, is cruel, is an adjective"
b605293af4,Broken,"means damaged, needs to be fixed, doesn't work properly"
e0a5939eb6,Silly,"is behaving in a nonsensical way, is used to refer to people who behave in such a way"
e0a5939eb6,Brothers,"are the male siblings, need not necessarily be blood related"
e0a5939eb6,Slave,"is a person bought for doing intense physical work, is usually treated badly,
slaves are banned today"
e0a5939eb6,Evil,"is an extremely negative thought usually followed by negative action, is undesirable behaviour"
e0a5939eb6,Broken,"is used to refer to a thing that has lost its original form or shape, things such as furniture may be broken but not things like cloth"
2486e8fbec,Silly,"an act, behavior, comic, smile, joke"
2486e8fbec,Brothers,"siblings, family,lovable, sharing, behavior,"
2486e8fbec,Slave,"worker, fixed, dictating, brutal"
2486e8fbec,Evil,"bad, unhealthy, worst, frightening"
2486e8fbec,Broken,"split, disjuncture, non functional"
7cf403bfc3,Silly,"foolish,imprudent"
7cf403bfc3,Brothers,man or boys in relation to his siblings
7cf403bfc3,Slave,person who is owned by and has to serve another
7cf403bfc3,Evil,morally bad;wicked
7cf403bfc3,Broken,"worn out by age,use,etc."
0e33c17467,Silly,"foolish, ridiculous, goofy,sappy"
0e33c17467,Brothers,"relative,male comrade, blood brother"
0e33c17467,Slave,"prisioner,"
0e33c17467,Evil,"wicked,demon, wizard"
0e33c17467,Broken,"fractured,smached, splintered"
a7dca11140,Silly,"mistakes,careless,foolish"
a7dca11140,Brothers,"family,relative,helpful"
a7dca11140,Slave,"worker,poor,hard working"
a7dca11140,Evil,"bad,ghost,fearful"
a7dca11140,Broken,"loss,damaged,sadness"
e01ef2fec0,Silly,Silly
e01ef2fec0,Brothers,Brothers
e01ef2fec0,Slave,Slave
e01ef2fec0,Evil,Evil
e01ef2fec0,Broken,Broken
fe5a703d9c,Silly,"foolish,weak mind"
fe5a703d9c,Brothers,"two or more male children of a parents then they said to be brothers,fellow human being"
fe5a703d9c,Slave,"person who is owned by another person, person work hard for his master according to his order without any objection"
fe5a703d9c,Evil,"bad, wicked, harmful"
fe5a703d9c,Broken,"had broke, interrupted, pieced into many"
eb09612a37,Silly,foolishness
eb09612a37,Brothers,cousin
eb09612a37,Slave,sland
eb09612a37,Evil,a bird
eb09612a37,Broken,some many pcs
0253fcbf92,Silly,"foolish,zany,inane"
0253fcbf92,Brothers,"sibling,male, kin"
0253fcbf92,Slave,"controlled,servant"
0253fcbf92,Evil,"devilish,corrupt,sinful,wicked."
0253fcbf92,Broken,"pulled apart,cracked,splattered, not useable,"
2a6566d746,Silly,"absurd; ridiculous,weak-minded or lacking good sense,stupid or foolish,stunned.Informal . a silly or foolish person."
2a6566d746,Brothers,"a male offspring having both parents in common with another offspring,a man who devotes himself to the duties of a religious order without taking holy orders, or while preparing for holy orders,a stepbrother."
2a6566d746,Slave,"a person entirely under the domination of some influence or person,a person who is the property of and wholly subject to another,a drudge."
2a6566d746,Evil,"marked by anger,due to actual or imputed bad conduct or character: an evil reputation,morally wrong or bad; immoral; wicked: evil deeds; an evil life,harmful; injurious,characterized or accompanied by misfortune or suffering."
2a6566d746,Broken,"reduced to fragments,changing direction abruptly,not functioning properly,torn,fractured."
f89618c03c,Silly,A word used for misbehaving children.
f89618c03c,Brothers,A male with the same parents as someone else.
f89618c03c,Slave,A person who is owned by someone.
f89618c03c,Evil,That which causes harm or destruction or misfortune.
f89618c03c,Broken,"Become separated into pieces or fragments.
Force out or release suddenly and often violently something pent up."
cd4699ed74,Silly,funny crazy
cd4699ed74,Brothers,born into the same family. support system.
cd4699ed74,Slave,person forced to work for no money on exchange
cd4699ed74,Evil,opposite of good
cd4699ed74,Broken,inoperable
2b15616b23,Silly,lack of responsible
2b15616b23,Brothers,two male gender born for same parents
2b15616b23,Slave,working very hard under someone
2b15616b23,Evil,bad spirit
2b15616b23,Broken,damaged
4baffedf4f,Silly,made
4baffedf4f,Brothers,those who born by one mother
4baffedf4f,Slave,eera
4baffedf4f,Evil,achivement
4baffedf4f,Broken,break
de23fe1cfc,Silly,"weak minded, lacking good sense, foolish, absurd"
de23fe1cfc,Brothers,a male child having both parents in common with another sibling.
de23fe1cfc,Slave,someone who is the property of another
de23fe1cfc,Evil,"wrong, corrupt, morally bad"
de23fe1cfc,Broken,"ruptured, reduced to fragments"
cfa82916f0,Silly,"Noughty, madness, passion, craze."
cfa82916f0,Brothers,"Relation, Elder, bigger, nearer, friendly."
cfa82916f0,Slave,"Worker, labor, hard, peon, sweeper ."
cfa82916f0,Evil,"devil, dayn, vampire, thriller, killer, terrorist."
cfa82916f0,Broken,"break, cut, Pisces, not strait."
a878e75949,Silly,"funny, act crazy, childish, nonsensical"
a878e75949,Brothers,"siblings, males, gang, male bonding"
a878e75949,Slave,"labor, laborer, scape goat, hard worker, prisoner, one who works"
a878e75949,Evil,"bad, nasty, mean, sin, Devil, perform heinous act, hurts others intentionally"
a878e75949,Broken,"sad, fell apart, cracked, shattered, hurt, empty"
af2803583c,Silly,absurd and stupid words can define silly.
af2803583c,Brothers,A male person who has the same father and mother with another person.
af2803583c,Slave,it is said to labor as a slave.
af2803583c,Evil,having a nature or properties which tend to badness
af2803583c,Broken,Forcibly separated into two or more pieces
6b2ac0ef88,Silly,lacking responsibility
6b2ac0ef88,Brothers,a male having the same parents as another
6b2ac0ef88,Slave,a servant bound to another as his property
6b2ac0ef88,Evil,morally bad
6b2ac0ef88,Broken,not in a full shape
f8051d2845,Silly,"someone stupid, something funny, careless, not smart"
f8051d2845,Brothers,"a male sibling, has blood relation, can use to describe very good friends"
f8051d2845,Slave,"working for someone else, usually doing labor work, low pay, no respect for them"
f8051d2845,Evil,"bad people, wicked, always try to set up/frame people and enjoying it"
f8051d2845,Broken,"not in a piece anymore, breaks into two or more parts, not in good condition"
26c834f70e,Silly,"funny, inane, invokes laughter, lighthearted, meant to amuse"
26c834f70e,Brothers,"sibling, friends, pals, male"
26c834f70e,Slave,"cruel, servitude, old, hard life, cotton"
26c834f70e,Evil,"holocaust, cruel, mean, inhumane"
26c834f70e,Broken,"No longer useful, needs repaired, unusable"
9abdd2e7cc,Silly,"Fun loving, to act comical"
9abdd2e7cc,Brothers,"2 guys who are related, the opposite of sisters"
9abdd2e7cc,Slave,"to wait on a person, one who is held captive, someone who is not free"
9abdd2e7cc,Evil,"not good, ill mannered, acting out"
9abdd2e7cc,Broken,"something that does not work, the opposite of working"
dcf44e6284,Silly,"weak-minded or lacking good sense; stupid or foolish,absurd; ridiculous; irrational
stunned; dazed
rustic; plain; homely."
dcf44e6284,Brothers,"a male offspring having both parents in common with another offspring; a male sibling
a stepbrother."
dcf44e6284,Slave,"a person who is the property of and wholly subject to another; a bond servant.

a person entirely under the domination of some influence or person: a slave to a drug."
dcf44e6284,Evil,"harmful; injurious
morally wrong or bad; immoral; wicked
characterized or accompanied by misfortune or suffering
due to actual or imputed bad conduct or character
marked by anger, irritability, irascibility, etc"
dcf44e6284,Broken,"reduced to fragments
ruptured; torn; fractured.

not functioning properly; out of working order. 
changing direction abruptly"
ab266a6b3c,Silly,"Silly is a man, has no balance in decisions, is not consulted, has no friends, people avoid him"
ab266a6b3c,Brothers,"Is a good relation, is helpful, shares your happines and sorrow, have common siblings."
ab266a6b3c,Slave,"is a man, does all kind os work for his master, has no perks in life, lives a poor life, obeys his master"
ab266a6b3c,Evil,"is a bad thing, people hate evil things, is not liked by humans, enemy of good deeds, harmful"
ab266a6b3c,Broken,"is useless, not repairable, may be reused if repaired,"
65368b27c5,Silly,"Goofy, Childsplay, off the cuff, funny, is underestimated, full of life,"
65368b27c5,Brothers,"Connection, bonding, near, family, relate, in tune, supportive,"
65368b27c5,Slave,"Ships, malnourished, is alive today, generations old, mistreated, over worked,"
65368b27c5,Evil,"Malign, vindictive, corrupt, diabolical, hatred, fostered"
65368b27c5,Broken,"In peices, hurt, fragile, glass, rendered useless, shattered"
86dc19ebbd,Silly,"stupid, ridiculous,childish"
86dc19ebbd,Brothers,"siblings, two sons of a parent are brothers"
86dc19ebbd,Slave,"person held legally in bondage of another, bondman, vassal"
86dc19ebbd,Evil,"vice, sin, wickedness"
86dc19ebbd,Broken,"out of order, not working, wrecked"
0da623e05b,Silly,weak-minded or lacking good sense; stupid or foolish
0da623e05b,Brothers,a male offspring having both parents in common with another offspring; a male sibling.
0da623e05b,Slave,a person who is the property of and wholly subject to another; a bond servant.
0da623e05b,Evil,morally wrong or bad; immoral; wicked: evil deeds; an evil life.
0da623e05b,Broken,reduced to fragments; fragmented.
9fbbce61dd,Silly,"Ludicrous, foolish,Lacking seriousness; given to frivolity,Inspiring scornful pity,"
9fbbce61dd,Brothers,"male  ,senior,friend,dearest,health taker,blood  brother,buddies,chums,compadres,comrades,cronies,paisanos,pals,"
9fbbce61dd,Slave,"break one's back,buckle down,hard worker,knuckle down,striver."
9fbbce61dd,Evil,"evilness,iiquity,immorality,malefic,malevolent,malign,vicious,wickedness"
9fbbce61dd,Broken,"bankrupted,bettered,breached,broken in"
2622f61522,Silly,"pathetic, ridiculous, fool, idiot, mad"
2622f61522,Brothers,"blood brother, comrade, buddy, chum"
2622f61522,Slave,"hard worker, striver, break one's back"
2622f61522,Evil,"mmorality, iniquity, wickedness, evilness."
2622f61522,Broken,"busted, impoverished, wiped out, confused,"
e592776b4d,Silly,"asinine, balmy, brainless, childish, crazy, dippy, dizzy*, empty, empty-headed, fatuous, featherbrained, flighty, foolhardy, frivolous, harebrained, idiotic, ignorant, illogical, immature, imprudent, inane, inappropriate, inconsistent"
e592776b4d,Brothers,"brother, fellow, gent, gentleman, guy, he, husband, sir, son"
e592776b4d,Slave,"bondservant, captive, chattel, drudge, help, laborer, menial, peon, retainer, serf, servant, skivvy, subservient, thrall, toiler, vassal, victim, worker, workhorse"
e592776b4d,Evil,"angry, atrocious, bad, baneful, base, beastly, calamitous, corrupt, damnable, depraved, destructive, disastrous, execrable, flagitious, foul, harmful, hateful, heinous, hideous"
e592776b4d,Broken,"annihilate, batter, burst, bust, bust up, crack, crash, crush, damage, demolish, disintegrate, divide, eradicate, finish off, fracture, fragment"
6be52007c6,Silly,"Exhibiting a lack of wisdom or good sense; foolish. See Synonyms at foolish.
2. Lacking seriousness or responsibleness; frivolous: indulged in silly word play; silly pet names for each other.
3. Semiconscious; dazed: knocked silly by the impac"
6be52007c6,Brothers,"A male having the same parents as another or one parent in common with another.
2. pl. also breth·ren (brrn) One who shares a common ancestry, allegiance, character, or purpose with another or others, especially:
a. A kinsman.
b. A fellow man.
c. A fellow member, as of a fraternity, trade union, or panel of judges on a court.
d. A close male friend; a comrade.
e. A fellow African-American man or boy.
3. pl. also brethren Something, such as a corporation or institution, that is regarded as a member of a class: ""A station that ... relies on corporate contributions or advertising to survive runs the risk of becoming virtually indistinguishable from its commercial brethren"" (W. John Moor"
6be52007c6,Slave,"One bound in servitude as the property of a person or household.
2. One who is abjectly subservient to a specified person or influence: ""I was still the slave of education and prejudice"" (Edward Gibbon).
3. One who works extremely hard.
4. A machine or component controlled by another machine or component.
intr.v. slaved, slav·ing, slaves
1. To work very hard or doggedly; toil.
2. To trade in or transport slaves."
6be52007c6,Evil,"Morally bad or wrong; wicked: an evil tyrant.
2. Causing ruin, injury, or pain; harmful: the evil effects of a poor diet.
3. Characterized by or indicating future misfortune; ominous: evil omens.
4. Bad or blameworthy by report; infamous: an evil reputation.
5. Characterized by anger or spite; malicious: an evil temper."
6be52007c6,Broken,"Past participle of break.
adj.
1. Forcibly separated into two or more pieces; fractured: a broken arm; broken glass.
2. Sundered by divorce, separation, or desertion of a parent or parents: children from broken homes; a broken marriage.
3. Having been violated: a broken promise.
4.
a. Incomplete: a broken set of books.
b. Being in a state of disarray; disordered: troops fleeing in broken ranks."
95e2618c28,Silly,"Exhibiting a lack of wisdom or good sense,Lacking seriousness or responsibleness"
95e2618c28,Brothers,"A male having the same parents as another or one parent in common with another,One who shares a common ancestry, allegiance, character, or purpose with another or others, especially:"
95e2618c28,Slave,"One bound in servitude as the property of a person or household, One who is abjectly subservient to a specified person or influence,"
95e2618c28,Evil,"Morally bad or wrong,Causing ruin, injury, or pain; harmful"
95e2618c28,Broken,"Forcibly separated into two or more pieces; fractured,Sundered by divorce, separation, or desertion of a parent or parents"
2ece3f8886,Silly,"foolish, imprudent, weak-minded, behavior, unwise, indiscreet, not discreet, injudicious, unwary"
2ece3f8886,Brothers,"relations, family member, twins, blood relation, human being, boy, sibling, home"
2ece3f8886,Slave,"serve another, ancient period, drudge, hard worker, man machine, king's rule, less salary, poor person"
2ece3f8886,Evil,"morally bad, wicked, harmful, bad effect, bad spirit, disagreeable, worst thing, inconvenience,"
2ece3f8886,Broken,"break, split, despair, interrupted, divide, beaten, two pieces, destroy"
24a08f9d6b,Silly,"foolish,Lacking seriousness,a word used for misbehaving,a silly idea,silly giggles"
24a08f9d6b,Brothers,"A fellow man,A close male friend,boy,a male person belonging to the same group,a male person having the same parents"
24a08f9d6b,Slave,"One who works extremely hard,to work like a slave,someone bound to labor without wages,a person who is controlled by others,work very hard ."
24a08f9d6b,Evil,"wrong; wicked,Causing ruin, injury,harmful,An evil force, power,injury, or destruction,harm, misfortune,Bad"
24a08f9d6b,Broken,"separated into two or more pieces; fractured,Incomplete,Repair,Not functioning; out of order"
d6fbaf0859,Silly,"crazy,,, not sincere... joking"
d6fbaf0859,Brothers,"of one blood... come from one set of the same parent, male in gender"
d6fbaf0859,Slave,"the one who is under, serving a person with high authority"
d6fbaf0859,Evil,"the opposite of good, bad referrung ti satan"
d6fbaf0859,Broken,"cut into pcs, with no purpose... for repair"
2cfb3bdbcd,Silly,cheap
2cfb3bdbcd,Brothers,kin
2cfb3bdbcd,Slave,captive
2cfb3bdbcd,Evil,angry
2cfb3bdbcd,Broken,finish off
cdf81c2126,Silly,not serious
cdf81c2126,Brothers,male siblings
cdf81c2126,Slave,a drudge
cdf81c2126,Evil,harmful
cdf81c2126,Broken,ruptured
19431af03e,Silly,"Exhibiting a lack of wisdom or good sense; foolish, Lacking seriousness or responsibleness; frivolous,Semiconscious; dazed."
19431af03e,Brothers,A male having the same parents as another or one parent in common with another.
19431af03e,Slave,"One bound in servitude as the property of a person or household,One who is abjectly subservient to a specified person or influence,One who works extremely hard."
19431af03e,Evil,"Morally bad or wrong; wicked,Causing ruin, injury, or pain; harmful,Characterized by or indicating future misfortune; ominous, Bad or blameworthy by report; infamous,Characterized by anger or spite; malicious."
19431af03e,Broken,"Forcibly separated into two or more pieces; fractured,Being in a state of disarray; disordered."
b245d0513e,Silly,frivolous
b245d0513e,Brothers,born to same mother
b245d0513e,Slave,bonded labor
b245d0513e,Evil,not good
b245d0513e,Broken,split into parts
79dc741969,Silly,"is foolish, is something that stupid people do, is funny, something without importance, something awkward or embarassing"
79dc741969,Brothers,"kin, relatives, love each other, family, good to one another, have the same blood, have the same parents"
79dc741969,Slave,"works for free, works against his will, is a prisoner, is used, is dehumanized, is abused, there are modern slaves, lives for his master"
79dc741969,Evil,"abuses other people, does not care about others, causes suffering, causes damage, destroys important things, kills, harms"
79dc741969,Broken,"not useful anymore, misses a part, can be a person, does not function"
408c124331,Silly,"careless, put much effort where it is not wanted,being serious when it is not necessary."
408c124331,Brothers,"our own blood related, staying with us, looking after us, plays with us, has two hands and two legs like me, talk and walk like me."
408c124331,Slave,who works for us and we pay them.
408c124331,Evil,"by doing some wrong we are doing evil things, saying bad words, not listening."
408c124331,Broken,"to break some thing, glass materials break with put down."
fd1a1cbbc3,Silly,"headed, clownish, airheaded, fruity, nuts, bonkers, clownlike, cracked, haywire, wacky, loco, kookie, buggy, zany, silly, goofy, pathetic, dizzy, batty, cockamamy, loony, barmy, cockamamie, buffoonish, around the bend, balmy, giddy, loopy, whacky"
fd1a1cbbc3,Brothers,"chum, buddy, brother, crony, blood brother, sidekick, comrade, pal"
fd1a1cbbc3,Slave,"break one's back, buckle down, knuckle down, slave ,striver, hard worker"
fd1a1cbbc3,Evil,"immorality, shabbiness, sinfulness, sin, ugliness, evilness, iniquity, dark, unfairness, wickedness, evil, darkness, sliminess, repulsiveness, lousiness, nefariousness, loathsomeness, vileness, injustice"
fd1a1cbbc3,Broken,"unkept, rugged, low, impoverished, humiliated, wiped out(p), broken in, busted, humbled, crushed, disordered, confused, upset"
6fa4990bd3,Silly,"a character of being in a care free notion, being impractical"
6fa4990bd3,Brothers,male children from either the same father or mother or both
6fa4990bd3,Slave,a person who is forcefully subjected to obey
6fa4990bd3,Evil,it is something which is bad and horror
6fa4990bd3,Broken,something which is not in the original form due to damage
b98951c546,Silly,weak-minded or lacking good sense; stupid or foolish. Something which is absurd; ridiculous; irrational
b98951c546,Brothers,"Siblings are people who share at least one parent. A male sibling is called a brother; and a female sibling is called a sister. In most societies throughout the world, siblings usually grow up together and spend a good deal of their childhood socializing with one another. This genetic and physical closeness may be marked by the development of strong emotional bonds such as love or hostility. The emotional bond between siblings is often complicated and is influenced by factors such as parental treatment, birth order, personality, and personal experiences outside the family.[1]"
b98951c546,Slave,"Slavery is a system under which people are treated as property and are forced to work.[1] Slaves can be held against their will from the time of their capture, purchase or birth, and deprived of the right to leave, to refuse to work, or to demand compensation. Conditions that can be considered slavery include debt bondage, indentured servitude, serfdom, domestic servants kept in captivity, adoption in which children are effectively forced to work as slaves, child soldiers, and forced marriage.[2]

Slavery predates written records and has existed in many cultures.[3] The number of slaves today is higher than at any point in history,[4] remaining as high as 12 million[5] to 27 million,[6][7][8] though this is probably the smallest proportion of the world's population in history.[9] Most are debt slaves, largely in South Asia, who are under debt bondage incurred by lenders, sometimes even for generations.Human trafficking is primarily used for forcing women and children into sex industries."
b98951c546,Evil,"Evil is the violation of, or intent to violate, some moral code. Evil is usually seen as the dualistic opposite of good. Definitions of evil vary along with analysis of its root motive causes, however general actions commonly considered evil include: conscious and deliberate wrongdoing, discrimination designed to harm others, humiliation of people designed to diminish their psychological needs and dignity, destructiveness, and acts of unnecessary and/or indiscriminate violence that are not legitimate acts of self-defense but aggressive and designed to cause ill-being to others.[2] The philosophical question of whether morality is absolute or relative leads to questions about the nature of evil, with views falling into one of four opposed camps: moral absolutism, amoralism, moral relativism, and moral universalism."
b98951c546,Broken,reduced to fragments; fragmented. ruptured; torn; fractured. an act or instance of breaking; disruption or separation of parts; fracture; rupture
9fb171be25,Silly,Exhibiting a lack of wisdom or good sense. Semiconscious; Lacking seriousness or responsibleness
9fb171be25,Brothers,"A male having the same parents as another or one parent in common with another.
A close male friend; a comrade."
9fb171be25,Slave,One bound in servitude as the property of a person or household. One who works extremely hard A machine or component controlled by another machine or component.
9fb171be25,Evil,". Characterized by anger or spite, Morally bad or wrong; wicked:That which causes harm, misfortune, or destruction:. Something that is a cause or source of suffering,"
9fb171be25,Broken,"Forcibly separated into two or more pieces, Incomplete, Spoken with gaps and errors:"
8f1e39414a,Silly,"clown, giggly, crosses eyes"
8f1e39414a,Brothers,"boys, look similar, love eachother, strong"
8f1e39414a,Slave,"African, in chains, whipped, work plantations, South"
8f1e39414a,Evil,"Dark, Darth Vader, poison, the devil, Hitler, creates fear in people"
8f1e39414a,Broken,"Hearts, fractured, bones, in fragments"
88f83ba7a8,Silly,"SILLY MEANS EASY. A WORK HAS TO DONE SO EARLY. EASILY, FINE. DURABLE."
88f83ba7a8,Brothers,"BROTHER IS A PERSON OR WOMEN WHO BORN WITH HIS MOTHER. MY BROTHER IS RAJU, MY SISTER IS VEENA"
88f83ba7a8,Slave,"SLAVE MEANS A PERSON TO DO ANYTHING WITHOUT GAINING MONEY OR REWARDS. WORKER, SLAVES, SLAVE IS A WORKER"
88f83ba7a8,Evil,"EVIL MEANS BADLY MIND, DEVIL, BAD HABIT"
88f83ba7a8,Broken,"BROKEN MEANS SPLIT. SPLIT UP INTO TWO PIECES, GLASS HAS BROKEN INTO PIECES."
6b2ac0ef88,Gamble,bet
6b2ac0ef88,Flop,fail utterly
6b2ac0ef88,Repeat,to do something again
6b2ac0ef88,Auto,short name for automobile
6b2ac0ef88,Defeat,lose
5b07bf5713,Gamble,"gamble: it is an action, it is risky, used mostly in casinos, illegal in some states and countries"
5b07bf5713,Flop,"flop: to swing, also used to measure computer performance, sudden movement, if used to measure computer performance then it comes from acronym"
5b07bf5713,Repeat,"repeat: circle, action, comes from Latin,"
5b07bf5713,Auto,"auto: car, German roots, also used to underline ""by itself"" or self-sufficient"
5b07bf5713,Defeat,"defeat: sad, consequence of other's actions, war, casualties"
973869ddb6,Gamble,"play games of chance for money,bet(a sum of money)in gambling,(often followed by away)lose (assets)by gambling,take great risks in the hope of substantial gain,act in the hope of ,a risky undertaking or attempt,a spell or act of gambling."
973869ddb6,Flop,"sway about heavily or loosely,move in an ungainly way,sit,lie, kneel ,fall awkwardly or suddenly,fail,collapse,make a dull sound as of soft body landing or of a flat thing slapping water,a flopping movement,the sound made by it,a failure."
973869ddb6,Repeat,"say or do over again,recite,rehearse,reproduce,(something from memory),say or report (something heard),imitate(an action etc.)recur,appear again,used for emphasis,(of food)be tasted intermittenly after being swallowed as a result of belching or indigestion,the act or instance of repeating,a thing repeated,a repeated broadcast ,a passage intended to be repeated,a mark indicating this,a pattern repeated ,(from Latin repetere 'to seek again')."
973869ddb6,Auto,"a motor car,combination form usually before a vowel,self (autism)one' s own,(autobiography),by oneself or spontaneous (auto- suggestion),automatic (automobile),from Greek autos'self'."
973869ddb6,Defeat,"overcome in a battle or other contest,frustrate,baffle,reject (a motion etc)by voting,the act or an instance of defeating or being defeated .(based on Latin facere 'to do')."
4792a552bb,Gamble,wagering of money
4792a552bb,Flop,"to throw or move oneself in a heavy, clumsy, or relaxed manne"
4792a552bb,Repeat,"a rhetorical, musical and pedagogical device, as well as the title of several books and songs"
4792a552bb,Auto,"auto- ""self, one's own"", may refer to: An automobile"
4792a552bb,Defeat,to overcome in battle or contest
8f659dbf2f,Gamble,"Bet, punt, risk, chance"
8f659dbf2f,Flop,unsuccessful slump miss crumple
8f659dbf2f,Repeat,"do again, double, replay re-do"
8f659dbf2f,Auto,"automatic, car vehicle, engine, robot"
8f659dbf2f,Defeat,"loss, beaten, defiled, de ranked"
9d836d8814,Gamble,"money, lose, daring, playing cards, gambler"
9d836d8814,Flop,"loss, poorly, disaster, belly up"
9d836d8814,Repeat,"re-do, did wrong, loss of time"
9d836d8814,Auto,"car, metal, dealership, auto maker, transportation"
9d836d8814,Defeat,"loss, give up, depression, war/battle loss"
0ff6f25e1c,Gamble,It will not gamble
0ff6f25e1c,Flop,Never miss the target
0ff6f25e1c,Repeat,Very Quickly
0ff6f25e1c,Auto,Beak and neck will have Automatically move up and down
0ff6f25e1c,Defeat,It can be easily
55db87867f,Gamble,"play game,bet on uncertain outcome, a risk"
55db87867f,Flop,"clap.strike,to fall,to sink."
55db87867f,Repeat,"to say again,duplicate,produce again."
55db87867f,Auto,"self-moving, self-propelling,auto car"
55db87867f,Defeat,"to undo,to destroy, to overcome"
92ea18c297,Gamble,A Risk
92ea18c297,Flop,To move loosly
92ea18c297,Repeat,To say again
92ea18c297,Auto,Self-Propelling
92ea18c297,Defeat,"Win a victory over (as a person,difficulties)"
98e8b229d5,Gamble,"pretend, encounter, happen, guess, run a risk, chance, gamble, bump, adventure, venture, hazard, jeopardize, stake, take chances, find, take a chance, put on the line, lay on the line, risk ,run a risk, gambler, gambling contract, take a gamble, not win for losing"
98e8b229d5,Flop,"floating-point operation, dud, bust, collapse, flop, fizzle, washout , wash, turkey, bust, bomb, collapse, hiss, dud, tear, bout,lay an egg"
98e8b229d5,Repeat,"reiterate, recite, duplicate, take over, recapitulate, reprize, restate, recur, echo, ingeminate, reprise, retell, replicate, iterate, reduplicate, double, fictionalise, fictionalize repetition, repeating"
98e8b229d5,Auto,"car, auto, automobile, machine, motorcar, railway car, cable car, machine, political machine, gondola, motorcar, railroad car, railcar, simple machine, elevator car, automobile"
98e8b229d5,Defeat,"thrashing, trouncing, frustration, whacking, drubbing, defeat, beating, lacing, licking, frustration, thwarting, licking, defeat, foiling"
d2238a631b,Gamble,To play or game for money or other stake.
d2238a631b,Flop,"to move around in a heavy, clumsy manner."
d2238a631b,Repeat,"To go over again; to attempt, do, make, or utter again; to iterate; to recite; as, to repeat an effort, an order, or a poem."
d2238a631b,Auto,a motor vehicle with four wheels; usually propelled by an internal combustion engine
d2238a631b,Defeat,To undo; to disfigure; to destroy.
e592776b4d,Gamble,"pretend, encounter, happen, guess, run a risk, chance, gamble, bump, adventure, venture, hazard"
e592776b4d,Flop,"floating-point operation, dud, bust, collapse,  fizzle, washout,  crash, prostration"
e592776b4d,Repeat,"reiterate, recite, duplicate, take over, recapitulate, restate, recur, echo, again and again, more than one"
e592776b4d,Auto,"railway car, cable car, machine, political machine, gondola, motorcar, railroad car, railcar, car, simple machine, elevator car, automobile"
e592776b4d,Defeat,"thrashing, trouncing, frustration, whacking, drubbing, defeat, beating, lacing, licking"
26c834f70e,Gamble,"to take risks, may lose money, may gain money, can be addictive if one gambles often,"
26c834f70e,Flop,"failure, an action taken when falling on furniture, to turn over"
26c834f70e,Repeat,"Echo, to do again, repeat an action over and over"
26c834f70e,Auto,"Car, has wheels, you can set something on ""auto"" and it will continue on its own, an action done without thinking, is pricey, has doors, needs gas or electricity, is efficient for getting from a to z, new ones smell good"
26c834f70e,Defeat,"Lose, something bests another, failure, something a team wants for the opposing team"
e01ef2fec0,Gamble,Gamble
e01ef2fec0,Flop,Flop
e01ef2fec0,Repeat,Repeat
e01ef2fec0,Auto,Auto
e01ef2fec0,Defeat,Defeat
86b3e23f9c,Gamble,to bet on a result out a list of possibilities
86b3e23f9c,Flop,failure
86b3e23f9c,Repeat,do to something again
86b3e23f9c,Auto,self controlling
86b3e23f9c,Defeat,to gain victory
1e695ef57f,Gamble,"risk, done in a casino, with odds, with a house edge, speculation, risky, done with a game, done with cards or dice"
1e695ef57f,Flop,"not a success, small crowd, poor reviews, boo'ed by audience; to drop something, to fall limply, to drop"
1e695ef57f,Repeat,"copy, not original, echo, to do over, tell again, say again, possibly boring"
1e695ef57f,Auto,"car, uses gasoline, runs on road, has a driver, is a private vehicle, has a trunk, has four wheels"
1e695ef57f,Defeat,"loss, to beat, not a victory, victory to the other side, a failure, to not meet the objective, unhappy outcome"
2b15616b23,Gamble,a kind of trick game
2b15616b23,Flop,failure
2b15616b23,Repeat,to do the same
2b15616b23,Auto,a kind of vehicle
2b15616b23,Defeat,lost
1c7639828f,Gamble,"Play games of chance for money, bet, risk - gaming"
1c7639828f,Flop,"Fall, hang in a heavy,  failure"
1c7639828f,Repeat,"do again, 	
An action, event, or other thing that occurs or is done again,	
Say again"
1c7639828f,Auto,"related to car like automobile, doing itself, automatic"
1c7639828f,Defeat,"Win a victory over, An instance of defeating or being defeated., overcome"
65368b27c5,Gamble,"gambler, play games for money,play games for chance,stakes, take risks,risky undertaking,"
65368b27c5,Flop,"move, fall,sit,soft thud,sway about heavily, sway loosely, collapse, flopping motion, floppy"
65368b27c5,Repeat,"say again, say over again,recite, report, reproduce, recur, repeating, repeated"
65368b27c5,Auto,"car, vehicle, jeep, salon, motor, driving, journey"
65368b27c5,Defeat,"overcome in battle,overcome in contest,frustrate,battle, defeating, being defeated,"
2622f61522,Gamble,"Not good thing, Casino"
2622f61522,Flop,"Fail, Fail Movie, Unpopular"
2622f61522,Repeat,"Again and again, words repatting"
2622f61522,Auto,"Automatic, things happen automatically."
2622f61522,Defeat,"Loosing, games, hate loosing, not wining, embarrassing and shameful event"
430445fa7c,Gamble,"casino, money, bet, cards, horse race games, jack pot, rich, poor, win, loose, black jack, slot machine"
430445fa7c,Flop,"belly flop, flip flop, smack against, pain, throw down, bed,"
430445fa7c,Repeat,"again, do over, song, routine, same,"
430445fa7c,Auto,"car, vehicle, truck, transportation, shop, bus,"
430445fa7c,Defeat,"beat, end, destroy, retreat, win, success, lost,"
16bfe2d938,Gamble,"dangerous, activity, entertainment, loud, flashy, needs money, takes time, used to get rich quick, killing time, taking risks"
16bfe2d938,Flop,"failure, not popular, need more tries, sad, frustrating, lack of thought, disagreement"
16bfe2d938,Repeat,"over again and again, need more time to understand, re-run, boring, habit, stale"
16bfe2d938,Auto,"fast, dangerous, expensive, loud, costly, transportation, to get from point a to point b, to show off status or wealth"
16bfe2d938,Defeat,"beaten down, weary, failure, loser, painful, frustration, not strong enough, wrong decision"
c284e4a997,Gamble,"Race,playing cards,may be addicted with it"
c284e4a997,Flop,"A loss,a film may be,un expected encounter"
c284e4a997,Repeat,"Do again,may be a task,a writing,come back"
c284e4a997,Auto,"A mechanism,with motor.spontaneously,automatic"
c284e4a997,Defeat,"succeed.from an encounter,along a task"
8860b5cbe8,Gamble,"risk, chance, casino, Las Vegas, lured in, fixed, statistics, make/lose something or money"
8860b5cbe8,Flop,"jump, leap, twitch, flail, bomb, slang"
8860b5cbe8,Repeat,"do over, cycle, recycle, used throughout the universe"
8860b5cbe8,Auto,"automobile, car, truck, van, transportation, mechanical, travel, outdoors, pollution"
8860b5cbe8,Defeat,"lose, loss, crushed, sad, knocked down, take a fall"
95e2618c28,Gamble,"To bet on an uncertain outcome,To play a game of chance for stakes,To take a risk in the hope of gaining an advantage or a benefit"
95e2618c28,Flop,"To fall or lie down heavily and noisily,To move about loosely or limply"
95e2618c28,Repeat,"To say again,To utter in duplication of another's utterance,To recite from memory"
95e2618c28,Auto,usually propelled by an internal combustion engine
95e2618c28,Defeat,"To win victory over,To prevent the success of; thwart,Failure to win."
2a6566d746,Gamble,"to play at any game of chance for money or other stakes,to stake or risk money,to lose or squander by betting ,to wager or risk,to take a chance on."
2a6566d746,Flop,"to swing loosely,to be a complete failure,to change suddenly, as from one side or party to another,to fall or plump down suddenly."
2a6566d746,Repeat,"to say or utter again,to do, make, or perform again,to tell (something heard) to another or others.."
2a6566d746,Auto,"self,same,spontaneous."
2a6566d746,Defeat,"to eliminate or deprive of something expected,to overcome in a contest, election, battle, etc,to frustrate,a bringing to naught,an overthrow or overturning,an act of overacting in a  contest."
19431af03e,Gamble,"To bet on an uncertain outcome, as of a contest,To play a game of chance for stakes."
19431af03e,Flop,"To fall or lie down heavily and noisily.To move about loosely or limply,Informal To fail utterly."
19431af03e,Repeat,"To say again,To utter in duplication of another's utterance."
19431af03e,Auto,An automobile.To go by or ride in an automobile.
19431af03e,Defeat,To win victory over; beat.
fe5a703d9c,Gamble,"play game with money,bet for play"
fe5a703d9c,Flop,"failure, fall, failure in something"
fe5a703d9c,Repeat,"do something again,once again, same action again"
fe5a703d9c,Auto,"doing itself,without anybodies help"
fe5a703d9c,Defeat,"failure,overcome in battle"
cd4699ed74,Gamble,take a chance
cd4699ed74,Flop,flip over
cd4699ed74,Repeat,do again
cd4699ed74,Auto,done by itself
cd4699ed74,Defeat,overcome
d6fbaf0859,Gamble,TO BET OR TO PLAY
d6fbaf0859,Flop,"NOT SUCCESSFUL, DID NOT MEET EXPECTATION"
d6fbaf0859,Repeat,TO DO IT AGAIN
d6fbaf0859,Auto,"ABRUPT, STEADY OR VOLUNTARY"
d6fbaf0859,Defeat,TO LOOSE
0253fcbf92,Gamble,"bet,wager,stake"
0253fcbf92,Flop,"fall down,strike,failure"
0253fcbf92,Repeat,"redo,echo,encore"
0253fcbf92,Auto,"car,truck,bus,van,camper"
0253fcbf92,Defeat,"beat,loss,reversal"
3c66fc6f2e,Gamble,"risk, play, game, wager, bet,"
3c66fc6f2e,Flop,"lose support, disaster, fail to meet expectations"
3c66fc6f2e,Repeat,"attempt again, continuation of behavior, tautology"
3c66fc6f2e,Auto,"vehicle, mode of transportation, car,"
3c66fc6f2e,Defeat,"loss, annihilation, decimation"
4baffedf4f,Gamble,beting
4baffedf4f,Flop,fail not hit
4baffedf4f,Repeat,parden
4baffedf4f,Auto,self
4baffedf4f,Defeat,lose
0da623e05b,Gamble,"1.
to play at any game of chance for money or other stakes.
2.
to stake or risk money, or anything of value, on the outcome of something involving chance: to gamble on a toss of the dice.
3.
to lose or squander by betting (usually followed by away ): He gambled all his hard-earned money away in one night.
4.
to wager or risk (money or something else of value): to gamble one's freedom.
5.
to take a chance on; venture; risk: I'm gambling that our new store will be a success."
0da623e05b,Flop,"1.
to fall or plump down suddenly, especially with noise; drop or turn with a sudden bump or thud (sometimes followed by down ): The puppy flopped down on the couch.
2.
to change suddenly, as from one side or party to another (often followed by over ).
3.
to be a complete failure; fail: The play flopped dismally.
4.
Informal . to sleep or be lodged: to flop at a friend's house.
5.
to swing loosely; bounce; flap: His long hair flops in his eyes when he runs."
0da623e05b,Repeat,"1.
to say or utter again (something already said): to repeat a word for emphasis.
2.
to say or utter in reproducing the words, inflections, etc., of another: to repeat a sentence after the teacher.
3.
to reproduce (utterances, sounds, etc.) in the manner of an echo, a phonograph, or the like.
4.
to tell (something heard) to another or others.
5.
to do, make, or perform again: to repeat an action."
0da623e05b,Auto,automobile
0da623e05b,Defeat,"1.
to overcome in a contest, election, battle, etc.; prevail over; vanquish: They defeated the enemy. She defeated her brother at tennis.
2.
to frustrate; thwart.
3.
to eliminate or deprive of something expected: The early returns defeated his hopes of election.
4.
Law . to annul."
2cfb3bdbcd,Gamble,pretend
2cfb3bdbcd,Flop,failure
2cfb3bdbcd,Repeat,again and again
2cfb3bdbcd,Auto,vehicle
2cfb3bdbcd,Defeat,ambush
6a26af6ef5,Gamble,"bet,wager,lose,roulette,excitement,tension,anxiety,wages,rent money,addiction"
6a26af6ef5,Flop,"fall,belly flop,fail,rubbish,flip flop"
6a26af6ef5,Repeat,"repeat process,do it again, say something again, rephrase,one more time"
6a26af6ef5,Auto,"car,motor,automobile,automatic,automated system"
6a26af6ef5,Defeat,"failure,lost the battle, lose fight, feel defeated,admit defeat"
7bc1fcb47b,Gamble,Gamble : Play games of chance of money
7bc1fcb47b,Flop,Flop :sit awkwardly or suddenly fall
7bc1fcb47b,Repeat,Repeat : To do something over and over again
7bc1fcb47b,Auto,Auto : Something by itself
7bc1fcb47b,Defeat,"Defeat :Losing in a contest, Overcome in a contest"
a99eff3ef7,Gamble,to play at any game of chance for money or other stakes
a99eff3ef7,Flop,to fall or plump down suddenly
a99eff3ef7,Repeat,to say or utter again
a99eff3ef7,Auto,a combining form representing automobile  in compound words
a99eff3ef7,Defeat,to overcome in a contest
ec9da5a8a6,Gamble,"IS a word, is wrong, is bet,a wager,An act or undertaking of uncertain outcome,a risk."
ec9da5a8a6,Flop,"is a word,To fall or lie down heavily and noisily,Slang,collapse loosely, fall."
ec9da5a8a6,Repeat,"is a word, is a struggle,To say again,is a verb,is a action,recap,is a cycle."
ec9da5a8a6,Auto,"is a word, automatic, to do without manually, a motor vehicle with four wheels,all automobiles use this word also."
ec9da5a8a6,Defeat,"is a word, is a shame, is a result of a competition, is a verb."
7242ce95a4,Gamble,game
7242ce95a4,Flop,fail
7242ce95a4,Repeat,do again
7242ce95a4,Auto,without man power
7242ce95a4,Defeat,win the opposite
de23fe1cfc,Gamble,to play at any game for a chance of money
de23fe1cfc,Flop,to fall or plump down suddenly
de23fe1cfc,Repeat,to do over again
de23fe1cfc,Auto,automobile
de23fe1cfc,Defeat,"to overcome in a contest, thwart, anul"
0aca162d17,Gamble,play game of chance for money
0aca162d17,Flop,fail totally
0aca162d17,Repeat,say or do again
0aca162d17,Auto,self
0aca162d17,Defeat,cause to fail
86dc19ebbd,Gamble,"playing risky games, bet, receives or loose money"
86dc19ebbd,Flop,"collapse, fall doen, droop, very bad"
86dc19ebbd,Repeat,"do again, say again, go over, recap, recur, duplicate"
86dc19ebbd,Auto,"automobile, vehicle, autorikshaw"
86dc19ebbd,Defeat,"beat, overcome, conquer"
cd99a04ede,Gamble,"bet, wager, waste money"
cd99a04ede,Flop,"drop, wilt, fail"
cd99a04ede,Repeat,"recur, reiterate, do again"
cd99a04ede,Auto,"robotic, non manual transmission, automatically"
cd99a04ede,Defeat,"win, come out on top, victor"
9fb171be25,Gamble,"To bet on an uncertain outcome, as of a contest.To play a game of chance for stakes.To engage in reckless or hazardous behavior"
9fb171be25,Flop,"To fall or lie down heavily and noisily.To move about loosely or limply,
To go to bed."
9fb171be25,Repeat,"To utter in duplication of another's utterance.To say again , To do, experience, or produce again:To tell to another."
9fb171be25,Auto,"auto - a motor vehicle with four wheels; usually propelled by an internal combustion engine; ""he needs a car to get to work. An automobile."
9fb171be25,Defeat,To win victory over; beat.Failure to win.To make void; annul.
af2803583c,Gamble,Gambling is the wagering of money or something of material value
af2803583c,Flop,flop is when something or plan don't work out we say plan is flop
af2803583c,Repeat,To utter in duplication of another's utterance or speaking again and again is repeating
af2803583c,Auto,"self, one's own"
af2803583c,Defeat,Win a victory over (someone) in a battle or other contest
f89618c03c,Gamble,"Money that is risked for possible monetary gain.
A risky act or venture."
f89618c03c,Flop,"An arithmetic operation performed on floating-point numbers.
A complete failure."
f89618c03c,Repeat,"An event that repeats.
Make or do or perform again."
f89618c03c,Auto,4-wheeled motor vehicle; usually propelled by an internal combustion engine.
f89618c03c,Defeat,"The feeling that accompanies an experience of being thwarted in attaining your goals.
An unsuccessful ending."
6be52007c6,Gamble,"To bet on an uncertain outcome, as of a contest.
b. To play a game of chance for stakes.
2. To take a risk in the hope of gaining an advantage or a benefit.
3. To engage in reckless or hazardous behavior: You are gambling with your health by continuing to smoke.
v.tr.
1. To put up as a stake in gambling; wager.
2. To expose to hazard; risk: gambled their lives in a dangerous rescue mission.
n."
6be52007c6,Flop,"with a flopping sound; ""he tumbled flop into the mud""

[adverb] exactly; ""he fell flop on his face""
Synonyms: right

[noun] an arithmetic operation performed on floating-point numbers; ""this computer can perform a million flops per second""
Synonyms: floating-point operation

[noun] someone who is unsuccessful
Synonyms: dud, washout

[noun] a complete failure; ""the play was a dismal flop""
Synonyms: bust

[noun] the act of throwing yourself down; ""he landed on the bed with a great flop""
Synonyms: collapse

[verb] fall loosely; ""He flopped into a chair""

[verb] fall suddenly and abruptly

[verb] fail utterly; collapse; ""The project foundered"""
6be52007c6,Repeat,". To say again: repeat a question.
2. To utter in duplication of another's utterance.
3. To recite from memory.
4. To tell to another.
5. To do, experience, or produce again: repeat past successes.
6. To express (oneself) in the same way or words: repeats himself constantly.
v.intr.
1. To do or say something again.
2. To commit the fraudulent offense of voting more than once in a single election.
n.
1. An act of repeating.
2. Something repeated, as an interval in athletic training.
3. A broadcast of a television or radio program that has been previously broadcast; a rerun.
4. Music
a. A passage or section that is repeated."
6be52007c6,Auto,"A self-propelled passenger vehicle that usually has four wheels and an internal-combustion engine, used for land transport. Also called motorcar.
adj.
Of or relating to automobiles; automotive."
6be52007c6,Defeat,"noun] an unsuccessful ending
Synonyms: licking

[noun] the feeling that accompanies an experience of being thwarted in attaining your goals
Synonyms: frustration

[verb] win a victory over; ""You must overcome all difficulties""; ""defeat your enemies""; ""He overcame his shyness""; ""She conquered here fear of mice""; ""He overcame his infirmity""; ""Her anger got the better of her and she blew up""
Synonyms: get the better of, overcome

[verb] thwart the passage of; ""kill a motion""; ""he shot down the student's proposal""
Synonyms: kill, shoot down, vote down, vote out"
ce58ffe106,Gamble,"a risky act, venture, bet, wager, chance, speculation"
ce58ffe106,Flop,"miserable failure, debacle, fiasco, washout, fall short,"
ce58ffe106,Repeat,"something done over, duplicate, echo, reshowing, repetition, replay, reproduction"
ce58ffe106,Auto,"car, motor car, wheels, passenger car, vehicle"
ce58ffe106,Defeat,"overthrow, debacle, failure, fall, setback, ruin, beat, win a victory, slaughter"
a7dca11140,Gamble,"game,money,entertainment"
a7dca11140,Flop,"loss,business,depression"
a7dca11140,Repeat,"appear again, do again, recur"
a7dca11140,Auto,"self,oneself,vehicle"
a7dca11140,Defeat,"conquer,fight,win"
2486e8fbec,Gamble,"bet, play, luck, earn,"
2486e8fbec,Flop,"fail, lost, fade, fall"
2486e8fbec,Repeat,"again, remind, re back"
2486e8fbec,Auto,"self, own, personal"
2486e8fbec,Defeat,"lost, gone, failed, flopped, decline"
b245d0513e,Gamble,chance
b245d0513e,Flop,failure
b245d0513e,Repeat,try again
b245d0513e,Auto,vehicles
b245d0513e,Defeat,failure
eb09612a37,Gamble,FLOAT
eb09612a37,Flop,FAIL
eb09612a37,Repeat,AGAIN
eb09612a37,Auto,MOTOR
eb09612a37,Defeat,DISAPPOINT
5a5d153897,Gamble,"A game, cheating people, where people earn some money, to have fun, in a casino"
5a5d153897,Flop,"To fall down, to lose, makes you upset, playing a flop movie"
5a5d153897,Repeat,"To do again, boring, over and over, repeated the same program"
5a5d153897,Auto,"Mechanical, without thinking, quick, autoplay"
5a5d153897,Defeat,"To lose, to be sad, not the winner"
fd1a1cbbc3,Gamble,"pretend, encounter, happen, guess, run a risk, chance, gamble, bump, adventure, venture, hazard, jeopardize, stake, take chances, find, take a chance, put on the line, lay on the line, risk"
fd1a1cbbc3,Flop,"floating-point operation, dud, bust, collapse, flop, fizzle, washout"
fd1a1cbbc3,Repeat,"repeat, reiterate, recite, duplicate, take over, recapitulate, reprize, restate, recur, echo, ingeminate, reprise, retell, replicate, iterate, reduplicate, double, fictionalise, fictionalize"
fd1a1cbbc3,Auto,"railway car, cable car, machine, political machine, gondola, motorcar, railroad car, railcar, car, simple machine, elevator car, automobile, auto"
fd1a1cbbc3,Defeat,"thrashing, trouncing, frustration, whacking, drubbing, defeat, beating, lacing, licking"
b605293af4,Gamble,"is playing games for money, is betting on things, is illegal in most places, happens at cassinos"
b605293af4,Flop,"means to fail, means to writhe around, can be a verb or noun"
b605293af4,Repeat,"means to say something over again, is an action, means to continue doing the same thing"
b605293af4,Auto,"is a car, is a vehicle, you ride in it, means automatically"
b605293af4,Defeat,"means to conquer, means to win, means to triumph over someone"
3bc66f1eb9,Gamble,"Proper usage and pronunciation information and translations of gamble in the most .a. To bet on an uncertain outcome, as of a contest. b. To play a game of chance for stakes. 2. To take a risk in the hope of gaining an advantage or a benefit. 3. .."
3bc66f1eb9,Flop,"lopped, flopping) like when it's said processor x is 5 flops. I know it's the abbreviation of floating point operations per second. ...Flop means to move to and fro or swing or move loosely. It means to throw one self or to practice ..."
3bc66f1eb9,Repeat,"Information and translations of repeat in the most ell, let me break it down for you. To Lather or Not to Lather The idea of the first step is not to wash your hair, but rather ..."
3bc66f1eb9,Auto,"without manipulation.It's Volkswagen's slogan. ... VW's previous tagline was “Aus Liege zum Automobile,” which was launched at the 2003 Frankfurt Show and translates ...First thing-I posted this in the ""camera"" forum and then I read the ""what goes in here"" post from Adam ""the administrator"""
3bc66f1eb9,Defeat,"The Defeat Means Friendship trope as used in popular culture, with a list of examples from all media.by Bradley Askew 28 July 2011. You may have noticed in the news recently that the high street banks have lost a long ..."
a878e75949,Gamble,"risk, casino, put money out, challenge, destruction"
a878e75949,Flop,"disaster, failure, fall short, no good"
a878e75949,Repeat,"retry, do over, continue, react, try again"
a878e75949,Auto,"car, drive, vehicle, process by itself"
a878e75949,Defeat,"lose, loss, give up, beat someone, lose to someone else, lost hope"
a4153f408b,Gamble,"playing, games"
a4153f408b,Flop,"not work, unsuccessful"
a4153f408b,Repeat,"redo, to do again"
a4153f408b,Auto,"car, motorcycle"
a4153f408b,Defeat,"win, to loose"
7cf403bfc3,Gamble,chess opening in which a player sacrifices a place or pawn to secure an advantage
7cf403bfc3,Flop,loosely or sway about heavily
7cf403bfc3,Repeat,say or do over again
7cf403bfc3,Auto,"car, US colloq"
7cf403bfc3,Defeat,"overcome in bottle,a contest"
9fb171be25,Forest,"A dense growth of trees, plants, and underbrush covering a large area.
Something that resembles a large, dense growth of trees, as in density, quantity, or profusion:"
9fb171be25,Truth,Conformity to fact or actuality. Sincerity; integrity.Fidelity to an original or standard. A statement proven to be or accepted as true.
9fb171be25,Secretary,Relating to or performing secretion.
9fb171be25,Chest,"The part of the body between the neck and the abdomen, enclosed by the ribs and the breastbone; the thorax. A box for the shipping of certain goods, such as tea."
9fb171be25,Left,"Of, belonging to, located on, or being the side of the body to the north when the subject is facing east. The opinion of those advocating such measures"
e592776b4d,Forest,"woodland, timberland, woods, woodwind instrument, wood, timber, woodwind"
e592776b4d,Truth,"trueness, accuracy, verity, the true, true statement"
e592776b4d,Secretary,"writing table, secretarial assistant, secretaire, escritoire, repository"
e592776b4d,Chest,"chest, chest of drawers, thorax, dresser, pectus, breast, bureau"
e592776b4d,Left,"left field, left hand, left wing, leftfield"
ce58ffe106,Forest,"has trees, lush, has briars, has animals, clumps,  thicket,  wood"
ce58ffe106,Truth,"reality, validity, accuracy, actuality, authenticity, perfection, principle, rectitude"
ce58ffe106,Secretary,"office worker, assistant, receptionist, typist, word processor, executive secretary"
ce58ffe106,Chest,"bin, bureau, case, receptacle, trunk, strongbox"
ce58ffe106,Left,"depart, abandon physically, clear out, desert, ditch, disappear"
95e2618c28,Forest,"A dense growth of trees, plants, and underbrush covering a large area,Something that resembles a large, dense growth of trees, as in density, quantity, or profusion"
95e2618c28,Truth,"Conformity to fact or actuality,A statement proven to be or accepted as true"
95e2618c28,Secretary,"A person employed to handle correspondence, keep files, and do clerical work for another person or an organization,An officer who keeps records, takes minutes of the meetings, and answers correspondence, as for a company."
95e2618c28,Chest,"The part of the body between the neck and the abdomen, enclosed by the ribs and the breastbone; the thorax,"
95e2618c28,Left,"Of, belonging to, located on, or being the side of the body to the north when the subject is facing east."
de23fe1cfc,Forest,a large tract of land covered by trees
de23fe1cfc,Truth,true actual state of matter
de23fe1cfc,Secretary,an assistant
de23fe1cfc,Chest,"the trunk of the body, or a box with a lid (usually)"
de23fe1cfc,Left,"pertaining to, or located on or near the side of a person or thing"
5f6fadae3f,Forest,"A dense growth of trees, plants, and underbrush covering a large area.
Something that resembles a large, dense growth of trees"
5f6fadae3f,Truth,"Conformity to fact or actuality.
A statement proven to be or accepted as true.
Sincerity; integrity.
Fidelity to an original or standard"
5f6fadae3f,Secretary,"An officer who keeps records, takes minutes of the meetings, and answers correspondence, as for a company.
An official who presides over an administrative department of state.
A desk with a small bookcase on top"
5f6fadae3f,Chest,"The treasury of a public institution.
The funds kept there
The part of the body between the neck and the abdomen"
5f6fadae3f,Left,"Of, relating to, directed toward, or located on the left side.
Located on the left side of a person facing downstream"
fd1a1cbbc3,Forest,"woodland, tone, quality, wood, timbre, timberland, woods, lumber, forest, timber"
fd1a1cbbc3,Truth,"trueness, accuracy, loyalty, truth, verity, the true, true statement"
fd1a1cbbc3,Secretary,"secretarial assistant, monument, depository, depositary, writing table, deposit, repository, secretaire, secretary, escritoire"
fd1a1cbbc3,Chest,Chest
fd1a1cbbc3,Left,"left field, left hand, left wing, leftfield"
8f659dbf2f,Forest,Trees glades swathes bushes
8f659dbf2f,Truth,honesty
8f659dbf2f,Secretary,assistant administrator
8f659dbf2f,Chest,barrel
8f659dbf2f,Left,direction not taken
cd4699ed74,Forest,land with trees
cd4699ed74,Truth,not a false tale
cd4699ed74,Secretary,person who helps with paperwork and random tasks
cd4699ed74,Chest,upper part of body
cd4699ed74,Left,walked out.
2486e8fbec,Forest,"jungle, animals, trees"
2486e8fbec,Truth,"fact, honest, real"
2486e8fbec,Secretary,"assistant, supportive, subordinate"
2486e8fbec,Chest,"lungs, pneumatic, air sac,"
2486e8fbec,Left,"leave, went, side,"
1e695ef57f,Forest,"has trees, animals live there, has underbrush, is not developed, is green on may"
1e695ef57f,Truth,"associated with honesty, is accurate, is not misleading, is candid, required of testimony, is a virtue, can be difficult"
1e695ef57f,Secretary,"person, employee, personal assistant, office worker, works for executive, takes dictation, takes messages,  answers telephones"
1e695ef57f,Chest,"body part, has hair on men, muscles, above ribs, can be broad; contains things, may be heavy, has drawers"
1e695ef57f,Left,"did not bring, lost, departed, direction, way to turn, opposite of right, hand designation; liberals, Democrats, progressives, non-conservatives"
d16a3250bc,Forest,"covered with trees, thick trees,give oxygen,give food, give shelter for animals,kinds of trees."
d16a3250bc,Truth,"honesty, good."
d16a3250bc,Secretary,"person, member , councilor, ruler."
d16a3250bc,Chest,"body part, enclosed by ribs, contains many organs."
d16a3250bc,Left,"opposite to right, past tense of leave."
8f1e39414a,Forest,"Lots of trees, smells like pine, leaves crunch on ground, redwoods"
8f1e39414a,Truth,"Honesty, courtroom witnesses"
8f1e39414a,Secretary,"Works in office, executive, fast typist, woman"
8f1e39414a,Chest,"Bureau, broad, covered with hair"
8f1e39414a,Left,"Opposite of right, political stance"
b245d0513e,Forest,group of trees
b245d0513e,Truth,correct state of things
b245d0513e,Secretary,helps the boss
b245d0513e,Chest,where valuables are kept
b245d0513e,Left,what is not taken
018a063855,Forest,"many trees, quiet, nice place to go to get away from civilization, decreasing amounts all over the world, source of hardwoods"
018a063855,Truth,"opposite of lie, part of game truth or dare, something that is known"
018a063855,Secretary,"piece of furniture with shelves and usually a foldout desk surface, dated title of administrative assistant, female in the 50's who worked for an executive"
018a063855,Chest,"breasts, part of human torso, men like to develop their chest muscles, piece of furniture used to store items"
018a063855,Left,"opposite of right, direction of travel, drivers in England drive on this side of the road, remainder"
d2238a631b,Forest,"An extensive wood; a large tract of land covered with trees; in the United States, a wood of native growth, or a tract of woodland which has never been cultivated."
d2238a631b,Truth,"The quality or being true; as: (a) Conformity to fact or reality; exact accordance with that which is, or has been; or shall be."
d2238a631b,Secretary,"One who keeps, or is intrusted with, secrets."
d2238a631b,Chest,"A large box of wood, or other material, having, like a trunk, a lid, but no covering of skin, leather, or cloth."
d2238a631b,Left,"Of or pertaining to that side of the body in man on which the muscular action of the limbs is usually weaker than on the other side; opposed to right, when used in reference to a part of the body; as, the left hand, or arm; the left ear. Also said of the corresponding side of the lower animals."
f89618c03c,Forest,"The trees and other plants in a large densely wooded area.
Land that is covered with trees and shrubs."
f89618c03c,Truth,"A true statement.
Conformity to reality or actuality."
f89618c03c,Secretary,"A person who is head of an administrative department of government.
A person to whom a secret is entrusted."
f89618c03c,Chest,The part of the human body between the neck and the diaphragm or the corresponding part in other vertebrates.
f89618c03c,Left,Location near or direction toward the left side; i.e. the side to the north when a person or object faces east.
55db87867f,Forest,"land covered with trees,cluster of vertical objects"
55db87867f,Truth,"Conformity to fact, faithfulness,constancy; steadfastness"
55db87867f,Secretary,"management support,person employed to handle files,officer who keeps records"
55db87867f,Chest,"part of the body between the neck and the abdomen,the thorax,funds kept there"
55db87867f,Left,"being the side of the body to the north when the subject is facing east, A turn in the direction of the left hand"
7242ce95a4,Forest,has more trees
7242ce95a4,Truth,real thing
7242ce95a4,Secretary,assistant
7242ce95a4,Chest,part of body
7242ce95a4,Left,direction
0da623e05b,Forest,"1.
a large tract of land covered with trees and underbrush; woodland.
2.
the trees on such a tract: to cut down a forest.
3.
a tract of wooded grounds in England formerly belonging to the sovereign and set apart for game.
4.
a thick cluster of vertical objects: a forest of church spires."
0da623e05b,Truth,"1.
the true  or actual state of a matter: He tried to find out the truth.
2.
conformity with fact or reality; verity: the truth of a statement.
3.
a verified or indisputable fact, proposition, principle, or the like: mathematical truths.
4.
the state or character of being true.
5.
actuality or actual existence."
0da623e05b,Secretary,"1.
a person, usually an official, who is in charge of the records, correspondence, minutes of meetings, and related affairs of an organization, company, association, etc.: the secretary of the Linguistic Society of America.
2.
a person employed to handle correspondence and do routine work in a business office, usually involving taking dictation, typing, filing, and the like.
3.
private secretary.
4.
( often initial capital letter ) an officer of state charged with the superintendence and management of a particular department of government, as a member of the president's cabinet in the U.S.: Secretary of the Treasury.
5.
Also called diplomatic secretary. a diplomatic official of an embassy or legation who ranks below a counselor and is usually assigned as first secretary, second secretary, or third secretary."
0da623e05b,Chest,"1.
Anatomy . the trunk of the body from the neck to the abdomen; thorax.
2.
a box, usually with a lid, for storage, safekeeping of valuables, etc.: a toy chest; a jewelry chest.
3.
the place where the funds of a public institution or charitable organization are kept; treasury; coffer.
4.
the funds themselves.
5.
a box in which certain goods, as tea, are packed for transit."
0da623e05b,Left,"1.
of, pertaining to, or located on or near the side of a person or thing that is turned toward the west when the subject is facing north ( opposed to right).
2.
( often initial capital letter ) of or belonging to the political Left; having liberal or radical views in politics.
3.
Mathematics . pertaining to an element of a set that has a given property when written on the left  of an element or set of elements of the set: a left identity, as 1  in 1 ⋅ x =  x.
4.
the left side or something that is on the left side.
5.
a turn toward the left: Make a left at the next corner."
2a6566d746,Forest,"woodland,a large area covered with trees,a comfort zone(natural home) for animals and birds,brings rainfall ,covering sevral acres of land."
2a6566d746,Truth,"actuality,state of being true,confirmity with the fact , a certain (verified) indisputable fact."
2a6566d746,Secretary,"a person required to do business work in office,one who is incharge of the recors ,meetings of the organization,whose work usually involves filing ,typing and taking dictations."
2a6566d746,Chest,"a box with lids for keeping valuable things safe,wooden ,steel ,plastic box, a trunk of body from chest to abdomen area ,"
2a6566d746,Left,"addressed usually like located to near side of the person when he,s facing towards north ,one having liberal views in politics,pertaining to be an element of something."
2ece3f8886,Forest,"large areas, tree, forest, hills, animal, tourist place, officer, animals"
2ece3f8886,Truth,"truly, really, faith, quality, confidence, belief, promise, trust"
2ece3f8886,Secretary,"records, making appointment, employee,personal assistant, ambassador, organization, administration, department"
2ece3f8886,Chest,"large strong box, part of body, small cabinet, front surface, heart, breath, skin, muscles"
2ece3f8886,Left,"side, facing, direction region, leave,"
2622f61522,Forest,"wood, woods, timber, timberland, woodland"
2622f61522,Truth,"the true, trueness,"
2622f61522,Secretary,"repository, secretarial assistant"
2622f61522,Chest,"chest of drawers, dresser, pectus, thorax, body part, lungs."
2622f61522,Left,"leftfield, left hand, left wing, left over, leftover, odd,"
19431af03e,Forest,"A dense growth of trees, plants, and underbrush covering a large area. Something that resembles a large, dense growth of trees, as in density, quantity, or profusion: A defined area of land formerly set aside in England as a royal hunting ground."
19431af03e,Truth,Conformity to fact or actuality. A statement proven to be or accepted as true. Sincerity; integrity.Fidelity to an original or standard.
19431af03e,Secretary,"A person employed to handle correspondence, keep files, and do clerical work for another person or an organization. An officer who keeps records, takes minutes of the meetings, and answers correspondence, as for a company."
19431af03e,Chest,"The part of the body between the neck and the abdomen, enclosed by the ribs and the breastbone; the thorax."
19431af03e,Left,"belonging to, located on, or being the side of the body to the north when the subject is facing east."
2cfb3bdbcd,Forest,woodland
2cfb3bdbcd,Truth,true statement
2cfb3bdbcd,Secretary,assistant
2cfb3bdbcd,Chest,bureau
2cfb3bdbcd,Left,come away
26c834f70e,Forest,"A place where animals live, can burn in a fire, can be logged for wood, can be hiked through, is old, is majestic, is dense with trees and or flora"
26c834f70e,Truth,"Something that is not a lie, something one should always tell, something that is not often told"
26c834f70e,Secretary,"A person who works for the boss, can be a dresser or piece of furniture, takes notes, types letters"
26c834f70e,Chest,"Part of a body, can be furniture, a place to store things, can have legs, can be wooden"
26c834f70e,Left,"Remainder, went somewhere, could be a left hand, something not on the right or in the middle"
a7dca11140,Forest,"wild life sanctuary, greenery, animals,trees"
a7dca11140,Truth,"good quality,acceptable, likeable"
a7dca11140,Secretary,"work,position, senior, jobs"
a7dca11140,Chest,"body part,breath, breast,heart"
a7dca11140,Left,"hand,signal,direction"
dcf44e6284,Forest,"a large tract of land covered with trees and underbrush; woodland.
a tract of wooded grounds in England formerly belonging to the sovereign and set apart for game
a thick cluster of vertical objects"
dcf44e6284,Truth,"conformity with fact or reality; verity
a verified or indisputable fact, proposition, principle, or the like
the state or character of being true
actuality or actual existence"
dcf44e6284,Secretary,"a person, usually an official, who is in charge of the records, correspondence, minutes of meetings, and related affairs of an organization, company, association, etc
a person employed to handle correspondence and do routine work in a business office, usually involving taking dictation, typing, filing, and the like"
dcf44e6284,Chest,"the trunk of the body from the neck to the abdomen; thorax. 
a box, usually with a lid, for storage, safekeeping of valuables, etc
the place where the funds of a public institution or charitable organization are kept; treasury; coffer
the funds themselves. 
a box in which certain goods, as tea, are packed for transit."
dcf44e6284,Left,"of, pertaining to, or located on or near the side of a person or thing that is turned toward the west when the subject is facing north
the left side or something that is on the left side"
4ca6ab6631,Forest,"density of tree, ssoil conservers, energy flow, central to all human, range of resources, store carbon, regulating climate , purify water, mitigate natural hazards"
4ca6ab6631,Truth,"fact reality original sincerity beliefs prope, factor in judging, systems of propositions, individual propositions"
4ca6ab6631,Secretary,"administrative assistant,supporting management, project management, communication,  organizational skills, officer of a society, deals with correspondence, admits new members, organizes official meetings"
4ca6ab6631,Chest,"anatomy of humans, thorax, life, main part of body, bosom, heart lungs Thymu spectoral muscles diaphragm esophagustrachea
xiphoid process"
4ca6ab6631,Left,"directions translational invariance loosely speakingmove convey an impersonal relative, band Hope of the States,"
934c167e80,Forest,"A HEAVILY WOODED AREA,TIMBERLAND,WOODLAND,WILDWOOD,PLACE WHERE ANIMALS AND PLANTS PRESENT,FIELD,MEADOW,"
934c167e80,Truth,"THE STATE OF BEING THE CASE(FACT)IDEA THAT IS TRUE,RIGHTNESS,TRUENESS,AUTHENCITY,GENUINENESS,GOSPEL,"
934c167e80,Secretary,"AN OFFICER OF STATE WHO SUPERINTENDS,CONFIDENTIAL EMPLOYEE,ONE EMPLOYED TO HANDLE CORRESPONDENCE AND MANAGE ROUTINE,"
934c167e80,Chest,"CONTAINER FOR STORAGE,PLACE WHERE MONEY IS KEPT,COFFER,TREASURY."
934c167e80,Left,"TO GO AWAY FROM,DEPART,DESERT,ABANDON,LEAVE ALONE,THE LEFT HAND,BEING THE SIDE OF THE BODY IN WHICH THE HEART IS LOCATED."
cdf81c2126,Forest,the trees on such a tract
cdf81c2126,Truth,the state or character of being true
cdf81c2126,Secretary,"a person employed to handle correspondence and do routine work in a business office, usually involving taking dictation, typing, filing, and the like."
cdf81c2126,Chest,the trunk of the body from the neck to the abdomen
cdf81c2126,Left,the left side
973869ddb6,Forest,"(often attrib)a large area of trees and undergrowth,the trees growing in it,a large number or dense mass of vertical objects(a forest of masts)."" Forestis silvia"" wood outside the walls of a park""."
973869ddb6,Truth,"the quality or a state of being true or ,truthful ,what is true,truly ,really,to tell the truth or truth to tell,to be frank."
973869ddb6,Secretary,"an employee who assists with correspondence,keeps records,makes appointments etc.,an official appointed by a society etc. ,to conduct its correspondence,organize its affairs,etc.,in some organisations the chief excutive,(in the UK) the principal assistant of a government minister ,ambassador,etc.[earlier in sense 'a person entrusted with a secret ': from Late Latin secretarius]"
973869ddb6,Chest,"a large strong box,the part of a human or animal body enclosed by the ribs,the circumference of the body at chest level ,the front surface of the body from neck to waist,a small cabinet for medicines etc."
973869ddb6,Left,"on or towards the side of the human body which is to the west when facing north,on or towards the part of an object which is analogous to a person's left side or (with opposite sense)which is nearer to a spectator's left hand ,(also Left)Polit.of the Left .adv on or to the left side.noun the left hand part or region or direction ,(often Left )Polit .a group or section favouring socialist or radical left-swing views,(in full stage left) the side of a stage which is to the left of a person facing the audience,have two left feet be clumsy.left and right,(left,right and centre).[Old english in sense 'weak'],past and past part .of Leave."
fe5a703d9c,Forest,"large area covered with trees,trees, animals, tribes"
fe5a703d9c,Truth,"real, original"
fe5a703d9c,Secretary,"employee who work for his employer,fixing appointments,"
fe5a703d9c,Chest,"part of the body, a large box"
fe5a703d9c,Left,"opposite of right,one position, past tense of leave"
d6fbaf0859,Forest,"full of trees and plants, upland with animals dwellers"
d6fbaf0859,Truth,"fact, correct"
d6fbaf0859,Secretary,"note taker of any organization, recorder"
d6fbaf0859,Chest,"upper part of the body, envelopes the heart"
d6fbaf0859,Left,"opposite of right, or the other side"
2860a24ec0,Forest,A large area covered thickly with trees and plants. A large number of tangled  or upright  objects.
2860a24ec0,Truth,"The state of being true. That which is true,true facts. A fact or belief that is accepted as true."
2860a24ec0,Secretary,"A person employed to type letters, make arrangements and keep records.
A person who carries out these tasks for a society or other organization.
The chief assistant of a UK government minister."
2860a24ec0,Chest,"The front surface of a person's body between the neck and the stomach.
A large store box in which things may be stored or transported."
2860a24ec0,Left,"On or towards the side of a person or a thing which is to the west when the person or thing  is facing north.
Relating to a left-wing person or group."
eb09612a37,Forest,have many trees
eb09612a37,Truth,telling
eb09612a37,Secretary,assistant
eb09612a37,Chest,heart
eb09612a37,Left,left side
86dc19ebbd,Forest,"woods, woodland, jungle, thickly planted trees"
86dc19ebbd,Truth,"fact, reality, accuracy, genuiness"
86dc19ebbd,Secretary,"some one who helps in work, someone takes care of your duties"
86dc19ebbd,Chest,"upper body, trunk"
86dc19ebbd,Left,"left direction, gone, missing,no here"
c4191b27d6,Forest,it's a full nature and provide a lot of trees. ANIMALS and birds are living the forest
c4191b27d6,Truth,judges speak truth. it means a reality speach of lawyers
c4191b27d6,Secretary,incharge of the work person
c4191b27d6,Chest,part of the human body. it's inside the chest of heart
c4191b27d6,Left,write opposite left. much more persons use left hand.
2fad520828,Forest,"Forest:plants,animals,wild animals,elephant,lion,tiger,camel,lake,woodland,covered with trees,full of dangerous."
2fad520828,Truth,"Truth:honestly,reality,true,actual,what happens in real,conform, fact, veracity, sincerity, candor, frankness,  precision, exactness."
2fad520828,Secretary,"Secretary:a person, usually an official,minutes of meetings, and related affairs of an organization, company, association, diplomatic secretary."
2fad520828,Chest,"Chest: the trunk of the body ,a box, usually with a lid, for storage, safekeeping of valuables, a toy chest,a jewelry chest."
2fad520828,Left,"Left: pertaining to,  located on ,direction,the side, thing  toward the west, belonging to the political Left, having liberal , radical views in politics."
9abdd2e7cc,Forest,"has trees, animals live it there, being destroyed for houses"
9abdd2e7cc,Truth,"can be stretched, not everyone tells it, opposite of a lie"
9abdd2e7cc,Secretary,"assit a manger, takes messages,"
9abdd2e7cc,Chest,"where your hearti is kept, can be used to keep items"
9abdd2e7cc,Left,"the opposite of right, when you leave somethine"
e01ef2fec0,Forest,Forest
e01ef2fec0,Truth,Truth
e01ef2fec0,Secretary,Secretary
e01ef2fec0,Chest,Chest
e01ef2fec0,Left,Left
01dfb8e8be,Forest,"Jungle, Wild, Full of trees, Full of animals, woods, Species, Large area"
01dfb8e8be,Truth,"True, honest, real, Belief, good quality, trust, reality"
01dfb8e8be,Secretary,"Assistant, Help, Subordinate, secondary, managing"
01dfb8e8be,Chest,"Breathe, Lungs, Protects Heart, Below neck,"
01dfb8e8be,Left,"leave, opposite to right, alone, side, lost,"
430445fa7c,Forest,"trees, wild animals,bears, deers, muse, green, bushes, snakes, poison, mountains,grove, plants, bushes,shrubs, grass"
430445fa7c,Truth,"promise, facts, how things were, are and always will be, light,"
430445fa7c,Secretary,"computer, chair, desk, suit, office, phone calls, typing, telephones, papers ,pencils, files,"
430445fa7c,Chest,"breast, breast plate, hair, muscle, pecks, heart,"
430445fa7c,Left,"side, dirrection, orientation, hand, foot, west, ear, leg"
6be52007c6,Forest,": A large extent or precinct of country, generally waste and woody, belonging to the sovereign, set apart for the keeping of game for his use, not inclosed, but distinguished by certain limits, and protected by certain laws, courts, and officers of its own."
6be52007c6,Truth,"truths (trz, trths)
1. Conformity to fact or actuality.
2. A statement proven to be or accepted as true.
3. Sincerity; integrity.
4. Fidelity to an original or standard."
6be52007c6,Secretary,"A person employed to handle correspondence, keep files, and do clerical work for another person or an organization.
2. An officer who keeps records, takes minutes of the meetings, and answers correspondence, as for a company.
3. An official who presides over an administrative department of state.
4. A desk with a small bookcase on top."
6be52007c6,Chest,"The noun CHEST has 3 senses:
1. the part of the human torso between the neck and the diaphragm or the corresponding part in other vertebrates
2. box with a lid; used for storage; usually large and sturdy
3. furniture with drawers for keeping clothes
  Familiarity information: CHEST used as a noun is uncommon."
6be52007c6,Left,"a. Of, belonging to, located on, or being the side of the body to the north when the subject is facing east.
b. Of, relating to, directed toward, or located on the left side.
c. Located on the left side of a person facing downstream: the left bank of a river.
2. often Left Of or belonging to the political or intellectual left.
n."
41e63f1eda,Forest,"forest is vast,is shelter for animals & birds,has trees of many types,gives woods for business & household activities,is also helps in giving ayurveda medicines for quick relief from diseases,are wealth of any nation,are becoming less in numbers day by day."
41e63f1eda,Truth,"truth is opposite of lie,always wins,sometimes unvisible but founds after much more hard work,always taught to speak truth,can not come quickly from thieves and murderers.Always surpasses lie & cheat,is the presence of god on earth,hard to speak but always correct,for judges hard to find,always bright & shining."
41e63f1eda,Secretary,"may be male or female ,has short hand skills,has quick drafting abilities,may represent their country in the foreign meetings,for secret meetings,for minutes writing,for letters correspondence & meeting arrangement of board of directors"
41e63f1eda,Chest,"chest is cover with cloths,has pain,helps in respiration activity of body ,every mammal has chest,for body builders is an idol,for police always with upfront,"
41e63f1eda,Left,"left which is not right ,is the remaining balance quantity,for balance amount with borrower,for some lucky hand but unlucky for most,road directions for new trainee vehicle drivers,always walk on left at railway footboards,missed without any intentions,sometimes very hard to forget that something left behind."
6b2ac0ef88,Forest,dense growth of plants or trees in a large area
6b2ac0ef88,Truth,correct fact
6b2ac0ef88,Secretary,a person who does the clerical work for another person or organization
6b2ac0ef88,Chest,part of body
6b2ac0ef88,Left,went away
3c66fc6f2e,Forest,"woods, ecosystem,"
3c66fc6f2e,Truth,"accepted belief, universal known, reality, fact"
3c66fc6f2e,Secretary,"worker, organizer, coordinator, aide"
3c66fc6f2e,Chest,"body part, or storage object, furniture, home decor, accent furniture"
3c66fc6f2e,Left,"direction, or remainder, surplus"
a47ba37efc,Forest,it's the only place to get fresh and unpolluted air
a47ba37efc,Truth,it's the only way to win ones heart
a47ba37efc,Secretary,a person who does the work on our behalf
a47ba37efc,Chest,vital part of our body
a47ba37efc,Left,it's the opposite of right
7cf403bfc3,Forest,large area of trees and undergrowth
7cf403bfc3,Truth,quality or state of being true
7cf403bfc3,Secretary,"employee who assists with correspondence,records,making appointments,etc."
7cf403bfc3,Chest,large strong box
7cf403bfc3,Left,"on or towards the west side of the human body,or of any object,when facing north"
a4153f408b,Forest,"trees, wilderness, space"
a4153f408b,Truth,"not lie, real, reality,faithful"
a4153f408b,Secretary,"workers,helper,bookeeper"
a4153f408b,Chest,"game, human body ,"
a4153f408b,Left,"right, side , opposite of right"
4baffedf4f,Forest,group of trees were people not live
4baffedf4f,Truth,faith trust reality
4baffedf4f,Secretary,assistant a
4baffedf4f,Chest,upper part of the stimach
4baffedf4f,Left,opposite of right
1c7639828f,Forest,"A dense growth of tree,a large tract of land covered with trees and underbrush,animals lives there"
1c7639828f,Truth,"actual state of a matter, fact or reality, actual existence."
1c7639828f,Secretary,"A person employed to handle correspondence, will do clerical work for another person, who is in charge of the records"
1c7639828f,Chest,"the trunk of the body from the neck to the abdomen, enclosed by the ribs and the breastbone; the thorax,The part of the body"
1c7639828f,Left,"located on or near the side of a person, opposite of right, thing that is turned toward the west when the subject is facing north"
9ee68016d0,Forest,"full of woods, have wild animals, have rivers, have birds, having streams, having wind"
9ee68016d0,Truth,"no hidden lies, courage,  always win, Gandhiji lives for truth,   is love,  truth is love"
9ee68016d0,Secretary,"key of a firm,all in all in a firm, right hand of MD, is working 24 hours, efficiency"
9ee68016d0,Chest,"it is the most important part of the body, prove courage of men, everyone have chest, animals have chest, birds have chest"
9ee68016d0,Left,"political left wing , left from home, left  from life, left hand"
24a08f9d6b,Forest,"A dense growth of trees, plants, and underbrush covering a large area.Something that resembles a large, dense growth of trees, as in density, quantity, or profusion: a forest of skyscrapers.To plant trees on.forestry,woods."
24a08f9d6b,Truth,Conformity to fact or actuality.A statement proven to be or accepted as true.Sincerity; integrity.Reality; actuality.
24a08f9d6b,Secretary,"A person employed to handle correspondence, keep files, and do clerical work for another person or an organization.An officer who keeps records, takes minutes of the meetings, and answers correspondence, as for a company.An official who presides over an administrative department of state."
24a08f9d6b,Chest,"An official who presides over an administrative department of state.chest Pain,chest Workout."
24a08f9d6b,Left,"The direction or position on the left side,The left side,left over , balance"
1b167e74a5,Forest,is a place which is full of natural resources with out any man - made things.Trees and plants of different Family and animals of different Species .
1b167e74a5,Truth,"Something Which is a Fact,Something Which is What it is.The Reality of a thing , person"
1b167e74a5,Secretary,Is a person of a an organisation with certain roles.
1b167e74a5,Chest,Is a Container with something to store usually used in olden days where the used to Store Valuable Things
1b167e74a5,Left,"It is a direction/path to the left hand side,or Something which is abandoned ."
a878e75949,Forest,"land, trees, where woodland creatures live, barren of homes, grassy"
a878e75949,Truth,"Bible, reality, fact, not lying"
a878e75949,Secretary,"clerical, person who performs office tasks, organizer, typist, receptionist"
a878e75949,Chest,"box, storage, breasts, upper body"
a878e75949,Left,"went away, Democrat, remainder, to leave, abandon"
4ffca4cefb,Forest,"forest: is a group of trees,plants,climbers,animals,insects,mountains,slopes"
4ffca4cefb,Truth,"truth : is a pure,honesty,heart,soul,wisdom,sacred meaning of essence lie on truth"
4ffca4cefb,Secretary,"secretary: A secretary, or administrative assistant works under keeps records of company"
4ffca4cefb,Chest,chest: is a human part of the body
4ffca4cefb,Left,"left:is a sense of directions ,human hands left and right"
a3c176fff2,Forest,"has alot of trees, provides lumber, lumberacks work there, animals live there. provides shade"
a3c176fff2,Truth,"not a lie, a fact, no bullshit, honesty"
a3c176fff2,Secretary,"works for an executive, types, files, usually a female, answers phones, makes coffee"
a3c176fff2,Chest,"holds treasures, a hinged box, locks, sought after by pirates"
a3c176fff2,Left,"gone, not around, opposite of right"
2b15616b23,Forest,"is a place where lot of trees,animals,birds,insects will be present"
2b15616b23,Truth,"to tell ,as it is or real"
2b15616b23,Secretary,is a person who keeps record and answer for the company
2b15616b23,Chest,a part of body below neck enlcosed with ribs
2b15616b23,Left,opposite to right
a99eff3ef7,Forest,a thick growth of trees and underbrush covering an extensive tract of land
a99eff3ef7,Truth,Truth is something that has been proven by facts or sincerity
a99eff3ef7,Secretary,"a person whose work is keeping records, taking care of correspondence and other writing tasks, etc. as for an individual in a business office"
a99eff3ef7,Chest,"a box with a lid and, often, a lock, for storing or shipping things"
a99eff3ef7,Left,designating or of the corresponding side of anything
5a26395b19,Looks,"mien, features, face,"
5a26395b19,Workout,"exercise, exertion, strength development,"
5a26395b19,Cheat,"lie, steal, take unfair advantage,"
5a26395b19,Father,"sire, parent, protector, teacher"
5a26395b19,Queen,"female ruler, her majesty, leader"
b1ba52f0f8,Looks,They way your face and book are to other people.
b1ba52f0f8,Workout,"Lifting,running,breathing,running."
b1ba52f0f8,Cheat,"lying,lazy,mischievious"
b1ba52f0f8,Father,Dad
b1ba52f0f8,Queen,"Leader,lady"
d364502743,Looks,"seeing, see, through eyes, in light, analysis, observes, may be how some one looks"
d364502743,Workout,"doing efforts, exercise, working physically, personality enhansement"
d364502743,Cheat,"betray, false, cheating, do wrong, purposefully,"
d364502743,Father,"papa, daddy, who has children, husban of wife, opposite of mother, care taker"
d364502743,Queen,"princess, from royal family, rich, emperor,"
af2803583c,Looks,"To employ one's sight, especially in a given direction or on a given object"
af2803583c,Workout,Physical or mental effort or activity directed toward the production or accomplishment of something
af2803583c,Cheat,An act of deception or fraud
af2803583c,Father,A male ancestor more remote than a parent
af2803583c,Queen,The wife of a king.
19431af03e,Looks,"To employ one's sight, especially in a given direction or on a given object."
19431af03e,Workout,"A session of exercise or practice to improve fitness, as for athletic competition. A strenuous test of ability and endurance."
19431af03e,Cheat,"To deceive by trickery; swindle,To act dishonestly; practice fraud."
19431af03e,Father,"A male person whose sperm unites with an egg, resulting in the conception of a child."
19431af03e,Queen,Something having eminence or supremacy in a given domain and personified as a woman.
c4ec0ebf47,Looks,"Seems to be, appear to be, gives the impression, come across, seems, gaze, stare, glance, glare, glimpse, peep, peek,"
c4ec0ebf47,Workout,"Do it, exercises, perform, action it,"
c4ec0ebf47,Cheat,"Deceive, trick, con, swindle, defraud, bamboozle, take advantage of,"
c4ec0ebf47,Father,"Priest, minister, vicar, father to a son or daughter, member of a clergy"
c4ec0ebf47,Queen,"Ruler, sovereign, emperor, queeen who supports the ruler,"
10c7823d2d,Looks,"Looks is how a person dresses, takes care of themselves or a animal. Its how other people view you."
10c7823d2d,Workout,"Work out is when people exercise, by running, dance, lift weights."
10c7823d2d,Cheat,"Its when someone copys a test, steals items, dosnt play by the rules."
10c7823d2d,Father,A father is a man who is a parent too a child.
10c7823d2d,Queen,Queen is a ruler of a Country.
dbb0bd20b9,Looks,brad pitt
dbb0bd20b9,Workout,my brother
dbb0bd20b9,Cheat,my friend
dbb0bd20b9,Father,great man
dbb0bd20b9,Queen,our national mother
de23fe1cfc,Looks,"a glance or a gaze, to appear or seem to the eye."
de23fe1cfc,Workout,"an exercise, a structured regime of physical exercise"
de23fe1cfc,Cheat,"to deceive, fraud, swindle, to elude"
de23fe1cfc,Father,a male parent
de23fe1cfc,Queen,"a female monarch, the wife of a king"
3c66fc6f2e,Looks,"sees, appearance, features, characteristics"
3c66fc6f2e,Workout,"exercise, sweat, raise heart rate, play"
3c66fc6f2e,Cheat,"falsify, lie, mislead, prevaricate"
3c66fc6f2e,Father,"dad, person, family member"
3c66fc6f2e,Queen,"royalty, person, monarch, regent, mother, daughter"
51b4f036a1,Looks,"appeaance,visual appeal,aesthetics, favourable appearance"
51b4f036a1,Workout,"Excercise to get fit. Usually strenuous excercise in a group, at a gym"
51b4f036a1,Cheat,"To act unfairly, to do something in a game that's against the rules. To have sex with someone else when you're attatched, to take more money off someone than your product or service is worth"
51b4f036a1,Father,"Dad, the genetic father is the one who passes on his genes to you.Many people may be a father figure without being a genetic father. Someone male who raises or helps raise a child or children"
51b4f036a1,Queen,"A female monarch. She will tend to be seen on state occasions wearing a crown. Assiciated with wealth, being regal, pomp and ceremony"
4baffedf4f,Looks,see
4baffedf4f,Workout,hardwork
4baffedf4f,Cheat,frod
4baffedf4f,Father,dad
4baffedf4f,Queen,princes
a3c176fff2,Looks,"Appearance, demeanor, attitude"
a3c176fff2,Workout,"Exercise, sports activity,"
a3c176fff2,Cheat,"Lie, Dont follow rules, copy answers, infidelity"
a3c176fff2,Father,"Married to you mother, breadwinner, male parent"
a3c176fff2,Queen,"Ruler, Monarch, married to the king"
b3c627c007,Looks,"Looks means to see in many ways, To take care,Looks books,to see different thing,
person etc  at a time."
b3c627c007,Workout,"To work at any thing,to work for ourselves,or for others, it is apart of job also,
a child can workout for his studies."
b3c627c007,Cheat,"Cheat means to insult or cheat to others, cheat is a bad habit, cheat means this also to follow others and do."
b3c627c007,Father,"Father means  head of the family, look after his home, give orders, all follows
his instruction."
b3c627c007,Queen,"Queen is the opposite of king, king and queen have same power to rule his kingdom."
6be52007c6,Looks,"a. To employ one's sight, especially in a given direction or on a given object: looking out the window; looked at the floor.
b. To search: We looked all afternoon but could not find it.
2.
a. To turn one's glance or gaze: looked to the right.
b. To turn one's attention; attend: looked to his neglected guitar during vacation; looked at the evidence.
c. To turn one's expectations: looked to us for a solution.
3. To seem or appear to be: look morose. See Synonyms at seem.
4. To face in a specified direction: The cottage looks on the river."
6be52007c6,Workout,"a. A job; employment: looking for work.
b. A trade, profession, or other means of livelihood.
3.
a. Something that one is doing, making, or performing, especially as an occupation or undertaking; a duty or task: begin the day's work.
b. An amount of such activity either done or required: a week's work.
4.
a. The part of a day devoted to an occupation or undertaking: met her after work.
b. One's place of employment: Should I call you at home or at work?
5.
a. Something that has been produced or accomplished through the effort, activity, or agency of a person or thing: This story is the work of an active imagination. Erosion is the work of wind, water, and time.
b. Full action or effect of an agency: The sleeping pills did their work.
c. An act; a deed: ""I have seen all the works that are done under the sun; and, behold, all is vanity"" (Ecclesiastes 1:14)."
6be52007c6,Cheat,"To deceive by trickery; swindle: cheated customers by overcharging them for purchases.
2. To deprive by trickery; defraud: cheated them of their land.
3. To mislead; fool: illusions that cheat the eye.
4. To elude; escape: cheat death.
v.intr.
1. To act dishonestly; practice fraud.
2. To violate rules deliberately, as in a game: was accused of cheating at cards.
3. Informal To be sexually unfaithful: cheat on a spouse.
4. Baseball To position oneself closer to a certain area than is normal or expected: The shortstop cheated toward second base."
6be52007c6,Father,"a. A male person whose sperm unites with an egg, resulting in the conception of a child.
b. A man who adopts a child.
c. A man who raises a child.
2. A male parent of an animal.
3. A male ancestor.
4. A man who creates, originates, or founds something: Chaucer is considered the father of English poetry."
6be52007c6,Queen,"he only fertile female in a colony of social insects such as bees and ants and termites; its function is to lay eggs

[noun] a female sovereign ruler
Synonyms: regnant, female monarch

[noun] the wife or widow of a king

[noun] something personified as a woman who is considered the best or most important of her kind; ""Paris is the queen of cities""; ""the queen of ocean liners""

[noun] a competitor who holds a preeminent position
Synonyms: king, world-beater"
80668d06b1,Looks,"used to describe someone or something, a verb indicating watching an object"
80668d06b1,Workout,"an exercise, keeping body in shape, solution to problems"
80668d06b1,Cheat,"an unfair act, making a fool of someone, stealing other's work, illegal shortcut to finishing a job"
80668d06b1,Father,"a person, part of a family, head of a family, is protective, takes decisions, helps family members"
80668d06b1,Queen,"a female icon indicating highest rank for a group, a ruler, rules a country, head of a community, head of an insects community (bees), looked up at with respect"
7242ce95a4,Looks,see something
7242ce95a4,Workout,exercise
7242ce95a4,Cheat,defeat by tricks
7242ce95a4,Father,head of the family
7242ce95a4,Queen,wife of king
a4153f408b,Looks,"ways, style"
a4153f408b,Workout,"exercise, gym"
a4153f408b,Cheat,easy way
a4153f408b,Father,"mother, sister"
a4153f408b,Queen,"king,leader,royalty"
2cfb3bdbcd,Looks,sight
2cfb3bdbcd,Workout,practise
2cfb3bdbcd,Cheat,fraud
2cfb3bdbcd,Father,dad
2cfb3bdbcd,Queen,a female sovereign ruler
26c834f70e,Looks,"a persons appearance, what a person does with their eyes"
26c834f70e,Workout,"gym, sweat, routine, exercise, strengthening, is good for one's health, is beneficial"
26c834f70e,Cheat,"to copy a test, to take the short cut to a goal, can be punishable, is looked down upon"
26c834f70e,Father,"partner of mother, someone who has a child, can be ""father"" in a church, demands respect, is a male"
26c834f70e,Queen,"is a royal, denotes lineage, is a woman, has power, lives in a castle, is or was married to the King, is in charge, is a ruler, wears a crown"
1c7639828f,Looks,"to turn one's eyes toward something ,To employ one's sight in one direction, watching,"
1c7639828f,Workout,"a trial or practice session in athletics, physical exercise, Physical or mental effort or activity directed toward the production or accomplishment of something"
1c7639828f,Cheat,"To deceive by trickery, to defraud, swindle, influence by fraud"
1c7639828f,Father,"A male person whose sperm unites with an egg, resulting in the conception of a child, A man who adopts a child, A man who raises a child"
1c7639828f,Queen,"a female sovereign or monarc, the wife or consort of a king, Something having eminence or supremacy in a given domain,"
186db71701,Looks,"Look means to turn one's eyes toward something or to gaze at something with the eyes.,Look means the acting of seeing something with one's eyes or the physical appearance of someone or something. An example of look is a youthful appearance."
186db71701,Workout,"a training session of exercises to maintain or improve one's physical or athletic skill,any strenuous exercise, work, etc.

A test,An exercise"
186db71701,Cheat,"the act of deceiving or swindling; deception; fraud,a person who defrauds, deceives, or tricks others; swindler,to practice fraud or deception"
186db71701,Father,"A father is a priest in some religions, such as the Catholic church.,Father is a man who has impregnated a woman and had a child,To father is to impregnate a woman"
186db71701,Queen,"the wife of a king,a woman who rules over a monarchy in her own right; female sovereign,a woman foremost or judged to be foremost among others in certain attributes or accomplishments, as beauty, etc.,a place or thing regarded as the best or most beautiful of its kind,the fully developed, reproductive female in a colony of bees, ants, or termites,a playing card with a conventionalized picture of a queen on it,"
f298718fd3,Looks,"it looks marvelous, it looks pretty beautiful"
f298718fd3,Workout,daily workout will give us strength
f298718fd3,Cheat,don't cheat others
f298718fd3,Father,"father is a god, help his child to became a man"
f298718fd3,Queen,"king's wife, partner of the king"
b245d0513e,Looks,appearance
b245d0513e,Workout,health and fitness
b245d0513e,Cheat,steal
b245d0513e,Father,church
b245d0513e,Queen,king
ab266a6b3c,Looks,"Looks are beautiful, are a way to show ones appearance, are appreciated"
ab266a6b3c,Workout,"is good for health, is advisable by doctors,burns calories"
ab266a6b3c,Cheat,"is a bad habit, negative aspect of personality, is done in exams, is not liked in society"
ab266a6b3c,Father,"is a relationship, is head of family, loves his children and wife, is loving"
ab266a6b3c,Queen,"Is opposite of king, respectable, symbol of beauty , is a female with high stature"
9fb171be25,Looks,"To employ one's sight, especially in a given direction or on a given object:"
9fb171be25,Workout,"the activity of exerting your muscles in various ways to keep fit; ""the doctor recommended regular exercise""; ""he did some exercising""; ""the physical exertion 
required by his work kept him fit"""
9fb171be25,Cheat,"To deceive by trickery,  To act dishonestly; practice fraud.To position oneself closer to a certain area than is normal or expected:"
9fb171be25,Father,"A male person whose sperm unites with an egg, resulting in the conception of a child.A male parent of an animal."
9fb171be25,Queen,". The wife or widow of a king.  A woman sovereign. The most powerful chess piece, able to move in any direction over any number of empty squares in a straight line."
6b2ac0ef88,Looks,gaze
6b2ac0ef88,Workout,exercising
6b2ac0ef88,Cheat,fraud
6b2ac0ef88,Father,a male who raises a child
6b2ac0ef88,Queen,a woman sovereign
2ece3f8886,Looks,"sight, seek, search, see, focus, appearance, glance, seem"
2ece3f8886,Workout,"physical exercise, training, work, health, session, home work, practice, rehearsal"
2ece3f8886,Cheat,"trick, advantage, deprive, unfair advantage, breaking rules, fraud, criminal, against rules,"
2ece3f8886,Father,"relation, male parent, originator, early leader, guider, man, truster, venerable person"
2ece3f8886,Queen,"female sovereign, kings wife, leader, fertile female, belle, pre-eminent, nation, king rule"
1d0c639a1f,Looks,"See, View, Notice"
1d0c639a1f,Workout,"Exercise, Physical culture, drilling"
1d0c639a1f,Cheat,"Fraud, Double cross, Bluff"
1d0c639a1f,Father,"Daddy, Dad, Pater"
1d0c639a1f,Queen,"Rani, Sovereign, Duchess"
33cd6db15a,Looks,"Peers,Show,Examine,Inspect,Assess,Search."
33cd6db15a,Workout,"Exercise,Plan an idea,Assess,Calculate,Re-plan,Reassess,Methodical,Solve."
33cd6db15a,Cheat,"To swindle,To deceive another person,To short change another persons,make loss  to another person."
33cd6db15a,Father,"Maker,God,Creator,Christian-priest,Male biological parent,To bring up children,"
33cd6db15a,Queen,"Ruler's wife,Kings wife,Majestic,Female ruler,The best."
24a08f9d6b,Looks,"To employ one's sight, especially in a given direction or on a given object: looking out the window;To turn one's glance or gaze,To turn one's attention; attend,To turn one's eyes on."
24a08f9d6b,Workout,"A session of exercise or practice to improve fitness, as for athletic competition.A strenuous test of ability and endurance.exercise, exercising, physical exercise, physical exertion."
24a08f9d6b,Cheat,"To deceive by trickery; swindle: cheated ,cheating,To act dishonestly; practice fraud."
24a08f9d6b,Father,"A man who raises a child.A male ancestor.A church father.A church father.To create, found, or originate.A priest."
24a08f9d6b,Queen,"The wife, wife of a king.a female sovereign ruler            
female monarch, queen regnant."
86dc19ebbd,Looks,"seem to be, appearance, glance, glimpse"
86dc19ebbd,Workout,"excercise, aerobics, movements, drill, training"
86dc19ebbd,Cheat,"deceive, swindle, trick"
86dc19ebbd,Father,"daddy, priest, minister, vicar"
86dc19ebbd,Queen,"ruler, kings wife, emperoress"
8f659dbf2f,Looks,glances stares personl appearance
8f659dbf2f,Workout,exercise
8f659dbf2f,Cheat,"deceive, slyness"
8f659dbf2f,Father,"patriarch, begetter, priest"
8f659dbf2f,Queen,Empress monarch church head sovreign
c284e4a997,Looks,"Shows,sees,vision,similarity"
c284e4a997,Workout,"A calculation,needs priority when doing something"
c284e4a997,Cheat,"Deceive,using for one's own profit in the wrong way"
c284e4a997,Father,"The Almighty,leader of the family,in church also."
c284e4a997,Queen,"An elegant lady,Elizabeth,Victoria,a female form of ruling"
d6fbaf0859,Looks,the way you see things. to view or to describe using th sense of sight
d6fbaf0859,Workout,"to release energy... to meditate, to concentrate"
d6fbaf0859,Cheat,"to lie , to tell the opposite of the exact thing... to hide the truth"
d6fbaf0859,Father,"mele in gender, head of the family, in control"
d6fbaf0859,Queen,leader of a monarchy..
95e2618c28,Looks,"To employ one's sight, especially in a given direction or on a given object,To search"
95e2618c28,Workout,"the activity of exerting your muscles in various ways to keep fit; ""the doctor recommended regular exercise""; ""he did some exercising""; ""the physical exertion required by his work kept him fit"""
95e2618c28,Cheat,"To deceive by trickery; swindle,To deprive by trickery; defraud, To mislead; fool"
95e2618c28,Father,"A male person whose sperm unites with an egg, resulting in the conception of a child,A man who adopts a child, A man who raises a child"
95e2618c28,Queen,"The wife or widow of a king.,A woman sovereign."
a878e75949,Looks,"appearance, nice, as one or something appears to be, attractive, glances, sees"
a878e75949,Workout,"bodybuilding, tedious, laboring, exercise, healthy living"
a878e75949,Cheat,"fraud, crook, thief, fooled around, broke vows"
a878e75949,Father,"dad, male, God, provider, head of the house"
a878e75949,Queen,"ruler, female, crown, head of bees, ruler of England"
fd1a1cbbc3,Looks,"construction, font, formula, look, verbalism, case, cheek, reflection, aspect, reflexion, smell, manifestation, view, fount, saying, vista, nerve, locution, facet, verbal expression, grammatical construction, facial expression, prospect, formulation, scene, spirit, side, tone, panorama, feel, facial gesture, brass, boldness, flavour, face, feeling, grimace, expression, looking at, human face, looking, flavor, typeface"
fd1a1cbbc3,Workout,"use, utilisation, physical exertion, recitation, exercise, example, employment, usage, exercising, physical exercise, workout, practice session, utilization, practice, drill"
fd1a1cbbc3,Cheat,"use, utilisation, physical exertion, recitation, exercise, example, employment, usage, exercising, physical exercise, workout, practice session, utilization, practice, drill"
fd1a1cbbc3,Father,"father, founding father, founder, forefather, sire, beginner, don, begetter, male parent"
fd1a1cbbc3,Queen,a queen dowager who is mother of the reigning sovereign
67796894e2,Looks,"can rate an person's physical appearance, can convey emotional feelings,"
67796894e2,Workout,"exercising, trying to loose weight, appearances, attractiveness, health"
67796894e2,Cheat,"taking illegal shortcuts, copying off someone, plagiarizing someone else's work, stealing money"
67796894e2,Father,"has children, provides love and support to his family, provides shelter and sustenance, role model for his children"
67796894e2,Queen,"wife of king, leader of her land, figurehead of monarcy of England"
ce58ffe106,Looks,"study, spy, spot, peep, peer, observe, overlook, gawk, beware of, admire"
ce58ffe106,Workout,"exercise, warm-up, routine, rehearsal, constitutional, conditioning,"
ce58ffe106,Cheat,"person who fools others, trickster, operator, quack, hypocrite, double-crosser, defrauder, jockey, decoy"
ce58ffe106,Father,"male, ancestor, sire, person, predecessor, padre, forebearer, dad, papa, grandfather, uncle"
ce58ffe106,Queen,"female monarch, wife of king, empress, sovereign, female ruler, regent, queens mother, queen dowager"
3dcbf90da5,Looks,"sees, watches, leers"
3dcbf90da5,Workout,"to exercise, to burn calories, to build muscle"
3dcbf90da5,Cheat,"to be untrue, to be unfair, to be unfaithful"
3dcbf90da5,Father,"Sire, Sperm donor, Dad"
3dcbf90da5,Queen,"Head of Royalty, Mother of Prince and Princess, Wife to King,"
2486e8fbec,Looks,"appear, shows, visible"
2486e8fbec,Workout,"solve, do, perform"
2486e8fbec,Cheat,"back stab, bias, hurt,"
2486e8fbec,Father,"parent, creator, up-bringer"
2486e8fbec,Queen,"ruler, princess, woman, highness, powerful lady"
fe5a703d9c,Looks,"sight, examine,"
fe5a703d9c,Workout,"task done,result of a work, working"
fe5a703d9c,Cheat,"trick, shortcut method"
fe5a703d9c,Father,"daddy, male parent, priest,GOD"
fe5a703d9c,Queen,wife of king
2773fc01ba,Looks,"personality, characteristics, smart, handsome, wealth"
2773fc01ba,Workout,"work, gym, struggle, office, school"
2773fc01ba,Cheat,"unfaithful, cheater, unworthy, sin, mistake"
2773fc01ba,Father,"fatherhood, son, daughter, wife, husband, responsibilities ,life, passion"
2773fc01ba,Queen,"beautiful, empire, prince, happy, well known, castle"
a99eff3ef7,Looks,Look means to turn one's eyes toward something or to gaze at something with the eyes
a99eff3ef7,Workout,a training session of exercises to maintain or improve one's physical or athletic skill
a99eff3ef7,Cheat,the act of deceiving or swindling
a99eff3ef7,Father,"A father is a priest in some religions, such as the Catholic church"
a99eff3ef7,Queen,a woman who rules over a monarchy in her own right
2a6566d746,Looks,"to use one,ssight or vision ,to gaze,to turn one,s eyes towards one direction , features characteristics of a person ,to tend ."
2a6566d746,Workout,"trial,practise session,an act ,a schedule regime of physical exercises,an undertaking or plan to perform something ."
2a6566d746,Cheat,"defraud ,deceive ,influenced by fraud,to elude."
2a6566d746,Father,"male parent,male ancestor,founder of family,person who has originated something ."
2a6566d746,Queen,"wife of king ,monarch,one who lives life full of leisure,a female sovereign."
0da623e05b,Looks,"1.
to turn one's eyes toward something or in some direction in order to see: He looked toward the western horizon and saw the returning planes.
2.
to glance or gaze in a manner specified: to look questioningly at a person.
3.
to use one's sight or vision in seeking, searching, examining, watching, etc.: to look through the papers.
4.
to tend, as in bearing or significance: Conditions look toward war.
5.
to appear or seem to the eye as specified: to look pale."
0da623e05b,Workout,"1.
a trial or practice session in athletics, as in running, boxing, or football.
2.
a structured regime of physical exercise: She goes to the gym for a workout twice a week.
3.
any trial or practice session.
4.
an act or instance of working something out."
0da623e05b,Cheat,"1.
to defraud; swindle: He cheated her out of her inheritance.
2.
to deceive; influence by fraud: He cheated us into believing him a hero.
3.
to elude; deprive of something expected: He cheated the law by suicide."
0da623e05b,Father,"1.
a male parent.
2.
a father-in-law, stepfather, or adoptive father.
3.
any male ancestor, especially the founder of a race, family, or line; progenitor.
4.
a man who exercises paternal care over other persons; paternal protector or provider: a father to the poor.
5.
a person who has originated or established something: the father of modern psychology; the founding fathers."
0da623e05b,Queen,"1.
a female sovereign or monarch.
2.
the wife or consort of a king.
3.
a woman, or something personified as a woman, that is foremost or preeminent in any respect: a movie queen; a beauty queen; Athens, the queen of the Aegean.
4.
Slang: Disparaging and Offensive .
a.
a male homosexual, especially one who is flamboyantly campy.
b.
drag queen.
5.
a playing card bearing a picture of a queen."
a7dca11140,Looks,"beauty, attractive,appearance"
a7dca11140,Workout,"fitness, exercise,solve"
a7dca11140,Cheat,"anger,bad,trick"
a7dca11140,Father,"parent,loving,guardian,support"
a7dca11140,Queen,"power,position,attractive,well dressed"
f89618c03c,Looks,"The expression on a person's face.
The act of directing the eyes toward something and perceiving it visually."
f89618c03c,Workout,The activity of exerting you muscles in various was to keep fit.
f89618c03c,Cheat,Someone who leads you to believe something that is not true.
f89618c03c,Father,"A male parent (also used as a term of address to your father).
The founder of a family."
f89618c03c,Queen,"A female sovereign ruler.
One of four cards in a deck bearing a picture of a queen."
3e6a6af947,Looks,"looks is used in mainly 2 different meaning.it means to observe,or it means the appearance,"
3e6a6af947,Workout,"work out means doing exercise.it can be physically or mentally,working out mathematical problems,or workout to reduce body fat."
3e6a6af947,Cheat,"it is used when somebody deceives us,cheating is a bad thing,its a negative character,"
3e6a6af947,Father,"father is one among our parent.a parent who is a male is called as father.father spends whole of his life for a child,looks after the child,earns money,spends a lot os money,is husband of mother."
3e6a6af947,Queen,"queen is the wife of a king,and  mother of the future king,queen helps king to rule the country,queen is card in a deck of cards,queens wears a trown on her head."
7cf403bfc3,Looks,"a use one's sight;turn one's eyes in some direction,turn one's eyes on;examine"
7cf403bfc3,Workout,session of physical exercise or training
7cf403bfc3,Cheat,"a deceive or trick,deprive of"
7cf403bfc3,Father,male parent
7cf403bfc3,Queen,female sovereign
faed1af4c3,Looks,appearance
faed1af4c3,Workout,"sort out something, exercise"
faed1af4c3,Cheat,"to deceive, con-artist, fraud"
faed1af4c3,Father,"head of family, provider for family, parent, sperm donor"
faed1af4c3,Queen,"monarchy, kings wife, woman ruler of country"
2622f61522,Looks,"How people looks, man looks handsome, features, good lookin"
2622f61522,Workout,"Exercise, morning workout, tedious workout, Gym,"
2622f61522,Cheat,"Give in, never cheat, hate cheating"
2622f61522,Father,"Pop, Papa, Boss of the home, caretaker, gurdian"
2622f61522,Queen,"Wife of king, beautiful Queen, Roam with king, responsible lady."
de4de943fb,Looks,"Inspection, see, watch, view"
de4de943fb,Workout,a session of physical exercise
de4de943fb,Cheat,"act Dishonest, Act unfair, deceitful, unfair means"
de4de943fb,Father,"a man relation to his Child, a man Who provides a Care, The Oldest member of the Society, the First person of the Trinity"
de4de943fb,Queen,"A female Ruler of a State, A woman or a Girl Holding a Important Position, An Adult Responsible Female"
5f6fadae3f,Looks,"To employ one's sight, especially in a given direction or on a given object
To turn one's glance or gaze"
5f6fadae3f,Workout,"A session of exercise or practice to improve fitness, as for athletic competition.
A strenuous test of ability and endurance"
5f6fadae3f,Cheat,"To deceive by trickery; swindle
To elude; escape"
5f6fadae3f,Father,"A man who creates, originates, or founds something
A man who adopts a child.
A man who raises a child."
5f6fadae3f,Queen,"The wife or widow of a king.
woman sovereign;A mature female cat"
cdf81c2126,Looks,to glance or gaze in a manner specified
cdf81c2126,Workout,any trial or practice session
cdf81c2126,Cheat,to deceive
cdf81c2126,Father,a male parent
cdf81c2126,Queen,a female sovereign or monarch
e01ef2fec0,Looks,Looks
e01ef2fec0,Workout,Workout
e01ef2fec0,Cheat,Cheat
e01ef2fec0,Father,Father
e01ef2fec0,Queen,Queen
10ed79dda0,Looks,"appearance, see, gaze, stare, seem, assume, impression,"
10ed79dda0,Workout,"arrive at, think, decide, calculate, drill, exert, compute, presume, plan, schedule"
10ed79dda0,Cheat,"deceive, trick, con, dupe, swindle,"
10ed79dda0,Father,"member of a family, head of the family, bread-winner of a family, clergyman, priest, member of a clergy"
10ed79dda0,Queen,"wife of King, Head of a country, Head of a state, ruler of a country, sovereign"
2b15616b23,Looks,means looking
2b15616b23,Workout,to do some work
2b15616b23,Cheat,means telling lie and disappointing
2b15616b23,Father,daddy
2b15616b23,Queen,female leader of a country or nation
29a0b9bfbe,Looks,The way someone views someone.
29a0b9bfbe,Workout,When someone exercises their body.
29a0b9bfbe,Cheat,When someone breaks the rules and someone uses someone else s work for them self.
29a0b9bfbe,Father,A role of a guy when he is the guy who takes the role of taking care of a chile.
29a0b9bfbe,Queen,When a woman takes over as control of the country.
3bc66f1eb9,Looks,To direct the eyes for the purpose of seeing something; to direct the eyes toward an object; to observe with the eyes while ..
3bc66f1eb9,Workout,"A session of exercise or practice to improve fitness, as for athletic competition. 2. A strenuous test of ability and endurance. ..."
3bc66f1eb9,Cheat,"To beguile. (v. i.) To practice fraud or trickery; as, to cheat at cards. (n.) One who cheats or deceives; an impostor; a deceiver; ..."
3bc66f1eb9,Father,"A respectful mode of address to an old man. (n.) A male ancestor more remote than a parent; a progenitor; especially, a first ... a. A male person whose sperm unites with an egg, resulting in the conception of a child. b. A man who adopts a child. c. A man who raises a child. 2. A male ..."
3bc66f1eb9,Queen,"something personified as a woman who is considered the best or most important of her kind; The word Queen means woman – any women – a woman with or without riches, fame, position; women from any background, colour or creed; ..."
dcf44e6284,Looks,"to turn one's eyes toward something or in some direction in order to see,to appear or seem to the eye as specified,to tend, as in bearing or significance,to glance or gaze in a manner specified"
dcf44e6284,Workout,"a trial or practice session in athletics, as in running, boxing, or football,a structured regime of physical exercise,any trial or practice session,an act or instance of working something out"
dcf44e6284,Cheat,"a trial or practice session in athletics, as in running, boxing, or football,a structured regime of physical exercise,any trial or practice session,an act or instance of working something out"
dcf44e6284,Father,"a male parent,a man who exercises paternal care over other persons,a person who has originated or established something"
dcf44e6284,Queen,"a female sovereign or monarch,the wife or consort of a king,a playing card bearing a picture of a queen"
fd1a1cbbc3,Loose,"on the loose(p), promiscuous, idle, wanton, slack, open, informal, sluttish, lax, light, free, escaped, liberal, easy, at large(p), unaffixed"
fd1a1cbbc3,Straight,"straightaway, heterosexual, heterosexual person, straight person"
fd1a1cbbc3,Crowd,"crowd, clump, mob, pack, clustering, bunch, crew, ring, gang, cluster, lot, work party, caboodle"
fd1a1cbbc3,Mad,"thin-skinned, huffy, unhinged, delirious, raw, sick, disturbed, feisty, insane, mad, harebrained, unbalanced, brainsick, demented, tender, excited, afflictive, frantic, unrestrained, crazy, sore, sensitive, painful, touchy"
fd1a1cbbc3,Finished,ruined
8c3b70ef5d,Loose,contact
8c3b70ef5d,Straight,obey truth
8c3b70ef5d,Crowd,folks
8c3b70ef5d,Mad,home mad
8c3b70ef5d,Finished,work completed
79dc741969,Loose,"not tight, big clothes, clothes for fat people, something used a lot"
79dc741969,Straight,"not bent, not homosexual"
79dc741969,Crowd,"lots of people, group of workers, noisy, loud, unruly, dangerous, controllable"
79dc741969,Mad,"angry, crazy, violent, loony, strange, weird, eccentric"
79dc741969,Finished,"terminated, ended, completed, better than unfinished, in its final state, ready"
10c7823d2d,Loose,"Loose is the opisit of tight,"
10c7823d2d,Straight,Straight is a line that goes right down the path not crooked
10c7823d2d,Crowd,Crowd is when you go some place and there is alot of people there.
10c7823d2d,Mad,"Mad is a feeling, You are usually angry."
10c7823d2d,Finished,Finished is when you are all done with something.
98e8b229d5,Loose,"on the loose, promiscuous, idle, wanton, slack, open, informal, sluttish, lax, light, free, escaped, liberal, easy, at large, unaffixed, idle, loose, sluttish
,"
98e8b229d5,Straight,"heterosexual, straight person, heterosexual person, straight, straightaway"
98e8b229d5,Crowd,"gang, crew, bunch, clump, mob, pack, clustering, bunch, ring, cluster, herd, push, crowd together"
98e8b229d5,Mad,"thin-skinned, huffy, unhinged, delirious, raw, sick, disturbed, feisty, insane, mad, harebrained, unbalanced, brainsick, demented, tender, excited, afflictive, frantic, unrestrained, crazy, sore, sensitive, painful, touchy"
98e8b229d5,Finished,"ruined, brought to ruin, brought to the desired final state, ended, brought to an end, brought to or having the greatest excellence, perfected"
ea9e170cdb,Loose,"opposite of tight, hanging, open, not held together"
ea9e170cdb,Straight,"line, without curves,uniform"
ea9e170cdb,Crowd,"a multitude, a collection of people, a cluster of people, people"
ea9e170cdb,Mad,"insane, intoxicated, inhuman, violent"
ea9e170cdb,Finished,"completed, that which has come to an end, over, reached the end"
1c7639828f,Loose,"free ,released,not fixed, free from attachments"
1c7639828f,Straight,"Extending continuously, without foldings,without a bend, not curved"
1c7639828f,Crowd,"group of people, together,set of persons, The common people"
1c7639828f,Mad,"mentally disturbed, greatly provoked , irritated , angry"
1c7639828f,Finished,"completed,Highly accomplished , to reach the end"
faed1af4c3,Loose,"not tight, moves freely"
faed1af4c3,Straight,"not curved, not crooked, not gay, a line"
faed1af4c3,Crowd,"many people, gathering of people"
faed1af4c3,Mad,"angry, not sane"
faed1af4c3,Finished,"complete a task, run out of stock"
cd4699ed74,Loose,about to fall out
cd4699ed74,Straight,not curved
cd4699ed74,Crowd,a large group of people
cd4699ed74,Mad,not happy. upset.
cd4699ed74,Finished,completed
a4153f408b,Loose,"win, opposite of win"
a4153f408b,Straight,"forward, not bend"
a4153f408b,Crowd,"people, spectators"
a4153f408b,Mad,"happy, angry"
a4153f408b,Finished,"starting, beginning"
e01ef2fec0,Loose,free
e01ef2fec0,Straight,honest
e01ef2fec0,Crowd,the gang
e01ef2fec0,Mad,madding
e01ef2fec0,Finished,completed
19431af03e,Loose,Unconnected; rambling. A letting go; discharge To relax; to loosen; to make less strict.
19431af03e,Straight,"straight A: Definition and Pronunciation. ... achieving or showing the highest grade or superior accomplishment, esp. scholastically: a straight A report card."
19431af03e,Crowd,A large number of persons gathered together; a throng. 2.
19431af03e,Mad,"Excited beyond self-control or the restraint of reason; inflamed by violent or uncontrollable desire, passion, or appetite; as, to be mad with terror."
19431af03e,Finished,Highly accomplished or skilled; polished:
a878e75949,Loose,"not tight, flabby, lying lips, baggy clothes"
a878e75949,Straight,"honorable, not crooked, not gay, in line"
a878e75949,Crowd,"mass, gathering, over pack, group of people"
a878e75949,Mad,"anger, incite, to make angry, crazy, not happy"
a878e75949,Finished,"completed, ended, all done, stopped"
6be52007c6,Loose,"Not fastened, restrained, or contained: loose bricks.
2. Not taut, fixed, or rigid: a loose anchor line; a loose chair leg.
3. Free from confinement or imprisonment; unfettered: criminals loose in the neighborhood; dogs that are loose on the streets.
4. Not tight-fitting or tightly fitted: loose shoes.
5. Not bound, bundled, stapled, or gathered together: loose papers.
6. Not compact or dense in arrangement or structure: loose gravel.
7. Lacking a sense of restraint or responsibility; idle: loose talk.
8. Not formal; relaxed: a loose atmosphere at the club.
9. Lacking conventional moral restraint in sexual behavior.
10. Not literal or exact: a loose translation.
11. Characterized by a free movement of fluids in the body: a loose cough; loose bowels.
adv."
6be52007c6,Straight,"without deviation; ""the path leads directly to the lake""; ""went direct to the office""
Synonyms: directly, direct

[adverb] in a forthright manner; candidly or frankly; ""he didn't answer directly""; ""told me straight out""; ""came out flat for less work and more pay""
Synonyms: directly, flat

[adverb] in a straight line; in a direct course; ""the road runs straight""

[noun] a heterosexual person; someone having a sexual orientation to persons of the opposite sex
Synonyms: heterosexual, heterosexual person, person

[noun] a poker hand with 5 consecutive cards (regardless of suit)

[noun] a straight segment of a roadway or racecourse
Synonyms: away"
6be52007c6,Crowd,". A large number of persons gathered together; a throng.
2. The common people; the populace.
3. A group of people united by a common characteristic, as age, interest, or vocation: the over-30 crowd.
4. A group of people attending a public function; an audience: The play drew a small but appreciative crowd.c
Idiom:"
6be52007c6,Mad,"Angry; resentful. See Synonyms at angry.
2. Suffering from a disorder of the mind; insane.
3. Temporarily or apparently deranged by violent sensations, emotions, or ideas: mad with jealousy.
4. Lacking restraint or reason; foolish: I was mad to have hired her in the first place.
5. Feeling or showing strong liking or enthusiasm: mad about sports."
6be52007c6,Finished,". Highly accomplished or skilled; polished: a finished artist.
2. Exhibiting a high degree of skill or polish: an essay that was a finished piece of work.
3.
a. Doomed to death or destruction.
b. Having no more use, value, or potential; washed-up."
d6fbaf0859,Loose,"to release,,, to move freely"
d6fbaf0859,Straight,"not crooked., in one direction.."
d6fbaf0859,Crowd,referring to the people on the background
d6fbaf0859,Mad,sad
d6fbaf0859,Finished,"end point, done"
b6763f7c1d,Loose,"Not firmly or tightly fixed in place, detached, 	
Set free , release  , the hounds have been loosed,unfasten,disengage,untie"
b6763f7c1d,Straight,"in one direction without turns, character of displaying honesty, cordial, state of sobriety"
b6763f7c1d,Crowd,"a large number of persons gathered closely together ,  audience, the common people , force into a confined space"
b6763f7c1d,Mad,"mentally disturbed; deranged; insane; demented, enraged; greatly provoked or irritated; angry, confused, with great haste, impulsiveness, energy, get done"
b6763f7c1d,Finished,"conclusion; completion ,	accomplishment, achievement, acquirement, acquisition, annihilation, attainment, cease, cessation, close, closing, culmination,,"
eade539780,Loose,"free or released from, free from any thing that binds. loose change, not securely attached."
eade539780,Straight,"not curved, does not bend at no angle, generated by a point. extends"
eade539780,Crowd,"a group, a mob, large number of people gathering together., throng"
eade539780,Mad,"angry, upset, frown, temper, aggressive, resentful, irritated"
eade539780,Finished,"done, ended, perfected, completed, achievment"
8f659dbf2f,Loose,"fluid unstructured free-flowing, untethered, untied"
8f659dbf2f,Straight,"narrow perpendicular horizontal, trustworthy, genuine"
8f659dbf2f,Crowd,"mass group gathering different people, multi racial, sports men and women"
8f659dbf2f,Mad,"un hinged, deluded, angry, cross, manic"
8f659dbf2f,Finished,"ended terminated, closed"
af2803583c,Loose,"Unconnected, rambling."
af2803583c,Straight,the path leads directly to some place
af2803583c,Crowd,A large number of persons gathered together; a throng.
af2803583c,Mad,Suffering from a disorder of the mind
af2803583c,Finished,to finish or to complete
2b15616b23,Loose,not tight
2b15616b23,Straight,means direct
2b15616b23,Crowd,filled with lot of people
2b15616b23,Mad,a fool
2b15616b23,Finished,completed
fe5a703d9c,Loose,"not tight,without tight, freely"
fe5a703d9c,Straight,"without curve, without bend,"
fe5a703d9c,Crowd,"large gathering of people, number of people in one place"
fe5a703d9c,Mad,"wildly foolish, insane, angry, complex"
fe5a703d9c,Finished,"completed,come to an end,"
a99eff3ef7,Loose,not confined or restrained
a99eff3ef7,Straight,having the same direction throughout its length
a99eff3ef7,Crowd,"to press, push, or squeeze"
a99eff3ef7,Mad,mentally ill
a99eff3ef7,Finished,completed
b9538e2d86,Loose,"Not firmly or tightly fixed in place, having freedom of movement, can be used to describe the opposite of firm or tight, the verb form of loss."
b9538e2d86,Straight,"Not curved, to denote the direction up ahead, used to describe an erect posture, sexual preference."
b9538e2d86,Crowd,"A gathering of people;mob,"
b9538e2d86,Mad,"Angry, crazy, abnormal behavior, mentally ill, insane, extremely foolish"
b9538e2d86,Finished,"The state of being done and over, to denote that something has been done."
6a26af6ef5,Loose,"unsecure,unsafe,free,hanging"
6a26af6ef5,Straight,"narrow,straight ahead,in one line,long line,short line"
6a26af6ef5,Crowd,"noise,faces,laughter,anxiety, panic, shoes, footprints,chatter, blurs,people"
6a26af6ef5,Mad,"angry,insane,crazy,redfaced,enraged,shaking,adrenaline"
6a26af6ef5,Finished,"ended,no more,come to a halt,no longer,done,finale."
86dc19ebbd,Loose,"movable, unfastened, free"
86dc19ebbd,Straight,"straight line, directly, without delay, immediately, at once"
86dc19ebbd,Crowd,"mob, group, assembly, gathering"
86dc19ebbd,Mad,"foolish, crazy, nutty, nuts"
86dc19ebbd,Finished,"over, complete, ended, done"
2486e8fbec,Loose,"lost,gone, easy"
2486e8fbec,Straight,"line, point, direct,"
2486e8fbec,Crowd,"gathering, flock, pool"
2486e8fbec,Mad,"evil, psycho, irresponsible"
2486e8fbec,Finished,"completed, ended, closed"
9830f019db,Loose,"not tight, loose motion, not strong, lose"
9830f019db,Straight,"straight forward, straight line, immediate, straight from heart"
9830f019db,Crowd,"rush, noise, exhibition, accident site, lot of people"
9830f019db,Mad,"abnormal, sick, not in sense, madly in love, foolish, mad anger, out of control"
9830f019db,Finished,"over, relieved, done, complete, fine, finished goods,final"
a7dca11140,Loose,"free, motion,single"
a7dca11140,Straight,"line,positive,clear"
a7dca11140,Crowd,"busy,people,traffic,festival"
a7dca11140,Mad,"mental,patient,hospital"
a7dca11140,Finished,"complete,end,final position"
694b2d8fb5,Loose,"let off ,some thing is freed , not tight ,a weak link, not firm"
694b2d8fb5,Straight,"directed line without bend ,indicates a path , without curve ,to indicate a direction"
694b2d8fb5,Crowd,"lot of people , large gathering ,less open space , lots of noise"
694b2d8fb5,Mad,"insane , not mentally strong , not normal , different behavior, no commonsense"
694b2d8fb5,Finished,"over ,a task completed , an end to a particular work ,terminate"
10d4f79779,Loose,"free or released from fastening or attachment,not bound together, to let loose; free from bonds or restraint,to shoot; discharge; let fly"
10d4f79779,Straight,"not homosexual, a straight segment of a roadway, honest and morally upright, without curves, neatly arranged, not disorderly, following a correct or logical method"
10d4f79779,Crowd,"a large number of persons gathered closely together, to gather in large numbers; throng; swarm, to push; shove,"
10d4f79779,Mad,"mentally disturbed; deranged; insane; demented, enraged; greatly provoked or irritated; angry, extremely foolish or unwise; imprudent; irrational"
10d4f79779,Finished,"ended or completed, highly skilled or accomplished, to come to the end of a course, period of time, etc., to overcome completely; destroy or kill"
6b2ac0ef88,Loose,not rigid
6b2ac0ef88,Straight,not bent
6b2ac0ef88,Crowd,a group of persons
6b2ac0ef88,Mad,insane
6b2ac0ef88,Finished,completed
33cd6db15a,Loose,"Not tight,Ill-fitting,Not properly defined,Cannot confine to any description."
33cd6db15a,Straight,"Simple,Without any deviation,Open and clear,Not crooked,Without any barriers."
33cd6db15a,Crowd,"Mob, A huge gathering,Space constriction due to large number,Large number of people."
33cd6db15a,Mad,"Insane,Mental problem,Uncontrolled anger,Eccentric,not confirming to any rules."
33cd6db15a,Finished,"End,Final,Completed,Nothing more,Work ended,Closed,shut down."
de23fe1cfc,Loose,free or released from something
de23fe1cfc,Straight,"without a bend or angle, exactly vertical"
de23fe1cfc,Crowd,dozens of people somewhere
de23fe1cfc,Mad,"angry, furious,"
de23fe1cfc,Finished,to be complete
24a08f9d6b,Loose,"Not fastened, restrained, or contained: loose bricks,Not tight-fitting or tightly fitted: loose shoes,Not bound, bundled, stapled, or gathered together: loose papers,Lacking a sense of restraint or responsibility; idle: loose talk."
24a08f9d6b,Straight,"Having no waves or bends: straight hair,Not bent or bowed; rigid or erect: a straight, strong back,Direct and candid: a straight answer,Following a direct or correct method or approach; systematic: straight reasoning."
24a08f9d6b,Crowd,"A large number of persons gathered together; a throng,The common people; the populace,A group of people united by a common characteristic, as age, interest, or vocation,A group of people attending a public function; an audience."
24a08f9d6b,Mad,"Angry; resentful. See Synonyms at angry,Boisterously gay; hilarious: had a mad time,Marked by extreme excitement, confusion, or agitation; frantic: a mad scramble for the bus,Lacking restraint or reason; foolish: I was mad to have hired her in the first place."
24a08f9d6b,Finished,"At the end of a task, activity, a finished artist,Having no more use, value, or potential; washed-up,over, done, completed, achieved, through, ended, closed, full, final, complete, in the past, concluded, shut, accomplished, executed, tied up, wrapped up."
1e695ef57f,Loose,"not thight, a state of things, associated with poor fit, addressed with screw driver, noisy, slippery, shaky"
1e695ef57f,Straight,"not curved, connects points, makes a line, not complex; not gay, hetrosexual."
1e695ef57f,Crowd,"gathering, unruly, noisy, not organized, group of people or things, associated with activity"
1e695ef57f,Mad,"angry, mental state, agitated, unhappy, noisy, red, irrational; magazine, ""me,worry?"", comedy, lampoon, satire, Spy-vs.-Spy"
1e695ef57f,Finished,"done, over, completed, state of completion, at rest, quiet; covered, painted or stained, decorative covering."
92ea18c297,Loose,not tight fitting
92ea18c297,Straight,in a forthright manner
92ea18c297,Crowd,gathering
92ea18c297,Mad,insane
92ea18c297,Finished,something to complete
9fb171be25,Loose,"Free from confinement or imprisonment; unfettered , Not bound, bundled, stapled, or gathered together"
9fb171be25,Straight,"Extending continuously in the same direction without curving: Coming from a reliable source; factual: a straight tip; straight information.
6."
9fb171be25,Crowd,"A large number of persons gathered together, A group of people attending a public function; an audience, To press, cram, or force tightly together:"
9fb171be25,Mad,"Suffering from a disorder of the mind; insane. Temporarily or apparently deranged by violent sensations, emotions, or ideas, Feeling or showing strong liking or enthusiasm:"
9fb171be25,Finished,"Highly accomplished or skilled; polished, Doomed to death or destruction.
Having no more use, value, or potential; washed-up."
2773fc01ba,Loose,"loose ends,ropes,relationships,weight"
2773fc01ba,Straight,"line,talk,head,matters"
2773fc01ba,Crowd,"control,mobs,many,rush,people"
2773fc01ba,Mad,"angry,astray,not focused"
2773fc01ba,Finished,"done,completed,work.job,assignment"
4792a552bb,Loose,Not firmly or tightly fixed in place
4792a552bb,Straight,"The property (philosophy) or state of extending in one direction without turns, bends or curves; or being without influence or interruption"
4792a552bb,Crowd,"A crowd is a large and definable group of people, while ""the crowd"" is referred to as the so-called lower orders of people in general (the mob). A crowd may be definable through a common purpose or set of emotions, such as at a political rally, at a sports event, or during looting (this is known as a psychological crowd), or simply be made up of many people going about their business in a busy area (e.g. shopping). Everybody in the context of general public or the common people is normally referred to as the masses"
4792a552bb,Mad,Mad is an American humor magazine founded by editor Harvey Kurtzman and publisher William Gaines in 1952.
4792a552bb,Finished,completed
b98951c546,Loose,"Not fastened, restrained, or contained:"
b98951c546,Straight,Extending continuously in the same direction without curving. Having no waves or bends.Following a direct or correct method or approach; systematic
b98951c546,Crowd,A large number of persons gathered together; a throng.The common people; the populace.The common people; the populace.
b98951c546,Mad,"Angry; resentful. See Synonyms at angry.Suffering from a disorder of the mind; insane.Temporarily or apparently deranged by violent sensations, emotions, or ideas"
b98951c546,Finished,"prepared or converted from a natural state by subjecting to a special process; ""processed ores"
b245d0513e,Loose,not tight
b245d0513e,Straight,in line
b245d0513e,Crowd,large group of people
b245d0513e,Mad,not normal
b245d0513e,Finished,task completed
2622f61522,Loose,"relax,  unleash, free, liberate, release."
2622f61522,Straight,"straightaway, simple, straight person."
2622f61522,Crowd,"Mob, gang, crowd together, herd, push"
2622f61522,Mad,"Silly, foolish, idiot, funny, lack of knowledge."
2622f61522,Finished,"End, last, empty,"
4ca6ab6631,Loose,"Not firmly fixed in place,  able to be detached, Set free; release slack    lax  slack  free release  untie unfasten  unbind  undo disengage"
4ca6ab6631,Straight,"one direction without turns without influence displaying honesty or fairness or being free from,"
4ca6ab6631,Crowd,"group of people,set of emotions, a political rally, during looting a busy area"
4ca6ab6631,Mad,Infection with rabiesbeing angry insanity an American humor magazine Cartoon Network Michigan Algorithm Decoder
4ca6ab6631,Finished,"been completed , over, fineshed eating, working completed"
cd99a04ede,Loose,"baggy, saggy, not fitted, not tight, wanton"
cd99a04ede,Straight,"rigid, unbending, boring, risk free"
cd99a04ede,Crowd,"busy, lots of people, invade personal space, melee"
cd99a04ede,Mad,"bonkers, nutty, angry, seeing red"
cd99a04ede,Finished,"ended, done, over"
2a6566d746,Loose,"free,realsed from fastening,uncombined,not bound together ,kept seperately ."
2a6566d746,Straight,"without a bend,frank,evenly formed,exactly vertical or horizontal."
2a6566d746,Crowd,"a large number of persons gathered closely together,audience,the common people, the masses,any group or set of persons with something in common."
2a6566d746,Mad,"mentally disturbed,wildly excited or confused, frantic,greatly provoked or irritated,angry."
2a6566d746,Finished,"ended or completed,highly skilled ,polished to the highest degree of excellence,completed or perfected in all details."
f89618c03c,Loose,"Become less tight.
Grant freedom to; free from confinement"
f89618c03c,Straight,In a straight line; in a direct course
f89618c03c,Crowd,A large number of things or people considered together.
f89618c03c,Mad,Affected with madness or insanity.
f89618c03c,Finished,"Have an end, in a temporal, spatial, or quantitative sense."
ce58ffe106,Loose,"not tight, wobbly, apart, detached, limp, unbolted, unconnected, unclasped, unrestrained, floating, easy, asunder, loosened, moveable"
ce58ffe106,Straight,"aligned, direct, continuous, upright, perpendicular, linear, level, erect, in a line, collinear, undistorted, horizontal, inflexible, solid, unbent"
ce58ffe106,Crowd,"large assembly, stream mass, mob, drove, crew, conflux, circle, army, jam, horde, herd, flock, herd, rank and file"
ce58ffe106,Mad,"crazy, cuckoo, frantic, insane, crazed, absurd, batty, frenzied, mental, nutty foolhardy, unstable,"
ce58ffe106,Finished,"accomplished, finalize, fulfill, end, execute, achieve, bring to a conclusion, determine"
d2238a631b,Loose,"Unbound; untied; unsewed; not attached, fastened, fixed, or confined; as, the loose sheets of a book."
d2238a631b,Straight,"without a bend, angle, wave, or curve."
d2238a631b,Crowd,"To push, to press, to shove."
d2238a631b,Mad,mentally disturbed; deranged.
d2238a631b,Finished,"Polished to the highest degree of excellence; complete; perfect; as, a finished poem; a finished education."
eb09612a37,Loose,Free hands
eb09612a37,Straight,as railway track
eb09612a37,Crowd,people's meeting
eb09612a37,Mad,have memory lose
eb09612a37,Finished,completed
0aca162d17,Loose,not fitting tightly
0aca162d17,Straight,clear and logical
0aca162d17,Crowd,large group of people
0aca162d17,Mad,insane
0aca162d17,Finished,completed
b736563874,Loose,"free, not fixed, not tied, not packed, not stretched, relax"
b736563874,Straight,"not bend, not curved, honest, frank, direct, correct"
b736563874,Crowd,"a lot of people together, concert, demonstration, party"
b736563874,Mad,"crazy, psychotic, insane, mentally disturbed, very angry"
b736563874,Finished,"ready, done, completed, achieved, complete"
4baffedf4f,Loose,lost defeat
4baffedf4f,Straight,horizontal
4baffedf4f,Crowd,lot of people were gathered
4baffedf4f,Mad,stupid
4baffedf4f,Finished,end
95e2618c28,Loose,"Not fastened,Not taut, Free from confinement or imprisonment"
95e2618c28,Straight,"Extending continuously in the same direction without curving,Having no waves or bends"
95e2618c28,Crowd,"A large number of persons gathered together,The common people"
95e2618c28,Mad,"Angry,Suffering from a disorder of the mind, Temporarily or apparently deranged by violent sensations"
95e2618c28,Finished,"at the end of a task,without further hope of success or continuation"
0da623e05b,Loose,"1.
free or released from fastening or attachment: a loose end.
2.
free from anything that binds or restrains; unfettered: loose cats prowling around in alleyways at night.
3.
uncombined, as a chemical element.
4.
not bound together: to wear one's hair loose.
5.
not put up in a package or other container: loose mushrooms."
0da623e05b,Straight,"1.
without a bend, angle, or curve; not curved; direct: a straight path.
2.
exactly vertical or horizontal; in a perfectly vertical or horizontal plane: a straight table.
3.
(of a line) generated by a point moving at a constant velocity with respect to another point.
4.
evenly or uprightly formed or set: straight shoulders.
5.
without circumlocution; frank; candid: straight speaking."
0da623e05b,Crowd,"1.
a large number of persons gathered closely together; throng: a crowd of angry people.
2.
any large number of persons.
3.
any group or set of persons with something in common: The restaurant attracts a theater crowd.
4.
audience; attendance: Opening night drew a good crowd.
5.
the common people; the masses: He feels superior to the crowd."
0da623e05b,Mad,"1.
mentally disturbed; deranged; insane; demented.
2.
enraged; greatly provoked or irritated; angry.
3.
(of animals)
a.
abnormally furious; ferocious: a mad bull.
b.
affected with rabies; rabid: a mad dog.
4.
extremely foolish or unwise; imprudent; irrational: a mad scheme to invade France.
5.
wildly excited or confused; frantic: mad haste."
0da623e05b,Finished,"1.
ended or completed.
2.
completed or perfected in all details, as a product: to pack and ship finished items.
3.
polished to the highest degree of excellence: a dazzling and finished piece of writing.
4.
highly skilled or accomplished: a finished violinist.
5.
condemned, doomed, or in the process of extinction: The aristocracy was finished after the revolution."
3dcbf90da5,Loose,"not tight,  unkept,  of low morals"
3dcbf90da5,Straight,"uncurled, unbent, heterosexual"
3dcbf90da5,Crowd,"gathering of people,  To be to close to"
3dcbf90da5,Mad,"angry, upset, demented, crazy, insane"
3dcbf90da5,Finished,"done, over, hemmed, ended"
a965363f80,Loose,"not firmly attached, slack, not fitting, free, imprecise, flexible, available"
a965363f80,Straight,"not curved, level accurate, candid, honest, neat, consistent, not funny, not bendable, heterosexual"
a965363f80,Crowd,"set of people, gathered together, masses, audience, spectators, throng through, herd or cram, pressure somebody"
a965363f80,Mad,"insane, lunatic, inconsistent, rabid, angry and frantic, markedly aggressive, offensive term, unwise and rash, wildly excited, passionate about something"
a965363f80,Finished,"done well, no use further, completed, taken care off, end."
7cf403bfc3,Loose,"not tightly held,fixed,etc.."
7cf403bfc3,Straight,extending uniformly in the same direction;not bent or curved
7cf403bfc3,Crowd,large gathering of people
7cf403bfc3,Mad,insane;frenzied
7cf403bfc3,Finished,private college preparing girls for fashionable society
0a7858ea02,Loose,"not tight, unconstrained, relaxed"
0a7858ea02,Straight,"heterosexual, line, least distance, uncurved"
0a7858ea02,Crowd,"audience, group many people, gathering"
0a7858ea02,Mad,"angry, upset, seeing red, crazy, nuts"
0a7858ea02,Finished,"complete, done, wrapped up"
2cfb3bdbcd,Loose,not tight
2cfb3bdbcd,Straight,neatly arranged
2cfb3bdbcd,Crowd,rush
2cfb3bdbcd,Mad,mentally disturbed
2cfb3bdbcd,Finished,end
9bec5a5a23,Loose,"not tightly held,free from bonds,not compact,loose soil, loose tongue,loose fitting, whatever is not proper."
9bec5a5a23,Straight,"same direction,not bend or curved,honest, logical,unmodified,undiluted,whatever may be - no artificial manner to left and right of the present path."
9bec5a5a23,Crowd,"large gathering people, spectaculars,particular set of people;whatever,whenever,whoever have no any bar against the massive ideology."
9bec5a5a23,Mad,"wildly foolish, to disturb, to collapse, not self understanding,imbalance of mind,have all living creatures,a difference in appearance for anything is mad."
9bec5a5a23,Finished,"bring to come anend,complete;work,duties,responsibilities,time,space,life,objects-all are finished.Anything brings to an end to come anew begin."
bee7f2ab27,Healthy,"good health,  freedom from disease, well-being,  strength, stamina"
bee7f2ab27,Dream,"sleeping vision, nightmare, fantasy, give serious thought to, hope for"
bee7f2ab27,Idiot,"mental defective, cretin, foolish person,  jerk, damn fool, numskull"
bee7f2ab27,Ability,"capability, capacity,  aptitude,  competence,qualification"
bee7f2ab27,Smooth,"even, sleek, level, orderly,  peaceful,  calm"
2622f61522,Healthy,"Strong, happy, Somewhat fatty, Handsome, Rich,"
2622f61522,Dream,"Vision, Imagination, Night, day dreaming, lousy,"
2622f61522,Idiot,"Stupid, funny, lack of knowledge,"
2622f61522,Ability,"Capability, stamina, good thing, very necessary."
2622f61522,Smooth,"Clean, clear, easy, without ups and down."
2b15616b23,Healthy,to be in a good health
2b15616b23,Dream,images or ideas in mind during sleep
2b15616b23,Idiot,a fool
2b15616b23,Ability,one's capability
2b15616b23,Smooth,soft
9830f019db,Healthy,"diet, good food, exercise, eating healthy, good body condition, looking healthy, feeling good and fit, nutrition, health insurance, doctors"
9830f019db,Dream,"feeling, vision, emotions of the mind, subconscious feeling, terrified dreams, hopes, dream come true, dream world, disturbed sleep, interest to achieve something"
9830f019db,Idiot,"foolish, senseless, mad, crazy, ""three idiots"" a super-hit Hindi movie, ignorant"
9830f019db,Ability,"what you are capable of, what you can do, strength, skill, ability test"
9830f019db,Smooth,"soft, even, silky, smoothie, smooth criminal, a Michael Jackson album"
92ea18c297,Healthy,free from diseases
92ea18c297,Dream,sequence of sensation
92ea18c297,Idiot,an ignoramus
92ea18c297,Ability,power to perform
92ea18c297,Smooth,even surface
1c7639828f,Healthy,"feeling fit, Not diseased, looking good, mentally sound"
1c7639828f,Dream,"come true, can go any where, can become any position, may be sweet and colourful"
1c7639828f,Idiot,"fool, blockhead  , A stupid person, A mentally handicapped person."
1c7639828f,Ability,"The capacity to do something, Talent, skill, Willingness"
1c7639828f,Smooth,"frictionless, regular surface, without difficulties, soft"
2dbc072486,Healthy,"fit, thin, glowing skin, eating nutrients, athletes"
2dbc072486,Dream,"whimsical, happens well sleeping, hard to remember, often do not make sense, can be good or bad"
2dbc072486,Idiot,"someone who is stupid, rude, ignorant"
2dbc072486,Ability,"skills, technique, what someone can do and how well"
2dbc072486,Smooth,"creamy touch, soft, not hard or rough, feeling remains the same throughout the object"
a7dca11140,Healthy,"body,powerful,strength"
a7dca11140,Dream,"night,sleep,fairy"
a7dca11140,Idiot,"fool,bad language,disliked"
a7dca11140,Ability,"capable,honesty,good"
a7dca11140,Smooth,"peaceful,without problems,silky"
fd1a1cbbc3,Healthy,"sound, hefty, respectable, goodish, good for you(p), goodly, salubrious, sizeable, intelligent, level-headed, tidy, levelheaded, sizable"
fd1a1cbbc3,Dream,"dream, dreaming, aspiration, ambition, pipe dream"
fd1a1cbbc3,Idiot,"nitwit, moron, doofus, cretin, dimwit, idiot, changeling, retard, imbecile, half-wit"
fd1a1cbbc3,Ability,"power, ability, exponent, index, major power, great power, might, tycoon, force, magnate, top executive, world power, business leader, powerfulness, mightiness, baron, big businessman, superpower, mogul, office, king"
fd1a1cbbc3,Smooth,"placid, liquid, bland, still, fluent, politic, tranquil, unruffled, legato, suave, quiet, fluid"
a3c176fff2,Healthy,"eating right, exercising, taking vitamins, see a physician on a regular basis."
a3c176fff2,Dream,"nightmares, hopes, subconscious activity while you sleep,"
a3c176fff2,Idiot,"make bad choices, trust the wrong people, stupid, imbecal,"
a3c176fff2,Ability,"talent, performance, able to complete a project,"
a3c176fff2,Smooth,"not rough, without bumps, glossy, shiny, soft"
b245d0513e,Healthy,"no diseases, fit, no medications, good living"
b245d0513e,Dream,"sleep, virtual space, inner thoughts, hidden feelings"
b245d0513e,Idiot,"simpleton, foolish, stupid, dumb"
b245d0513e,Ability,"capability, ease to do things, talent, skills, competence"
b245d0513e,Smooth,"free from hairs, well polished, shiny look, effortless, without difficulty"
d6fbaf0859,Healthy,"IN GOOD CONDITION, PHYSICALLY FIT"
d6fbaf0859,Dream,"TO AMBITION , TO HOPE OR TO AIM"
d6fbaf0859,Idiot,"FOOL, MORON , LOW IQ"
d6fbaf0859,Ability,CAPABLE
d6fbaf0859,Smooth,FLAT AND SHINY
dcf44e6284,Healthy,"possessing or enjoying good health  or a sound and vigorous mentality
pertaining to or characteristic of good health,  or a sound and vigorous mind
conducive to good health;  healthful
prosperous or sound"
dcf44e6284,Dream,"a succession of images, thoughts, or emotions passing through the mind during sleep.
the sleeping state in which this occurs.
an object seen in a dream.
an involuntary vision occurring to a person when awake.
a vision voluntarily indulged in while awake; daydream;  reverie"
dcf44e6284,Idiot,"an utterly foolish or senseless person. 
a person of the lowest order in a former and discarded classification of mental retardation, having a mental age of less than three years old and an intelligence quotient under 25"
dcf44e6284,Ability,"power or capacity to do or act physically, mentally, legally, morally, financially, etc.
competence in an activity or occupation because of one's skill, training, or other qualification"
dcf44e6284,Smooth,"free from projections or unevenness of surface; not rough:
generally flat or unruffled, as a alm sea.
free from hairs or a hairy growth: a smooth cheek.
of uniform consistency; free from lumps, as a batter, sauce, etc.
free from or proceeding without abrupt curves, bends, etc"
de23fe1cfc,Healthy,to posses and enjoying good health
de23fe1cfc,Dream,"a succession of images, the object seen in a dream while sleeping"
de23fe1cfc,Idiot,"utterly foolish, stupid"
de23fe1cfc,Ability,capability to do something
de23fe1cfc,Smooth,flat surface and unruffled
3dcbf90da5,Healthy,"fit, good for you, exercise makes you healthy"
3dcbf90da5,Dream,"to let ones mind wander,  to wish"
3dcbf90da5,Idiot,"stupid, slang for foolish person,"
3dcbf90da5,Ability,"talent, to be able to do, skill"
3dcbf90da5,Smooth,"unblemished, slick"
f89618c03c,Healthy,Having or indicating good health in body or mind; free from infirmity or disease.
f89618c03c,Dream,"A series of mental images and emotions occurring during sleep.
Imaginative thoughts indulged in while awake."
f89618c03c,Idiot,A person of subnormal intelligence.
f89618c03c,Ability,The quality of being able to perform; a quality that permits or facilitates achievement or accomplishment.
f89618c03c,Smooth,Free from obstructions.
e0fa9dd06b,Healthy,possessing or enjoying good health  or a sound and vigorous mentality: a healthy body; a healthy mind.
e0fa9dd06b,Dream,"a succession of images, thoughts, or emotions passing through the mind during sleep."
e0fa9dd06b,Idiot,"a person of the lowest order in a former and discarded classification of mental retardation, having a mental age of less than three years old and an intelligence quotient under 25."
e0fa9dd06b,Ability,"power or capacity to do or act physically, mentally, legally, morally, financially, etc"
e0fa9dd06b,Smooth,free from projections or unevenness of surface; not rough: smooth wood; a smooth road.
cf8ffe2059,Healthy,"well, unsick"
cf8ffe2059,Dream,"imagination, guess"
cf8ffe2059,Idiot,"fool, senseless"
cf8ffe2059,Ability,"talent, expert"
cf8ffe2059,Smooth,"soft, light"
86dc19ebbd,Healthy,"fit, well, strong, nourishing, healthful"
86dc19ebbd,Dream,"vision, delusion,daydream, nightmare"
86dc19ebbd,Idiot,fool. good for nothing
86dc19ebbd,Ability,"able, talented, bright, quality"
86dc19ebbd,Smooth,"soft, silky, velvety, flat, level"
4ca6ab6631,Healthy,"Income and social status
    Social support networks
    Education and literacy
    Employment/working conditions
    Social environments
    Physical environments

prolonging life  human condition. metabolic efficiency condition of a person free from illness, injury or pain World Health Organization social well-being absence of disease"
4ca6ab6631,Dream,"successions of images, ideas, emotions, sensations stages of sleep brain activity human subconscious. sense of inspiration. frightening, exciting,"
4ca6ab6631,Idiot,"dolt, dullard mentally deficient person, self-defeating suffer from idiocy. dunce incapable of learning low intelligence."
4ca6ab6631,Ability,"capacity Study, smarter - not harder. absorb, abstract thought, understanding, communication, reasoning, learning, planning, emotional intelligence and problem solving."
4ca6ab6631,Smooth,"having a texture, lacks friction ,Not rough. easy, nice"
9fb171be25,Healthy,"Possessing good health. Indicative of sound, rational thinking or frame of mind:
considerable:"
9fb171be25,Dream,"A series of images, ideas, emotions, and sensations occurring involuntarily in the mind during certain stages of sleep. A state of abstraction; a trance."
9fb171be25,Idiot,A person of profound mental retardation having a mental age below three years and generally being unable to learn connected speech or guard against common dangers. The term belongs to a classification system no longer in use and is now considered offensive.
9fb171be25,Ability,"The quality of being able to do something, especially the physical, mental, financial, or legal power to accomplish something."
9fb171be25,Smooth,"Having a surface free from irregularities, roughness, or projections; even. See Synonyms at level. Having a fine texture"
2486e8fbec,Healthy,"happy, immune, disease free,resistance"
2486e8fbec,Dream,"unbelievable, imagination"
2486e8fbec,Idiot,"useless, unwanted, rubbish"
2486e8fbec,Ability,"handle, strength, good at"
2486e8fbec,Smooth,"soft, puff, weak, spongy"
19431af03e,Healthy,"Possessing good health.Conducive to good health; healthful Indicative of sound, rational thinking or frame of mind, Sizable; considerable:"
19431af03e,Dream,"A series of images, ideas, emotions, and sensations occurring involuntarily in the mind during certain stages of sleep."
19431af03e,Idiot,A foolish or stupid person.A person of profound mental retardation having a mental age below three years and generally being unable to learn connected speech or guard against common dangers. The term belongs to a classification system no longer in use and is now considered offensive.
19431af03e,Ability,"The quality of being able to do something, especially the physical, mental, financial, or legal power to accomplish something.. A natural or acquired skill or talent."
19431af03e,Smooth,"Having a surface free from irregularities, roughness, or projections; even."
973869ddb6,Healthy,"having,showing ,or promoting good health ,beneficial ,helpful.the state of being well in body or mind,a person 's mental or physical condition,soundness."
973869ddb6,Dream,"a series of pictures or events in the mind of sleeping person ,the act or time of seeing person ,a day dream or fantasy an ideal ,aspiration or ambition,a beautiful or ideal person or thing ,a state of mind without proper perception of reality."
973869ddb6,Idiot,"a stupid person ,a personof extremely low intelligence,[from Greek idiotes layman,ignorant person]"
973869ddb6,Ability,"capacity or power,cleverness, talent,mental power(a person of great ability,has many abilities),suffix forming nouns of quality from ,from or corresponding to ,capability vulnerability."
973869ddb6,Smooth,"having relatively even and regular surface,free from perceptible projections,lumps ,indentations,and roughness ,not wrinkled ,pitted,scored or hairy,that can be traversed without check."
430445fa7c,Healthy,"food, vegestables, fruits, brocolli, spinach, carrots, apples, oranges, exercise, running, gym, almonds,"
430445fa7c,Dream,"sleep, night, goals, ambitions, nightmares, fantasy, wish, visions,"
430445fa7c,Idiot,"dumb, airhead,fool, made a mistake, jerk"
430445fa7c,Ability,"capacity, capability, strenght, qualification, might, skill, talent,"
430445fa7c,Smooth,"bunny fur, beautiful, soft, velvet, fine texture,"
01dfb8e8be,Healthy,"physically fit, no ill, good functioning, good condition, well, effecient, wholeness, good diet,"
01dfb8e8be,Dream,"fantacy, sleep, ideas, imaginary, sensations, mind involvement, moods, pictures, illusions, not real"
01dfb8e8be,Idiot,"stupid, non-sence, low IQ, bad mental capacity, dullard, dull, self-defeating, demotivated,"
01dfb8e8be,Ability,"capable, can do, able enough, capacity, energy, Intelligence, Skill, Aptitude, specific"
01dfb8e8be,Smooth,"nice, surface, free from irregularities, no roughness, fine texture, fabric, soft structure, best possible"
2ece3f8886,Healthy,"good health, doctor, strong, body, medicine, food, energy, fruits"
2ece3f8886,Dream,"night, imagine, feeling, fantasy, aspiration, unpractical, not true, ideal"
2ece3f8886,Idiot,"stupid person, mentally deficient, incapable, mentally disable person, unintelligent, foolish, uninteresting, boring,"
2ece3f8886,Ability,"capacity of power, cleverness, talent,  skill, ingeniousness, work, intelligence, trust,"
2ece3f8886,Smooth,"soft, calm, flat, even, sponge, powder, feeling, not rough"
cef0fec366,Healthy,"strong, not sick, one that takes care of themselves"
cef0fec366,Dream,"what one aspired to, ones goals,also what happens to someone while they are asleep"
cef0fec366,Idiot,"a very dumb person, someone that has very little intelligence, someone that acts like a fool."
cef0fec366,Ability,"something some either has naturally or trains for, a skill or a talent"
cef0fec366,Smooth,a surface without bumps or dents
95e2618c28,Healthy,"Possessing good health,Conducive to good health,ndicative of sound, rational thinking or frame of mind"
95e2618c28,Dream,"A series of images, ideas, emotions, and sensations occurring involuntarily in the mind during certain stages of sleep,A state of abstraction; a trance"
95e2618c28,Idiot,"A foolish or stupid person,A person of profound mental retardation having a mental age below three years and generally being unable to learn connected speech or guard against common dangers. The term belongs to a classification system no longer in use and is now considered offensive"
95e2618c28,Ability,"The quality of being able to do something, especially the physical, mental, financial, or legal power to accomplish something,A natural or acquired skill or talent"
95e2618c28,Smooth,"Having a surface free from irregularities, roughness, or projections, Having a fine texture"
a67e97d5b5,Healthy,"not sick; ""good"" for someone (i.e. food or behaviour, which doesn't have negative effects); not bad for your health;"
a67e97d5b5,Dream,"experience made whilst asleep, not real, mostly happening whilst REM-sleep, experience made whilst not being awake"
a67e97d5b5,Idiot,"a non-intelligent person, stupid person, four-letter-word, non-likeable person"
a67e97d5b5,Ability,"talent, having a certain qualification, having options concerning something"
a67e97d5b5,Smooth,"gentle, soft, tender,"
7cf403bfc3,Healthy,"having,showing,or promoting good health"
7cf403bfc3,Dream,feelings in the mind of a sleeping person or series of scenes
7cf403bfc3,Idiot,"stupid person,wrong thought"
7cf403bfc3,Ability,capacity or power
7cf403bfc3,Smooth,"having an even surface,free from projections,and roughness"
f091acbbaa,Healthy,"Feeling well, good condition"
f091acbbaa,Dream,"nightmare, vision, sleep, inner self"
f091acbbaa,Idiot,"moron, dummy, jerk"
f091acbbaa,Ability,capable of
f091acbbaa,Smooth,"silk, soft, free of texture"
7242ce95a4,Healthy,physically fit
7242ce95a4,Dream,imagine at night
7242ce95a4,Idiot,one who thinks wrongly
7242ce95a4,Ability,qualities one have
7242ce95a4,Smooth,soft surface
2fc61c1089,Healthy,"Health is the level of functional and (or) metabolic efficiency of a living being. In humans, it is the general condition of a person in the mind, body and spirit, usually meaning to be free from illness, injury  or pain (as in “good health” or “healthy”).  The World Health Organization (WHO) defined health in its broader sense in 1946 as ""a state of complete physical, mental, and social well-being and not merely the absence of disease or infirmity."
2fc61c1089,Dream,"Dreams are successions of images, ideas, emotions, and sensations that occur involuntarily in the mind  during certain stages of sleep.  The content and purpose of dreams are not definitively understood, though they have been a topic of scientific speculation, philosophical intrigue and religious interest throughout recorded history. The scientific study of dreams is called oneirology. Science has proven to an extent that all mammals dream. The scientific approach to dreams has been conducted through the discovery of REM sleep."
2fc61c1089,Idiot,"An idiot, dolt, or dullard is a mentally deficient person, or someone who acts in a self-defeating or significantly counterproductive way. Archaically the word mome has also been used. The similar terms moron, imbecile, and cretin  have all gained specialized meanings in modern times. An idiot is said to be idiotic, and to suffer from idiocy."
2fc61c1089,Ability,"Ability may be:

    * Aptitude
    * Intelligence
    * Skill"
2fc61c1089,Smooth,"Smooth means having a texture that lacks friction. Not rough.
In mathematics
    * Smooth function, a function that is infinitely differentiable; used in calculus and topology
    * Smooth manifold, a differentiable manifold for which all the transitions maps are smooth functions
    * Smooth number, a number whose prime factors are all less than a certain value; used in applications of number theory
    * Smoothing, a statistical technique for handling data
    * Smoothsort, a sorting algorithm"
ce58ffe106,Healthy,"in good condition, bright-eyed, firm, fit, fresh, full of life, strong sturdy, well, whole"
ce58ffe106,Dream,"illusion, daydream, vision, image, impression, fantasy, pie in the sky, nightmare, idea"
ce58ffe106,Idiot,"very stupid person, bonehead, dork, imbecile, moron, jerk, simpleton, dunce"
ce58ffe106,Ability,"perform, power to act, competence, capacity, dexterity, strength, talent"
ce58ffe106,Smooth,"level, bland, flowing, easy, mirror like, sleek, soft, uniform, stable"
6be52007c6,Healthy,"health·i·er, health·i·est
1. Possessing good health.
2. Conducive to good health; healthful: healthy air.
3. Indicative of sound, rational thinking or frame of mind: a healthy attitude.
4. Sizable; considerable: a healthy portion of potatoes; a healthy raise in salary"
6be52007c6,Dream,"Symbols are the language of dreams. A symbol can invoke a feeling or an idea and often has a much more profound and deeper meaning that any one word can convey. At the same time, these symbols can leave you confused and wondering what that dream was all about.

Acquiring the ability to interpret your dreams is a powerful tool.  In analyzing your dreams, you can learn about your deep secrets and hidde"
6be52007c6,Idiot,". A foolish or stupid person.
2. A person of profound mental retardation having a mental age below three years and generally being unable to learn connected speech or guard against common dangers. The term belongs to a classification system no longer in use and is now considered offensive.
[Middle English, ignorant person, from Old French idiote, from Latin idita, from Greek idits, private person, layman, from idios, own, private; see s(w)e- in Indo-European roots.]"
6be52007c6,Ability,"The quality of being able to do something, especially the physical, mental, financial, or legal power to accomplish something.
2. A natural or acquired skill or talent.
3. The quality of being suitable for or receptive to a specified treatment; capacity: the ability of a computer to be configured for use as a file server. See Usage Note at able."
6be52007c6,Smooth,"Having a surface free from irregularities, roughness, or projections; even. See Synonyms at level.
2. Having a fine texture: a smooth fabric.
3.
a. Free from hair, whiskers, or stubble: felt his smooth cheek after the close shave.
b. Having a short dense flat coat. Used of dogs.
4. Having an even consistency: a smooth pudding.
5. Having an even or gentle motion or movement: a smooth ride.
6. Having no obstructions or difficulties: a smooth operation.
7. Serene: a smooth temperament.
8. Bland: a smooth wine.
9. Ingratiatingly polite and agreeable.
10. Having no grossness or coarseness in dress or manner."
2a6566d746,Healthy,"prosperous or sound,fairly large,sound and vigorous mind,possessing or enjoying good health."
2a6566d746,Dream,"the sleeping state in which this occurs,a vision voluntarily indulged in while awake,A succession of images, thoughts, or emotions passing through the mind during sleep,an object seen in a dream."
2a6566d746,Idiot,"a person with severe mental retardation,a foolish or senseless person,mad."
2a6566d746,Ability,"talents,special skills or aptitudes,competence in an activity or occupation because of one's skill, training, or other qualification.power or capacity to do or act physically, mentally, legally, morally, financially, etc."
2a6566d746,Smooth,"generally flat or unruffled, as a calm sea,free from hairs or a hairy growth,of uniform consistency,free from lumps,free from or proceeding without abrupt curves."
1f1a1cdd9f,Healthy,"long life,fit,free from sickness,free from injury,free from pain,well being,disease free"
1f1a1cdd9f,Dream,"usually experienced in sleep,sensation,can be good bad and scary,exciting"
1f1a1cdd9f,Idiot,"mental,mad,fool,senseless,foolish,mental retardation"
1f1a1cdd9f,Ability,"capacity to do an act,enabled to do things,able,sensible"
1f1a1cdd9f,Smooth,"not rough,free from uneveness,soft,nice to touch"
cdf81c2126,Healthy,prosperous
cdf81c2126,Dream,an involuntary vision occurring to a person when awake
cdf81c2126,Idiot,informal
cdf81c2126,Ability,special skills
cdf81c2126,Smooth,generally flat
6c7df926ad,Healthy,"all persons msain ambitiomn on healty man , mens main dream in healthy, it gives strong and fited body"
6c7df926ad,Dream,"all mens see dream, all mens ambiton good dreams, see dreams not paid cash so allways see a dreams"
6c7df926ad,Idiot,"it unknown men, unsence, thinklessman,"
6c7df926ad,Ability,"good ambition, smart thinking"
6c7df926ad,Smooth,"super, not a risk and ather problams, fine way, choose smoothway avoid danger"
a878e75949,Healthy,"strong, active, good health, lifestyle, growing, full of life"
a878e75949,Dream,"visions in sleep, nightmare, search for, want, illusion"
a878e75949,Idiot,"imp, cretin, stupid, dunce, bad decision-maker, jerk"
a878e75949,Ability,"has know-how, competent, strong, smarts, perform, gifted"
a878e75949,Smooth,"soft, peaceful, cool, calm, slick, flatten"
24a08f9d6b,Healthy,"Conducive to good health; healthful: healthy air,Possessing good health,a healthy attitude,Sizable; considerable: a healthy portion of potatoes; a healthy raise in salary,Indicative of sound, rational thinking or frame of mind."
24a08f9d6b,Dream,"A series of images, ideas, emotions, and sensations occurring involuntarily in the mind during certain stages of sleep,A daydream; a reverie,A wild fancy or hope."
24a08f9d6b,Idiot,"A foolish or stupid person,senseless person,a person of subnormal intelligence ,fool, jerk,stupid, simple, slow, thick, dull, naive, dim, dense, dumb."
24a08f9d6b,Ability,"The quality of being able to do something, especially the physical, mental, financial, or legal power to accomplish something,A natural or acquired skill or talent,The quality of being suitable for or receptive to a specified treatment; capacity: the ability of a computer."
24a08f9d6b,Smooth,"Having a surface free from irregularities, roughness, or projections; even,Having a fine texture: a smooth fabric,Having no obstructions or difficulties: a smooth operation."
a4153f408b,Healthy,"Good shape, not sick"
a4153f408b,Dream,"Image, future"
a4153f408b,Idiot,"not smart, opposite of smart"
a4153f408b,Ability,"being able , being capable"
a4153f408b,Smooth,"easy , no problem , texture , feel"
a99eff3ef7,Healthy,having good health
a99eff3ef7,Dream,"a sequence of sensations, images, thoughts, etc. passing through a sleeping person's mind"
a99eff3ef7,Idiot,a very foolish or stupid person
a99eff3ef7,Ability,To have ability means you can do something or are capable of doing it
a99eff3ef7,Smooth,"Smooth means even, flat and not rough"
9d836d8814,Healthy,"exercise, muscles, weight, wellness, attractive"
9d836d8814,Dream,"passion, goal, future, vision"
9d836d8814,Idiot,"dumb, not smart, ridicule, lazy"
9d836d8814,Ability,"talent, goal, gift"
9d836d8814,Smooth,"soft, sailing, calm"
0da623e05b,Healthy,"1.
possessing or enjoying good health  or a sound and vigorous mentality: a healthy body; a healthy mind.
2.
pertaining to or characteristic of good health,  or a sound and vigorous mind: a healthy appearance; healthy attitudes.
3.
conducive to good health;  healthful: healthy recreations.
4.
prosperous or sound: a healthy business.
5.
Informal . fairly large: I bought a healthy number of books."
0da623e05b,Dream,"1.
a succession of images, thoughts, or emotions passing through the mind during sleep.
2.
the sleeping state in which this occurs.
3.
an object seen in a dream.
4.
an involuntary vision occurring to a person when awake.
5.
a vision voluntarily indulged in while awake; daydream;"
0da623e05b,Idiot,"1.
Informal . an utterly foolish or senseless person.
2.
Psychology . (no longer in technical use; considered offensive) a person of the lowest order in a former and discarded classification of mental retardation, having a mental age of less than three years old and an intelligence quotient under 25."
0da623e05b,Ability,"1.
power or capacity to do or act physically, mentally, legally, morally, financially, etc.
2.
competence in an activity or occupation because of one's skill, training, or other qualification: the ability to sing well.
3.
abilities, talents; special skills or aptitudes: Composing music is beyond his abilities."
0da623e05b,Smooth,"1.
free from projections or unevenness of surface; not rough: smooth wood; a smooth road.
2.
generally flat or unruffled, as a calm sea.
3.
free from hairs or a hairy growth: a smooth cheek.
4.
of uniform consistency; free from lumps, as a batter, sauce, etc.
5.
free from or proceeding without abrupt curves, bends, etc.: a smooth ride."
6fa4990bd3,Healthy,state of being fit either physically or mentally
6fa4990bd3,Dream,imaginary world which surrounds us while in sleep
6fa4990bd3,Idiot,a persons who irritates
6fa4990bd3,Ability,the skill we learn in doing something
6fa4990bd3,Smooth,some surface which does not have any irregularities
4baffedf4f,Healthy,fat
4baffedf4f,Dream,destiny
4baffedf4f,Idiot,schemles
4baffedf4f,Ability,capable
4baffedf4f,Smooth,plane
67796894e2,Healthy,"someone who is in excellent physical condition, someone who eats a diet which is low in fat and high in vitamins, a lifestyle"
67796894e2,Dream,"what happens in your thoughts during sleep, abstract images and situations which occur in the sub conscience when the body is at rest"
67796894e2,Idiot,"someone who acts in a way that demeans themselves, someone who acts in a way that is comically yet reduces the self esteem of the person, someone who does not know common knowledge facts, someone lacking in common sense."
67796894e2,Ability,"a specifically described skill set, being able to accomplish a task or objective, ones confidence in another in their character when completing certain tasks"
67796894e2,Smooth,"whiteout bumps or lumps, creamy and free flowing, someone who can talk in convincingly way"
af2803583c,Healthy,free from disease
af2803583c,Dream,the sight seen while sleeping
af2803583c,Idiot,as distinguished from the educated
af2803583c,Ability,The quality or state of being able
af2803583c,Smooth,"Having an even surface, or a surface so even that no roughness or points can be perceived by the touch"
d2238a631b,Healthy,it is one of health for the body or trees
d2238a631b,Dream,it is the imagine of the view object
d2238a631b,Idiot,it is denoted by one person for stupid reaction
d2238a631b,Ability,it is the able to one fuction for the person
d2238a631b,Smooth,it is layer very smooth
2cfb3bdbcd,Healthy,strength
2cfb3bdbcd,Dream,imaginatiom
2cfb3bdbcd,Idiot,a person of subnormal intelligence
2cfb3bdbcd,Ability,quality
2cfb3bdbcd,Smooth,soft
c284e4a997,Healthy,"An energy,vitality,without health,our mood and mind will go bad"
c284e4a997,Dream,"Sometimes a fine thing,in some other times a fearful one.A practice of right dream makes a fine future."
c284e4a997,Idiot,Abandoned in meetings and crowd. sometimes by birth and some others make them to be.
c284e4a997,Ability,"A power,a fine task needs a good ability"
c284e4a997,Smooth,"A tender, a warm, a born baby's skin"
2fad520828,Healthy,"Healthy: possessing , enjoying good health , a sound ,vigorous mentality,a healthy body,a healthy mind,fairly large"
2fad520828,Dream,"Dream:a succession of images, thoughts,emotions passing,daydream,in a vision."
2fad520828,Idiot,"Idiot: Informal,an utterly foolish , senseless person,mental retardation, fool, half-wit, imbecile, dolt, dunce, numskull."
2fad520828,Ability,"Ability:power , capacity to do , act physically, mentally, legally, morally, financially, talents, special skills , aptitudes."
2fad520828,Smooth,"Smooth: free from projections, unevenness of surface,not rough, smooth wood, a smooth road, generally flat  unruffled, as a calm sea."
a3b8a7faf4,Healthy,"it feels, good health"
a3b8a7faf4,Dream,"thinking in conscious & unconscious stage, not real"
a3b8a7faf4,Idiot,foolish
a3b8a7faf4,Ability,able to do
a3b8a7faf4,Smooth,"flat, fiction less"
88f83ba7a8,Healthy,"HEALTHY MEANS HEALTHY BODY, STRONG, FITNESS"
88f83ba7a8,Dream,"DREAM MEANS SOMETHING HAPPEN CAN SEE EARLY, TO SEE THE DREAM OF SKY,"
88f83ba7a8,Idiot,"IDIOT MEANS FOOLISH, DID NOT UNDERSTAND ANYTHING"
88f83ba7a8,Ability,"ABILITY MEANS A HABIT. A HABIT OF DOING ANYTHING. BEHAVE,"
88f83ba7a8,Smooth,"SMOOTH MEANS SOFT, SPONGE TO TOUCH SAFE. ELASTIC"
6b2ac0ef88,Healthy,free from illness
6b2ac0ef88,Dream,things which we see in our mind during sleep
6b2ac0ef88,Idiot,person with no skill
6b2ac0ef88,Ability,quality to accomplish something
6b2ac0ef88,Smooth,something with no obstruction
fe5a703d9c,Healthy,"having good health, strength,person having good energy"
fe5a703d9c,Dream,"feelings of mind, at the time of sleep,day dream fantasy,"
fe5a703d9c,Idiot,"stupid person, bad word, person without good mental power"
fe5a703d9c,Ability,"capacity,capacity to do something,"
fe5a703d9c,Smooth,"having a nice surface,no harsh,no rough"
8f659dbf2f,Healthy,"robust, goodness, not ailing, blooming"
8f659dbf2f,Dream,"imagine, hallucination, day dream, wishfulness"
8f659dbf2f,Ability,"talent, ableness, skill"
8f659dbf2f,Smooth,"flat, silky, languid, cool"
e01ef2fec0,Healthy,Healthy
e01ef2fec0,Dream,Dream
e01ef2fec0,Idiot,Idiot
e01ef2fec0,Ability,Ability
e01ef2fec0,Smooth,Smooth
19431af03e,Skin,The membranous tissue forming the external covering or integument of an animal and consisting in vertebrates of the epidermis and dermis.
19431af03e,Succeed,"To come next in time or succession; follow after another; replace another in an office or a position,To accomplish something desired or intended."
19431af03e,Fat,"The ester of glycerol and one, two, or three fatty acids.Any of various soft, solid, or semisolid organic compounds constituting the esters of glycerol and fatty acids and their associated organic groups. A mixture of such compounds occurring widely in organic tissue, especially in the adipose tissue of animals and in the seeds, nuts, and fruits of plants.Animal tissue containing such substances. A solidified animal or vegetable oil."
19431af03e,Homeless,Having no home or haven.People without homes considered as a group. Often used with the homelessness.
19431af03e,System,"A group of interacting, interrelated, or interdependent elements forming a complex whole. An organized set of interrelated ideas or principles."
f4798126d4,Skin,"epidermis, layers, soft, scarred, baby, sunburned"
f4798126d4,Succeed,"do well, successful, goals, achieving goals"
f4798126d4,Fat,"unhealthy, obese, morbid, gross, disgusting"
f4798126d4,Homeless,"sad, cold, hungry, lonely, unclean, disheveled,"
f4798126d4,System,"group, rules, method"
209eaa372f,Skin,"The membranous tissue forming the external covering or integument of an animal and consisting in vertebrates of the epidermis and dermis,2. An animal pelt, especially the comparatively pliable pelt of a small or young animal,usually thin, closely adhering outer layer,A container for liquids that is made of animal skin"
209eaa372f,Succeed,"The achievement of something desired, planned, or attempted, The gaining of fame or prosperity,One that is successful."
209eaa372f,Fat,"he ester of glycerol and one, two, or three fatty acids,A solidified animal or vegetable oil,Animal tissue containing such substances,Unnecessary excess."
209eaa372f,Homeless,"having nowhere to live,without nationality or citizenship,"
209eaa372f,System,"A group of interacting, interrelated, or interdependent elements forming a complex whole,A functionally related group of elements,An organized set of interrelated ideas or principle,A social, economic, or political organizational form,A set of objects or phenomena grouped together for classification or analysis."
de23fe1cfc,Skin,the external covering
de23fe1cfc,Succeed,"to thrive, prosper, grow"
de23fe1cfc,Fat,having too much of flabby tissue
de23fe1cfc,Homeless,without a home or a place to live
de23fe1cfc,System,a coordinated body of method or scheme
fe5a703d9c,Skin,"covering part of the body,outer layer,production for inner parts,outer layer of fruits"
fe5a703d9c,Succeed,"success, follow, come next"
fe5a703d9c,Fat,"greasy particle in the body,oily,meat part"
fe5a703d9c,Homeless,"without house,homelessness"
fe5a703d9c,System,"set of organs in the body with common function,connected things"
95e2618c28,Skin,"The membranous tissue forming the external covering or integument of an animal and consisting in vertebrates of the epidermis and dermis., A usually thin, closely adhering outer layer"
95e2618c28,Succeed,"To come next in time or succession,To accomplish something desired or intended"
95e2618c28,Fat,"The ester of glycerol and one, two, or three fatty acids.,A solidified animal or vegetable oil.,Animal tissue containing such substances."
95e2618c28,Homeless,"having nowhere to live,someone unfortunate without housing"
95e2618c28,System,"A group of interacting, interrelated, or interdependent elements forming a complex whole,A functionally related group of elements"
7cf403bfc3,Skin,flexible covering of a body
7cf403bfc3,Succeed,"a have success,be successful"
7cf403bfc3,Fat,natural oily or greasy substance found esp.in animal bodies
7cf403bfc3,Homeless,lacking a home. homelessness
7cf403bfc3,System,complex whole;set of connected things or parts;organized body of things
fc3b54aae9,Skin,can crawl; gets dry; can be soft; smells good
fc3b54aae9,Succeed,Perseverance; try; not fail
fc3b54aae9,Fat,obese; large; lard; jiggly
fc3b54aae9,Homeless,bum; wino;
6b2ac0ef88,Skin,outer layer
6b2ac0ef88,Succeed,accomplish something
6b2ac0ef88,Fat,obesity
6b2ac0ef88,Homeless,without a home
6b2ac0ef88,System,organized set of ideas or principles
de4de943fb,Skin,"The Thin layer of Tissue, Outer layer Of the Body, sensetive,Whole External layer of the Body,The Outermost layer Structure, Soft, Smooth"
de4de943fb,Succeed,"Achieve an purpose, Getting any Aim, Take over in Office, Feel happiness, Feel Respectable, Social status ,wealth"
de4de943fb,Fat,"a Natural oily Substance in an Animal, Used in Cooking also, Glycerol, Food Type,in Animals and Human Body"
de4de943fb,Homeless,"Have no home,Without Shelter, Unsafe, No native land, No Staying point, Migrate"
de4de943fb,System,"Set of things working together, Mechanism, an Organised method,have Human Body Mechanism"
2a6566d746,Skin,"the external covering or integument of an animal body, especially when soft and flexible,the tanned or treated pelt or hide of an animal, especially when used in apparel and accessories; leather,any integumentary covering, casing, outer coating, or surface layer, as an investing membrane, the rind or peel of fruit, or a film on liquid."
2a6566d746,Succeed,"to happen or terminate according to desire; turn out successfully,to thrive, prosper, grow,to accomplish what is attempted or intended,to follow or replace another by descent."
2a6566d746,Fat,"having too much flabby tissue,consisting of or containing fat,affording good opportunities, especially for gain,profitable."
2a6566d746,Homeless,"without a home,persons who lack permanent housing,without a shelter ."
2a6566d746,System,"a coordinated body of methods or a scheme or plan of procedure; organizational scheme,any formulated, regular, or special method or plan of procedure,an assemblage or combination of things ."
eb09612a37,Skin,feel touch
eb09612a37,Succeed,successful
eb09612a37,Fat,cholostrol
eb09612a37,Homeless,fashion
eb09612a37,System,order
1c7639828f,Skin,"soft outer covering, the flexible tissue , outer coating of body of an animal,"
1c7639828f,Succeed,"to happen or terminate according to desire, to accomplish, victory,"
1c7639828f,Fat,"having too much flabby tissue, fats are generally soluble in organic solvents, insoluble in water"
1c7639828f,Homeless,"without a home, persons who lack permanent housing, without a regular dwelling"
1c7639828f,System,"A set of detailed methods, procedures, and routines, an assemblage or combination of things or parts forming a complex or unitary whole"
86dc19ebbd,Skin,"a sense organ that provide feeling sensation, covering, membrane"
86dc19ebbd,Succeed,"do well, achieve something, thrive"
86dc19ebbd,Fat,"overweight, chubby, obese, heavy"
86dc19ebbd,Homeless,"do not have a home, on the streets, poor, dispossessed"
86dc19ebbd,System,"scheme, arrangement, structure, organized, technique, procedure, systematic"
2773fc01ba,Skin,"smoothness,fresh,sensitive,complexion"
2773fc01ba,Succeed,"degree,achievement,life,road"
2773fc01ba,Fat,things
2773fc01ba,Homeless,"nomadic,people,poor,needy"
2773fc01ba,System,"specs,fastness,office,work"
a99eff3ef7,Skin,the external covering or integument of an animal body
a99eff3ef7,Succeed,to happen or terminate according to desire
a99eff3ef7,Fat,having too much flabby tissue
a99eff3ef7,Homeless,without a home
a99eff3ef7,System,an assemblage or combination of things or parts forming a complex or unitary whole
f89618c03c,Skin,"A natural protective covering of the body; site of the sense of touch.
Body covering of a living animal.
A person's skin regarded as their life."
f89618c03c,Succeed,Attain success or reach a goal.
f89618c03c,Fat,"A soft greasy substance occurring in organic tissue.
Excess bodily weight."
f89618c03c,Homeless,"Someone with no housing.
People who are homeless."
f89618c03c,System,"A group of independent but interrelated elements comprising a unified whole.
A complex of methods or rules governing behavior."
faf23b8d13,Skin,"Skin: is main part of body, is  sensitive, is beautiful"
faf23b8d13,Succeed,"Succeed: is not easy, is hard work, is gift for our effective work"
faf23b8d13,Fat,"Fat: is dangerous, is create lazy, is not health"
faf23b8d13,Homeless,"Homeless: kitchen, knife, vegetables"
faf23b8d13,System,"System: Computer, monitor, Keyboard"
c284e4a997,Skin,"Outer body,without bone,protects from heat,dust,water and radiation."
c284e4a997,Succeed,"A victory,stronger succeds on weaker in every aspects."
c284e4a997,Fat,"Colestrol, good and bad fats,gives energy to the body."
c284e4a997,Homeless,"Abondaned people,without shelter,beggers etc.head-ache to the Government."
c284e4a997,System,"An operation,regular method,a  proceedure, solar system,Computer system."
2cfb3bdbcd,Skin,the tissue
2cfb3bdbcd,Succeed,win
2cfb3bdbcd,Fat,a chubby body
2cfb3bdbcd,Homeless,citizenship
2cfb3bdbcd,System,a procedure
b736563874,Skin,"soft, outside, organ, rimples, cream, freckles"
b736563874,Succeed,"prosper, achieving, having succes, progress"
b736563874,Fat,"heavy, round, large, bodymass,"
b736563874,Homeless,"displaced, tramp, vagabond, beatnik, hobo"
b736563874,System,"organize, parts, methodical, methods"
26c834f70e,Skin,"Is an organ, can be different colors, has pores, has hairs, is vital, can get cancer, can be beautiful, can wrinkle, can sunburn"
26c834f70e,Succeed,"Win, make it, to get what you want, to attain one's goal"
26c834f70e,Fat,"Obese, is unhealthy, has a social stigma, parts of meat that some people do not like, adds taste to steak"
26c834f70e,Homeless,"No place to stay, no shelter from the elements, is not desirable, people who live on the street"
26c834f70e,System,"a way of doing things, a societal structure"
fd1a1cbbc3,Skin,"pelt, cutis, hide, tegument, peel, skin"
fd1a1cbbc3,Succeed,"gain ground, get through, acquire, gain, deliver the goods, break through, win, get ahead, provide, make headway, pull ahead, come after, follow, pull round, pull through, bring home the bacon, advance, survive, come through, make it, succeed"
fd1a1cbbc3,Fat,"fatness, avoirdupois, fatty tissue, blubber, adipose tissue"
fd1a1cbbc3,Homeless,"homeless person, homeless"
fd1a1cbbc3,System,"organization, arrangement, organisation, system of rules, scheme"
1531461bec,Skin,"Skin is a organ, it differs in color, it changes as the age increases, can get spots, can have wrinckels."
1531461bec,Succeed,"It means to get success, specifies that a person is going forward in a positive way, gives a impact of some achievement."
1531461bec,Fat,"mean that some one is obese, size increases, cuases health problems, eats much."
1531461bec,Homeless,"a persone with no home, is living on streets, refuges, is alone."
1531461bec,System,"a proper structure of doing a particular task, electronic system, education system."
faed1af4c3,Skin,"covers body, protects body, has colour, is made of cells, has layers, has hair follicles"
faed1af4c3,Succeed,"achieve something, something done well, accomplish something, to take over from someone,"
faed1af4c3,Fat,"big built, high body mass index, keeps body warm, layer over meat, used in cooking"
faed1af4c3,Homeless,"has no shelter, financially poor, no address"
faed1af4c3,System,"way to do things, a devise that can play music, method"
2b15616b23,Skin,outer part
2b15616b23,Succeed,to overcome
2b15616b23,Fat,unwanted excess
2b15616b23,Homeless,means without home
2b15616b23,System,an electronic device that keeps records.
2486e8fbec,Skin,"dermal, cover, layer, protecting,"
2486e8fbec,Succeed,"win, achieve, conquer"
2486e8fbec,Fat,"lipid, obese, stored, nutrient"
2486e8fbec,Homeless,"orphan, free roamer, without address"
2486e8fbec,System,"collective, a method, an arrangement"
934c167e80,Skin,"EXTERNAL LIMITING TISSUE LAYER OF AN ANIMAL BODY,A SHEATHING,OUTER SURFACE OF THE BODY,"
934c167e80,Succeed,"TO TURN OUT WELL,TO ATTAIN A DESIRED OBJECT,FOLLOW,PROVE OUT,ACHIEVE,DO WELL"
934c167e80,Fat,"HAVING EXCESS ADIPOSE TISSUE,FLESHY,GROSS,OBESE,HUSKY,OVERSIZE,CREAM,OVERMUCH,SURPLUS."
934c167e80,Homeless,"HAVING NO HOME,NO PERMANENT PLACE OF RESIDENCE,NO PLACE TO ABODE,"
934c167e80,System,"ORGANISED OR ESTABLISHED PROCEDURE,COMPLEX,ENTITY,SUM,TOTALITY,METHOD,PLAN,MODE."
e01ef2fec0,Skin,Skin
e01ef2fec0,Succeed,Succeed
e01ef2fec0,Fat,Fat
e01ef2fec0,Homeless,Homeless
e01ef2fec0,System,System
2ece3f8886,Skin,"body, complexion, face, part of body, sensitive, outer layer, graze, beauty"
2ece3f8886,Succeed,"success, wealth, fame, accomplishment, prosperous, riches, race, game"
2ece3f8886,Fat,"body, weight, meat, plump, fertile, thick, muscle, oil,"
2ece3f8886,Homeless,"simple, plain, lacking a home, unpretentious, unattractive, comfortable, cosy, neat"
2ece3f8886,System,"machine, set of parts, oppressive, regular, function, computer, procedure, orderliness"
9fb171be25,Skin,"The membranous tissue forming the external covering or integument of an animal and consisting in vertebrates of the epidermis and dermis,One's life or physical survival:"
9fb171be25,Succeed,"Obsolete To devolve upon a person by way of inheritance.
replace another in an office or a position: manner desired"
9fb171be25,Fat,Animal tissue containing such substances. Obesity; corpulence.The best or richest part
9fb171be25,Homeless,"Having no home or haven. having nowhere to live, a person who suffers misfortune"
9fb171be25,System,"The human body regarded as a functional physiological unit.  An organized set of interrelated ideas or principles.A condition of harmonious, orderly interaction."
cd4699ed74,Skin,organ that covers outside of body
cd4699ed74,Succeed,accomplish goals
cd4699ed74,Fat,excess of jiggle on ones body
cd4699ed74,Homeless,without shelter or home
cd4699ed74,System,an orderly way of doing something
92ea18c297,Skin,organ system that covers the body
92ea18c297,Succeed,to inherit
92ea18c297,Fat,abounding with fat
92ea18c297,Homeless,having no home
92ea18c297,System,routin established
09fd7b201b,Skin,"irritates, senses, has pores"
09fd7b201b,Succeed,"is a feeling, produces joy"
09fd7b201b,Fat,"obesity, component of body, diet, has adverse effects"
09fd7b201b,Homeless,"moves here and there, has no home, is poor, begs for money"
09fd7b201b,System,"automates, runs, facilitates work processing"
b245d0513e,Skin,"cover, scratches, pale"
b245d0513e,Succeed,"test, high grades, acclaim"
b245d0513e,Fat,"weight, heavy, over sized clothes"
b245d0513e,Homeless,"poor, neglected, economic disparity, charity"
b245d0513e,System,"organization, method of work, procedures,"
dcf44e6284,Skin,"the external covering or integument of an animal body, especially when soft and flexible,any integumentary covering, casing, outer coating, or surface layer, as an investing membrane, the rind or peel of fruit, or a film on liquid"
dcf44e6284,Succeed,"have the desired result,to thrive, prosper, grow, or the like,to accomplish what is attempted or intended"
dcf44e6284,Fat,"having too much flabby tissue,plump,consisting of or containing fat,consisting of or containing fat"
dcf44e6284,Homeless,without a home
dcf44e6284,System,"an assemblage or combination of things or parts forming a complex or unitary whole,any assemblage or set of correlated members,a coordinated body of methods or a scheme or plan of procedure"
a45771e9df,Skin,"hide, pelt, fur, coat"
a45771e9df,Succeed,"do well, achieve something, thrive, be successful"
a45771e9df,Fat,"plump, overweight, chubby, stout"
a45771e9df,Homeless,"destitute, dispossessed, living rough, on the streets"
a45771e9df,System,"scheme, organization, arrangement,classification"
d2238a631b,Skin,The external membranous integument of an animal.
d2238a631b,Succeed,to happen or terminate according to desire; turn out successfully
d2238a631b,Fat,"A large tub, cistern, or vessel; a vat."
d2238a631b,Homeless,someone unfortunate without housing
d2238a631b,System,"An assemblage of objects arranged in regular subordination, or after some distinct method, usually logical or scientific; a complete whole of objects related by some common law, principle, or end; a complete exhibition of essential principles or facts, arranged in a rational dependence or connection; a regular union of principles or parts forming one entire thing; as, a system of philosophy; a system of government; a system of divinity; a system of botany or chemistry; a military system; the solar system"
79dc741969,Skin,"is the largest organ, feels heat, feels pain, feels pleasure, can be brown, can be beige, has freckles, has moles, has scars, has hairs"
79dc741969,Succeed,"achieve results, accomplish, reach goals, make desires true"
79dc741969,Fat,"weak, has a health problem, is aesthetically unpleasant, has an eating disorder, needs help, needs a diet, lives poorly"
79dc741969,Homeless,"is dirty, is poor, has problems, needs help, is ignored, is despised by society, has regged clothes, suffers addictions, has mental health problems"
79dc741969,System,"Society, rules we live by, laws, culture, tradition, is unjust, is broken, is capitalist"
6535a83758,Skin,"outermost covering of the body,protects the body,has different colours,has melanin"
6535a83758,Succeed,"to do well, to be profitable,to accomplish something,prosper"
6535a83758,Fat,"obese,is overweight,heavy, plump, over-eating,not active"
6535a83758,Homeless,"does not have a home,lives in a shelter,lives on a foot path,has limited resources,is very poor"
6535a83758,System,"A set of methods, organisation, a set of objects,an organized structure"
cdf81c2126,Skin,"the external covering or integument of an animal body, especially when soft and flexible"
cdf81c2126,Succeed,"to attain success  in some popularly recognized form, as wealth or standing"
cdf81c2126,Fat,having too much flabby tissue
cdf81c2126,Homeless,without a home
cdf81c2126,System,an assemblage or combination of things or parts forming a complex or unitary whole
4baffedf4f,Skin,mass
4baffedf4f,Succeed,success
4baffedf4f,Fat,not slim
4baffedf4f,Homeless,who dont have house
4baffedf4f,System,way
af87b4bb7f,Skin,"UPPER COVER OF THE BODY, COVER ON THE SKELETON."
af87b4bb7f,Succeed,"BE SUCCESSFUL, ACHIEVE SOME THING."
af87b4bb7f,Fat,"OBESE, OVERWEIGHT, OPPOSITE OF SLIM AND THIN, CHUBBY."
af87b4bb7f,Homeless,"WITH OUT A ROOF OVER THE HEAD, DOESN'T HAVE A HOME, ON THE STREET."
af87b4bb7f,System,"METHOD, ARRANGEMENT, PROCEDURE TO DO SOME WORK IN A PROPER MANNER."
29a0b9bfbe,Skin,Outside of body. Protection for inside the body.
29a0b9bfbe,Succeed,When you complete a goal you set for your self.
29a0b9bfbe,Fat,When you eat more than needed and you body gets bigger and rounder.
29a0b9bfbe,Homeless,When someone doesn't have a place to live.
29a0b9bfbe,System,A component of things that hold things together.
0ee58b349a,Skin,"sense organ, covers the body, had different colours, protects the body, has many layers, contains pores."
0ee58b349a,Succeed,"accomplishment, to top, complete, do it perfectly, making possible."
0ee58b349a,Fat,"thick, dense, heavy, big in size, takes much place, hard to move, does not easy to handle."
0ee58b349a,Homeless,"orphan, dont have parents, dont have home, lonely, helpless, roaming here and there,"
0ee58b349a,System,"assembled, collection, set, completely binded, working together."
0da623e05b,Skin,"1.
the external covering or integument of an animal body, especially when soft and flexible.
2.
such an integument stripped from the body of an animal, especially a small animal; pelt: a beaver skin.
3.
the tanned or treated pelt or hide of an animal, especially when used in apparel and accessories; leather (usually used in combination): pigskin; calfskin.
4.
any integumentary covering, casing, outer coating, or surface layer, as an investing membrane, the rind or peel of fruit, or a film on liquid: a skin of thin ice; the aluminum skin of an airplane.
5.
Jewelry ."
0da623e05b,Succeed,"1.
to happen or terminate according to desire; turn out successfully; have the desired result: Our efforts succeeded.
2.
to thrive, prosper, grow, or the like: Grass will not succeed in this dry soil.
3.
to accomplish what is attempted or intended: We succeeded in our efforts to start the car.
4.
to attain success  in some popularly recognized form, as wealth or standing: The class voted him the one most likely to succeed.
5.
to follow or replace another by descent, election, appointment, etc. (often followed by to )."
0da623e05b,Fat,"1.
having too much flabby tissue; corpulent; obese: a fat person.
2.
plump; well-fed: a good, fat chicken.
3.
consisting of or containing fat; greasy; oily: fat gravy; fat meat.
4.
profitable, as an office: a fat job on the city commission.
5.
affording good opportunities, especially for gain: a fat business contract."
0da623e05b,Homeless,"1.
without a home: a homeless child."
0da623e05b,System,"1.
an assemblage or combination of things or parts forming a complex or unitary whole: a mountain system; a railroad system.
2.
any assemblage or set of correlated members: a system of currency; a system of shorthand characters.
3.
an ordered and comprehensive assemblage of facts, principles, doctrines, or the like in a particular field of knowledge or thought: a system of philosophy.
4.
a coordinated body of methods or a scheme or plan of procedure; organizational scheme: a system of government.
5.
any formulated, regular, or special method or plan of procedure: a system of marking, numbering, or measuring; a winning system at bridge."
694b2d8fb5,Skin,"overlay of human body , it has different colors white ,black , brown etc , feels soft ,looks different with age , sweats come out ,irritates when it comes in contact with any allergic substance"
694b2d8fb5,Succeed,"overcoming a goal , to win a competition or aim , to execute a plan fruitfully , hard works result ,an output of interest , dedication , sincerity and hard work
, may be its a gods gift"
694b2d8fb5,Fat,"Becoming over weight , adding extra calories to the body , result of over eating , no exercise ,increase in weight and capacity , bad for health , feels bad ,"
694b2d8fb5,Homeless,"without home , living outside , platform , no shelter , a pain observed mentally and physically , poor , wandering"
694b2d8fb5,System,"a procedure , a rule , a standard , it means a computer system , it also means a code in place , an approach ,"
a4153f408b,Skin,"humans, animals"
a4153f408b,Succeed,"win , to be successful"
a4153f408b,Fat,"skinny, being heavy"
a4153f408b,Homeless,"no home, without a house"
a4153f408b,System,"set up, work tools"
d6fbaf0859,Skin,"superficial consist of tissues, covers the body,"
d6fbaf0859,Succeed,to reach your goal.. to finish
d6fbaf0859,Fat,"obese,"
d6fbaf0859,Homeless,without dwelling place
d6fbaf0859,System,"organized,"
6c7df926ad,Skin,"a great part of body,athers are first looking on our +face"
6c7df926ad,Succeed,"win, it gives self confidance, all mens first tink onsucces"
6c7df926ad,Fat,"over kalory, it two types bad fat and gud fat , bad fat is colostrol"
6c7df926ad,Homeless,"houseless, very sad gives homless"
6c7df926ad,System,"most wantad item, tools , helpful item"
24a08f9d6b,Skin,"the external covering,Facial skin Care,Oily skin,Dry skin Product,skin Cleanser,Facial Products"
24a08f9d6b,Succeed,"To accomplish something desired,succeeded to the throne,to accomplish an aim,to happen in the manner desired,to come next in order,to have a result according to a specified manner"
24a08f9d6b,Fat,"Unnecessary excess,Full of fat or oil; greasy,swollen,excessive weight,excess bodily weight"
24a08f9d6b,Homeless,"having nowhere to live,People without homes,poor people who unfortunately do not have a home to live in,without nationality or citizenship"
24a08f9d6b,System,"A group of interacting, interrelated,An organism as a whole,A network of structures and channels, as for communication, travel, or distribution,A social, economic, or political organizational form,A condition of harmonious, orderly interaction,the establishment ."
a878e75949,Skin,"organ, hide, outer layer, to peel"
a878e75949,Succeed,"win, try hard, fulfilled, what comes from hard work, never given up"
a878e75949,Fat,"chubby, lard, obese, overweight, cooking oil"
a878e75949,Homeless,"abandoned, alone, poor, poverty-stricken, out of work, no place to live"
a878e75949,System,"controls, intricate, computers, law"
8f659dbf2f,Skin,peel graft outer
8f659dbf2f,Succeed,win perform complete
8f659dbf2f,Fat,obese plump porky rubenesque over weight
8f659dbf2f,Homeless,destitute
8f659dbf2f,System,method process
01dfb8e8be,Skin,"Protection, a thin layer, Outer cover, Organ"
01dfb8e8be,Succeed,"Won, Victory, Success, Makes feel good, feel proud, need to work hard"
01dfb8e8be,Fat,"Width, Stout, Nutrient, bold, strong, Cholesterol"
01dfb8e8be,Homeless,"not having roof, recession, no residence, need help, no shelter, Social problem"
01dfb8e8be,System,"Organization, Composition, program, computing"
a7dca11140,Skin,"body part,covering flesh, ultra violet radiation"
a7dca11140,Succeed,"victory,defeat,win"
a7dca11140,Fat,"bunny, overweight, cholesterol"
a7dca11140,Homeless,"rental, street, beggars"
a7dca11140,System,"techniques,machine,functioning"
41e63f1eda,Skin,"skin is sensitive ,oily ,dry. has blood cells,has sense of touch,fire,heat,cold.every mammal has skin,has scratches in cold season,sunlight has impact on it, has black,white colors,"
41e63f1eda,Succeed,"struggle yields success or failure,followers may succeed or fail,taking over someone's tasks,disease might succeed over life or vice versa"
41e63f1eda,Fat,"found in milk & milk products,gives rise to cholestrol level in the blood,fat men always hated everywhere,chicken has fat,some prefer fat-free diet,fat is cause for heart attacks, dangerous for health,some foods,nutrients,oils have low fat content in view of healthy diet."
41e63f1eda,Homeless,"has no home to stay,always looking for some shelter anywhere,air,water,fire are always homeless,some may lost their homes in natural disasters,communal rights,or interpersonal cheating etc."
41e63f1eda,System,"computer has system,political,geographical,financial,social are others,every system has loopholes,some follows it some breaks it,may be good for some bad for others.system is for scientific study of phenomena,has corruption,bribery,red tapism,lust,hunt for money & power,may be cumbersome to follow at times."
2f2d675e23,Skin,"A natural protective body covering and site of the sense of touch.
EX-Your skin is the largest organ of your body."
2f2d675e23,Succeed,"Attain success or reach a desired goal.
EX-We succeeded in getting tickets to the show."
2f2d675e23,Fat,"Having an abundance of flesh.
EX-He hadn't remembered how fat she was."
2f2d675e23,Homeless,"Without nationality or citizenship.
EX-homeless persons"
2f2d675e23,System,"Instrumentality that combines interrelated interacting artifacts designed to work as a coherent entity.
EX-The system consists of a motor and a small computer."
f33d736e52,Skin,"Soft, part of the body, sense of touch, disease, repair, baby skin, needs moisture, supple"
f33d736e52,Succeed,"Become famous, to achieve,"
f33d736e52,Fat,"pig, overweight, diet, food, people,"
f33d736e52,Homeless,"Sad, no one to help, no relatives, no shelter,"
f33d736e52,System,"an order, computer,"
49c0b80bea,Skin,"is soft, rough, brown, sensitive, wrinkles, hairy, covers human body"
49c0b80bea,Succeed,"Victory, Win, Effort, Adventure, sounds confident"
49c0b80bea,Fat,"unhealthy, Not Advisable, junk food, huge in size, calories, Exercise, Gym, body"
49c0b80bea,Homeless,"Poor, Home-sick, Orphan, Poverty, waste money, Spendthrift, unemployed"
49c0b80bea,System,"Machine, Automatic, Processing, Processor, Hard disk, DVD drive, Speed, RAM, Memory, Internet"
af2803583c,Skin,skins the organ system that covers the body the integument
af2803583c,Succeed,success
af2803583c,Fat,"The ester of glycerol and one, two, or three fatty acids"
af2803583c,Homeless,People without homes
af2803583c,System,"A set of detailed methods, procedures, and routines established or formulated to carry out a specific activity, perform a duty"
ce58ffe106,Skin,"outer covering, bark, peel vellum, sheathing, sheath, crust, fur, dermis, case, husk, parchment"
ce58ffe106,Succeed,"to thrive, what is attempted or intended, to happen or terminate to desire, to follow or replace another by descent, election, appointment"
ce58ffe106,Fat,"overweight, blimp, bulky, stout, thickset, corpulent, meaty, elephantine, roly-poly, butterball, jelly-belly"
ce58ffe106,Homeless,"displaced, banished, forsaken, unwelcome, wandering, without a roof, dispossessed, friendless, unhoused"
ce58ffe106,System,"arrangement, order, whole, frame of reference, integral, setup, sum, scheme, totally, philosophy, fixed"
46db63abc2,Account,"robbery, money, responsibility"
46db63abc2,Smart,"intelligence, wisdom, power"
46db63abc2,Red,"communism, blood,death"
46db63abc2,Okay,"no conflicts, dominated, understanding"
46db63abc2,Stomach,"pain, fat, beer"
d6fbaf0859,Account,could  be savings of checking
d6fbaf0859,Smart,intellligent and wise
d6fbaf0859,Red,bright color
d6fbaf0859,Okay,well or fine
d6fbaf0859,Stomach,"middle part of the body which includes the small and large intestine,major part of the digestive system"
4baffedf4f,Account,identy
4baffedf4f,Smart,clever
4baffedf4f,Red,red
4baffedf4f,Okay,fine
4baffedf4f,Stomach,below part of the chest
98e8b229d5,Account,"score, tarradiddle, narrative, chronicle, tale, storey, report, fib, story, business relationship, news report, account statement, explanation, taradiddle, bill, write up, invoice, floor, accounting, narration, history, level, identify, describe, calculate"
98e8b229d5,Smart,"smart, stylishness, last word, alacrity, chichi, chicness, smartness, brightness, cleverness, chic, smarting, swank, modishness, briskness,
voguish, wise, sassy, impertinent, chic, bright, saucy, overbold, fresh, impudent"
98e8b229d5,Red,"red ink, inflammation, bolshy, bolshie, loss, rubor, redness, reddish, ruby, cherry-red,all in all, all set"
98e8b229d5,Okay,"okeh, okey, all right, fine, hunky-dory, O.K, sanction, approve, not half bad, thumbs up"
98e8b229d5,Stomach,"belly, abdomen, pot, breadbasket, tum, venter, bay window, stomach, tummy, corporation, potbelly, have butterflies in one's stomach, have eyes bigger than one's stomach,  on a full stomach, spare tyre"
26c834f70e,Account,"Amount of money at a bank or institution, service provided by a financial institution ie; checking or savings, being held to account is to accept responsibility"
26c834f70e,Smart,"Intelligent, well-read, knowledgeable, glasses, nerdy, librarian"
26c834f70e,Red,"Shiny apples, is a fruit, grows on trees, was eaten by Eve, gifts to the teacher, worms like them"
26c834f70e,Okay,"Passes muster, has permission, is acceptable"
26c834f70e,Stomach,"Internal organ, bile, processes food, vital to life, aches when empty"
2cfb3bdbcd,Account,saving
2cfb3bdbcd,Smart,clever
2cfb3bdbcd,Red,color
2cfb3bdbcd,Okay,alright
2cfb3bdbcd,Stomach,abdomen
8f659dbf2f,Account,Summary statement finance
8f659dbf2f,Smart,"clever well-dressed, suave witty"
8f659dbf2f,Red,vibrant primary colour wine crimson scarlet
8f659dbf2f,Okay,fine alright affirmative yes
8f659dbf2f,Stomach,organ to process food
95e2618c28,Account,"A narrative or record of events, Worth, standing, or importance"
95e2618c28,Smart,"Energetic or quick in movement,Canny and shrewd in dealings with others"
95e2618c28,Red,"Having a color resembling that of blood,Having a ruddy or flushed complexio"
95e2618c28,Okay,"Variant of OK,to go ahead"
95e2618c28,Stomach,"The abdomen or belly, An appetite for food"
a3c176fff2,Account,"Money in your bank, financial information at various companies"
a3c176fff2,Smart,"intelligent, successful, not dumb, makes good choices, high IQ"
a3c176fff2,Red,"Color, primary color, color of blood, color of roses"
a3c176fff2,Okay,"satisfactory, alright, sufficient"
a3c176fff2,Stomach,"digestive organ in the body, where food goes, where you get an ulcer"
32a30160d2,Account,"account

Definitions (2)
 A record of financial transactions for an asset or individual, such as at a bank, brokerage, credit card company, or retail store.
 More generally, an arrangement between a buyer and a seller in which payments are to be made in the"
32a30160d2,Smart,"It shows intelligent,stylish.smart goals as traditionally defined in goal setting 
exercises."
32a30160d2,Red,Red is one of the color and blood color is red.
32a30160d2,Okay,okay mean for satisfactory.she'll do okay on her own held up all right under pressure
32a30160d2,Stomach,"Effective natural digestive remedy for acid, gas, bloating, IBS, ulcer."
5c88d6dd6c,Account,"A report, an account in accounting, Accounts at Bank, A record of financial transaction"
5c88d6dd6c,Smart,"A lively, smarter, characterized by sharp quick thoughts, cleaver, intelligent."
5c88d6dd6c,Red,"color, color of blood, simplicity, purity and condor."
5c88d6dd6c,Okay,"approval, acceptance, agreement. assent or acknowledgement."
5c88d6dd6c,Stomach,"stomach is an organ of digestion, belly, abdomen, stomachs organ that digests food and produce hydrochloric acid, an appetite for food."
eb09612a37,Account,files
eb09612a37,Smart,looking beautiful
eb09612a37,Red,like than cherry
eb09612a37,Okay,all right
eb09612a37,Stomach,have many parts
ce58ffe106,Account,"written description of past events, chronicle, detail, narrative, blow by blow, story, tale, report"
ce58ffe106,Smart,"intelligent, adept, brainy, effective, alert, bold, clever, crafty, genius, canny, fresh"
ce58ffe106,Red,"red body fluid, plasma, vital fluid, clot, plasma, clot, gore"
ce58ffe106,Okay,"agree to, approve, certify, accredit, endorse, pass, say yes to, rubber-stamp"
ce58ffe106,Stomach,"digestive organ, belly, spare tire, abdomen, abdominal region, maw, solar plexus"
af2803583c,Account,"A record of financial transactions for an asset or individual, such as at a bank , brokerage , credit card company, or retail store."
af2803583c,Smart,intelligent; fashionable are related to smart
af2803583c,Red,It's a strong color that conjures up a range of seemingly conflicting emotions from passionate love to violence and warfare.
af2803583c,Okay,all correct
af2803583c,Stomach,stomachs organ that digests food and produces hydrochloric acid.
0da623e05b,Account,"1.
an oral or written description of particular events or situations; narrative: an account of the meetings; an account of the trip.
2.
an explanatory statement of conduct, as to a superior.
3.
a statement of reasons, causes, etc., explaining some event.
4.
reason; basis: On this account I'm refusing your offer.
5.
importance; worth; value; consequence: things of no account"
0da623e05b,Smart,"1.
to be a source of sharp, local, and usually superficial pain, as a wound.
2.
to be the cause of a sharp, stinging pain, as an irritating application, a blow, etc.
3.
to feel a sharp, stinging pain, as in a wound.
4.
to suffer keenly from wounded feelings: She smarted under their criticism.
5.
to feel shame or remorse or to suffer in punishment or in return for something."
0da623e05b,Red,"1.
any of various colors resembling the color of blood; the primary color at one extreme end of the visible spectrum, an effect of light with a wavelength between 610 and 780 nm.
2.
something red.
3.
( often initial capital letter ) a radical leftist in politics, especially a communist.
4.
Informal . red light ( def. 1 ) .
5.
Informal . red wine: a glass of red."
0da623e05b,Okay,ok
0da623e05b,Stomach,"1.
Anatomy, Zoology .
a.
a saclike enlargement of the alimentary canal, as in humans and certain animals, forming an organ for storing, diluting, and digesting food.
b.
such an organ or an analogous portion of the alimentary canal when divided into two or more sections or parts.
c.
any one of these sections.
2.
Zoology . any analogous digestive cavity or tract in invertebrates.
3.
the part of the body containing the stomach; belly or abdomen.
4.
appetite for food.
5.
desire, inclination, or liking: I have no stomach for this trip."
6be52007c6,Account,"A reason given for a particular action or event: What is the account for this loss?
b. A report relating to one's conduct: gave a satisfactory account of herself.
c. A basis or ground: no reason to worry on that account.
3. Abbr. a/c or acct.
a. A formal banking, brokerage, or business relationship established to provide for regular services, dealings, and other financial transactions.
b. A precise list or enumeration of financial transactions.
c. Money deposited for checking, savings, or brokerage use.
d. A customer having a business or credit relationship with a firm: salespeople visiting their accounts"
6be52007c6,Smart,"a. Characterized by sharp quick thought; bright. See Synonyms at intelligent.
b. Amusingly clever; witty: a smart quip; a lively, smart conversation.
c. Impertinent; insolent: That's enough of your smart talk.
2. Energetic or quick in movement: a smart pace.
3. Canny and shrewd in dealings with others: a smart negotiator.
4. Fashionable; elegant: a smart suit; a smart restaurant; the smart set. See Synonyms at fashionable.
5.
a. Capable of making adjustments that resemble human decisions, especially in response to changing circumstances: smart missiles.
b. Manufactured to regulate the amount of light transmitted in response to varying light conditions or to an electronic sensor or control unit: smart windows."
6be52007c6,Red,"Red is the warmest of all colors. Red is the color most chosen by extroverts and one of the top picks of males. On the negative side red can mean temper or anger. In China, red is the color of prosperity and joy. Brides wear red and front doors are often painted red. Red is Tuesday's color. Red roses symbolize passionate love. Ruby rings should be worn on the left hand. Red is the color of Mars. This planet is known as the God of War."
6be52007c6,Okay,"Such a short word and the source of so much dispute. It is possibly the phrase with more alternative suggested derivations than any other. The contenders include:

Terms from various languages that sound similar to 'okay' in English; for example:

from the Scots - 'och aye' (yes, indeed)
from Choctaw-Chickasaw, 'okah' (it is indeed)
from Greek, 'ola kala' ( everything is well)
from Finnish, 'oikea' (correct, exact)
from Mandingo, 'O ke', (certainly)"
6be52007c6,Stomach,": An enlargement, or series of enlargements, in the anterior part of the alimentary canal, in which food is digested; any cavity in which digestion takes place in an animal; a digestive cavity. See Digestion, and Gastric juice, under Gastric."
86dc19ebbd,Account,"financial credit, bank account, credit, report, explanation, description"
86dc19ebbd,Smart,"elegant, neat, tidy, stylish"
86dc19ebbd,Red,"color, crimson, scarlet, ruby"
86dc19ebbd,Okay,"approve, satisfactory, tolerable, all right, acceptable"
86dc19ebbd,Stomach,"part of digestive system, abdomen, belly, tummy"
9fb171be25,Account,". A reason given for a particular action or event,  A formal banking, brokerage, or business relationship established to provide for regular services, dealings, and other financial transactions."
9fb171be25,Smart,"Characterized by sharp quick thought; bright, Capable of making adjustments that resemble human decisions, especially in response to changing circumstances
Amusingly clever; witty"
9fb171be25,Red,"A pigment oHaving a ruddy or flushed complexionr dye having a red hue, Having a color resembling that of blood."
9fb171be25,Okay,"they gave us the ok to go ahead, grant authorization or clearance"
9fb171be25,Stomach,"A similar digestive structure of many invertebrates. A desire or inclination, especially for something difficult or unpleasant"
2622f61522,Account,"history, story, bill, invoice, news report, report, write up, explanation, score,"
2622f61522,Smart,"wise, chic, voguish, bright"
2622f61522,Red,"red river, bolshevik, bolshie, bolshy, marxist, loss, red ink,"
2622f61522,Okay,"o.k., ok, okeh, okey, approve, sanction, all right, fine, alright"
2622f61522,Stomach,"tummy, abdomen, belly, venter, abide, bear, brook, digest, endure, put up, stand, stick out, suffer, support, tolerate"
2a6566d746,Account,"an explanatory statement of conduct,an oral or written description of particular events or situations,importance,worth value."
2a6566d746,Smart,"to feel a sharp,to suffer keenly from wounded feelings,quick or prompt in action,dashingly or impressively neat or trim in appearance,clever, witty, or readily effective, as a speaker, speech, rejoinder, etc."
2a6566d746,Red,"any of various colors resembling the color of blood,radically left politically,indicating a state of financial loss or indebtedness,resembles danger."
2a6566d746,Okay,"accepted; agreed,to approve something,all right ,fine."
2a6566d746,Stomach,"such an organ or an analogous portion of the alimentary canal when divided into two or more sections or parts,desire, inclination, or liking,to endure or tolerate ,Obsolete."
79dc741969,Account,"is related to an user, associated to a mail, has a password, is hackable, contains personal data, is not unique"
79dc741969,Smart,"solves problems, is a person, is quick, has emotional intelligence, knows math, is succesful"
79dc741969,Red,"is a color, is associated with danger, is associated with blood, is the color of stoplights, is the first color in a rainbow, is the longer visible wavelength"
79dc741969,Okay,"is a word, is informal, is an agreement, is slang, is cheerful"
79dc741969,Stomach,"is an organ, it can be full, it digests food, sometimes gets sick, causes heartburn, bellyaches"
de23fe1cfc,Account,an oral or written description
de23fe1cfc,Smart,"knowledgeable,"
de23fe1cfc,Red,a color that resembles blood
de23fe1cfc,Okay,"alright, fine"
de23fe1cfc,Stomach,belly abdomen of a human
19431af03e,Account,"A narrative or record of events.A formal banking, brokerage, or business relationship established to provide for regular services, dealings, and other financial transactions."
19431af03e,Smart,"Characterized by sharp quick thought; bright, Amusingly clever; witty,Capable of making adjustments that resemble human decisions, especially in response to changing circumstances."
19431af03e,Red,Having a color resembling that of blood. Reddish in color or having parts that are reddish in color:
19431af03e,Okay,an endorsement;being satisfactory or in satisfactory condition.
19431af03e,Stomach,"The enlarged, saclike portion of the alimentary canal, one of the principal organs of digestion, located in vertebrates between the esophagus and the small intestine."
a4153f408b,Account,"accountable, responsible"
a4153f408b,Smart,"intelligent, studies"
a4153f408b,Red,"blue,yellow,green,purple"
a4153f408b,Okay,"alright, fine,cool"
a4153f408b,Stomach,"abdomen, human part,"
c57efba744,Account,"brokerage, credit card company, such as at a bank, idleness accounts for poverty,  Partial payment of a debt or an invoice"
c57efba744,Smart,"cute, clever, sharp, severe,  To feel a lively, pungent local pain"
c57efba744,Red,"colour, Simplicity, purity and candor, blood"
c57efba744,Okay,"adequate, acceptable"
c57efba744,Stomach,"part of a body, stomach pain,  in which food is digested"
a7dca11140,Account,"money transfer,investment,bank"
a7dca11140,Smart,"good looking,energetic,attractive"
a7dca11140,Red,"color,stop,rose,blood"
a7dca11140,Okay,"yes,ready,thanks"
a7dca11140,Stomach,"belly,hunger,part of the body"
a99eff3ef7,Account,An account is an oral or written detail of an event or situation
a99eff3ef7,Smart,Smart is the act of having intelligence
a99eff3ef7,Red,a pigment producing this color
a99eff3ef7,Okay,informal ok
a99eff3ef7,Stomach,"any enlarged storage portion of the digestive cavity, as in invertebrates"
a47ba37efc,Account,oral or written form of an event
a47ba37efc,Smart,best way to do things
a47ba37efc,Red,color of blood
a47ba37efc,Okay,i'm fine with it (alright)
a47ba37efc,Stomach,the place where the food we take is digested
55db87867f,Account,"report relating to one's conduct,A basis or ground,Money deposited for checking, savings, or brokerage use."
55db87867f,Smart,"sharp quick thought, bright,Impertinent,insolent."
55db87867f,Red,"color, primary colors of light,complementary to cyan"
55db87867f,Okay,"approval, acceptance, agreement, assent,ok"
55db87867f,Stomach,"abdomen or belly,appetite for food"
dcf44e6284,Account,"an oral or written description of particular events or situations; narrative
an explanatory statement of conduct, as to a superior. 
a statement of reasons, causes, etc., explaining some event. 
reason; basis
importance; worth; value; consequence"
dcf44e6284,Smart,"to be a source of sharp, local, and usually superficial pain, as a wound.

to be the cause of a sharp, stinging pain, as an irritating application, a blow, etc.

to feel a sharp, stinging pain, as in a wound.

to suffer keenly from wounded feelings
to feel shame or remorse or to suffer in punishment or in return for something."
dcf44e6284,Red,"any of various colors resembling the color of blood; the primary color at one extreme end of the visible spectrum, an effect of light with a wavelength between 610 and 780 NM
something red"
dcf44e6284,Okay,"all right, fine,"
dcf44e6284,Stomach,"Anatomy, Zoology .
a.
a sac like enlargement of the alimentary canal, as in humans and certain animals, forming an organ for storing, diluting, and digesting food.
b.
such an organ or an analogous portion of the alimentary canal when divided into two or more sections or parts.
c.
any one of these sections.

Zoology . any analogous digestive cavity or tract in invertebrates.

the part of the body containing the stomach; belly or abdomen.

appetite for food.

desire, inclination, or liking"
6b2ac0ef88,Account,record of events
6b2ac0ef88,Smart,bright
6b2ac0ef88,Red,a colour
6b2ac0ef88,Okay,everything ready
6b2ac0ef88,Stomach,abdomen
cc0fd23c05,Account,"account:-bank,money,investment,cash,"
cc0fd23c05,Smart,"smart:-courage,intelligence,active,"
cc0fd23c05,Red,"red:-colour,danger,rainbow,"
cc0fd23c05,Okay,"okay:-send off,right,finish"
cc0fd23c05,Stomach,"stomach:-body,pain,"
cd4699ed74,Account,personal information for one person or couple kept by businesses
cd4699ed74,Smart,having lots of knowledge
cd4699ed74,Red,bright color
cd4699ed74,Okay,"not good, not bad."
cd4699ed74,Stomach,middle potion of body that digests food
d2238a631b,Account,"A reckoning; computation; calculation; enumeration; a record of some reckoning; as, the Julian account of time."
d2238a631b,Smart,having or showing quick intelligence or ready mental capability
d2238a631b,Red,"To put on order; to make tidy; also, to free from entanglement or embarrassement; generally with up; as, to red up a house."
d2238a631b,Okay,being satisfactory or in satisfactory condition
d2238a631b,Stomach,"An enlargement, or series of enlargements, in the anterior part of the alimentary canal, in which food is digested; any cavity in which digestion takes place in an animal; a digestive cavity. See Digestion, and Gastric juice, under Gastric."
01dfb8e8be,Account,"Signing, Report, Financial record, Calculation, Secured place, need to create, transaction, Analytical"
01dfb8e8be,Smart,"Intelligent, Achievable, Realistic, Fast, Practical,"
01dfb8e8be,Red,"Colour, Bright, Danger, mark, indicate, longest wavelength, color"
01dfb8e8be,Okay,"alright, agree, OK, Accept, Assent, Acknowledge,"
01dfb8e8be,Stomach,"Belly, Storage, Organ, Digestion, Intestines, Hollow, food"
e01ef2fec0,Account,Account
e01ef2fec0,Smart,Smart
e01ef2fec0,Red,Red
e01ef2fec0,Okay,Okay
e01ef2fec0,Stomach,Stomach
2b15616b23,Account,is like data storage
2b15616b23,Smart,to be brilliant
2b15616b23,Red,a colour
2b15616b23,Okay,accepting or saying yes
2b15616b23,Stomach,internal part of the body
2486e8fbec,Account,"list, responsible, saving, entry"
2486e8fbec,Smart,"handsome, good looking, nice,decent"
2486e8fbec,Red,"color, danger, stain, pigment, dye, alert"
2486e8fbec,Okay,"all right, good, oblige, accept, respond"
2486e8fbec,Stomach,"organs, elementary tract, gastric, digestive part"
cd99a04ede,Account,"bank feature, story, recollection"
cd99a04ede,Smart,"well dressed, clever, intelligent, natty dresser"
cd99a04ede,Red,"scarlet, crimson, blushing, pillarbox, flushed, cherry, strawberry"
cd99a04ede,Okay,"fine, good, thumbs up, great"
cd99a04ede,Stomach,"tummy, gut, intestines, ache, belly"
7cf403bfc3,Account,"narration,description"
7cf403bfc3,Smart,"well-groomed,neat"
7cf403bfc3,Red,of the colour ranging from that of blood to deep pink or orange
7cf403bfc3,Okay,"tall,orig,african plant with long ridged seed-pods used for food"
7cf403bfc3,Stomach,"a internal organ in which digestion occurs,any of several such organs in animals"
fd1a1cbbc3,Account,"score, tarradiddle, account, narrative, chronicle, tale, storey, report, fib, story, business relationship, news report, account statement, explanation, taradiddle, bill, write up, invoice, floor, accounting, narration, history, level"
fd1a1cbbc3,Smart,"smart, stylishness, last word, alacrity, chichi, chicness, smartness, brightness, cleverness, chic, smarting, swank, modishness, briskness"
fd1a1cbbc3,Red,"red, red ink, inflammation, bolshy, bolshie, loss, rubor, redness"
fd1a1cbbc3,Okay,"very well,fine, sanction, approve, okay"
fd1a1cbbc3,Stomach,"belly, abdomen, pot, breadbasket, tum, venter, bay window, stomach, tummy, corporation, potbelly"
10d4f79779,Account,"A record of financial transactions for an asset or individual, such as at a bank, brokerage, credit card company, or retail store, an arrangement between a buyer and a seller in which payments are to be made in the future."
10d4f79779,Smart,"having or showing quick intelligence or ready mental capability, clever, witty, or readily effective, as a speaker, speech, rejoinder, etc."
10d4f79779,Red,"The Color Red: Simplicity, Purity and Candor. The color of love, seduction and power, red has been symbolic in many a culture."
10d4f79779,Okay,"all right, fine, hunky-dory, o.k., ok"
10d4f79779,Stomach,"The enlarged, saclike portion of the alimentary canal, one of the principal organs of digestion, located in vertebrates between the esophagus and the small intestine."
3dcbf90da5,Account,"recall,  Depository,"
3dcbf90da5,Smart,"not stupid, schooled, sharp"
3dcbf90da5,Red,"of the color, crayola, basic pigment"
3dcbf90da5,Okay,"all right, safe, free of danger"
3dcbf90da5,Stomach,"digestive organ, internal food system"
f89618c03c,Account,"A formal contractual relationship established to provide for regular banking or brokerage or business services.
A record or narrative description of past events."
f89618c03c,Smart,Characterized by quickness and ease in learning.
f89618c03c,Red,The quality or state of the chromatic color resembling the hue of blood.
f89618c03c,Okay,"An endorsement,being satisfactory or in satisfactory condition."
f89618c03c,Stomach,An enlarged and muscular sac like organ of the alimentary canal; the principal organ of digestion.
24a08f9d6b,Account,"A narrative or record of events,A basis or ground,account balance,A basis or ground,Money deposited for checking, savings, or brokerage use.A formal banking, brokerage, or business relationship established to provide for regular services, dealings, and other financial transactions."
24a08f9d6b,Smart,"Amusingly clever; witty: a smart quip; a lively, smart conversation.Energetic or quick in movement: a smart pace.Fashionable; elegant: a smart suit; a smart restaurant; the smart set."
24a08f9d6b,Red,A Communist.A revolutionary activist.A colour.Operating at a loss; in debt.flushed complexion.
24a08f9d6b,Okay,"a variant of O.K,go ahead,an endorsement,an approval,authorization."
24a08f9d6b,Stomach,"Tummy,The abdomen or belly.To bear; tolerate.stomach Problem."
b245d0513e,Account,report
b245d0513e,Smart,clever
b245d0513e,Red,color of communists
b245d0513e,Okay,acceptable
b245d0513e,Stomach,where food gets digested
c284e4a997,Account,"Mathematics,with symbols,differs,a balance sheet,nuemericals"
c284e4a997,Smart,"Efficient,clever,appreciation,talent,smart card,smart phone,additional qualification"
c284e4a997,Red,"fire,orange,with flame symbol of danger,blood"
c284e4a997,Okay,"Alright,american word,easy to convey,oll korrect."
c284e4a997,Stomach,"middle of body,abdomen,differs by species,digesting organ"
a3b8a7faf4,Account,"work, maintaining transactions, maintain by accountant, related with cash, bank & journal"
a3b8a7faf4,Smart,"is a quality, Person looking, Charming face"
a3b8a7faf4,Red,"is a color, one of the three traffic signal, blood color, sign of danger"
a3b8a7faf4,Okay,"is a word, use for grant & accept permission"
a3b8a7faf4,Stomach,"Body Organ, Organ of each living thing,"
eade539780,Account,"owned by customers, or business, personal information, send or recieve money, and security credentials."
eade539780,Smart,"to be sharp, intelligence, opposite of dumb, mental capabilities, poignant, alert, bright."
eade539780,Red,"colors, color of blood, primary color, light, wave length, bright, quick attention, catches the eye, pretty, crayons"
eade539780,Okay,"agreement, acceptance, approval,assent, and acknowledgement"
eade539780,Stomach,"growl, hungry, small & large intestines, muscles, abs, food,  stores and dilutes food. and digest food as well"
0df93a97d1,Account,"financial credit,for save money"
0df93a97d1,Smart,"stylish,active"
0df93a97d1,Red,"color, blood color,"
0df93a97d1,Okay,"all right, acceptable,agree to, aprove"
0df93a97d1,Stomach,"belly,tummy"
92ea18c297,Account,statement
92ea18c297,Smart,Intelligence
92ea18c297,Red,color or pigment
92ea18c297,Okay,acceptance
92ea18c297,Stomach,belly
1c7639828f,Account,"A narrative or record of events, an oral or written description of particular events or situations, A record of financial transactions,"
1c7639828f,Smart,"Looking good, bright , Characterized by sharp quick thought,Intelligent"
1c7639828f,Red,"Color, highest wavelength color, the primary color"
1c7639828f,Okay,"Agree, acknowledgment, acceptance, assent"
1c7639828f,Stomach,"The enlarged, saclike portion of the alimentary canal, one of the principal organs of digestion, organ for storing, diluting, and digesting"
faed1af4c3,Account,"maintain cash, details of some event, financial management"
faed1af4c3,Smart,"intelligent, wise, not dumb,"
faed1af4c3,Red,"a colour, primary colour, portray anger"
faed1af4c3,Okay,"something is alright, agree"
faed1af4c3,Stomach,"internal organ, digests food, secretes enzymes, connected to intestines,"
9d836d8814,Account,"transaction, money, business, bank, economy"
9d836d8814,Smart,"bright, brain, boss, university, glasses, books"
9d836d8814,Red,"racy, coat, sexy, lipstick, fast, convertible, competitive"
9d836d8814,Okay,"average, agreement, balance, acceptance"
9d836d8814,Stomach,"food, ache, virus, full, intestines, fatty"
2ece3f8886,Account,"bank, savings, money, transaction, withdraw, deposit, credit, ATM, loan"
2ece3f8886,Smart,"neat, fashion, style, brisk, rankle, bright colour, clever, ingenious"
2ece3f8886,Red,"colour, blood, violence, anger, fire, burn, pigment, deficit"
2ece3f8886,Okay,"OK, enough, satisfy, finish, end, correct, yes, select"
2ece3f8886,Stomach,"part of body, intestine, food, internal organ, digestion, appetite, belly, ulcer"
fe5a703d9c,Account,"description , in bank statement recorded for deposits and withdrawal etc,"
fe5a703d9c,Smart,"active, neat, stylish, fashionable"
fe5a703d9c,Red,"a color, color used to indicate danger,"
fe5a703d9c,Okay,"satisfied, accepted, yes to something"
fe5a703d9c,Stomach,"internal part of our body, organ in which digestion occur"
1e695ef57f,Account,"story, tale, oral report, accounting unit, relationship with a store or business, reconciliation, record, written, numeric, money-related"
1e695ef57f,Smart,"intelligent, observant, wise; hurt, ache, sore, redness, bruise; sassy, lippy, irreverent, rude, curt"
1e695ef57f,Red,"color, Christmas, bright, cheerful, warning, stop; communist, Russian"
1e695ef57f,Okay,"approve, thumb's up, initial, sign-on, activate; unhurt, healthy, lucky; good, not bad, tasty, just right"
1e695ef57f,Stomach,"organ, food related, prone to upset, in middle of body; complex; acidic, digestive organ; like, tolerate, put up with."
da1cc1651b,Account,"is managed, relates to money, at a bank, gains or loses value, credit"
da1cc1651b,Smart,"a person's IQ, invents things,"
da1cc1651b,Red,"feathers, bridges, names of books, shirts,"
da1cc1651b,Okay,"used for affirmation, acknowledgment, recognition; a phrase to say yes"
da1cc1651b,Stomach,"can feel good, gets hungry, digests food, can get upset, causes pain,"
310173406b,Account,"Account refers to assets, liabilities, income, expenses, and equity, may be classified as real, personal or as a nominal,is a  record of financial transactions for an asset or individual, is an arrangement between a buyer and a seller in which payments are to be made in the future."
310173406b,Smart,"Smart means amusingly clever,Energetic or quick in movement,Fashionable,elegant,  is marked by acuteness or shrewdness,is a monitoring system for computer hard disk drives to detect and report on various indicators of reliability, in the hope of anticipating failures,is to warn a user of impending drive failure while there is still time to take action, such as copying the data to a replacement device."
310173406b,Red,"red is a colour,is any of a number of similar colors evoked by light consisting predominantly of the longest wavelengths of light, is used as one of the additive primary colors of light, complementary to cyan, in RGB color systems, is used to symbolize anger and aggression, illumination was (and sometimes still is) used as a safelight while working in a darkroom,is used as a symbol of guilt, sin, passion and anger, often as connected with blood or sex."
310173406b,Okay,"Okay is also spelled ""OK,"" ""O.K."", is a colloquial English word denoting approval, acceptance, agreement, assent, or acknowledgment,means ""adequate,"",as a verb and noun it means ""assecan also be used with appropriate voice tone—such as sarcasm or a questioning tone""."
310173406b,Stomach,"Stomach is a muscular, hollow, dilated part of the alimentary canal,is involved in the second phase of digestion following mastication, is located between the esophagus and the small intestine, is surrounded by parasympathetic (stimulant) and orthosympathetic (inhibitor) plexuses (networks of blood vessels and nerves,is divided into four sections called  Cardia, Fundus, body and pylorus."
a878e75949,Account,"business, responsible for, banking, describe into words"
a878e75949,Smart,"intelligent, bright, genius, sarcastic, wise"
a878e75949,Red,"color, blood, happy, debt, sea"
a878e75949,Okay,"alright, average, fine, good, so-so"
a878e75949,Stomach,"food, hungry, growling, abdomen, digestion"
de23fe1cfc,Seller,a person who sells
de23fe1cfc,Verb,any member of a class of words that are formally distinguished in many languages
de23fe1cfc,Abandon,to leave behind
de23fe1cfc,Bone,one of the structures of the human body composing of the skeleton of a vertabrae
de23fe1cfc,George,a person's name
95e2618c28,Seller,"One that sells; a vendor,An item that sells in a certain way"
95e2618c28,Verb,"a word or group of words that functions as the predicate of a sentence or introduces the predicate,The part of speech that expresses existence, action, or occurrence in most languages."
95e2618c28,Abandon,"To withdraw one's support or help from, especially in spite of duty, allegiance, or responsibility; desert, To surrender one's claim to, right to, or interest in; give up entirely"
95e2618c28,Bone,"The dense, semirigid, porous, calcified connective tissue forming the major portion of the skeleton of most vertebrates. It consists of a dense organic matrix and an inorganic, mineral component."
95e2618c28,George,"A jeweled figure of Saint George killing the dragon, used as an insignia of the Knights of the Garter"
fd1a1cbbc3,Seller,"merchant (noun)

jobber, merchandizer, salesperson, importer, retailer, salesman, distributor, merchant, shopkeeper, monger, floorwalker, businessperson, saleswoman, businessman, dealer, businesswoman, wholesaler, caterer, middleman, exporter, storekeeper, agent, salesclerk, vendor, marketer, supplier, trader."
fd1a1cbbc3,Verb,"action
verbesina helianthoides  verbesina  verbesina virginica  verb  verbiage  verbify  verbolatry"
fd1a1cbbc3,Abandon,"wantonness, wildness, licentiousness, unconstraint, abandon"
fd1a1cbbc3,Bone,"bone, off-white, os, pearl, ivory, osseous tissue"
fd1a1cbbc3,George,"Saint George, St. George Christian martyr; patron saint of England; hero of the legend of Saint George and the Dragon in which he slew a dragon and saved a princess (?-303)"
26c834f70e,Seller,"has good to offer in exchange for money or service, owner of merchandise, entrepreneur, worker"
26c834f70e,Verb,"Action word, different forms taught in school, doing, invokes movement"
26c834f70e,Abandon,"Leave behind, no longer useful, neglect, quit caring, strand"
26c834f70e,Bone,"Part of the body, calcium, is breakable, is white, has marrow"
26c834f70e,George,"King, Washington, Bush, Curious monkey"
2cf15d5db3,Seller,someone who is selling something
2cf15d5db3,Verb,a part of speech describing an action or state
2cf15d5db3,Abandon,to leave without planning to return
2cf15d5db3,Bone,"solid calcium structure, part of the skeleton"
2cf15d5db3,George,a common English name held by several of its kings
f89618c03c,Seller,Someone who exchanges goods or services for money.
f89618c03c,Verb,"A word that serves as the predicate of a sentence.
A content word that denotes an action or a state."
f89618c03c,Abandon,"The trait of lacking restraint or control; freedom from inhibition or worry.
Extreme emotional intensity."
f89618c03c,Bone,Rigid connective tissue that makes up the skeleton of vertebrates.
f89618c03c,George,Christian martyr; patron saint of England; hero of the legend of Saint George and the Dragon in which he slew a dragon and saved a princess.
2a6566d746,Seller,"a person who sells,salesperson,vendor,an article considered with reference to its sales."
2a6566d746,Verb,"any member of a class of words that are formally distinguished in many languages,a relation between two things, and that (when inflected) may be inflected for tense, aspect, voice, mood, and to show agreement with their subject or object."
2a6566d746,Abandon,"to cast away, leave, or desert, as property or a child,to give up the control of: to abandon a city to an enemy army,to give up; discontinue; withdraw from: to abandon a research project; to abandon hopes for a stage career,to leave completely and finally; forsake utterly; desert: to abandon one's farm; to abandon a child; to abandon a sinking ship.."
2a6566d746,Bone,"something made of or resembling such a substance,such a structure from an edible animal, usually with meat adhering to it, as an article of food,
one of the structures composing the skeleton of a vertebrate."
2a6566d746,George,"a word formerly used in communications to represent the letter G,British Slang . an automatic pilot on an airplane,a figure of St. George  killing the dragon, especially one forming part of the insignia of the Order of the Garter.."
d2238a631b,Seller,One who sells.
d2238a631b,Verb,"A word which affirms or predicates something of some person or thing; a part of speech expressing being, action, or the suffering of action."
d2238a631b,Abandon,To cast or drive out; to banish; to expel; to reject.
d2238a631b,Bone,"One of the pieces or parts of an animal skeleton; as, a rib or a thigh bone; a bone of the arm or leg; also, any fragment of bony substance. (pl.) The frame or skeleton of the body"
d2238a631b,George,"A figure of St. George (the patron saint of England) on horseback, appended to the collar of the Order of the Garter. See Garter."
6b2ac0ef88,Seller,one who sells something
6b2ac0ef88,Verb,which introduces the predicate in a sentence
6b2ac0ef88,Abandon,give up
6b2ac0ef88,Bone,skelton
6b2ac0ef88,George,a name
e01ef2fec0,Seller,seller
e01ef2fec0,Verb,verb
e01ef2fec0,Abandon,abandon
e01ef2fec0,Bone,Bone
e01ef2fec0,George,George
2cfb3bdbcd,Seller,vendor
2cfb3bdbcd,Verb,deponent
2cfb3bdbcd,Abandon,disregard
2cfb3bdbcd,Bone,cartilage
2cfb3bdbcd,George,a person
3cc233acce,Seller,who sells
3cc233acce,Verb,action
3cc233acce,Abandon,expire
3cc233acce,Bone,that brakes
3cc233acce,George,speakes
e592776b4d,Seller,"agent, auctioneer, businessperson, dealer, marketer, merchant, peddler, representative, retailer, sales help, salesperson, shopkeeper"
e592776b4d,Verb,"deponent, gerund, infinitive, participle, verbification"
e592776b4d,Abandon,"disregard, freedom, impulse, licentiousness, recklessness, spontaneity, thoughtlessness, uninhibitedness, unrestraint, wantonness"
e592776b4d,Bone,"bony process, cartilage, ossein, osseous matter"
e592776b4d,George,"name, noun"
f7ccee378e,Seller,Person who exchanges collateral or services for monetary benefit.
f7ccee378e,Verb,"Action word, to jump, run, play, swim, etc."
f7ccee378e,Abandon,"To leave, walk away"
f7ccee378e,Bone,"Harder than wood, white, alive"
f7ccee378e,George,"Name, usually of a boy or man. Can also be name of an animal such as a monkey--Curious George, or dog."
2ece3f8886,Seller,"person who sells, markets, trade, money, shops, consumer, buyer, purchase"
2ece3f8886,Verb,"word, indicate, grammar, pronounciation, oral, not written, communication, statement"
2ece3f8886,Abandon,"give up, forsake, desert, control, freedom, unrestrained, profligate, passion"
2ece3f8886,Bone,"white, strong, hard tissue, skeleton, human, ivory, strength, fracture"
2ece3f8886,George,"name, king, brave, american, fighter, man, citizen, talented"
fe5a703d9c,Seller,"person who sells something, salesman,"
fe5a703d9c,Verb,"word used for an action, grammar,"
fe5a703d9c,Abandon,"controlled by someone, give up"
fe5a703d9c,Bone,"skeleton,hard particle inside our body,shape giving"
fe5a703d9c,George,"great, a name"
aecc4fb736,Seller,"person who earns profit,person who sells goods,person who owns a shop,sales boys."
aecc4fb736,Verb,"used in sentences, help to improve sentence,"
aecc4fb736,Abandon,"to stop, uncompleted"
aecc4fb736,Bone,"strong,body becomes hard due to bones."
aecc4fb736,George,"name,temple name,starting name of shop,bar,person"
a7dca11140,Seller,"shop,business,things"
a7dca11140,Verb,"grammar,doing,part of speech"
a7dca11140,Abandon,"rejected,alone,forsaken,shameful"
a7dca11140,Bone,"part of body,strength,give shape to the body"
a7dca11140,George,"name,saint,person"
78fbd1a1a9,Seller,"disposes or disburses property in exchange for money or other considerations, exchanges goods or services, exchanges labour or time for money or considerations."
78fbd1a1a9,Verb,"a word that denotes an action or a transition of function or form, or a change of state or location."
78fbd1a1a9,Abandon,"To discard without further consideration, to deem as useless or non-productive, to leave behind."
78fbd1a1a9,Bone,"Cancellous structure made of collagen and hydroxyapatite, component of a skeleton, bodily structural component, symbol of death and decay, refuse from a meat meal, simplest form or structure of an artistic or scientific endeavour."
78fbd1a1a9,George,"Common European man's name, the Saint, who slew the dragon, Patron Saint of England, First President of the United states, and both President Bushes, Six Kings of Great Britain, a US one-dollar bill, expletive to denote success: i.e., ""By George, I think I've got it!"""
a99eff3ef7,Seller,a person who sells
a99eff3ef7,Verb,A verb is a word that expresses action or a state of being
a99eff3ef7,Abandon,Abandon means to leave something behind
a99eff3ef7,Bone,any of the separate parts of the hard connective tissue forming the skeleton of most full-grown vertebrate animals
a99eff3ef7,George,the george means a christian name
cd4699ed74,Seller,offerer of a good
cd4699ed74,Verb,action word
cd4699ed74,Abandon,leave behind
cd4699ed74,Bone,strong part of body.
cd4699ed74,George,name the same as hor hay
9fafa148c1,Seller,"who sells things, retailer, trader"
9fafa148c1,Verb,"type of parts of speech, word that conveys action"
9fafa148c1,Abandon,"dump, throw out, discard"
9fafa148c1,Bone,"skeletal organ,support and protect the various organs,"
9fafa148c1,George,name
af2803583c,Seller,"A party that makes, offers or contracts to make a sale to an actual or potential buyer. Also called vendor."
af2803583c,Verb,"The part of speech that expresses existence, action, or occurrence in most languages."
af2803583c,Abandon,"The act of abandoning, or the state of being abandoned"
af2803583c,Bone,"The hard, calcified tissue of the skeleton of vertebrate animals, consisting very largely of calcic carbonate, calcic phosphate, and gelatine"
af2803583c,George,george jmeans Earth worker
6be52007c6,Seller,"1. a person who sells; salesperson or vender. 
2. an article considered with reference to its sales: one of the poorest sellers.

Read more: seller: meaning and definitions — Infoplease.com http://dictionary.infoplease.com/seller#ixzz1eARQwLEY"
6be52007c6,Verb,"a. The part of speech that expresses existence, action, or occurrence in most languages.
b. Any of the words belonging to this part of speech, as be, run, or conceive.
2. A phrase or other construction used as a verb."
6be52007c6,Abandon,"the principles and regulations established in a community by some authority and applicable to its people, whether in the form of legislation or of custom and policies recognized and enforced by judicial decision.
2.
any written or positive rule or collection of rules prescribed under the authority of the state or nation, as by the people in its constitution. Compare bylaw, statute law.
3.
the controlling influence of such rules; the condition of society brought about by their observance: maintaining law and order.
4.
a system or collection of such rules.
5.
the department of knowledge concerned with these rules; jurisprudence: to study law."
6be52007c6,Bone,our bones are the hard parts inside your body which together form your skeleton.
6be52007c6,George,"George \ge(or)-ge\ as a boy's name is pronounced jorj. It is of Greek origin, and the meaning of George is ""farmer"". Saint George, a knight who became the patron saint of England, achieved legendary status through the medieval story of his struggle with a fire-breathing dragon, symbolic of the devil. George was a royal name in England, and in America, George Washington made it as popular. Giorgio (jee-OR-jee-oh) is an Italian form. Use of the Geordi variants may be influenced by the character Geordi LaForge on the TV series ""Star Trek: The Next Generation"". See also Joren, Keoki, and Yuri. Singer George Michael; fashion designer Giorgio Armani; comedians George Burns, George Carlin; baseball legend George ""Babe"" Ruth; American Presidents George Prescott Bush, George Herbert Walker Bush; actor George Clooney."
7cf403bfc3,Seller,person who sells
7cf403bfc3,Verb,"word used to indicate action,a state,or an occurrence"
7cf403bfc3,Abandon,give up
7cf403bfc3,Bone,any piece of hard tissue making up the skeleton in vertebrates
7cf403bfc3,George,decoration for bravery awarded esp.to clvilians
ce58ffe106,Seller,"agent, dealer, representative, merchant, sales person, vender, peddler, marketer"
ce58ffe106,Verb,"action word, participate, infinitive, gerund, participle"
ce58ffe106,Abandon,"drop, give up, opt out, quit, renounce, resign, vacate, withdraw, give up a right, position or power"
ce58ffe106,Bone,"ossein, cartilage, bony process, osseous matter"
ce58ffe106,George,"an automatic pilot on an airplane, a word formerly used to represent the letter G, any coin bearing the image of St George, an explanation used to express astonishment, approval"
f4798126d4,Seller,"someone who wants to try to have someone else purchase goods or services,"
f4798126d4,Verb,"a verb is a word that shows action such as writing, hitting, crying"
f4798126d4,Abandon,"means to leave someone or something in the lurch; to not finish a project, to walk away from someone, to give up"
f4798126d4,Bone,"skeleton of a person or animal, support system for the body, easily broken and can be mended"
f4798126d4,George,"is a man's name; famous men named George: George Washington, George Clooney, King George III"
a3c176fff2,Seller,"salesman, owner,"
a3c176fff2,Verb,"describes action, action word."
a3c176fff2,Abandon,"leave, throw away, reject."
a3c176fff2,Bone,"cartilage, humorous, femur"
a3c176fff2,George,"1st presidents first name, actor clooney, male name, character of the jungle"
9dcb3cb661,Seller,"someone who sells, salesman, makes money."
9dcb3cb661,Verb,"A do word, action word."
9dcb3cb661,Abandon,To leave.
9dcb3cb661,Bone,The material that provides structure for the body.
9dcb3cb661,George,"A man's name, king of England."
0253fcbf92,Seller,"a person or business that exchange mechandise for money,a vendor,a trader."
0253fcbf92,Verb,"a word that shows action,or being."
0253fcbf92,Abandon,to be left alone
0253fcbf92,Bone,"skeleton, hold tissues and organs together, frame work for a body."
0253fcbf92,George,"a name that can be a person, a city,a town or state."
a47ba37efc,Seller,the person who is ready to give our requirements for cash
a47ba37efc,Verb,"express action, state or a relation between two things"
a47ba37efc,Abandon,left uncared/noticed
a47ba37efc,Bone,structure containing the skeleton
a47ba37efc,George,it's a Christian name
d6fbaf0859,Seller,the one who trade products to the buyer
d6fbaf0859,Verb,an action word
d6fbaf0859,Abandon,to leave behind
d6fbaf0859,Bone,"part of the skeletal system, gives form or shapes to muscles"
d6fbaf0859,George,a male name
2622f61522,Seller,"marketer, vender, vendor, market, salesman"
2622f61522,Verb,"Word,"
2622f61522,Abandon,"give up, desert, desolate, forsake, empty, vacate"
2622f61522,Bone,"ivory, bone up, cram, body part"
2622f61522,George,"Name, George washington"
cdf81c2126,Seller,a person who sells
cdf81c2126,Verb,Verb is always a great word to know
cdf81c2126,Abandon,to give up
cdf81c2126,Bone,something made of or resembling such a substance
cdf81c2126,George,An English name
2fc61c1089,Seller,"The seller or salesperson – the provider of the goods or services –  a request. There follows the passing of title (property or ownership) in the item, and the application and due settlement of a price, the obligation for which arises due to the seller's requirement to pass ownership. Ideally, a seller agrees upon a price at which he willingly parts with ownership of or any claim upon the item."
2fc61c1089,Verb,"“verb”

Skip This Ad Your page will load shortly...
12 ENTRIES FOUND:

   1. verb (noun)
   2. verb sap
   3. contract verb (noun)
   4. full verb (noun)
   5. helping verb (noun)
   6. linking verb (noun)
   7. link verb (noun)
   8. pro-verb (noun)
   9. redundant verb (noun)
  10. subjective verb (noun)
  11. thematic verb (noun)
  12. catenative (noun)


verb
noun \ˈvərb\
Definition of VERB
: a word that characteristically is the grammatical center of a predicate and expresses an act, occurrence, or mode of being, that in various languages is inflected for agreement with the subject, for tense, for voice, for mood, or for aspect, and that typically has rather full descriptive meaning and characterizing quality but is sometimes nearly devoid of these especially when used as an auxiliary or linking verb"
2fc61c1089,Abandon,"to give up to the control or influence of another person or agent 
or give up with the intent of never again claiming a right or interest in <abandon property>"
2fc61c1089,Bone,"ones are rigid organs that constitute part of the endoskeleton  of vertebrates. They support, and protect the various organs of the body, produce red and white blood cells and store minerals. Bone tissue is a type of dense connective tissue. Bones come in a variety of shapes and have a complex internal and external structure, are lightweight yet strong and hard, and serve multiple functions. One of the types of tissue that makes up bone is the mineralized osseous tissue, also called bone tissue, that gives it rigidity and a honeycomb-like three-dimensional internal structure. Other types of tissue found in bones include marrow, endosteum  and periosteum, nerves, blood vessels and cartilage. At birth, there are over 270 bones in an infant human's body,[1]  but many of these fuse together as the child grows, leaving a total of 206 separate bones in an adult. The largest bone in the human body is the femur  and the smallest bones are auditory ossicles."
2fc61c1089,George,its name or surname or name of a saint
b1ba52f0f8,Seller,"Smart,craft"
b1ba52f0f8,Verb,Word
b1ba52f0f8,Abandon,"Leave,left,gone"
b1ba52f0f8,Bone,"Important,needed"
b1ba52f0f8,George,Name
3dcbf90da5,Seller,"provider of service or item, owner of object for sell"
3dcbf90da5,Verb,"shows action, what something does,"
3dcbf90da5,Abandon,"to give up, to leave, to run away"
3dcbf90da5,Bone,part of the body stucture.  skeleton
3dcbf90da5,George,The name of Kings.  A name
2773fc01ba,Seller,"selling,giving away things,shop,market"
2773fc01ba,Verb,"action,grammar. English.language"
2773fc01ba,Abandon,"to leave,destroy,banish,perish"
2773fc01ba,Bone,"skeleton,calcium,strong"
2773fc01ba,George,George w bush
af87b4bb7f,Seller,"TRADER, MERCHANT, RETAILER,WHO SELLS SOME PRODUCT."
af87b4bb7f,Verb,ENGLISH GRAMMAR.
af87b4bb7f,Abandon,"DUMP, DISCARD, THROW AWAY, SOME THING WHICH IS NOT ACCEPTED."
af87b4bb7f,Bone,"ESSENTIAL ELEMENT OF THE BODY, FILLET."
af87b4bb7f,George,"PROPER NOUN, NAME OF A PERSON."
86dc19ebbd,Seller,"vendor, retailer, wholesaler, merchant, supplier"
86dc19ebbd,Verb,"adjective noun, English grammer"
86dc19ebbd,Abandon,"dump, ditch, discard, dispose, throw out, stop, end"
86dc19ebbd,Bone,"skeletal system, provide support to body"
86dc19ebbd,George,"Name of a person, George Washington, George Michael, George Bush"
a878e75949,Seller,"vendor, retailer, merchandiser, business man/woman, solicitor"
a878e75949,Verb,"action, language, movement"
a878e75949,Abandon,"leave behind, desert, left, move on, go away"
a878e75949,Bone,"skeleton, cartilage, human anatomy, strong, cartilage, structure"
a878e75949,George,"Washington, name, male, designer"
5f6fadae3f,Seller,"One that sells; a vendor.
An item that sells in a certain way"
5f6fadae3f,Verb,"The part of speech that expresses existence, action, or occurrence in most languages.
Any of the words belonging to this part of speech, as be, run, or conceive.
A phrase or other construction used as a verb"
5f6fadae3f,Abandon,"To surrender one's claim to, right to, or interest in; give up entirely. See Synonyms at relinquish.
To cease trying to continue; desist from: abandoned the search for the missing hiker.
To yield (oneself) completely, as to emotion"
5f6fadae3f,Bone,"The dense, semirigid, porous, calcified connective tissue forming the major portion of the skeleton of most vertebrates. It consists of a dense organic matrix and an inorganic, mineral component"
5f6fadae3f,George,"A jeweled figure of Saint George killing the dragon, used as an insignia of the Knights of the Garter.
An English coin during the reign of Henry VIII, imprinted with a figure of Saint George."
0da623e05b,Seller,"a person who sells;  salesperson or vender
an article considered with reference to its sales: one of the poorest sellers."
0da623e05b,Verb,"any member of a class of words that are formally distinguished in many languages, as in English by taking the past ending in -ed,  that function as the main elements of predicates, that typically express action, state, or a relation between two things, and that (when inflected) may be inflected for tense, aspect, voice, mood, and to show agreement with their subject or object."
0da623e05b,Abandon,"to leave completely and finally; forsake utterly; desert: to abandon one's farm; to abandon a child; to abandon a sinking ship.to give up; discontinue; withdraw from: to abandon a research project; to abandon hopes for a stage career.to yield (oneself) without restraint or moderation; give (oneself) over to natural impulses, usually without self-control: to abandon oneself to grief."
0da623e05b,Bone,"such a structure from an edible animal, usually with meat adhering to it, as an article of food: Pea soup should be made with a ham bone.one of the structures composing the skeleton of a vertebrate.he hard connective tissue forming the substance of the skeleton of most vertebrates, composed of a collagen-rich organic matrix impregnated with calcium, phosphate, and other minerals."
0da623e05b,George,"a figure of St. George  killing the dragon, especially one forming part of the insignia of the Order of the Garter.British Slang . any coin bearing the image of St. George.a word formerly used in communications to represent the letter G."
9d836d8814,Seller,"sale, product, business, money transaction"
9d836d8814,Verb,"action, movement, mood of the sentence"
9d836d8814,Abandon,"lonely, left, child, house, musty, rejection"
9d836d8814,Bone,"skeleton, stiff, body, doggy snack"
9d836d8814,George,"curious, monkey, story, adventure, fun, childhood"
1e695ef57f,Seller,"person in contract, sells something, not a buyer, counterparty, transferor of title, contract term, abstract term"
1e695ef57f,Verb,"part of speech, action word, word, spoken or written, describes a state or activity, related to a noun or subject"
1e695ef57f,Abandon,"activity, to not keep, something done reluctantly, sometimes done carelessly, generally a failure or not desired outcome"
1e695ef57f,Bone,"organ, can be broken, is part of skeleton, distinguishes a vertabrate."
1e695ef57f,George,"name, common name, English King, first president,"
4baffedf4f,Seller,salesman
4baffedf4f,Verb,activity
4baffedf4f,Abandon,ban
4baffedf4f,Bone,bones
4baffedf4f,George,king
2b15616b23,Seller,is a person who sells something
2b15616b23,Verb,is doer of the action
2b15616b23,Abandon,means not allowed strictly
2b15616b23,Bone,a kind of human internal part made up of calcium
2b15616b23,George,a name
80668d06b1,Seller,"A person or an organisation, present in marketplaces, exchanges products for money, main motive is profit"
80668d06b1,Verb,"part of a sentence, is very important, indicates action of a person is a thing"
80668d06b1,Abandon,leave someone or something
80668d06b1,Bone,"main structure of a living organisms's body, found in humans, found in animals, found in birds, strong, can be vulnerable to damage"
80668d06b1,George,"a person's name, a male's name, common name"
b245d0513e,Seller,who exchanges goods for money
b245d0513e,Verb,a class of words
b245d0513e,Abandon,leave it unfinished
b245d0513e,Bone,structural support in body
b245d0513e,George,Past Emperor of England
19431af03e,Seller,One that sells; a vendor.An item that sells in a certain way:
19431af03e,Verb,"The part of speech that expresses existence, action, or occurrence in most languages."
19431af03e,Abandon,"To withdraw one's support or help from, especially in spite of duty, allegiance, or responsibility; desert: To give up by leaving or ceasing to operate or inhabit, especially as a result of danger or other impending threat:"
19431af03e,Bone,"The dense, semirigid, porous, calcified connective tissue forming the major portion of the skeleton of most vertebrates. It consists of a dense organic matrix and an inorganic, mineral component."
19431af03e,George,"Christian martyr and patron of England who, according to legend, slew a fearsome dragon.A jeweled figure of Saint George killing the dragon, used as an insignia of the Knights of the Garter."
88f83ba7a8,Seller,"SELLER IS A PERSON TO SELL SOME ITEM. exchange or offer something in return for money. merits, gains, sell a product, sell property"
88f83ba7a8,Verb,"VE













VERB IS A PART OF SPEECH WHICH EXPRESSES ACTION OR STATE OF BEING. RAMA KILL RAVANA. HERE VERB IS RAMA, WHICH EXPRESSES ACTION  TO DO SOMETHING."
88f83ba7a8,Abandon,"abandon means leave permanently, give up, wild or uncontrolled, difficult to control"
88f83ba7a8,Bone,"BONE IS ANY OF THE PIECES OF HARD MATERIAL. BONE OF FISH, BONE OF HUMAN BODY, BACK BONE,"
88f83ba7a8,George,"george is a name of person.  georgian, time of kinds, george(i-iv),"
2fad520828,Seller,"Seller:a person who sells, salesperson ,a vender,good seller,selling race,"
2fad520828,Verb,"Verb: verbless,traditional grammar,a performance of actiion,group of words."
2fad520828,Abandon,"Abandon:to leave completely and finally, forsake utterly, desert, to abandon one's farm, to abandon a child,to abandon a sinking ship,to give up,discontinue, withdraw from, to abandon a research project"
2fad520828,Bone,"Bone:  skeleton,the hard connective tissue,with calcium,backbone ,a structure from an edible animal,a small concession."
2fad520828,George,"George: British  Slang , an automatic pilot on an airplane,express astonishment, approval,british informal."
dcf44e6284,Seller,"a person who sells;  salesperson or vender. 
an article considered with reference to its sales"
dcf44e6284,Verb,"any member of a class of words that are formally distinguished in many languages, as in English by taking the past ending in -ed,  that function as the main elements of predicates, that typically express action, state, or a relation between two things, and that (when inflected) may be inflected for tense, aspect, voice, mood, and to show agreement with their subject or object."
dcf44e6284,Abandon,"to leave completely and finally; forsake utterly; desert
to give up; discontinue; withdraw from: 
to give up the control of
Law . to cast away, leave, or desert, as property or a child"
dcf44e6284,Bone,"one of the structures composing the skeleton of a vertebrate.

the hard connective tissue forming the substance of the skeleton of most vertebrates, composed of a collagen-rich organic matrix impregnated with calcium, phosphate, and other minerals.

such a structure from an edible animal, usually with meat adhering to it, as an article of food: Pea soup should be made with a ham bone.

any of various similarly hard or structural animal substances, as ivory or whalebone.

something made of or resembling such a substance.

a small concession, intended to pacify or quiet; a conciliatory bribe or gift: T"
dcf44e6284,George,"a figure of St. George  killing the dragon, especially one forming part of the insignia of the Order of the Garter.

British Slang . any coin bearing the image of St. George.

a word formerly used in communications to represent the letter G.

British Slang . an automatic pilot on an airplane."
a4153f408b,Seller,"buyer, someone that sells"
a4153f408b,Verb,"word, school, grammar"
a4153f408b,Abandon,"leave, not care"
a4153f408b,Bone,"body parts, animal parts"
a4153f408b,George,"name, man name"
1c7639828f,Seller,"a person who sells, salesperson or vender, one that offers for sale"
1c7639828f,Verb,"The part of speech that expresses existence, action, or occurrence in most languages,A word that indicates an action, event, or state, indicates a state of being."
1c7639828f,Abandon,"to leave completely and finally, to give up to the control or influence of another person or agent, to withdraw protection, support, or help"
1c7639828f,Bone,"rigid organs that constitute part of the endoskeleton of vertebrate,the hard connective tissue forming the substance of the skeleton , The dense, semirigid, porous, calcified connective tissue"
1c7639828f,George,"a name , a surname, starting with G, People Given name"
c284e4a997,Seller,"A man of profit,a moderate profit makes good seller"
c284e4a997,Verb,"A basic grammer,if you know more verbs,you may write or talk fluently."
c284e4a997,Abandon,"A curse,sometimes we are forced to do so."
c284e4a997,Bone,"A skeleton,a base,needs calcium,"
c284e4a997,George,"Remembers King George,George Washington,a name of majesticity"
92ea18c297,Seller,who sells something
92ea18c297,Verb,occurence
92ea18c297,Abandon,relinquish
92ea18c297,Bone,white tissue in human body
92ea18c297,George,earth worker
96b38c5f01,Seller,brokerage
96b38c5f01,Verb,parts of speech
96b38c5f01,Abandon,i am sorry
96b38c5f01,Bone,human bone
96b38c5f01,George,shop quality
79dc741969,Seller,"he lies, is well dressed, he smiles, he is manipulative, he does not care about you"
79dc741969,Verb,"describes an action, has different tenses, describes something being done, something that will be done, something that happened"
79dc741969,Abandon,"leave, ignore, to discard something that needs us, to forget about something that should not be forgotten"
79dc741969,Bone,"slang for sex, is white, is breakable, it has muscles attached, it suffers from osteoporosis, is hard, it shapes the body"
79dc741969,George,"is the name of a president, is a male name, is the name of a famous actor"
86b3e23f9c,Seller,an individual who offers goods or services for a fee
86b3e23f9c,Verb,a word that conveys action
86b3e23f9c,Abandon,"to reject, to leave something or somebody in a state of desolation"
86b3e23f9c,Bone,a rigid organ which is a part of endoskeleton of vertebrates
86b3e23f9c,George,"farmer or an earth worker, the word has an origin in greek"
9fb171be25,Seller,"An item that sells in a certain way, a vendor."
9fb171be25,Verb,"The part of speech that expresses existence, action, or occurrence in most languages. A phrase or other construction used as a verb."
9fb171be25,Abandon,"To withdraw one's support or help from, especially in spite of duty, allegiance, or responsibility, A complete surrender of inhibitions."
9fb171be25,Bone,"The skeleton.  There are more than 200 different bones in the human body.
The fundamental plan or design"
9fb171be25,George,"Saint Died c. a.d. 303. 
Christian martyr and patron of England who, according to legend, slew a fearsome dragon.An English coin during the reign of Henry VIII, imprinted with a figure of Saint George."
53fc86fe99,Recipe,a combination of ingredients used to make a dish
53fc86fe99,Mom,a woman who has birthed and/or raised child/children.
53fc86fe99,Electric,a movement or flow of particles creating energy
53fc86fe99,Color,visual properties or attributes corresponding to man
53fc86fe99,Private,to not allow public or amongst anyother than ones self
bd9d0e089e,Recipe,"ingredients, food, pots, pans, baking, cooking"
bd9d0e089e,Mom,"loving, kind, tenderness, caring, busy, intellegent"
bd9d0e089e,Electric,"power, motercycle, water, global warming, solar power"
bd9d0e089e,Color,"blue, red, white, green, beautiful"
bd9d0e089e,Private,"blinds, relationship, kiss, affair,"
c284e4a997,Recipe,"Note for taste,related with kitchen,a guide for good food"
c284e4a997,Mom,"A love,affection and kind.always accepts our sins.uncomparable"
c284e4a997,Electric,The total energy of all universe and cosmic.Now a days without it we will be unable to do nuemerous thing.
c284e4a997,Color,"A Rainbow,without it our vision would be bored."
c284e4a997,Private,"Personal,a secret thing,sometimes a conspiracy"
33cd6db15a,Recipe,"Food preparation method,Written list of ingredients for preparing a dish,Collection of methods to prepare dishes and exotic food items."
33cd6db15a,Mom,"Mother, Full of love and warmth,Children's mother,Short form of mother,Caring person."
33cd6db15a,Electric,"Shocking ,Sudden effect,Something related to electricity,Operated by power,Fast,Not static."
33cd6db15a,Color,"Hue,Not white,Vibrant,Happy,vivid,paint,Tell with exaggeration,Add your own ideas."
33cd6db15a,Private,"Personal,Ones own,Not public property,Secret,Restricted access."
80668d06b1,Recipe,"a piece of text, a set of instructions, a formula, used as a reference for cooking, producing  other things like medicine"
80668d06b1,Mom,"a person, a female, a symbol of kindness and love, a hard working person, looks after family needs"
80668d06b1,Electric,"an object type, used as an expression to describe something that runs on electricity"
80668d06b1,Color,"visually sensed, a part of light, gives meaning to the world around us, can hold different meanings and symbols to different people"
80668d06b1,Private,"not public, relates to the status of a person, state of ownership (example: organisations), a limit to interference form outside parties"
2cfb3bdbcd,Recipe,dish
2cfb3bdbcd,Mom,mother
2cfb3bdbcd,Electric,current
2cfb3bdbcd,Color,rainbow
2cfb3bdbcd,Private,common soldier
6be52007c6,Recipe,"1. (Cookery) a list of ingredients and directions for making something, esp a food preparation
2. (Medicine) Med (formerly) a medical prescription
3. a method for achieving some desired objective a recipe for success"
6be52007c6,Mom,"Mysterious Origins of Man,Maker of Me,Mission Operations Meeting,Mars Observer Mission,Made of Miracles,Music for Our Mother earth"
6be52007c6,Electric,"(noun) electric 
a nonconductor of electricity, as amber, glass, resin, etc., employed to excite or accumulate electricity"
6be52007c6,Color,"Color can influence our emotions, our actions and how we respond to various people, things and ideas. Much has been studied and written about color and its impact on our daily lives.

Many people believe that colors are powers, and that colored stones are especially powerful. Here are some of the meanings of colors and the energies contained in their corresponding stones."
6be52007c6,Private,"(n.) A secret message; a personal unofficial communication.
(a.) Having secret or private knowledge; privy.
(n.) Privacy; retirement."
a47ba37efc,Recipe,a treat to the taste bud
a47ba37efc,Mom,a loveable person in the world
a47ba37efc,Electric,cant imagine a life without it
a47ba37efc,Color,makes the world enjoyable
a47ba37efc,Private,meant for very few
80a1c46dbd,Recipe,"Cooking, ingredients, cup, measurement, for disaster, follow closely, food, desserts, main dishes, casseroles, directions"
80a1c46dbd,Mom,"Parent, ancestor, relative, advisor, counselor, father's mate, adoptive"
80a1c46dbd,Electric,"powered, motorized, battery-operated, scooter, appliances, outage, plugs, outlets, switches, on and off, storm damage"
80a1c46dbd,Color,"hue, neutral, bright, crayons, decorating, skin type, lipsticks, eye shadows"
80a1c46dbd,Private,"personal, one-on-one, telephone line, secret, army status"
d6fbaf0859,Recipe,"written procedure of a how a particular food is being prepared, includes also the list of ingredients."
d6fbaf0859,Mom,"mother, a name fondly called for a mother"
d6fbaf0859,Electric,generated by energy that makes an object move or function
d6fbaf0859,Color,"pleasing to the eyes, gives life or visual impact on an object"
d6fbaf0859,Private,secluded not available to everyone
3dcbf90da5,Recipe,"directions to cooking,  road map to good food"
3dcbf90da5,Mom,"egg donor, female parent, Mother, Dame"
3dcbf90da5,Electric,"non gas operated,  fuel free, clean running"
3dcbf90da5,Color,"to dye,  to shade,  to tint,"
3dcbf90da5,Private,"not public,  elite, gated"
82f10f982d,Recipe,"the procedure to prepare a dish, step by step"
82f10f982d,Mom,the one who give birth. the most loving and caring person.
82f10f982d,Electric,which runs with electricity. works with electrical power.
82f10f982d,Color,the visual treat of the nature. rainbow is the perfect example.
82f10f982d,Private,which is not public.
6b2ac0ef88,Recipe,a written method of a way to cook something
6b2ac0ef88,Mom,the most dearest person
6b2ac0ef88,Electric,something which will give us shock
6b2ac0ef88,Color,matter through which we see everything
6b2ac0ef88,Private,the most intimate
4e7be62580,Recipe,a list of materials and directions for preparing a dish or drink
4e7be62580,Mom,mom is the word which is equal to god. giving birth to the child. taking care of her children's.
4e7be62580,Electric,"This is a scientist's definition of the word, where ""quantity of electricity"" means the same as ""quantity of charge."
4e7be62580,Color,"Color symbolism, color and personality, gemstone color & meaning. Color can influence our emotions, our actions and how we respond"
4e7be62580,Private,A secret message; a personal unofficial communication. (a.) Having secret or private knowledge; privy. (n.) Privacy ...
ffe27c2ab1,Recipe,makes prepare food
ffe27c2ab1,Mom,the most important person in our lives
ffe27c2ab1,Electric,make us connect to receive light
ffe27c2ab1,Color,can be dark or light or even something between
ffe27c2ab1,Private,private room in gentlemen's club
d9c623bfe7,Recipe,"from an Akkadian tablet, from southern Babylonia, instructions to cook,helps cooking, various types of food, Nutritional information, ingredients of dish,"
d9c623bfe7,Mom,"women, kind, caring, loving, lot of patience, high tolerance level, has self control, give birth to babies, cooks"
d9c623bfe7,Electric,"caused by elctricity, electrically charged particles, electric guitar, electric vehicles, lights up a place"
d9c623bfe7,Color,"red, blue, green, yellow, white, black, violet, pink, orange, purpule, paint, cosmetics, dye, brightness and variety, pigment"
d9c623bfe7,Private,"kept secret, restricted, salary is private matter, to be alone, not watched, not public, non government"
a7dca11140,Recipe,"food,tasty,method to cook"
a7dca11140,Mom,"mother,loving,caring"
a7dca11140,Electric,"shock,current,charge"
a7dca11140,Color,"beauty,attraction,paint,drawing"
a7dca11140,Private,"own,self,command"
2a6566d746,Recipe,"a set of instructions for preparing something,a method to achieve a desired goal,medical prescription on paper"
2a6566d746,Mom,"caretaker,mother,one who take care of her child ,guardian ,who gives birth to a child,presence of god on earth in form of human being."
2a6566d746,Electric,"something produced involving some current ,electric shock,something operated by electric currents like bell,something thrilling ."
2a6566d746,Color,"natural appearance of a skin ,complexion,distinctive quality ,quality of an object with respect to the light reflected by the object,naturally produced by nature."
2a6566d746,Private,"belonging to some particular person,confidential,not publically expressed,private property,choosen not to be dislosed."
b245d0513e,Recipe,list of ingredients and cooking method
b245d0513e,Mom,giver of life
b245d0513e,Electric,spontaneous power
b245d0513e,Color,a dye or paint
b245d0513e,Private,not open to public
a3c176fff2,Recipe,"directions on how to make a food item, ingrediants and directions"
a3c176fff2,Mom,"female parent, married to you dad, love, caring"
a3c176fff2,Electric,"energy source, static produces it, pay bill to run home"
a3c176fff2,Color,"hue, shade, race"
a3c176fff2,Private,"secret, personal, not known to all"
2622f61522,Recipe,"formula, food making, process of food making"
2622f61522,Mom,"ma, mama, mamma, mammy, momma, mommy, mum, mummy, mother"
2622f61522,Electric,"electric automobile, electric car, galvanic, galvanising, galvanizing, electrical"
2622f61522,Color,"colour, gloss, semblance, coloring, colouring, coloration, colouration, vividness, people of color, people of colour,"
2622f61522,Private,"buck private, common soldier, secret, individual"
7cf403bfc3,Recipe,statement of the ingredients and procedure required for preparing a cooked dish
7cf403bfc3,Mom,mother
7cf403bfc3,Electric,"of,worked by, or charged with electricity;producing or capable of generating electricity"
7cf403bfc3,Color,sensation produced on the eye by rays of light when resolved as by a prism into different wavelengths
7cf403bfc3,Private,"belonging to an individual,one's own,personal"
cd4699ed74,Recipe,instructions for cooking
cd4699ed74,Mom,"supporter, person who gives birth to child, person who teaches lessons and cares for"
cd4699ed74,Electric,"uses electric, powered by electriciy or batteries."
cd4699ed74,Color,pink blue purple green orange
cd4699ed74,Private,"not to be shared, secret, personal"
0da623e05b,Recipe,"1.
a set of instructions for making or preparing something, especially a food dish: a recipe for a cake.
2.
a medical prescription.
3.
a method to attain a desired end: a recipe for success."
0da623e05b,Mom,mother.short for momma
0da623e05b,Electric,"1.
pertaining to, derived from, produced by, or involving electricity: an electric shock.
2.
producing, transmitting, or operated by electric currents: an electric bell; electric cord.
3.
electrifying; thrilling; exciting; stirring: The atmosphere was electric with excitement.
4.
(of a musical instrument)
a.
producing sound by electrical  or electronic means: an electric piano.
b.
equipped with connections to an amplifier-loudspeaker system: an electric violin."
0da623e05b,Color,"1.
the quality of an object or substance with respect to light reflected by the object, usually determined visually by measurement of hue, saturation, and brightness of the reflected light; saturation or chroma; hue.
2.
the natural appearance of the skin, especially of the face; complexion: She has a lovely color.
3.
a ruddy complexion: The wind and sun had given color to the sailor's face.
4.
a blush: His remarks brought the color to her face.
5.
vivid or distinctive quality, as of a literary work: Melville's description of a whaling voyage is full of color."
0da623e05b,Private,"1.
belonging to some particular person: private property.
2.
pertaining to or affecting a particular person or a small group of persons; individual; personal: for your private satisfaction.
3.
confined to or intended only for the persons immediately concerned; confidential: a private meeting.
4.
personal and not publicly expressed: one's private feelings.
5.
not holding public office or employment: private citizens."
4f6ad7ae7e,Recipe,"taste for food, ingredients required, taste, in cooking, adds flavors."
4f6ad7ae7e,Mom,"mother, loved by all children, loved by husband, takes special care of her family and others, cooks food, does work at home, washes utensils, clothes, keeps everything clean."
4f6ad7ae7e,Electric,"causes shocks, gives connections, electrical appliances, risky to life, employed by humans,b dangerous when touched with water."
4f6ad7ae7e,Color,"adds beauty, loved by all, humans possess favorite colors, different colors, rainbow."
4f6ad7ae7e,Private,"secret, shared only between important persons, shared with great intimacy, proposals, offerings, bribe."
932ad1fc41,Recipe,"food recipe,spices recipe,recipe of manchurian,chinese food recipe."
932ad1fc41,Mom,"mom's love,care,step mom,eternal mom,loving mom."
932ad1fc41,Electric,"bulb,switch,wire,clock,board,connection."
932ad1fc41,Color,"pleasant clolr,danger color,rainbow colors,colors of life."
932ad1fc41,Private,"message,parts,life,cabin,jet,bus,bank,hospital."
9fafa148c1,Recipe,"formula, instruction to cook"
9fafa148c1,Mom,"mother, give birth, adores children, is very loving"
9fafa148c1,Electric,"energetic, thrilling, something exciting"
9fafa148c1,Color,"paint, bright, is colorful"
9fafa148c1,Private,"something personal, confidential, peoples' own thing"
fe5a703d9c,Recipe,"list of ingredients and procedures for preparing a dish, method to make a dish"
fe5a703d9c,Mom,"mother, woman, for her children"
fe5a703d9c,Electric,"current, worked by electricity, generated by current"
fe5a703d9c,Color,"colour,red,blue, green, black, white, etc"
fe5a703d9c,Private,"ones own, personal,belonging to anyone personally,not public"
e01ef2fec0,Recipe,Recipe
e01ef2fec0,Mom,Mom
e01ef2fec0,Electric,Electric
e01ef2fec0,Color,Color
e01ef2fec0,Private,Private
cdf81c2126,Recipe,a medical prescription
cdf81c2126,Mom,mother
cdf81c2126,Electric,"pertaining to, derived from, produced by, or involving electricity"
cdf81c2126,Color,a ruddy complexion
cdf81c2126,Private,personal and not publicly expressed
26c834f70e,Recipe,"can be followed to create a meal, has directions, has ingredient list, is often handed down, is often copied or imitated, does not have to be for food"
26c834f70e,Mom,"good, protective, apple pie, love, home, has kids, carries babies, is nurturing, everyone has one, someone from whom to come when things are tough, advice, may become grandma, is one parent"
26c834f70e,Electric,"needs electricity, plugs in, can be exciting ie; the atmosphere was electric, has a cord, does not need batteries"
26c834f70e,Color,"has intensity, adds beauty, can be used to create an atmosphere"
26c834f70e,Private,"reclusive, not meant to be seen by others, or read by others, access is open only to those who belong"
1c7639828f,Recipe,"set of instructions , contains informations  to prepare something, prescription, a formula"
1c7639828f,Mom,"person who has given birth to a child, who has responsibiity for the care of children, social female parent of a child"
1c7639828f,Electric,"involving electricity, charged with,conducting electricity,operated by electricity"
1c7639828f,Color,"the quality of an object or substance with respect to light reflected by the object,class of spectra that give rise to the same color sensation, many colors"
1c7639828f,Private,"belonging to some particular person, affecting a particular person, owened by a single person"
059682c8ca,Recipe,"used to create food, requires ingredients to be collected, creates meal that provides energy"
059682c8ca,Mom,"loving, stern, strict, punisher"
059682c8ca,Electric,"technology, allows for quicker work"
059682c8ca,Color,"helps differentiates between objects, brightens or darkens rooms, affects moods"
059682c8ca,Private,"quiet, peaceful, personal"
092a7875c8,Recipe,"a set of instructions for cooking or preparing a particular food
Cooks, cuisine and cookery: Mrs Beeton, chef, cook, cookery, cooking, cooking, cordon bleu cuisine, culinary, foodie"
092a7875c8,Mom,"mom - informal terms for a mother  
female parent, mother - a woman who has given birth to a child (also used as a term of address to your mother); ""the mother of three children"""
092a7875c8,Electric,"A type of energy that occurs due to the movement of electrons and protons in an oscillating pattern. Electricity is a source of power that is often used to provide light, heat buildings, or power on devices such as computers."
092a7875c8,Color,"Our reaction to color is instantaneous and this lens is a quick look at general responses based on research, historical significance of color and word association studies.

I have also included links to color personality tests that may give you some insight into your own color associations as well as how you react to different colors."
092a7875c8,Private,"A secret message; a personal unofficial communication.
(a.) Having secret or private knowledge; privy.
(n.) Privacy; retirement.
(a.) Belonging to, or concerning, an individual person, company, or interest; peculiar to one's self; unconnected with others; personal; one's own; not public; not general; separate; as, a man's private opinion; private property; a private purse; private expenses or interests; a private secretary.
(a.) Sequestered from company or observation; appropriated to an individual; secret; secluded; lonely; solitary; as, a private room or apartment; private prayer.
(n.) A common soldier; a soldier below the grade of a noncommissioned officer.
(a.) Not invested with, or engaged in, public office or employment; as, a private citizen; private life.
(n.) Personal interest; particular business.
(n.) The private parts; the genitals.
(n.) One not invested with a public office.
(a.) Not publicly known; not open; secret; as, a private negotiation; a private understanding."
418303bd19,Recipe,the content which has the details to prepare a food item
418303bd19,Mom,a women who give birth to a child
418303bd19,Electric,the invisible thing which flows through wire to make the bulbs and all electrical items to work
418303bd19,Color,"red, yellow, blue, etc... the world is full of color. all colors can be obtained from red, green and blue by mixing in various proportion"
418303bd19,Private,belongs to a single person who is the owner of that property
ce58ffe106,Recipe,"directions, ingredients, process, compound, method, technique, receipt, instructions, procedure"
ce58ffe106,Mom,"mother, child-bearer, parent, matron, ma, grandmother, mumsy, matriarch,"
ce58ffe106,Electric,"charged, juiced, voltaic, stimulating, power-driven, magnetic, AC, DC, boring, rousing"
ce58ffe106,Color,"pigment, chromaticity, coloring, intensity, luminosity, tincture, wash, tint, pigmentation, undertone"
ce58ffe106,Private,"personal, behind the scenes, discreet, hushed, not open, privy, secret, special, unofficial, independent"
9fb171be25,Recipe,"A set of directions with a list of ingredients for making or preparing something, especially food. . A medical prescription."
9fb171be25,Mom,Informal Mother. A woman.A female person who is pregnant with or gives birth to a child.A female ancestor.
9fb171be25,Electric,"Emotionally exciting; Amplified by an electronic device:
Of or related to sound created or altered by an electrical or electronic device."
9fb171be25,Color,"an attribute of things that results from the light they reflect, transmit, or emit in so far as this light causes a visual sensation that depends on its wavelengths
the aspect of visual perception by which an observer recognizes this attribute"
9fb171be25,Private,"Secluded from the sight, presence, or intrusion of others:
Belonging to a particular person or persons, as opposed to the public or the government"
95e2618c28,Recipe,"A set of directions with a list of ingredients for making or preparing something, especially food,. A formula for or means to a desired end,"
95e2618c28,Mom,Mother
95e2618c28,Electric,"Of, relating to, producing, or operated by electricity,Amplified by an electronic device"
95e2618c28,Color,"A substance, such as a dye, pigment, or paint, that imparts a hue.,hat aspect of things that is caused by differing qualities of the light reflected or emitted by them, definable in terms of the observer or of the light"
95e2618c28,Private,"Secluded from the sight, presence, or intrusion of others,Designed or intended for one's exclusive use"
2fad520828,Recipe,"Recipe: a set of instructions, preparing something, especially a food dish, a recipe for a cake, a medical prescription, a method to attain a desired end, a recipe for success."
2fad520828,Mom,"Mom: middle of month, an informal word for mother,chiefly,short for momma."
2fad520828,Electric,"Electric: pertaining to, derived from, produced by, involving electricity, an electric shock, producing, transmitting,operated by electric currents,an electric bell, electric cord."
2fad520828,Color,"Color: the quality of an object,substance with respect to light ,reflected by the object, usually determined visually by measurement of hue, saturation, brightness of the reflected light; saturation , chroma, hue."
2fad520828,Private,"Private: belonging to some particular person, private property,pertaining ,to  affecting a particular person , a small group of persons, individual, personal, for your private satisfaction."
a4153f408b,Recipe,"food, cooking , instructions"
a4153f408b,Mom,"mother, father, parents"
a4153f408b,Electric,"mechanical, electrical, car parts"
a4153f408b,Color,"green, purple, yellow"
a4153f408b,Private,"reserved,not public"
a99eff3ef7,Recipe,a list of materials and directions for preparing a dish or drink
a99eff3ef7,Mom,Mom is a person who has given birth to a child or who has responsibiity for the care of children
a99eff3ef7,Electric,"of, charged with, or conducting electricity"
a99eff3ef7,Color,Color is a component of light which is separated when it is reflected off of an object
a99eff3ef7,Private,"of, belonging to, or concerning a particular person or group"
19431af03e,Recipe,"A set of directions with a list of ingredients for making or preparing something, especially food."
19431af03e,Mom,informal terms for a mother
19431af03e,Electric,"derived from, produced by, producing, transmitting, or powered by electricity."
19431af03e,Color,"That aspect of things that is caused by differing qualities of the light reflected or emitted by them, definable in terms of the observer or of the light."
19431af03e,Private,"Secluded from the sight, presence, or intrusion of others,Designed or intended for one's exclusive use."
d2238a631b,Recipe,"a set of instructions for making or preparing something, especially a food dish: a recipe for a cake"
d2238a631b,Mom,Mother.
d2238a631b,Electric,"pertaining to, derived from, produced by, or involving electricity: an electric shock"
d2238a631b,Color,"That aspect of things that is caused by differing qualities of the light reflected or emitted by them, definable in terms of the observer or of the light, as"
d2238a631b,Private,belonging to some particular person: private property.
e592776b4d,Recipe,"compound, ingredients, instructions, method, modus operandi, prescription, procedure, process, program, receipt, technique"
e592776b4d,Mom,"mamma, mammary gland, florists' chrysanthemum, mommy, momma, milliampere, florist's chrysanthemum, mama, mum, mummy, ma"
e592776b4d,Electric,"electric automobile, electric, electric car
Antonyms: relaxed, unexciting"
e592776b4d,Color,"coloring, colouring, colouring material, people of color, vividness, colour, people of colour, colouration, food colouring, semblance, color, coloration, food color, gloss, food coloring, coloring material, food colour"
e592776b4d,Private,"buck private, common soldier, private"
1e7227a1f3,Recipe,"makes food, requires measurements, gives preheating guidelines, passed down through families, sometimes hard to make"
1e7227a1f3,Mom,"maid, chauffeur, caregiver, chef, loving, happy, doctor, laundry, dinner, comfort"
1e7227a1f3,Electric,"train, bus, car, lights, ballast, timer,"
1e7227a1f3,Color,"red, orange, yellow, green, blue, purple, bright, dull, white, black, brown, striped, zig zag,"
1e7227a1f3,Private,"secure, secret, personal, keep out, no trespassing, hide, withdrawn"
f89618c03c,Recipe,Directions for making something.
f89618c03c,Mom,Informal terms for a mother.
f89618c03c,Electric,A vehicle that is powered by electricity.
f89618c03c,Color,A visual attribute of things that results from the light they emit or transmit or reflect.
f89618c03c,Private,Confined to particular persons or groups or providing privacy.
a878e75949,Recipe,"meal, directions, instructions, cook, bake"
a878e75949,Mom,"parent, female, mentor, loves, gave birth to, protector, encourager"
a878e75949,Electric,"lights, power, exciting, lamp, bill"
a878e75949,Color,"paint, crayons, dye, pigment, brighten"
a878e75949,Private,"secure, not for public knowledge, personal"
41e63f1eda,Recipe,"for restaurants menu ,for home made foods, for chefs work,award winning recipe, recipe book for gift, recipe with good test,recipe for dinner ,lunch ,breakfast,special occasions recipe,recipe for guests,recipe with difference,recipe at party,at office,to someone who loves."
41e63f1eda,Mom,"3 words of love & truth,has big & kind heart,takes hard work for her child,kind of god,always with man till he alives,different from man's wife ,always happy in her children's happiness,can do anything to survive her child in the world over,every one has only one mom in his life.her mere presence is the big confidence & power for struggle to her son/daughter.No one can replace mom.More careful her baby than dad.Always supports her child in sorrow & happiness,in joy & times of worst.Shows the life to her child.ready to spend her whole life for her child to become man."
41e63f1eda,Electric,"current causes accidents,supply for life,circuits may break up,electric stove, iron,oven for easy cooking & fast action.engineer for electrical set up,electric shocks for mental recovery, electric machine for survival, electric current to light up happy moments in life.Need of the day.Much needed when climate changes to hot & humid,electric shock of 415 watts .electric movements in emergency.electric supply board ,electric automation,electricity generation by tidal winds,electrical equipments for offices & shops.Electric in dark night village,electrical job at domain hub."
41e63f1eda,Color,"basically 7 ,all comes to white, color for walls for life, color of shirts,pants,dress,color of skin,color of soil,color of sky ,color of blood,color of night, dream color ,color girl, magic color, color of success, fall in color, color for eyes, bright or dull, sharp or shaddy,water color or color in paints,colorful life, color someone's life, color in common, color of location,colorful color."
41e63f1eda,Private,"private not for public, company limited or profile of person,private places for females & males.private in restaurants,private at bar,private policy of government,privately owned for purpose, private entrance ,private room in house,private person ,private relationships,private property,private peoples for party, privatisation policy in place,private modes of transportation ,private generators by company, private tools & techniques by engineer, privacy in life, private & personal things not to disclose,private for children."
9abdd2e7cc,Recipe,"A menu, list of ingredients, how to do something"
9abdd2e7cc,Mom,"a female who has children, also called Mother"
9abdd2e7cc,Electric,"lights, also called electricy"
9abdd2e7cc,Color,"Not black or white, yellow, pink, red, blue"
9abdd2e7cc,Private,"not open to the public, closed to certain people"
408c124331,Recipe,contains the ingredients and the method of preparing food.
408c124331,Mom,"Our mother, has two eyes, one nose and a mouth, has two legs and two hands and does everything for the children."
408c124331,Electric,"electric passes through the wire and we get the light, one should be careful of electric current as is gives us shock if not handled in a proper way."
408c124331,Color,"There are  different types of colours.  Primary colors are red, blue, green and yellow.  There are seven colors in a rainbow"
408c124331,Private,It is something that someone owns.  It is ones own property.
86dc19ebbd,Recipe,"formula, guidelines, instructions, method, steps"
86dc19ebbd,Mom,"mother, care for, protector"
86dc19ebbd,Electric,"electricity, electric current, exciting, thrilling"
86dc19ebbd,Color,"dye, tint, shade, paint"
86dc19ebbd,Private,"confidential, personal, secret"
2486e8fbec,Recipe,"ingredients, procedure, protocol, a method"
2486e8fbec,Mom,"maternal, parent, care taker"
2486e8fbec,Electric,"power, force"
2486e8fbec,Color,"dye, stain,chrome"
2486e8fbec,Private,"self, auto, own"
4693549b36,Recipe,"mixture, receipt"
4693549b36,Mom,"Microsoft Operations Manager , mother"
4693549b36,Electric,"current, snow goggles"
4693549b36,Color,"spectrum of light, red, green, yellow"
4693549b36,Private,"military rank,independent"
dcf44e6284,Recipe,"a set of instructions for making or preparing something, especially a food dish: a recipe for a cake,a medical prescription,a method to attain a desired end: a recipe for success"
dcf44e6284,Mom,mother
dcf44e6284,Electric,"A nonconductor of electricity, as amber, glass, resin, etc., employed to excite or accumulate electricity,a car that is powered by electricity"
dcf44e6284,Color,"the quality of an object or substance with respect to light reflected by the object, usually determined visually by measurement of hue, saturation, and brightness of the reflected light; saturation or chroma; hue. 
the natural appearance of the skin, especially of the face; complexion
a ruddy complexion 
a blush,vivid or distinctive quality, as of a literary work"
dcf44e6284,Private,"belonging to some particular person,personal and not publicly expressed,not holding public office or employment"
d16a3250bc,Recipe,"taste, smell"
d16a3250bc,Mom,"love, god"
d16a3250bc,Electric,"light,tube, bulb, wire"
d16a3250bc,Color,"green, yellow, black, white"
d16a3250bc,Private,"my own, myself"
09fd7b201b,Recipe,"is a method of preparing dish, has ingredients, used professionally"
09fd7b201b,Mom,"birth giver, care taker, gives love"
09fd7b201b,Electric,"useful invention, automates many things, cheaper fuel"
09fd7b201b,Color,"signifies something, present on objects, symbolizes something"
09fd7b201b,Private,"owned by oneself, not for others, always secret"
1e695ef57f,Recipe,"directions; instructions; step plan; for food, relates to ingredients; in a cook book, written"
1e695ef57f,Mom,"mother, has children, nurturing, young,"
1e695ef57f,Electric,"source of power, form of energy, alternative to gas, sometimes dangerous, gotten from coal or water,"
1e695ef57f,Color,"characteristic, relates to light, relates to sight, can help differentiate items"
1e695ef57f,Private,"non-public, relates to privacy, related to confidentiality, secrets, not in the public domain, modesty"
4ca6ab6631,Recipe,set of instructions how to prepare  make something consist of several components The name of the dish time take to prepare required ingredients quantities depicting the preparation of food.
4ca6ab6631,Mom,"mother, woman who has raised a child, given birth to a child, supplied the ovum Save the Children assimilative and communion-enhancing more likely than fathers"
4ca6ab6631,Electric,"flow of electric charge.lightning, static electricity, electrical current charged particles measured in amperes. vicinity."
4ca6ab6631,Color,"visual perceptual property red, green, blue and others.derives from the spectrum of light ""visible light"""
4ca6ab6631,Private,"own, , control, bequeath land, capital, ownership over the means of production.Advocates of capitalism"
6de7385300,Recipe,Recipe:is a method or steps to prepare recipes/food
6de7385300,Mom,"Mom:It is the short form of word Mother,express love,Beautiful"
6de7385300,Electric,"Electic:is a power,shock"
6de7385300,Color,"Color:is a shade,painting"
6de7385300,Private,Private:is a personal
4baffedf4f,Recipe,food
4baffedf4f,Mom,mother
4baffedf4f,Electric,electricity
4baffedf4f,Color,jg
4baffedf4f,Private,personal
24a08f9d6b,Recipe,"A set of directions with a list of ingredients for making or preparing something, especially food,A formula for or means to a desired end: a recipe for success,A medical prescription."
24a08f9d6b,Mom,"Mother ,ma, mama, mamma, momma, mommy, mummy, mum, mammy,female parent,a woman who has given birth to a child."
24a08f9d6b,Electric,Of or related to sound created or altered by an electrical or electronic device.Amplified by an electronic device: an electric guitar.an electric train
24a08f9d6b,Color,"an attribute of things that results from the light they reflect, transmit, or emit in so far as this light causes a visual sensation that depends on its wavelengths,the skin complexion of a person, esp as determined by his race,a colour, such as red or green, that possesses hue, as opposed to achromatic colours such as white or black."
24a08f9d6b,Private,"Secluded from the sight, presence, or intrusion of others: a private hideaway,a private room.private studies; private research."
0da623e05b,Test,"the means by which the presence, quality, or genuineness of anything is determined; a means of trial.a set of standardized questions, problems, or tasks designed to elicit responses for use in measuring the traits, capacities, or achievements of an individual."
0da623e05b,Danger,liability or exposure to harm or injury; risk; peril.an instance or cause of peril; menace.
0da623e05b,Hallway,"a corridor, as in a building.an entrance hall."
0da623e05b,Characteristic,a distinguishing feature or quality: Generosity is his chief characteristic.indicating the character  or peculiar quality of a person or thing; typical; distinctive: Red and gold are the characteristic colors of autumn.
0da623e05b,Heart,"a hollow, pumplike organ of blood circulation, composed mainly of rhythmically contractile smooth muscle, located in the chest between the lungs and slightly to the left and consisting of four chambers: a right atrium that receives blood returning from the body via the superior and inferior vena cavae, a right ventricle that pumps the blood through the pulmonary artery to the lungs for oxygenation, a left atrium that receives the oxygenated blood via the pulmonary veins and passes it through the mitral valve, and a left ventricle that pumps the oxygenated blood, via the aorta, throughout the body.
the homologous structure in other vertebrates, consisting of four chambers in mammals and birds and three chambers in reptiles and amphibians.the center of emotion, especially as contrasted to the head as the center of the intellect: His head told him not to fall in love, but his heart had the final say."
a4153f408b,Test,"Try,exam, trial,"
a4153f408b,Danger,"Risky, risk, dangerous, bad, bad outcome"
a4153f408b,Hallway,"hall, way, isle, house halls,"
a4153f408b,Characteristic,"ways, descriptions"
a4153f408b,Heart,"human heart, organ"
90461b47f6,Test,"an exam. of ability, checking of desired outcome, occurs mostly in schools & colleges, tells strength, can be written or vocal, in hospitals to detect diseases, is a pre-using report, people cheat in, passing a test means success."
90461b47f6,Danger,"possibility of happening unpleasant or bad, damages or destroys something, that will injure or kill somebody, due to natural disasters, threatens after theft or robbery, from wild animals, other name for serious alarming problem."
90461b47f6,Hallway,"An entrance hall, way through Hall, starts with main gate, makes corridor in a building, upper covering is ceiling,leads to dinning & living areas."
90461b47f6,Characteristic,"very typical, specific property,  helps to identify, a distinguishing mark or trait, can be the integral part of a common logarithm, can be smell, action, sound, sensation, behavior etc.,"
90461b47f6,Heart,"An organ in chest circulates blood, organ without bones, transports oxygen in body, place where feelings and emotions are thought, is 4 chambered, used to fall in affairs, beats continuously to let alive the organism, pumps blood, sign of  Love-affection, most essential part of body,"
2622f61522,Test,"mental test, mental testing, psychometric test, trial run, tryout, exam, examination, quiz,"
2622f61522,Danger,"peril, risk"
2622f61522,Hallway,hall
2622f61522,Characteristic,"feature, specifications"
2622f61522,Heart,"affection, affectionateness, love, life, pulse."
059682c8ca,Test,"stress, improvement of a product, understanding of possibility of hypothesis"
059682c8ca,Danger,"fear, sweat, fast pulse"
059682c8ca,Hallway,"lined with doors, lined with windows, long corridor, short corridor, walking"
059682c8ca,Characteristic,"specific to a person or thing, unique quality"
059682c8ca,Heart,"pumping, blood, heartbeat, life"
55db87867f,Test,"determine quality, presence , a trial, examination."
55db87867f,Danger,"risk,peril,exposure to harm"
55db87867f,Hallway,"corridor,entrance hall, interior passage"
55db87867f,Characteristic,"qualities of a person,traits,properties of an element."
55db87867f,Heart,"chambered muscular organ,courage,resolution, fortitude"
a878e75949,Test,"quiz, exam, trial, try out, judge"
a878e75949,Danger,"watch out, scary, intimidating, risky"
a878e75949,Hallway,"aisle, path, entrance, way to class"
a878e75949,Characteristic,"trait, personality, description, type"
a878e75949,Heart,"organ, muscle, Valentines, love, broken, palpitation, cardio, cardiac arrest"
2cfb3bdbcd,Test,exam
2cfb3bdbcd,Danger,a cause of pain
2cfb3bdbcd,Hallway,an interior passage
2cfb3bdbcd,Characteristic,feature
2cfb3bdbcd,Heart,the courage to carry on
974447e713,Test,"to analyses the skills, to find the ability."
974447e713,Danger,"Red is indicating the danger.  red cross, he is in beyond the danger"
974447e713,Hallway,"place, city"
974447e713,Characteristic,"quality, habits of man or woman."
974447e713,Heart,"should beat regularly, without stop"
3da9244fa0,Test,"Trial, proof, experiment, demonstration, essay."
3da9244fa0,Danger,"Risk, peril, jeopardy, exposure."
3da9244fa0,Hallway,"Passage, lobby, corridor, aisle."
3da9244fa0,Characteristic,"Feature, peculiarity, trait, distinction."
3da9244fa0,Heart,"Muscle, pump, goodness, generosity."
8f659dbf2f,Test,Exam assessment
8f659dbf2f,Danger,jeopardy harm
8f659dbf2f,Hallway,lobby corridor
8f659dbf2f,Characteristic,trait aspect
8f659dbf2f,Heart,love organ centre home
b6763f7c1d,Test,"Means of trial,Judgment; distinction; discrimination. 
To refine, as gold or silver, in a test, or cupel; to subject to cupellation. 
To put to the proof; to prove the truth, genuineness, or quality of by experiment, or by some principle or standard; to try; as, to test the soundness of a principle, A witness, examine someone''s knowledge of something"
b6763f7c1d,Danger,Authority; jurisdiction; control. Difficulty; sparingness. Coyness; disdainful behavior. To endanger. the condition of being susceptible to harm or injury
b6763f7c1d,Hallway,"an entrance hall,concourse, corridor, gallery, hall, passage, passageway ,▪ Her office is at the end of the hallway."
b6763f7c1d,Characteristic,"Typical of a particular person, place, or thing.\


pertaining to, constituting, or indicating the character  or peculiar quality of a person or thing; typical; distinctive,  attribute, property,feature, a distinguishing trait"
b6763f7c1d,Heart,"The seat of the affections or sensibilities, collectively or separately, as love, hate, joy, grief, courage, and the like; rarely, the seat of the understanding or will; usually in a good sense, when no epithet is expressed; the better or lovelier part of our nature; the spring of all our actions and purposes; the seat of moral life and character; the moral affections and character itself; the individual disposition and character; as, a good, tender, loving, bad, hard, or selfish heart. 
One of a series of playing cards, distinguished by the figure or figures of a heart; as, hearts are trumps. Vital part; secret meaning; real intention. A term of affectionate or kindly and familiar address."
108b955446,Test,it is a procedure to measure our knowledge or qualification.
108b955446,Danger,situation or object which cause physical damage for us.
108b955446,Hallway,a path through with people walking to the main hall.
108b955446,Characteristic,some character which is exclusive for person or some other.
108b955446,Heart,its a main part of animals which pumps blood to different parts of the body through blood vessels.
f7b3670f31,Test,"is challenging, competitive, proving yourself, testing your caliber, knowledge, result based, aiming to achieve something, find the best side of something."
f7b3670f31,Danger,"Life threatening, not pleasant, risky."
f7b3670f31,Hallway,"entry, passage, hall."
f7b3670f31,Characteristic,"features, property of something, defining something"
f7b3670f31,Heart,"feelings, left side of the body, connects very fast to the other hearts, positive, which always feel and think good for others, life."
ce58ffe106,Test,"examination, essay, dry run, quiz, inspection, investigation, ordeal, pop quiz, proof, corroboration,"
ce58ffe106,Danger,"hazard, uncertainty, troublesome situation, vulnerability, risky business, instability, exposure, endangerment"
ce58ffe106,Hallway,"foyer, entrance way, corridor, entrance,"
ce58ffe106,Characteristic,"trait, bearing, affection cast, distinction earmark, differentia, caliber, attribute, typical feature, property, thumbprint"
ce58ffe106,Heart,"person's emotions, compassion, response, affection, pity, disposition, feelings, soul, inclination, love, understanding"
1e695ef57f,Test,"related to school or profession, has answers, has questions, has right and wrong solutions, may be preliminary, often based on time pressure, often marks end of learning session, may involved answer sheet."
1e695ef57f,Danger,"may involve physical peril, may be preceded by warning or alarm, desirable to avoid, may involve harm, may involve lack of attentiveness, may involve unexpected conditions"
1e695ef57f,Hallway,"corridor, part of building, frequently narrow, connects rooms, may be dark, may not have windows, generally flat, often carpeted"
1e695ef57f,Characteristic,"trait, generality, may not apply to all cases, may be subjective, may be uncertain, may be a steretype, may be helpful in making judgments, may assist in differentiating things"
1e695ef57f,Heart,"is an organ, in chest, pumps blood, beats, is red, pulses, has attacks, is important to staying alive, romantic symbol"
a7dca11140,Test,"exam, checking ability,examine"
a7dca11140,Danger,"fear,accident,loss"
a7dca11140,Hallway,"passage,corridor, resting space"
a7dca11140,Characteristic,"features, important details,main things"
a7dca11140,Heart,"life,love, pumping blood"
6be52007c6,Test,". A procedure for critical evaluation; a means of determining the presence, quality, or truth of something; a trial: a test of one's eyesight; subjecting a hypothesis to a test; a test of an athlete's endurance.
2. A series of questions, problems, or physical responses designed to determine knowledge, intelligence, or ability.
3. A basis for evaluation or judgment: ""A test of democratic government is how Congress and the president work together"" (Haynes Johnson).
4. Chemistry
a. A physical or chemical change by which a substance may be detected or its properties ascertained.
b. A reagent used to cause or promote such a change.
c. A positive result obtained.
5. A cupel."
6be52007c6,Danger,"1. the state of being vulnerable to injury, loss, or evil; risk
2. a person or thing that may cause injury, pain, etc.
3. Obsolete power"
6be52007c6,Hallway,"an interior passage or corridor onto which rooms open; ""the elevators were at the end of the hall""
hall
ceiling - the overhead upper surface of a covered space; ""he hated painting the ceiling""
concourse - a wide hallway in a building where people can walk
corridor - an enclosed passageway; rooms usually open onto it
floor, flooring - the inside lower horizontal surface (as of a room, hallway, tent, or other structure); ""they needed rugs to cover the bare floors""; ""we spread our sleeping bags on the dry floor of the tent""
wall - an architectural partition with a height and length greater than its thickness; used to divide or enclose an area or to support another structure; ""the south wall had a small window""; ""the walls were covered with pictures"""
6be52007c6,Characteristic,"adjective
1.
Also, char·ac·ter·is·ti·cal. pertaining to, constituting, or indicating the character  or peculiar quality of a person or thing; typical; distinctive: Red and gold are the characteristic colors of autumn.
noun
2.
a distinguishing feature or quality: Generosity is his chief characteristic.
3.
Mathematics .
a.
the integral part of a common logarithm. Compare mantissa.
b.
the exponent of 10 in a number expressed in scientific notation.
c.
the smallest positive integer n  such that each element of a given ring added to itself n  times results in 0."
6be52007c6,Heart,"Heart 2

Definition: The seat of the affections or sensibilities, collectively or separately, as love, hate, joy, grief, courage, and the like; rarely, the seat of the understanding or will; usually in a good sense, when no epithet is expressed; the better or lovelier part of our nature; the spring of all our actions and purposes; the seat of moral life and character; the moral affections and character itself; the individual disposition and character; as, a good, tender, loving, bad, hard, or selfish heart."
0ff6f25e1c,Test,It is a bird
0ff6f25e1c,Danger,It create danger to fish
0ff6f25e1c,Hallway,water and ponds
0ff6f25e1c,Characteristic,Wings with feather
0ff6f25e1c,Heart,loveable and very hearty
fa6265796a,Test,A basis for evaluation or judgment
fa6265796a,Danger,"vulnerability to harm or risk, be careful before doing"
fa6265796a,Hallway,An entrance hall
fa6265796a,Characteristic,a distinguishing quality
fa6265796a,Heart,In one's deepest feelings & emotions
f89618c03c,Test,"Trying something to find out about it.
Any standardized procedure for measuring sensitivity or memory or intelligence or aptitude etc."
f89618c03c,Danger,"The condition of being susceptible to harm or injury.
A cause of pain or injury or loss."
f89618c03c,Hallway,An interior passage or corridor onto which rooms open.
f89618c03c,Characteristic,"A prominent aspect of something.
A distinguishing quality."
f89618c03c,Heart,The hollow muscular organ whose rhythmic contractions pump blood through the body.
a99eff3ef7,Test,A test is an examination or an evaluation
a99eff3ef7,Danger,"liability to injury, damage, loss or pain"
a99eff3ef7,Hallway,a passageway or room between the entrance and the interior of a building
a99eff3ef7,Characteristic,The definition of characteristic is a quality or trait
a99eff3ef7,Heart,The heart is the organ that controls the flow of blood in the body. It is also considered the center of human emotion
0aca162d17,Test,a short examination of skill
0aca162d17,Danger,a cause of harm
0aca162d17,Hallway,an interior passage or corridor onto which rooms open
0aca162d17,Characteristic,typical of a particular thing
0aca162d17,Heart,the central or innermost part
cdf81c2126,Test,a means of trial
cdf81c2126,Danger,a means of tria
cdf81c2126,Hallway,an entrance hall.
cdf81c2126,Characteristic,a distinguishing feature or quality
cdf81c2126,Heart,capacity for sympathy
d2ad3c02a0,Test,"quiz, aimed to see how intelligent you are, pass or fail, nervous and anxious"
d2ad3c02a0,Danger,"bad feeling, bad situation to be in, harmful, hurt and pain"
d2ad3c02a0,Hallway,"corridor, a place to walk through, a main entrance way, not a main room"
d2ad3c02a0,Characteristic,"something about a person, good or bad, a feature to identify something"
d2ad3c02a0,Heart,"the main body organ, required for life, responsible for love, broken heart"
af2803583c,Test,The act of subjecting to experimental test in order to determine how well something works
af2803583c,Danger,Exposure or vulnerability to harm or risk.
af2803583c,Hallway,a hall or corridor
af2803583c,Characteristic,"Pertaining to, or serving to constitute, the character"
af2803583c,Heart,"A hollow, muscular organ, which, by contracting rhythmically, keeps up the circulation of the blood."
2b15616b23,Test,means like exam
2b15616b23,Danger,is like exposure to harmthings
2b15616b23,Hallway,ia an interior passage
2b15616b23,Characteristic,it is a feature that describes about something
2b15616b23,Heart,is a main part of the human body to pump purified bloods
fe5a703d9c,Test,"exam, checking the ability,shell of some invertebrates"
fe5a703d9c,Danger,"harm, thing that cause harm"
fe5a703d9c,Hallway,"entrance-hall, corridor"
fe5a703d9c,Characteristic,"feature, quality, typical"
fe5a703d9c,Heart,"interior part of the body, the organ that pump blood to all part of the body center of thought"
6c7df926ad,Test,"it gives confidance,test a basic of always, test gives knowege"
6c7df926ad,Danger,"this area is bad, it gives sad"
6c7df926ad,Hallway,"main way, a sraitway"
6c7df926ad,Characteristic,"manegers charactershic important on bussinesds, charactor main part of our life, charactor tell on our feature"
6c7df926ad,Heart,"lovers gives on heart , heart mens love, bettar heart gives bettar persons"
2f2d675e23,Test,"A set of questions or exercises evaluating skill or knowledge.
Ex-when the test was stolen the professor had to make a new set of questions"
2f2d675e23,Danger,"The condition of being susceptible to harm or injury.
Ex-There was a danger he would do the wrong thing."
2f2d675e23,Hallway,"An interior passage or corridor onto which rooms open.
Ex-The elevators were at the end of the hallway."
2f2d675e23,Characteristic,"A prominent attribute or aspect of something.
Ex-Generosity is one of his best characteristics."
2f2d675e23,Heart,"The locus of feelings and intuitions.
Ex-He stood still, his heart thumping wildly."
2a6566d746,Test,"means of trial,process,method of trying something ,set of questions,problems,rial of the quality of something ,to make assurance whether statement given is true or not."
2a6566d746,Danger,"exposure to harm,liability to all kinds of injury,risk."
2a6566d746,Hallway,"corridor,passage,space as seen in buildings,an entrance hall."
2a6566d746,Characteristic,"indication of the character,peculiar quality of something ,distinguish feature,typical distinctive quality."
2a6566d746,Heart,"pump like organ of blood ciculation ,hollow,capacity for something feeling ,intimacy,centre of emotion,centre of one,s personality ."
fd1a1cbbc3,Test,"test, mental test, tryout, trial, tribulation, exam, audition, psychometric test, mental testing, visitation, examination, trial run, run"
fd1a1cbbc3,Danger,"peril, risk, jeopardy, risk of infection, risk, peril, riskiness, risk of exposure, hazard, danger, endangerment"
fd1a1cbbc3,Hallway,"antechamber, entrance hall, hallway, mansion, dorm, anteroom, hall, student residence, mansion house, foyer, manse, residence hall, residence, lobby, dormitory, manor hall, vestibule"
fd1a1cbbc3,Characteristic,"characteristic, feature, feature of speech, device characteristic, lineament, feature article, feature film"
fd1a1cbbc3,Heart,"affection, embrace, affectionateness, substance, tit, philia, meat, centre, center, tenderness, core, titty, marrow, sum, nerve, ticker, nub, kernel, nitty-gritty, boob, spirit, gist, warmness, inwardness, pith, heart, bosom, pump, essence, mettle, warmheartedness, knocker, heart and soul, fondness, breast, spunk, eye, middle"
c284e4a997,Test,"An examination,a tough task,a fearful thing to complete"
c284e4a997,Danger,"An encounter,remembers god,needs some one to be with us"
c284e4a997,Hallway,"A passage,a corridor, a long but narrow lane"
c284e4a997,Characteristic,"Some aspects,not same,a specific one"
c284e4a997,Heart,"A pump station,symbol of love,life giver,an important organ to keep well"
2773fc01ba,Test,"medical,exams,college,job,interview"
2773fc01ba,Danger,"red zone,red,death,no mans land"
2773fc01ba,Hallway,"huge,building,palace,"
2773fc01ba,Characteristic,"attributes,personality,upbringing,raise,ability"
2773fc01ba,Heart,"pump,life,stop, disease,death"
cd99a04ede,Test,"exam, evaluate, tube"
cd99a04ede,Danger,"warning, alert, scared, fear"
cd99a04ede,Hallway,"long, narrow, mirrored, entrance, building"
cd99a04ede,Characteristic,"trait, personality, mannerism, description"
cd99a04ede,Heart,"throbbing, beating, attack, pacemaker, love, valentine"
2486e8fbec,Test,"examine, diagnose, assay, check"
2486e8fbec,Danger,"evil, terror, horror, fearsome"
2486e8fbec,Hallway,"passage, indoor, corridor"
2486e8fbec,Characteristic,"feature, appearance, discription"
2486e8fbec,Heart,"pump, organ, love, core"
6535a83758,Test,"a procedure for evaluation,a series of questions,examination,assessment"
6535a83758,Danger,"troublesome situation, hazard,exposure to injury,typical, distinctive"
6535a83758,Hallway,"corridor, entrance way,archway,lobby"
6535a83758,Characteristic,"trait, distinguishing feature,aspect,typical"
6535a83758,Heart,"pumps blood,muscular organ,part of the circulatory system,vital organ"
b98951c546,Test,"A procedure for critical evaluation; a means of determining the presence, quality, or truth of something; a trial. A series of questions, problems, or physical responses designed to determine knowledge, intelligence, or ability.A basis for evaluation or judgment:"
b98951c546,Danger,"the state of being vulnerable to injury, loss, or evil; risk.a person or thing that may cause injury, pain, etc."
b98951c546,Hallway,an interior passage or corridor onto which rooms open. A wide hallway in a building where people can walk
b98951c546,Characteristic,"Being a feature that helps to distinguish a person or thing; distinctive.A feature that helps to identify, tell apart, or describe recognizably; a distinguishing mark or trait.Exhibiting the qualities or characteristics that identify a group or kind or category"
b98951c546,Heart,"he chambered muscular organ in vertebrates that pumps blood received from the veins into the arteries, thereby maintaining the flow of blood through the entire circulatory system.The area that is the approximate location of the heart in the body; the breast.The vital center and source of one's being, emotions, and sensibilities.
b. The repository of one's deepest and sincerest feelings and beliefs.The seat of the intellect or imagination."
95e2618c28,Test,"A procedure for critical evaluation; a means of determining the presence, quality, or truth of something; a trial"
95e2618c28,Danger,"Exposure or vulnerability to harm or risk,A source or an instance of risk or peril."
95e2618c28,Hallway,"A corridor in a building,An entrance hall."
95e2618c28,Characteristic,"a distinguishing quality, attribute, or trait"
95e2618c28,Heart,"The vital center and source of one's being, emotions, and sensibilities,The repository of one's deepest and sincerest feelings and beliefs"
86dc19ebbd,Test,"examination, experiment, investigation, check, analysis"
86dc19ebbd,Danger,"hazard, risk, peril, threat, menace"
86dc19ebbd,Hallway,"hall, entry, lobby, foyer, passage"
86dc19ebbd,Characteristic,"feature, quality, attribute, point"
86dc19ebbd,Heart,"pumps blood to all parts of the body, circulatory system, mind, spirit, empathy, feeling"
3ef0f47986,Test,exam.
3ef0f47986,Danger,unsecured
3ef0f47986,Hallway,corridor
3ef0f47986,Characteristic,distinguishing feature
3ef0f47986,Heart,Organ that pumps blood
1c7639828f,Test,"checking, make sure, examine , try, trial, observation, evaluation"
1c7639828f,Danger,"suffering harm or injury, risk , threat,"
1c7639828f,Hallway,"an interior passage , corridor, narrow way"
1c7639828f,Characteristic,"Typical of a particular person, place, or thing, feature,  specific property"
1c7639828f,Heart,"Organ, Which pumps blood, heart in shape, always beats"
932ad1fc41,Test,"cookery,school,tution,foodgrains,milk,oil,life,personality."
932ad1fc41,Danger,"road,place,highway,red,mountain,building."
932ad1fc41,Hallway,"hall,room,house."
932ad1fc41,Characteristic,"bird,person,animal,human,material."
932ad1fc41,Heart,"beat,attack,full,beloved,willing."
9fb171be25,Test,"A procedureA reagent used to cause or promote such a change. for critical evaluation;a trial:subjecting a hypothesis to a test,A series of questions,"
9fb171be25,Danger,"Exposure or vulnerability to harm or risk.Obsolete Power, especially power to harm.A source or an instance of risk or peril."
9fb171be25,Hallway,A corridor in a building.An entrance hall.
9fb171be25,Characteristic,"A feature that helps to identify,tell apart, a distinguishing mark or trait."
9fb171be25,Heart,"The chambered muscular organ in vertebrates that pumps blood received from the veins into the arteries, thereby maintaining the flow of blood through the entire circulatory system."
934c167e80,Test,"EXPERIMENTATION,TRIAL,CONFIRMATION,EXAMINE,SUBSTANTIATE,VERIFICATION,TO CHECK,PROVE,PROBATIONARY"
934c167e80,Danger,"STATE OF BEING EXPOSED TO INJURY,PAIN OR LOSS,HAZARD,JEOPARDY,PERIL,RISK,MENACE,THREAT."
934c167e80,Hallway,"PASSAGE,CORRIDOR,COULOIR,HALL,PASSAGEWAY"
934c167e80,Characteristic,"INDIVIDUAL,PECULIAR,PARTICULAR,SPECIAL,DISTINCTIVE,NORMAL,REGULAR,TYPICAL,BIRTHMARK,FEATURE,POINT,"
934c167e80,Heart,"BOSOM,BREAST,SOUL,COURAGE,CENTER,FOCAL POINT,FOCUS,HUB,NERVE CENTER,POLESTAR,"
4a9f5f3915,Test,it is an evaluation based on questions or procedures to qualify to somebody or something
4a9f5f3915,Danger,Exposition to suffer damage
4a9f5f3915,Hallway,An entrance
4a9f5f3915,Characteristic,A trait that distinguish something
4a9f5f3915,Heart,The muscular organ that pumps the blood
24a08f9d6b,Test,"evaluation; a means of determining the presence, quality, or truth of something; a trial: a test of one's eyesight; subjecting a hypothesis to a test; a test of an athlete's endurance,o undergo a test."
24a08f9d6b,Danger,"Exposure or vulnerability to harm or risk,a person or thing that may cause injury, pain,critically ill in hospital,the state of being vulnerable to injury, loss, or evil; risk."
24a08f9d6b,Hallway,"An entrance hall,A corridor in a building,an interior passage or corridor onto which rooms open;"
24a08f9d6b,Characteristic,"A feature that helps to identify, tell apart, or describe recognizably; a distinguishing mark or trait,a distinguishing quality, attribute, or trait,the integral part of a common logarithm."
24a08f9d6b,Heart,"The chambered muscular organ in vertebrates that pumps blood received from the veins into the arteries, thereby maintaining the flow of blood through the entire circulatory system,The vital center and source of one's being, emotions, and sensibilities,Love; affection,Emotional constitution, basic disposition, or character."
e01ef2fec0,Test,Test
e01ef2fec0,Danger,Danger
e01ef2fec0,Hallway,Hallway
e01ef2fec0,Characteristic,Characteristic
e01ef2fec0,Heart,Heart
7cf403bfc3,Test,critical examination or trial of a person's or thing's qualities
7cf403bfc3,Danger,liability or exposure to harm
7cf403bfc3,Hallway,meat from an animal killed according to muslim law
7cf403bfc3,Characteristic,"typical,distinctive characteristic feature or quality"
7cf403bfc3,Heart,hollow muscular organ maintaining the circulation of blood by rhythmic contraction and dilation
6b2ac0ef88,Test,a basis for evaluation
6b2ac0ef88,Danger,exposure to harm
6b2ac0ef88,Hallway,corridor
6b2ac0ef88,Characteristic,feature
6b2ac0ef88,Heart,part of body which pumps blood
de23fe1cfc,Test,the trial of the quality of something
de23fe1cfc,Danger,uexposure to harm
de23fe1cfc,Hallway,a corridor of a building
de23fe1cfc,Characteristic,a distinguishing feature of a person
de23fe1cfc,Heart,"in a persons body that gives life and pumps blood to other organs of the body, capacity for sympathy, the center of the person's personality"
92ea18c297,Test,an evaluation
92ea18c297,Danger,a source of risk
92ea18c297,Hallway,entrance hall
92ea18c297,Characteristic,explanation
92ea18c297,Heart,a soft mascular organ
b245d0513e,Test,method to find knowledge level
b245d0513e,Danger,threat to life
b245d0513e,Hallway,corridor
b245d0513e,Characteristic,typical
b245d0513e,Heart,pumps blood
2fad520828,Test,"Test: presence, quality, genuineness , determined, a means of trial,trying or assessing, a set of questions, problems, or the like, evaluating the abilities, aptitudes, skills, or performance of an individual or group."
2fad520828,Danger,"Danger: liability or exposure to harm or injury,risk, peril, an instance or cause of peril."
2fad520828,Hallway,"Hallway: a corridor, as in a building, an entrance hall."
2fad520828,Characteristic,"Characteristic:  pertaining to, constituting, or indicating the character or peculiar quality of a person or thing, typical, distinctive."
2fad520828,Heart,"Heart: a hollow,  pump like organ of blood circulation , contractile smooth muscle, located in the chest , consisting of four chambers"
878f9a10a3,Test,"something that measures, can measure knowledge, skills, abilities, safety..."
878f9a10a3,Danger,"threatning, activates stress response, fear,"
878f9a10a3,Hallway,"can be walked down, can be long, can be short,"
878f9a10a3,Characteristic,"representative, specific features,"
878f9a10a3,Heart,"can beat, keeps us alive, made of muscle, pumps blood,"
19431af03e,Test,"A procedure for critical evaluation; a means of determining the presence, quality, or truth of something; a trial."
19431af03e,Danger,"Exposure or vulnerability to harm or risk.A source or an instance of risk or peril. Obsolete Power, especially power to harm. ..."
19431af03e,Hallway,A corridor in a building.An entrance hall.
19431af03e,Characteristic,"Pertaining to, or serving to constitute, the character; showing the character, or distinctive qualities or traits, of a person or thing; peculiar; distinctive."
19431af03e,Heart,"A hollow, muscular organ, which, by contracting rhythmically, keeps up the circulation of the blood."
d2238a631b,Test,A cupel or cupelling hearth in which precious metals are melted for trial and refinement
d2238a631b,Danger,liability or exposure to harm or injury; risk; peril.
d2238a631b,Hallway,"an interior passage or corridor onto which rooms open; ""the elevators were at the end of the hall"""
d2238a631b,Characteristic,indicating the character or distinctive quality of a person or thing; typical.
d2238a631b,Heart,"A hollow, muscular organ, which, by contracting rhythmically, keeps up the circulation of the blood."
2fc61c1089,Test,"an assessment intended to measure the respondents' knowledge or other abilities.different types are # Physical fitness test
# Driving test
# Performance test (assessment)
# Performance test (bar exam)"
2fc61c1089,Danger,"Risk, the threat of adverse events"
2fc61c1089,Hallway,"Where the hall inside the front door of a house is elongated, it may be called a passage, corridor, or hallway.In a medieval building, the hall was where the fire was kept. With time, its functions as dormitory, kitchen, parlour  and so on were divided off to separate rooms or, in the case of the kitchen, a separate building."
2fc61c1089,Characteristic,"n physics and engineering, any characteristic curve that shows the relationship between certain input and output parameters.Characteristic (from the Greek word for a property  or attribute (= trait) of an entity)"
2fc61c1089,Heart,"he heart is a myogenic muscular organ found in all animals with a circulatory system (including all vertebrates), that is responsible for pumping blood throughout the blood vessels by repeated, rhythmic contractions. The term cardiac (as in cardiology) means ""related to the heart"" and comes from the Greek καρδιά, kardia, for ""heart"".

The vertebrate heart is composed of cardiac muscle, which is an involuntary striated muscle tissue found only in this organ, and connective tissue. The average human heart, beating at 72 beats per minute, will beat approximately 2.5 billion times during an average 66 year lifespan. It weighs approximately 250 to 300 grams (9 to 11 oz) in females and 300 to 350 grams (11 to 12 oz) in males."
cd4699ed74,Test,evaluation of knowledge
cd4699ed74,Danger,situation capable of hurting someone
cd4699ed74,Hallway,walkway to separated rooms
cd4699ed74,Characteristic,feature
cd4699ed74,Heart,what pumps blood through body.
79fdfc2739,Test,"difficult, standard, pop quiz"
79fdfc2739,Danger,"knife, fire, falls, hurricane, tornado"
79fdfc2739,Hallway,"building, stairs"
79fdfc2739,Characteristic,"loving, bully, bossy, caring"
79fdfc2739,Heart,"surgery, broken"
d6fbaf0859,Test,"to challenge , to see to find out or to reveal."
d6fbaf0859,Danger,in bad taste.. not good... harmful
d6fbaf0859,Hallway,passage... in between two opposite walls
d6fbaf0859,Characteristic,"decsriptions,"
d6fbaf0859,Heart,"for circulation, in the middle part of the chest cavity, pumps pout blood"
480714ba1d,Point,"A TIP, DIRECTION, SHARP, BLUNT, DOT, INDICATION"
480714ba1d,Walkway,"IGNORE, GIVEUP, TURNDOWN OFFER, REJECTED, APART,SEPARATE, SPLIT UP"
480714ba1d,Murderer,"CRIMINAL, ROGUE, KILLER,TERRORIST, ANGRY, VENOMOUS, CRUEL, DARK HEARTED"
480714ba1d,Bell,"JINGLES, TOLLING SOUNDS, CHURCH BELLS, RINGING, CHEERFULNESS, JOY."
480714ba1d,Steak,"MEAT, BAKED, JUICY, SLICED, REDDISH BROWN COLOR, TASTY."
fe5a703d9c,Point,"tip, very small mark in a surface,dot, dot that separate the decimal"
fe5a703d9c,Walkway,"walking place, passage, path"
fe5a703d9c,Murderer,"person who kill someone, criminal"
fe5a703d9c,Bell,"cup shape metal object that produce sound when struck,ringing sound"
fe5a703d9c,Steak,"thick slice of meat, fish slice piece"
a7dca11140,Point,"spot,decimal,show"
a7dca11140,Walkway,"bridge,travel,connect"
a7dca11140,Murderer,"crime, assassination,death"
a7dca11140,Bell,"ring,alarm,Christmas"
a7dca11140,Steak,"meat,beef,food"
7cf403bfc3,Point,"weapon,pencil,sharp or tapered end of a tool"
7cf403bfc3,Walkway,passage or path for walking along
7cf403bfc3,Murderer,"capable of,intending,or involving murder or great harm"
7cf403bfc3,Bell,"hollow esp,cup-shaped usu,metal object sounding a note when struck"
7cf403bfc3,Steak,"thick slice of meat or fish,usu grilled or fried"
af2803583c,Point,A mark of punctuation
af2803583c,Walkway,a path set aside for walking.
af2803583c,Murderer,"The unlawful killing of one human by another, especially with premeditated malice"
af2803583c,Bell,"A hollow metallic vessel, usually shaped somewhat like a cup with a flaring mouth, containing a clapper or tongue, and giving forth a ringing"
af2803583c,Steak,"A slice of meat, typically beef, usually cut thick and across the muscle grain and served broiled or fried."
92ea18c297,Point,A Mark
92ea18c297,Walkway,A Path set aside for walking
92ea18c297,Murderer,A Criminal
92ea18c297,Bell,A Hollow object
92ea18c297,Steak,A Slice of Meat
dcf44e6284,Point,"a sharp or tapering end, as of a dagger,a projecting part of anything,something having a sharp or tapering end,a pointed tool or instrument"
dcf44e6284,Walkway,"any passage for walking,  especially one connecting the various areas of a ship, factory, park, etc,a garden path or walk."
dcf44e6284,Murderer,"a person who commits murder

a slice of meat or fish, especially beef, cooked by broiling, frying, etc
chopped meat prepared in the same manner as a steak."
dcf44e6284,Bell,"a hollow instrument of cast metal, typically cup-shaped with a flaring mouth, suspended from the vertex and rung by the strokes of a clapper, hammer, or the like,the stroke or sound of such an instrument,"
dcf44e6284,Steak,chopped meat prepared in the same manner as a steak.
0da623e05b,Point,"1.
a sharp or tapering end, as of a dagger.
2.
a projecting part of anything: A point of land juts into the bay.
3.
a tapering extremity: the points of the fingers.
4.
something having a sharp or tapering end: a pen point.
5.
a pointed tool or instrument, as an etching needle."
0da623e05b,Walkway,"1.
any passage for walking,  especially one connecting the various areas of a ship, factory, park, etc.
2.
a garden path or walk.
3.
the front walk  of a house, leading from the door to the sidewalk or road.
4.
skybridge"
0da623e05b,Murderer,a person who commits murder.
0da623e05b,Bell,"1.
a hollow instrument of cast metal, typically cup-shaped with a flaring mouth, suspended from the vertex and rung by the strokes of a clapper, hammer, or the like.
2.
the stroke or sound of such an instrument: We rose at the bell.
3.
anything in the form of a bell.
4.
the large end of a funnel, or the end of a pipe, tube, or any musical wind instrument, when its edge is turned out and enlarged.
5.
Architecture . the underlying part of a foliated capital."
0da623e05b,Steak,"1.
a slice of meat or fish, especially beef, cooked by broiling, frying, etc.
2.
chopped meat prepared in the same manner as a steak."
2a6566d746,Point,"pointed tool,something having sharp end,projecting part of anything ,an object having tapering end ."
2a6566d746,Walkway,"any passage for walking ,a garden path for walk,the front path of house leading from door to the road ."
2a6566d746,Murderer,"person who kills someone ,evil minded person ."
2a6566d746,Bell,"an instrument of metal mainly cup shaped with a flaring mouth ,large end of funnel,underlined part of foliated capital,stroke or sound of an instrument ."
2a6566d746,Steak,a slice of meat or a fish mainly beef cooked by boiling or frying .
98e8b229d5,Point,"count, bit, dot, fleck,flyspeck, fullstop, iota,mark, trace, apex, awn, barb, beak, spur, summit, sword, thorn, tip, tooth"
98e8b229d5,Walkway,"cloister, colonnade, gallary, loggia, mall, passageway, piazza, portico, stoa"
98e8b229d5,Murderer,"assassin, butcher, criminal, cutthroat, enforcer, executioner, hitperson, hit-and-run, homicide, killer, manslaughterer,perpetrator, slaughterer, slayer, soldier, trigger person"
98e8b229d5,Bell,"alarm, buzz, buzzer, carillon, chime, clapper, curfew, ding-dong, dinger, gong, peal,ringer, siren, tintinnabulum, tocsin, toll, vesper"
98e8b229d5,Steak,"London broil, Salisbury steak, T-bone steak, beefsteak, bifteck, chopped steak, club steak, cubed steak, fillet steak, flank steak, ground beef, ground chuck, ground round, hamburg, hamburg steak, hamburger, porterhouse steak, rib steak, round steak, rump steak, shell steak, sirloin steak, tenderloin steak"
209eaa372f,Point,"A sharp or tapered end,A decimal point,An element in a geometrically described set,An element in a geometrically described set,A place or locality considered with regard to its position."
209eaa372f,Walkway,"a path designed,a passage or path connecting buildings,"
209eaa372f,Murderer,"One who commits murder,a criminal who commits homicide"
209eaa372f,Bell,"A hollow metal musical instrument,The corolla of a flower,a bellowing or baying cry,A city of southern California."
209eaa372f,Steak,"A slice of meat,A thick slice of a large fish cut across the body,A patty of ground meat broiled or fried."
eac1634682,Point,"finger, is a dot, is a period, is a thought, is a coordinate, opinion"
eac1634682,Walkway,"hallway, breezeway, often covered, may be paved, may have rails, usually in large buildings or school setting where there are multiple buildings"
eac1634682,Murderer,"kills, usually male, may use weapon, usually murders for financial or relationship reasons, takes the life of another, may be executed for murdering, may poison, shoot, strangle, stab"
eac1634682,Bell,"is an instrument, is an alarm, hangs from a cow's neck, announces when classes start and end, often in churches, announces time,"
eac1634682,Steak,"comes from cows usually, may be cooked rare, medium-rare, medium, to well-done, some restaurants specialize in steak, a cut of meat, often made on grills, smells delicious when cooking, may go well with steak sauce, served as is, in a tortilla, in a salad"
5a26395b19,Point,"promontory, site between two rivers,"
5a26395b19,Walkway,"concourse, paved walk, path from place to place"
5a26395b19,Murderer,"killer, destroyer"
5a26395b19,Bell,"klaxon, ringer, alerts one to time or danger, alarm"
5a26395b19,Steak,"savory, delicious meat, cut of meat"
95e2618c28,Point,the sharp end of anything
95e2618c28,Walkway,a path
95e2618c28,Murderer,feminine
95e2618c28,Bell,a hollow object
95e2618c28,Steak,a slice of meat
fd1a1cbbc3,Point,"period, stage, gunpoint, pointedness, decimal point, degree, dot, percentage point, tip, distributor point, full point, full stop, peak, power point, head, item, compass point, detail, breaker point, stop, point in time, spot, level"
fd1a1cbbc3,Walkway,"base on balls, paseo, walkway, walk of life, manner of walking, pass, walking, walk"
fd1a1cbbc3,Murderer,"receiver, murderer, liquidator, manslayer"
fd1a1cbbc3,Bell,"hip's bell, chime, buzzer, toll, bell shape, doorbell, gong, campana"
fd1a1cbbc3,Steak,steak and kidney pie  steak au poivre  steakhouse  steak  steak knife  steak sauce  steak tartare
86dc19ebbd,Point,"tip, end, top, position, feature, situation, moment"
86dc19ebbd,Walkway,"path, footpath, pathway, pavement,sidewalk"
86dc19ebbd,Murderer,"killer, executioner, assassin"
86dc19ebbd,Bell,"signal, timer, ring"
86dc19ebbd,Steak,food
8f659dbf2f,Point,apex direct statement
8f659dbf2f,Walkway,path travelator pavement sidewalk galley
8f659dbf2f,Murderer,killer sociopath maniac
8f659dbf2f,Bell,signal musical instrument chimes
8f659dbf2f,Steak,meat cow fillet rib eye
e0a5939eb6,Point,is a dot that is extensively used in geometry; is also used when someone wants to state something - make a point
e0a5939eb6,Walkway,"is a pathway, used exclusively for walking,"
e0a5939eb6,Murderer,"is someone who kills another person, reasons may be envy, hatred and so on"
e0a5939eb6,Bell,"is used to make sound, one may have to physically pull the string or the bell may work on electricity, used in schools, colleges, houses"
e0a5939eb6,Steak,"is a thick slice of meat, usually beef, is an important part of festive occasions"
a878e75949,Point,"case, sharp, tip, name, conclusion"
a878e75949,Walkway,"entrance, pedestrian, avenue, direction"
a878e75949,Murderer,"assassin, killer, evil, take another life, prisoner"
a878e75949,Bell,"ring, jingle, time for class, begin, Christmas"
a878e75949,Steak,"red meat, cow, beef, angus, t-bone, rib eye, porterhouse, filet"
f89618c03c,Point,"A geometric element that has position but no extension.
The precise location of something; a spatially limited location."
f89618c03c,Walkway,A path set aside for walking.
f89618c03c,Murderer,A criminal who performs unlawful premeditated killing of a human being.
f89618c03c,Bell,"A hollow device made of metal that makes a ringing sound when struck.
A push button at an outer door."
f89618c03c,Steak,A slice of meat cut from the fleshy part of an animal or large fish.
e01ef2fec0,Point,Point
e01ef2fec0,Walkway,Walkway
e01ef2fec0,Murderer,Murderer
e01ef2fec0,Bell,Bell
e01ef2fec0,Steak,Steak
a3c176fff2,Point,"show a direction, point a finger,"
a3c176fff2,Walkway,"path, area between one location and another,"
a3c176fff2,Murderer,"killer, life taker, sinner"
a3c176fff2,Bell,"chimes, rings, dings, dongs"
a3c176fff2,Steak,"cut of meat, t bone, filet mignon, sirloin"
cdf81c2126,Point,"a sharp or tapering end, as of a dagger"
cdf81c2126,Walkway,a garden path or walk
cdf81c2126,Murderer,a person who commits murder
cdf81c2126,Bell,the stroke or sound of such an instrument
cdf81c2126,Steak,a slice of meat
cd4699ed74,Point,"make known, show to someone, top of an object such as a pencil."
cd4699ed74,Walkway,allotted place to walk used to get to a destination
cd4699ed74,Murderer,killer. someone who kills people
cd4699ed74,Bell,a ringer used to get attention. used my santa. used outside doors of homes to let occupants know they have a guest
cd4699ed74,Steak,a piece of meat eaten at dinner usually. something used to hold down a tent.
cc0fd23c05,Point,"Point:-sharp edge, marking point,point tool, dot"
cc0fd23c05,Walkway,"Walkway:-  aisle, alley, boardwalk, catwalk , causeway, corridor,  footpath,  passage,  passageway, path, pathway"
cc0fd23c05,Murderer,"Murderer:-agony, Gehenna, horror, misery, hell, nightmare, torment, torture"
cc0fd23c05,Bell,"Bell:-ring, ring around, ring back, ring binder, bell bottom, diving"
cc0fd23c05,Steak,"Steak:- minute, last-minute,ammon, gamin, gambol"
186db71701,Point,"sharp end of a pin,small dot,chief idea,mark position in space or time,mark on a scale,unit of measuring scores in some games."
186db71701,Walkway,"A passage or path for walking,a path designed, and sometimes landscaped, for pedestrian use,a passage or path connecting buildings,a passage or path, esp one for walking over machinery,"
186db71701,Murderer,"unlawful killing of a human being on purpose,kill a person unlawfully,"
186db71701,Bell,"hollo vessel of cast metal that makes a ringing sound when struck,do something dangerous in order to save others,"
186db71701,Steak,"a  slice of beef,broiled,or cut for broiling;also extended to the meat of other large animals;as venison steak,pork steak"
2b15616b23,Point,is a dot or mark
2b15616b23,Walkway,a path for walking
2b15616b23,Murderer,is a person who does murder
2b15616b23,Bell,a king of device that makes sound
2b15616b23,Steak,it is a slice of meat
a47ba37efc,Point,directing to a person or something
a47ba37efc,Walkway,passage for walking
a47ba37efc,Murderer,person who has murdered
a47ba37efc,Bell,instrument to raise loud sound
a47ba37efc,Steak,slice of flesh cooked by frying
6c7df926ad,Point,a reason
6c7df926ad,Walkway,"smallway ,path"
6c7df926ad,Murderer,killar
6c7df926ad,Bell,"pwinklaing, chine, pearl"
6c7df926ad,Steak,steal
932ad1fc41,Point,"static,mobile,pin,point on circle."
932ad1fc41,Walkway,"road,building,stais,path."
932ad1fc41,Murderer,"nature,law,attitude,recognition,mistake."
932ad1fc41,Bell,"phone,house,christmas."
932ad1fc41,Steak,"vension,bear,pork,turtle"
b98951c546,Point,"a sharp or tapering end, as of a dagger. a projecting part of anything.a tapering extremity"
b98951c546,Walkway,"n US English, a walkway is a composite or umbrella term for all engineered surfaces or structures which support the use of trails. These include sidewalks, footbridges, stiles, stairs, ramps, paseos or tunnels. Walkways can also be used by passengers to board or disembark from an aircraft to the terminal building.

In UK English, walkway more specifically means a covered or raised passage in a building or a wide walk in a park or garden.[1][2]

A walkway can be at ground level, elevated, such as a boardwalk, or floating. It can be a simple paved path or something more complex to cross a road or a body of water. An open pedestrian overpass or a special tunnel are also examples of walkways."
b98951c546,Murderer,"a person who commits murder. 	
The one who commits manslaughter Compare homicide the unlawful premeditated killing of one human being by another"
b98951c546,Bell,"A bell is a simple sound-making device. The bell is a percussion instrument and an idiophone. Its form is usually a hollow, cup-shaped object, which resonates upon being struck. The striking implement can be a tongue suspended within the bell, known as a clapper, a small, free sphere enclosed within the body of the bell or a separate mallet or hammer.

Bells are usually made of cast metal, but small bells can also be made from ceramic or glass. Bells can be of all sizes: from tiny dress accessories to church bells weighing many tons. Historically, many bells were made to commemorate important events or people and have been associated with the concepts of peace and freedom. The study of bells is called campanology."
b98951c546,Steak,"A steak (from Old Norse steik, ""roast"") is a cut of meat (usually beef). Most are cut perpendicular to the muscle fibers, improving the perceived tenderness of the meat. In North America, steaks are typically served grilled, pan-fried, or broiled. The more tender cuts from the loin and rib are cooked quickly, using dry heat, and served whole. Less tender cuts from the chuck or round are cooked with moist heat or are mechanically tenderized.In the United Kingdom, steak is typically served with chips (french fries) , fried mushrooms and a fried tomato. Other vegetables such as peas, carrots or a green salad can also be served. English mustard and ketchup are condiments sometimes used. The country has a long history of beef eating and was once known for its beef and beef cooking methods, earning the English the nickname, ""Le Rosbif,"" from the French."
6be52007c6,Point,". Highly accomplished or skilled; polished: a finished artist.
2. Exhibiting a high degree of skill or polish: an essay that was a finished piece of work.
3.
a. Doomed to death or destruction.
b. Having no more use, value, or potential; washed-up."
6be52007c6,Walkway,"(Engineering / Civil Engineering) a path designed, and sometimes landscaped, for pedestrian use
2. (Miscellaneous Technologies / Building) a passage or path connecting buildings
3. (Miscellaneous Technologies / Building) a passage or path, esp one for walking over machinery, etc."
6be52007c6,Murderer,"Law . the killing of another human being under conditions specifically covered in law. In the U.S., special statutory definitions include murder committed with malice aforethought, characterized by deliberation or premeditation or occurring during the commission of another serious crime, as robbery or arson (first-degree murder),  and murder by intent but without deliberation or premeditation (second-degree murder)."
6be52007c6,Bell,"A hollow metal musical instrument, usually cup-shaped with a flared opening, that emits a metallic tone when struck.
2. Something resembling such an instrument in shape or sound, as:
a. The round, flared opening of a wind instrument at the opposite end from the mouthpiece.
b. bells A percussion instrument consisting of metal tubes or bars that emit tones when struck.
c. A hollow, usually inverted vessel, such as one used for diving deep below the surface of a body of water.
d. The corolla of a flower: ""In a cowslip's bell I lie"" (Shakespeare).
3. Nautical
a. A stroke on a hollow metal instrument to mark the hour.
b. The time indicated by the striking of this instrument, divided into half hours."
6be52007c6,Steak,"A slice of meat, typically beef, usually cut thick and across the muscle grain and served broiled or fried.
2. A thick slice of a large fish cut across the body.
3. A patty of ground meat broiled or fried."
cd99a04ede,Point,"finger, sharp end, statement"
cd99a04ede,Walkway,"street, thoroughfare, avenue, bridge, alley"
cd99a04ede,Murderer,"killer, mass, evil person, criminal, felon, serial killer"
cd99a04ede,Bell,"clang, ding dong, bong, church, dinner, metallic"
cd99a04ede,Steak,"fillet, rare, medium, well done, rump, tartare, peppercorn sauce, bloody, tasty"
6a26af6ef5,Point,"dot,place,specific"
6a26af6ef5,Walkway,"alley,corridor,path,narrow,winding,wide,for pedestrians,secret"
6a26af6ef5,Murderer,"evil,fear,anger,red,blood,scary,horrifying,demented,crazy,insane,stalker,lurker,secret,quiet,still,hiding,dark,manipulative,sly"
6a26af6ef5,Bell,"ringing,ding dong,alarm,loud,musical"
6a26af6ef5,Steak,"meat,cooked,rare,medium,red,brown,burnt,juicy,tasty"
9fb171be25,Point,"A sharp or tapered end, a stone projectile point.A mark formed by or as if by a sharp end."
9fb171be25,Walkway,"path set aside for walking, a path designed, and sometimes landscaped, for pedestrian use"
9fb171be25,Murderer,"To kill (another human) unlawfully.To put an end to, trounce."
9fb171be25,Bell,"A city of southern California, a suburb of Los Angeles.A hollow metal musical instrument,The corolla of a flower"
9fb171be25,Steak,"A slice of meat, typically beef, usually cut thick and across the muscle grain and served broiled or fried. A thick slice of a large fish cut across the body."
55db87867f,Point,"sharp or tapered end, A decimal point,locality considered with regard to its position"
55db87867f,Walkway,"go away from,go forth, leave"
55db87867f,Murderer,"killer, butcher,homicide"
55db87867f,Bell,"A hollow metallic vessel containing a clapper or tongue, and giving forth a ringing sound on being struck, a loose ball which causes it to sound when moved."
55db87867f,Steak,"A line, mark, smear, or band differentiated by color or texture from its surroundings,A ray or flash of light."
01dfb8e8be,Point,"dot, target, mark, show, basic geometry, navigate, unit of measurement, Value in finance,"
01dfb8e8be,Walkway,"Side walk, Escalator, elevator, a small area, beside road, for walkers,"
01dfb8e8be,Murderer,"Criminal, Cruel, Unlawful, realm, court case,"
01dfb8e8be,Bell,"sound, a metal object, a name, noice, device"
01dfb8e8be,Steak,"meat, rosted, restaurant, beef, food, nonvegetarian, grilled beef, bones,"
d6fbaf0859,Point,a dot pertaining to an exact position
d6fbaf0859,Walkway,"to leave behind, to go away."
d6fbaf0859,Murderer,killer
d6fbaf0859,Bell,AN OBJECT THAT PRODUCES SOUND WHEN MOVED
d6fbaf0859,Steak,RED MEAT EITHER BEEF OR PORK
a4153f408b,Point,"dot, period"
a4153f408b,Walkway,"path, walk area"
a4153f408b,Murderer,"death, kill"
a4153f408b,Bell,"sound, reminder,"
a4153f408b,Steak,"meat, food , farm, cook, kitchen"
10d4f79779,Point,"A decimal point, A specific moment in time, A sharp or tapered end, A significant, outstanding, or effective idea, argument, or suggestion."
10d4f79779,Walkway,"a path set aside for walking, a way especially designed for a particular use, a covered walkway, a walkway made of wooden boards"
10d4f79779,Murderer,"one who commits the crime of murder,"
10d4f79779,Bell,"A hollow metal musical instrument, usually cup-shaped with a flared opening, that emits a metallic tone when struck."
10d4f79779,Steak,"A slice of beef, broiled, or cut for broiling; also extended to the meat of other large animals; as, venison steak; bear steak; pork steak; turtle steak. A slice of meat cut from the fleshy part of an animal or large fish."
de23fe1cfc,Point,a sharp tapering end
de23fe1cfc,Walkway,any passage for walking
de23fe1cfc,Murderer,a person who kills another
de23fe1cfc,Bell,a hallow instrument that rings when it is hit on
de23fe1cfc,Steak,"a slice of meat of fish, chopped meat"
eb09612a37,Point,through
eb09612a37,Walkway,one way
eb09612a37,Murderer,thief
eb09612a37,Bell,horn
eb09612a37,Steak,rod
a99eff3ef7,Point,A point is a sharp end or part of an argument
a99eff3ef7,Walkway,"a path, passage, etc"
a99eff3ef7,Murderer,a person who commits or has committed murder
a99eff3ef7,Bell,"a hollow object, usually cuplike, made of metal or other hard material which rings when struck, as by a clapper inside"
a99eff3ef7,Steak,ground beef formed into a patty for broiling or frying
2622f61522,Point,"power point, gunpoint, spot"
2622f61522,Walkway,"walk,road, small distance road,"
2622f61522,Murderer,"Killer, criminal,"
2622f61522,Bell,"chime, buzzer, doorbell, toll, alexander bell, alexander graham bell,"
2622f61522,Steak,Piece of meat.
3da9244fa0,Point,"Dot, site, tip, peak."
3da9244fa0,Walkway,"catwalk, bypass, bridge, sidewalk."
3da9244fa0,Murderer,"Assassin, Cain, convict, delinquent."
3da9244fa0,Bell,"Ring, din don, bronze, signal, help."
3da9244fa0,Steak,"Meat, beef, barbecue, fillet."
b245d0513e,Point,center of circle
b245d0513e,Walkway,a path
b245d0513e,Murderer,one who has slaughtered
b245d0513e,Bell,brass object creating sound
b245d0513e,Steak,food
2cfb3bdbcd,Point,sharp end
2cfb3bdbcd,Walkway,road
2cfb3bdbcd,Murderer,unlawful premeditated killing
2cfb3bdbcd,Bell,telephone
2cfb3bdbcd,Steak,large fish
1c7639828f,Point,"A sharp or tapered end, a projecting part of anything, tip"
1c7639828f,Walkway,"any passage for walking, connecting the various areas of a ship,factory, park;a garden path or walk"
1c7639828f,Murderer,"One who commits murder, one who murders, unlawful killing"
1c7639828f,Bell,"a percussion instrument, usually cup-shaped, a musical technique, made of metal or other hard material"
1c7639828f,Steak,"is a cut of meat ,A slice of meat, chopped meat"
a8af80d3ae,Point,"a sharp or tapering end, as of a dagger.
a projecting part of anything: A point of land juts into the bay.
a tapering extremity: the points of the fingers.
a pen point.
a pointed tool or instrument, as an etching needle."
a8af80d3ae,Walkway,"any passage for walking,  especially one connecting the various areas of a ship, factory, park, etc.
a garden path or walk.
the front walk of a house, leading from the door to the sidewalk or road.
sky bridge."
a8af80d3ae,Murderer,"a killer, a person who commits murder. populations diff-user"
a8af80d3ae,Bell,"calling bell; ringing bell, a noise helps to wake up, cup-shaped noise maker."
a8af80d3ae,Steak,"non-veg, a slice of meat or fish, especially beef, hungry, chopped meat."
b736563874,Point,"sharp end, small round dot or mark, an exact place or spot or moment, to indicate, to show, to signal"
b736563874,Walkway,"gangplank, gangway, travelling track, travelling way, made of wood or iron"
b736563874,Murderer,"killer, cold blooded, serial killer, police, crazy, insane, mentally ill, death penalty"
b736563874,Bell,"inventor of the phone, ringing sound, front door, hollow object, made of metal, annoying sometimes, visitors"
b736563874,Steak,"meat, cow, pig, barbeque, party, eating, dinner, cooking, baking"
2fad520828,Point,"Point: a sharp, tapering end, as of a dagger, a projecting part of anything,a 
tapering extremity, the points of the fingers,something having a sharp , tapering end,a pen point, as an etching needle"
2fad520828,Walkway,"Walkway: any passage for walking, connecting the various areas of a ship, factory, park,  a garden path , walk, the front walk of a house,  the door to the sidewalk ,a road. 
4. skybridge ( def. 2 ) ."
2fad520828,Murderer,"Murderer:  to destroy,ruin,  cry blue murder  ,  get away with murder  , something dangerous, unpleasant,killing"
2fad520828,Bell,"Bell: a hollow instrument of cast metal,  hammer, the stroke , sound of  an instrument, We rose at the bell, wind instrument."
2fad520828,Steak,"Steak; a slice of (meat , fish, especially beef) cooked by broiling, frying,  
 hamburger steak ."
2486e8fbec,Point,"place, indicate, dot, aim"
2486e8fbec,Walkway,"get out, leave, exit"
2486e8fbec,Murderer,"killer, terminator, eraser"
2486e8fbec,Bell,"ringer, indicator, alert, sound maker, noise generator"
2486e8fbec,Steak,"roast, beef, food, meat, cooked item, nutrient source"
2ece3f8886,Point,"sharp, edge, tip, marking, powerpoint, small mark, particular place, joints"
2ece3f8886,Walkway,"path, man, road, street, platform, shoes, ground, exercise"
2ece3f8886,Murderer,"kill, knife, punishment, law, court, police, accuste, criminal,"
2ece3f8886,Bell,"sound, alarm, temple, jail, signal, metal object, function, pooja"
2ece3f8886,Steak,"meat, fish, grill, eat, non veg, beef, slice, fried"
4baffedf4f,Point,place
4baffedf4f,Walkway,path
4baffedf4f,Murderer,killer
4baffedf4f,Bell,bellh
d2238a631b,Point,"That which pricks or pierces; the sharp end of anything, esp. the sharp end of a piercing instrument, as a needle or a pin."
d2238a631b,Walkway,any passage for walking.
d2238a631b,Murderer,a criminal who commits homicide (who performs the unlawful premeditated killing of another human being)
d2238a631b,Bell,"A hollow metallic vessel, usually shaped somewhat like a cup with a flaring mouth, containing a clapper or tongue, and giving forth a ringing sound on being struck."
d2238a631b,Steak,"a slice of meat or fish, esp. beef, cooked by broiling, frying, or the like."
1e695ef57f,Point,"dot, generally round, often sharp, may be painful, highlights something, may allow a drip, often pokes something."
1e695ef57f,Walkway,"for pedestrians, generally in a building, designed for walking, generally connects two places, not where the main event is, often functional and utilitarian"
1e695ef57f,Murderer,"person, generally viewed as evil, probably a criminal, may be a sinner, violator of social norms, unsanctioned"
1e695ef57f,Bell,"something that rings, has a clapper, may be in a church or school, makes a noise, draws peoples attention, may be used as an alarm"
1e695ef57f,Steak,"may be rare, is a meat, is not a health food, is cooked, is eaten, is often associated with celebrations or lavish meals, is eaten with a knife and fork, is cooked on a grill"
6b2ac0ef88,Point,a mark of punctuation
6b2ac0ef88,Walkway,a path designed for pedestrian use
6b2ac0ef88,Murderer,who murdered a human being
6b2ac0ef88,Bell,which produces a metallic sound when stuck
6b2ac0ef88,Steak,a slice of beef
a0af43a46a,Point,"stops a sentence, denotes a particular area"
a0af43a46a,Walkway,"platform, pedestrian walk, subway"
a0af43a46a,Murderer,"one who kills other people, always guilty"
a0af43a46a,Bell,"produce sound, rings"
a0af43a46a,Steak,"meat, roasted meet"
19431af03e,Point,Includes a cool math applet useful as a classroom activity and manipulative.
19431af03e,Walkway,A passage or path for walking.
19431af03e,Murderer,"The offense of killing a human being with malice prepense or aforethought, express or implied; intentional and unlawful homicide."
19431af03e,Bell,"A hollow metallic vessel, usually shaped somewhat like a cup with a flaring mouth, containing a clapper or tongue, and giving forth a ringing sound on being struck."
19431af03e,Steak,"A slice of meat, typically beef, usually cut thick and across the muscle grain and served broiled or fried. A thick slice of a large fish cut across the body."
ce58ffe106,Point,"apex, bill, dagger, snag, spike, summit, tip, brink, juncture, time, verge, limited time"
ce58ffe106,Walkway,"passageway, route, beat, isle, line, street, stroll, trail, roadway, corridor"
ce58ffe106,Murderer,"person who kills, assassin, criminal, enforcer, soldier, trigger person, cutthroat, hit and run"
ce58ffe106,Bell,"alarm, buzzer, chime, jingle, ringer, rumble, roar, signaling object or sound, vesper"
ce58ffe106,Steak,"a slice of meat or fish, especially beef, chopped meat prepared the same as steak"
b9816c5c09,Point,"1. sharp end 2. projecting part 3. dot 4. definite position or time 5. compass direction 6. basic reason, purpose, etc. 7. detail 8. unit in accounting, scoring"
b9816c5c09,Walkway,"1. any passage for walking, esp. one connecting the various areas of a ship, factory, park, etc. 2. garden path or walk 3. the front walk of a house, leading from the door to the sidewalk or road 4. similar overhead structure built across an atrium space within a building"
b9816c5c09,Murderer,"unlawful intentional killing,to kill unlawfully and deliberately,to engage in a deplorable activity without incurring harm or punishment"
b9816c5c09,Bell,"hollow, cup-shaped metal instrument producing a ringing sound when struck,to put a bell on,to have the shape of a bell,eagerly; ready to enjoy oneself"
b9816c5c09,Steak,"slice of meat , fish"
3dcbf90da5,Clue,"Is a hint, is a lead"
3dcbf90da5,Hospital,"is a building where sick people go,  A place of employment for doctors, a place where nurses care for people."
3dcbf90da5,Hundred,"a century of years, twice fifty"
3dcbf90da5,Bass,"is a fish,"
3dcbf90da5,Spill,"to dump, to tip over, to empty"
de23fe1cfc,Clue,"a hint,"
de23fe1cfc,Hospital,a place where the sick or injured are at to get the proper attention
de23fe1cfc,Hundred,a cardinal number
de23fe1cfc,Bass,"the lowest pitch,"
de23fe1cfc,Spill,to cause or allow to run or fall from a container
d6fbaf0859,Clue,"hints, tips, idea"
d6fbaf0859,Hospital,a place or an institution where the doctors treat the sick people
d6fbaf0859,Hundred,"10X10. ten sets of tens, symbolizes perfect"
d6fbaf0859,Bass,below the minimum. of low tone or pitch
d6fbaf0859,Spill,"to pour, over the limit"
7242ce95a4,Clue,hint
7242ce95a4,Hospital,service
7242ce95a4,Hundred,numbers
7242ce95a4,Bass,music
7242ce95a4,Spill,pour down
4baffedf4f,Clue,idea
4baffedf4f,Hospital,place were people gets treated
4baffedf4f,Hundred,century
4baffedf4f,Bass,large sound
4baffedf4f,Spill,spliting
6b2ac0ef88,Clue,something that guides to the solution of a problem
6b2ac0ef88,Hospital,institution which provides medical help for the needy
6b2ac0ef88,Hundred,century
6b2ac0ef88,Bass,low pitch
6b2ac0ef88,Spill,to cause something fall out of a container
100bd52124,Clue,"a guess,logic way to answer,key to answer,to think different,to make fun and easy way to test"
100bd52124,Hospital,"health care institution,patient treatment done by doctor,service done by nurses,nursing home,consists of injections and medicines"
100bd52124,Hundred,"number,one hundred push ups,hundred months,hundred sit ups,hundred weeks,hundred islands,hundred languages,hundred hours"
100bd52124,Bass,"guitar,stringed instrument,played primarily with fingers or thumb,fingering, slapping, popping, tapping, or thumping,voice type,fish,bass shoes,bass test,bass songs,bass test"
100bd52124,Spill,"release of something unintentionally,to divulge secret,hidden information,spilled water,to scatter,mercury spill,tune spill,spill canvas,king spill"
c284e4a997,Clue,"A hint,clears puzzle.as lightening,when you confused to get a solution"
c284e4a997,Hospital,"A sanatorium,without a sick,when you visit to there,the other patients are fearful"
c284e4a997,Hundred,"A ten tens.a century,a lovable round figure"
c284e4a997,Bass,"If it exceeds,the heart will run fast,a fine tune,if match exactly with treble"
c284e4a997,Spill,"A spill from the fountain,a neat slow spill of rain is ajoy"
b245d0513e,Clue,pointer to locate something
b245d0513e,Hospital,where medical help is at hand
b245d0513e,Hundred,basic unit in counting currnecy
b245d0513e,Bass,low frequency sound
b245d0513e,Spill,liquid fallen on floor
a878e75949,Clue,"idea, evidence, to give a hint, to have understanding"
a878e75949,Hospital,"place for sick people, doctors, nurses, surgery"
a878e75949,Hundred,"a number, amount, dollars, century"
a878e75949,Bass,"guitar, music, fish, boom, low, voice"
a878e75949,Spill,"mess, speak, to blurt out, pour"
a47ba37efc,Clue,small information directing to the solution
a47ba37efc,Hospital,where diseases are cured
a47ba37efc,Hundred,cardinal number
a47ba37efc,Bass,low pitch
a47ba37efc,Spill,allowing to fall mostly without knowledge
2b15616b23,Clue,it is some kind of help to find the task
2b15616b23,Hospital,is a place where health related problems are cured
2b15616b23,Hundred,a number
2b15616b23,Bass,is a kind of music effect
2b15616b23,Spill,putting something down
e0fa9dd06b,Clue,"anything that serves to guide or direct in the solution of a problem, mystery, etc."
e0fa9dd06b,Hospital,an institution in which sick or injured persons are given medical or surgical treatment
e0fa9dd06b,Hundred,"a cardinal number, ten times ten."
e0fa9dd06b,Bass,low in pitch; of the lowest pitch or range: a bass voice; a bass instrument.
e0fa9dd06b,Spill,"to cause or allow to run or fall from a container, especially accidentally or wastefully: to spill a bag of marbles; to spill milk."
b6763f7c1d,Clue,"anything that serves to guide or direct in the solution of a problem, mystery, etc. , to direct or point out by a clue, to provide with useful or reliable information , to make familiar or aware, sign, hint, trace, evidence, mark, key."
b6763f7c1d,Hospital,"An institution that provides medical, surgical, or psychiatric care and treatment for the sick or the injured, a repair shop for something specified, a health facility where patients receive treatment"
b6763f7c1d,Hundred,"a cardinal number, ten times ten, a symbol for this number, as 100 or C,  the position containing a digit representing that number followed by two zeros: in 4376, 3 is in the hundred's place ."
b6763f7c1d,Bass,"Species of Serranus, the sea bass and rock bass. See Sea bass. The linden or lime tree, sometimes wrongly called whitewood; also, its bark, which is used for making mats, A hassock or thick mat, A bass, or deep, sound or tone,The lowest part in a musical composition, the lowest adult male singing voice ,the lean flesh of a saltwater fish of the family Serranidae"
b6763f7c1d,Spill,"to cause or allow to run or fall from a container,to shed (blood), as in killing or wounding, to scatter, the mark made by something spilled.  make known; confess,reveal, make public"
018a063855,Clue,"board game from the 50's, Mr Mustard in the library with the candlestick, a hint, used in police investigations to help solve the case,"
018a063855,Hospital,"where sick people go, babies are born here, staffed by doctors and nurses, large building with medical equipment and people"
018a063855,Hundred,"100, the first 3 digit number, Ben Franklin is on the hundred dollar bill, not easy to spend"
018a063855,Bass,"type of fish, type of male voice in chorus, deep voice, musical stringed instrument"
018a063855,Spill,"accident involving liquid, can be messy, cleaned up in house by paper towels, oil spill can damage environment"
2622f61522,Clue,"Tip, to solve problem, benefit, to sole hard problem,Clue helps to solve problem"
2622f61522,Hospital,"Dispensary, doctors sits, People go in accidents, very useful for society"
2622f61522,Hundred,"100, century, important figure in cricket,"
2622f61522,Bass,"Make music great, high volume"
2622f61522,Spill,tumble
3c66fc6f2e,Clue,"hint, advice, tip off"
3c66fc6f2e,Hospital,"building, business, place of employment, place to recieve healthcare"
3c66fc6f2e,Hundred,"consisting of a set number, set group"
3c66fc6f2e,Bass,"fish, water dwelling creature, instrument, low sound"
3c66fc6f2e,Spill,"drip, tip,"
ea9e170cdb,Clue,"a basic word, a short cut to something, a short method, a hint"
ea9e170cdb,Hospital,"a place where the patients are cured, a place where diseases are cured, a place where there will be beds provided for the patients, where doctors work to cure the patients"
ea9e170cdb,Hundred,"ten multiplied by ten, ten squared, the lowest three digit number, a number, century, centenary"
ea9e170cdb,Bass,"low pitch of sound, low pitch of music, low pitch in harmony"
ea9e170cdb,Spill,"fall from a height, fall or lay scattered, strewn here and there, scattering of a liquie"
458f8b1864,Clue,"Clue: hint, answer, part of mystery, helps find solution, a step closer"
458f8b1864,Hospital,"hospital: cares for, sick people, medicine, care, death, life, accidents, safety, aid, sick, old"
458f8b1864,Hundred,"hundred, number, large, big, 3 digit, alot, thousand, maths, school"
458f8b1864,Bass,"bass: music, guitar, sounds, senses, creation, beauty, joy, natural"
458f8b1864,Spill,"spill, drop, accident, flood, liquid, stain, no"
cdf81c2126,Clue,to direct
cdf81c2126,Hospital,an institution in which sick or injured persons are given medical or surgical treatment.
cdf81c2126,Hundred,a cardinal number
cdf81c2126,Bass,low in pitch
cdf81c2126,Spill,to scatter
7272f16288,Clue,"is a board game, helps someone solve a puzzle, shows that someone knows what is going on (""has a clue"")"
7272f16288,Hospital,"takes care of sick and injured people, where doctors work, where nurses work, where women give birth"
7272f16288,Hundred,"a large number, a square number, divisible by 10"
7272f16288,Bass,"a musical instrument, a type of singing voice, a type of ocean fish, a deep voice, a bowed instrument, a plucked instrument"
7272f16288,Spill,"to cause a liquid to flow out of a container, a mess caused by something spilling, an environmental disaster, to divulge a secret"
2cfb3bdbcd,Clue,evidence
2cfb3bdbcd,Hospital,a medical institution
2cfb3bdbcd,Hundred,tens
2cfb3bdbcd,Bass,a low vocal
2cfb3bdbcd,Spill,a sudden drop
ce58ffe106,Clue,"hint, dead giveaway, key, proof, solution, telltale tip, track, suggestion"
ce58ffe106,Hospital,"place where ill injured, are treated, asylum, dwelling, nursing home, rest home, emergency room, clinic, sick bay"
ce58ffe106,Hundred,"pertaining to 100, century, centuplicate, hundredth,"
ce58ffe106,Bass,"a bass voice, singer or instrument, of or pertaining to the lowest part in harmonic music, low in pitch or range, a bass voice"
ce58ffe106,Spill,"slop, drop, discharge, empty, overflow, spray, splatter, splash, squirt, stream, throw off"
e26d16e2fb,Clue,hint
e26d16e2fb,Hospital,treatment
e26d16e2fb,Hundred,number
e26d16e2fb,Bass,sound
e26d16e2fb,Spill,water
e01ef2fec0,Clue,Clue
e01ef2fec0,Hospital,Hospital
e01ef2fec0,Hundred,Hundred
e01ef2fec0,Bass,Bass
e01ef2fec0,Spill,Spill
f89618c03c,Clue,"A slight indication.
Evidence that helps to solve a problem."
f89618c03c,Hospital,A health facility where patients receive treatment.
f89618c03c,Hundred,"Ten 10s,Being ten more than ninety"
f89618c03c,Bass,"The lowest part of the musical range.
An adult male singer with the lowest voice."
f89618c03c,Spill,"Liquid that is spilled.
The act of allowing a fluid to escape."
80a1c46dbd,Clue,"used by investigators, something scientists use, evidence, a game"
80a1c46dbd,Hospital,"nurses, doctors, interns, beds, emergency ward, receptionist, bills, outpatient services, hallways, nurses' stations, health care aides"
80a1c46dbd,Hundred,"centennial, anniversary, bill with president on it, pennies make a dollar"
80a1c46dbd,Bass,"fish, large mouth, small mouth, river, lake, fresh water, fishing rod, boat, fins, scales, eggs, shoes, musical instrument,"
80a1c46dbd,Spill,"water overflow, dam, Grand Coulee, Lake Havasu, Hoover, lakes, rivers, creeks, Beaver, milk, juice, children and adults pouring liquids"
fe5a703d9c,Clue,"idea for identifying ,evidence"
fe5a703d9c,Hospital,"place where sick people is treated, health center,sick curing place"
fe5a703d9c,Hundred,"century,one along with two zeros,ten tens"
fe5a703d9c,Bass,"sound, voice, music instrument pitch"
fe5a703d9c,Spill,"over flow, thin strip of wood"
9fb171be25,Clue,"Something that serves to guide or direct in the solution of a problem or mystery.
to provide with helpful information"
9fb171be25,Hospital,"An institution that provides medical, surgical, or psychiatric care and treatment for the sick or the injured."
9fb171be25,Hundred,The cardinal number equal to 10 × 10 .hundreds The numbers between 100 and 999
9fb171be25,Bass,"A low-pitched sound or tone.Any of various marine fishes of the family Serranidae, such as the sea bass and the striped bass."
9fb171be25,Spill,"Nautical,To scatter from containment,To cause or allow to run or fall out of a container."
95e2618c28,Clue,"Something that serves to guide or direct in the solution of a problem or mystery,To give (someone) guiding information"
95e2618c28,Hospital,"An institution that provides medical, surgical, or psychiatric care and treatment for the sick or the injured, A repair shop for specified items"
95e2618c28,Hundred,"The cardinal number equal to 10 × 10 or 102, The number in the third position left of the decimal point in an Arabic numeral"
95e2618c28,Bass,"Any of several North American freshwater fishes of the family Centrarchidae, related to but larger than the sunfishes,Any of various marine fishes of the family Serranidae, such as the sea bass and the striped bass."
95e2618c28,Spill,"To cause or allow (a substance) to run or fall out of a container,To scatter (objects) from containment,To shed"
a374643199,Clue,"hint, guess"
a374643199,Hospital,a place to go when you're sick or hurt
a374643199,Hundred,one more than 99
a374643199,Bass,a fish
a374643199,Spill,something that has fallen out
8f659dbf2f,Clue,hint tip idea notion
8f659dbf2f,Hospital,healing place docotrs nurses surgeons wards
8f659dbf2f,Hundred,century
8f659dbf2f,Bass,fish guitar bass line deep tone
8f659dbf2f,Spill,knock push
24a08f9d6b,Clue,"Something that serves to guide or direct in the solution of a problem or mystery.to be completely ignorant or incompetent.a slight indication ,evidence that helps to solve a problem."
24a08f9d6b,Hospital,"An institution that provides medical, surgical, or psychiatric care and treatment for the sick or the injured.A charitable institution, such as an orphanage or a home for the elderly.psychiatric care and treatment of patients."
24a08f9d6b,Hundred,"Number,number that is the product of ten and ten; a large but unspecified number, amount, or quantity ."
24a08f9d6b,Bass,A low-pitched sound or tone.The tones in the lowest register of an instrument.A singer who has such a voice.Having a deep tone.Low in pitch.the lowest part in a piece of harmony.
24a08f9d6b,Spill,To cause to fall:To run or fall out of a container or containment.To come to the ground suddenly and involuntarily.pour out or spread beyond limits.The act of spilling.spill spill
eb09612a37,Clue,an idea
eb09612a37,Hospital,have doctors
eb09612a37,Hundred,ten tens
eb09612a37,Bass,hard place
eb09612a37,Spill,cover
2ece3f8886,Clue,"idea, guide, suggest, investigation, hint, piece of evidence, inquiry, detection"
2ece3f8886,Hospital,"patient, medicine, doctors, nurse, emergency, treatment, surgeon, injection, ambulance"
2ece3f8886,Hundred,"unit, number, symbol, ten time tens, diamond, percentage, centum, mark"
2ece3f8886,Bass,"music, singing, voice, guitar, common perch, low-frequency, deep-sound, radio"
2ece3f8886,Spill,"spilled, fall, run, liquid, powder, thin strip, pipe, saddle, tumble"
92ea18c297,Clue,to give guiding information
92ea18c297,Hospital,an institute that provides medical facilities
92ea18c297,Hundred,century
92ea18c297,Bass,an edible
92ea18c297,Spill,allow to fall out of a container
fd1a1cbbc3,Clue,"lead, jot, touch, cue, clew, tip, intimation, soupcon, clue, wind, speck, hint, trace, pinch, mite, tinge, confidential information, breath, steer, suggestion"
fd1a1cbbc3,Hospital,"infirmary, hospital"
fd1a1cbbc3,Hundred,"century, hundred, light speed, degree Celsius, nose candy, snow, coke, vitamin C, ascorbic acid, deoxycytidine monophosphate, one C, degree centigrade, ampere-second, coulomb, speed of light, atomic number 6, blow, carbon, cytosine"
fd1a1cbbc3,Bass,"bass voice, bass part, sea bass, freshwater bass, basso"
fd1a1cbbc3,Spill,"spillage, release, fall, wasteweir, tumble, spillway"
67796894e2,Clue,"a signal or message that can is associative to a greater concept, a family board game dealing with mystery and murder, something detectives look for at crime scenes to establish a timeline and reveal suspects."
67796894e2,Hospital,"a place where sick people go to get better, a place that provides emergency medical treatment to persons suffering from injuries, a facility where live humans are operated on."
67796894e2,Hundred,"a numerical unit of measure,"
67796894e2,Bass,"an instrument usually used in rock bands, a type of sought after fish"
67796894e2,Spill,"to make a mess with liquids, liquids that are no longer in their container"
10c7823d2d,Clue,A hint to what a an answer might be
10c7823d2d,Hospital,a place people go who are sick
10c7823d2d,Hundred,a number
10c7823d2d,Bass,fish
10c7823d2d,Spill,mess on the floor or counter
a99eff3ef7,Clue,something that leads out of a perplexity
a99eff3ef7,Hospital,"a place of shelter and rest for travelers, etc."
a99eff3ef7,Hundred,the cardinal number next above ninety-nine
a99eff3ef7,Bass,Bass describes a very low range of musical notes or a person or instrument that produces those notes
a99eff3ef7,Spill,"to allow or cause, esp. unintentionally or accidentally, to run, fall, or flow over from a container, usually so as to result in loss or waste"
cd4699ed74,Clue,hint
cd4699ed74,Hospital,place to fix people
cd4699ed74,Hundred,one tenth of a thousand
cd4699ed74,Bass,fish
cd4699ed74,Spill,child make mess
86dc19ebbd,Clue,"hint, evidence, idea, trace"
86dc19ebbd,Hospital,"rest home, health care centre, sanatorium"
86dc19ebbd,Hundred,"century, smallest three digit number."
86dc19ebbd,Bass,"deep, high"
86dc19ebbd,Spill,"fall, drop, leak"
7cf403bfc3,Clue,"fact or idea,guide or suggest a line of inquiry,in problem or investigation"
7cf403bfc3,Hospital,institution providing medical and surgical treatment and nursing care
7cf403bfc3,Hundred,"ten times ten,value money and calculation"
7cf403bfc3,Bass,"a lowest adult male singing voice, singer with this voice"
7cf403bfc3,Spill,fall or run or cause to fall or run out of a container
45805844ee,Clue,"hint, suggestion, idea, question, puzzle"
45805844ee,Hospital,"sick, smells sterile, ambulance, clean, nurses & doctors, patients, medicine"
45805844ee,Hundred,"money, maths, kilometers, thousands"
45805844ee,Bass,"guitar, big fish, speaker, baritone, treble"
45805844ee,Spill,"oil, slippery, wet, mess"
41e63f1eda,Clue,"HINT FOR ANSWERING,CLUE FOR SOLVING TASK,CLUE FOR SUCCESS,EXPERTS KNOWS CLUES FOR HARD PROBLEMS,CLUE TO FIND THE CRIME ."
41e63f1eda,Hospital,"HOSPITALS ARE PRIVATE & GOVERNMENT,HAS DOCTORS & NURSES,HAS BEDS WITH PATIENTS ON IT,HAS EMERGENCY, I.C.C.U.,OPERATION THEATERS IN IT.MOBILE HOSPITALS IN EMERGENCY,SOME ARE SPECIALITY HOSPITALS, BEDDED."
41e63f1eda,Hundred,"SQUARE OF 10,CENTURY FOR CRICKETER,DAILY WAGE FOR WORKER,NUMBER FOR MAXIMUM MARKS FOR EXAMINATION AT SCHOOL LEVEL,PERCENT CALCULATIONS,CURRENCY NOTE,SMALLEST 3 DIGIT NUMBER."
41e63f1eda,Bass,"MALE SINGING VOICE,AUDIO LIBRARY,TYPE OF GUITAR,BASS FISH, BASS SHOES."
41e63f1eda,Spill,"KILL,DESTROY,TO CAUSE BLOOD, OIL SPILL,NAME OF MOVIE,MERCURY SPILL ,SPILL OUT."
af2803583c,Clue,Something that serves to guide or direct in the solution of a problem or mystery.
af2803583c,Hospital,"An institution that provides medical, surgical, or psychiatric care and treatment for the sick or the injured."
af2803583c,Hundred,"The product of ten mulitplied by ten, or the number of ten times ten"
af2803583c,Bass,The bass clef is an important musical symbol in piano music that governs an entire staff.
af2803583c,Spill,To cause or allow (a substance) to run or fall out of a container.
4f07e3eb7d,Clue,"A Clue is something a detective looks for. Associate with mystery, sometimes evil, sometimes exciting."
4f07e3eb7d,Hospital,"Sickness and death, Profit-making from misery."
4f07e3eb7d,Hundred,"A nice, round number; filling."
4f07e3eb7d,Bass,"A bird comes to mind. And also noise and music, sometimes pleasant sometimes irritating."
4f07e3eb7d,Spill,"Scoldings, life, opportunity."
186db71701,Clue,"something that leads out of a perplexity; esp., a fact or object that helps to solve a problem or mystery,to indicate by or as by a clue,nformal to provide with the necessary information: often with in"
186db71701,Hospital,"place where the sick are treated or nursed,a place of shelter and rest for travelers, etc,a charitable institution for providing and caring for the aged, infirm, orphaned, etc.: now only in names,an institution providing medical, surgical, or psychiatric testing and treatment for people who are ill, injured, pregnant, etc. on an inpatient, outpatient, or emergency care basis: often involved with public health programs, research, medical education, etc.: in British English, usually without an article when preceded by a preposition"
186db71701,Hundred,"the cardinal number next above ninety-nine; ten times ten; 100; C,a former division of an English county: orig., probably, 100 hides of land,a similar division in the early U.S., now only in Delaware,ten times ten"
186db71701,Bass,"Bass describes a very low range of musical notes or a person or instrument that produces those notes,An example of bass is the part that is sung below the baritone in a male barbershop quartet.,   2. An example of someone who had a bass voice is Louis Armstrong.

Bass is the lowest part of the musical scale,An example of the part of a music that is bass is the singing voice under the baritone in a male barbershop quartet,An example of an instrument that is bass is the guitar."
186db71701,Spill,"to allow or cause, esp. unintentionally or accidentally, to run, fall, or flow over from a container, usually so as to result in loss or waste: who spilled the milk?,to shed (blood),to empty the wind from (a sail),to lessen the pressure of (wind) on a sail,to scatter at random from a receptacle or container,to cause or allow (a rider, load, etc.) to fall off; throw off,to kill,to destroy or ruin,to squander; waste"
2fad520828,Clue,"Clue: to guide , direct in the solution of a problem, mystery, to direct,to point out by a clue"
2fad520828,Hospital,"Hospital:to sick ,injured persons,to given medical , surgical treatment,care of the needy, as an orphanage , old people's home"
2fad520828,Hundred,"Hundred: a cardinal number, ten times ten,a hundred-dollar bill, a hundred of the men"
2fad520828,Bass,"Bass: low in pitch,of the lowest pitch , range, a bass voice, a bass instrument, pertaining to the lowest part in harmonic music."
2fad520828,Spill,"Spill: to cause , allow to run, fall from a container, especially Spill: accidentally ,wastefully, to spill a bag of marbles,to spill milk,to shed (blood), as in killing , wounding,to scatter, to spill papers all over everything."
0da623e05b,Clue,"1.
anything that serves to guide or direct in the solution of a problem, mystery, etc.to direct or point out by a clue."
0da623e05b,Hospital,"1.
an institution in which sick or injured persons are given medical or surgical treatment.
2.
a similar establishment for the care of animals.
3.
a repair shop for specific portable objects: violin hospital; doll hospital.
4.
British . an institution supported by charity or taxes for the care of the needy, as an orphanage or old people's home."
0da623e05b,Hundred,"1.
a cardinal number, ten times ten.
2.
a symbol for this number, as 100 or C.
3.
a set of this many persons or things: a hundred of the men.
4.
hundreds, a number between 100 and 999, as in referring to an amount of money: Property loss was only in the hundreds of dollars."
0da623e05b,Bass,"1.
low in pitch; of the lowest pitch or range: a bass voice; a bass instrument.
2.
of or pertaining to the lowest part in harmonic music.
3.
the bass part.
4.
a bass voice, singer, or instrument.
5.
double bass."
0da623e05b,Spill,"1.
to cause or allow to run or fall from a container, especially accidentally or wastefully: to spill a bag of marbles; to spill milk.
2.
to shed (blood), as in killing or wounding.
3.
to scatter: to spill papers all over everything.
4.
Nautical .
a.
to let the wind out of (a sail).
b.
to lose (wind) from a sail.
5.
to cause to fall from a horse, vehicle, or the like: His horse spilled him."
26c834f70e,Clue,"Can be used to decide a legal case, can be an indicator as to which way to go, is a movie, is a game"
26c834f70e,Hospital,"Has beds, has nurses, is always open, has doctors, people visit others who are there, has monitors, a place for surgery, has an emergency room"
26c834f70e,Hundred,a counting term
26c834f70e,Bass,"an animal, swims, has scales, can be eaten, eats worms, can be caught with a reel"
26c834f70e,Spill,"to upturn something, something released from the container in which it was originally, requires cleanup, is messy"
e592776b4d,Clue,"matter, truth, ecidence, idea, picture, support, easy, alternate"
e592776b4d,Hospital,"care, medicine, treatment, doctors, causality, multispeciality, therapy, patients, clinic,"
e592776b4d,Hundred,"figure, century, digit, one hundred, ruppees, quantity, volume, weight"
e592776b4d,Bass,"music, base, hard, wide sound, bass guitar, bass sound, base scale, music"
e592776b4d,Spill,"excess, balance, exceeded, amount, spill amount, quantity, spill cash, spill volume"
9d836d8814,Clue,"hint, maze, mystery, solution"
9d836d8814,Hospital,"sickness, nurse, doctor, medicine, shots, sterile"
9d836d8814,Hundred,"dollars, money, bunch, green"
9d836d8814,Bass,"fish, water, fishing, swimming"
9d836d8814,Spill,"oil, milk, environment, overflow"
a4153f408b,Clue,"ideas, leads"
a4153f408b,Hospital,"doctor, a place to if ill"
a4153f408b,Hundred,"thousand, ten"
a4153f408b,Bass,"fish, pro"
a4153f408b,Spill,"drop, leak"
2a6566d746,Clue,"anything that serves to guide or direct in the solution of a problem, mystery,to direct ,to give hint,place where injuries are healed."
2a6566d746,Hospital,"an institution in which sick or injured persons are given medical or surgical treatment, an institution supported by charity or taxes for the care of the needy."
2a6566d746,Hundred,"ten times ten,a set of this many persons or things,a number between 100 and 999."
2a6566d746,Bass,"low in pitch,pertaining to the lowest part in harmonic music."
2a6566d746,Spill,"to scatter,to shed as in killing ,to cause or allow to run or fall from a container, especially accidentally or wastefully,to cause to fall from a horse or vehicle."
2486e8fbec,Clue,"an idea, deal, help,guide"
2486e8fbec,Hospital,"treat, well, good, healthy, remedy"
2486e8fbec,Hundred,"number, count, figure, count"
2486e8fbec,Bass,"loud, big, blowing"
2486e8fbec,Spill,"spread, laid, spray, distribute,"
2fa272bcaa,Clue,Clue is essential to identify solutions.
2fa272bcaa,Hospital,Hospital is required in every city.
2fa272bcaa,Hundred,Hundred is the number.
2fa272bcaa,Bass,A bass is a type of male singing voice
2fa272bcaa,Spill,Spill the water.
a7dca11140,Clue,"information,spy,find easily"
a7dca11140,Hospital,"sick,doctor,treatment"
a7dca11140,Hundred,"number, century,jubilee"
a7dca11140,Bass,"sound, depth, music,bold"
a7dca11140,Spill,"flow,waste,rotate"
19431af03e,Clue,Clue is a mystery board game designed for a group of players who individually attempt to solve it.
19431af03e,Hospital,A hospital is a health care institution providing patient treatment by specialized staff and equipment.
19431af03e,Hundred,The hundred call second -- also known as the 'centum call second (CSS)
19431af03e,Bass,"A bass is a perciform fish, many species of which are popular for fishing and eating."
19431af03e,Spill,"is an all natural 100% organic, lab-tested, field proven, industrial absorbent that is economical, efficient, non-toxic, non-leaching and in it's natural state is already biodegraded."
d2238a631b,Clue,"A ball of thread, yarn, or cord; also, The thread itself."
d2238a631b,Hospital,an institution in which sick or injured persons are given medical or surgical treatment.
d2238a631b,Hundred,"A division of a country in England, supposed to have originally contained a hundred families, or freemen."
d2238a631b,Bass,low in pitch; of the lowest pitch or range.
d2238a631b,Spill,A bit of wood split off; a splinter.
bee7f2ab27,Clue,sign hint trace indication evidence mark guide pointer intimation suggestion
bee7f2ab27,Hospital,medical center clinic  polyclinic medical pavilion sick bay nursing home
bee7f2ab27,Hundred,counting number
bee7f2ab27,Spill,causeto overflow overturn drip overflow
a7dca11140,Fishing,"water,profession,hobby"
a7dca11140,Cologne,"perfume,a city,deodorant"
a7dca11140,Mail,"post,letter,send"
a7dca11140,Act,"cinema,theater,modelling"
a7dca11140,Questions,"exams,memory test,qualify"
7242ce95a4,Fishing,hobby
7242ce95a4,Cologne,perfume
7242ce95a4,Mail,send letter through mail
7242ce95a4,Act,do something
7242ce95a4,Questions,Ask something
2622f61522,Fishing,"sport fishing, fish catching"
2622f61522,Cologne,"cologne water, perfume, good smell,"
2622f61522,Mail,"chain armour, chain mail, ring armor, ring armour, ring mail, e mail"
2622f61522,Act,"deed, human action, human activity, enactment, bit, number, routine, turn, behave,"
2622f61522,Questions,"doubt, doubtfulness, dubiousness, head, motion, enquiry, inquiry, interrogation, query,"
af2803583c,Fishing,"The act, occupation, or sport of catching fish."
af2803583c,Cologne,scented water
af2803583c,Mail,"Materials, such as letters and packages, handled in a postal system"
af2803583c,Act,That which is done or doing
af2803583c,Questions,. An expression of inquiry that invites or calls for a reply.
2cfb3bdbcd,Fishing,angle
2cfb3bdbcd,Cologne,fragrance
2cfb3bdbcd,Mail,communication
2cfb3bdbcd,Act,deed
2cfb3bdbcd,Questions,examination
6b2ac0ef88,Fishing,catching fish
6b2ac0ef88,Cologne,perfume
6b2ac0ef88,Mail,letters
6b2ac0ef88,Act,done
6b2ac0ef88,Questions,inquiry
a4153f408b,Fishing,"hobby, fishes, swim,water"
a4153f408b,Cologne,"perfume, smell,"
a4153f408b,Mail,"paper, bills, stamps,letters, postage"
a4153f408b,Act,"action, reaction, doing something"
a4153f408b,Questions,"asking,knowing,"
e01ef2fec0,Fishing,fish
e01ef2fec0,Cologne,Colog
e01ef2fec0,Mail,mail
e01ef2fec0,Act,act
e01ef2fec0,Questions,questions
a878e75949,Fishing,"outdoors, trying to obtain answers, digging, recreation"
a878e75949,Cologne,"aroma, perfume, body spray, scent"
a878e75949,Mail,"letters, postcard, deliver, to send package"
a878e75949,Act,"law, to perform, way one behaves"
a878e75949,Questions,"queries, asks, doesn't believe, to inquire"
86dc19ebbd,Fishing,"free time hobby, catching fish, search"
86dc19ebbd,Cologne,"fragrance, perfume, scent"
86dc19ebbd,Mail,"letters, post, correspondence, parcels,email"
86dc19ebbd,Act,"do something, take action, proceed, perform,operate, work"
86dc19ebbd,Questions,"query, inquiry, problem"
dcf44e6284,Fishing,"the act of catching fish.

the technique, occupation, or diversion of catching fish.

a place or facility for catching fish."
dcf44e6284,Cologne,a mildly perfumed toilet water
dcf44e6284,Mail,"letters, packages, etc., that are sent or delivered by means of the postal system
a single collection of such letters, packages, etc., as sent or delivered
Also, mails. the system, usually operated or supervised by the national government, for sending or delivering letters, packages, etc.; postal system
a train, boat, etc., as a carrier of postal matter
electronic mail;  e-mail."
dcf44e6284,Act,"anything done, being done, or to be done; deed; performance: a heroic act.

the process of doing
a formal decision, law, or the like, by a legislature, ruler, court, or other authority; decree or edict; statute; judgment, resolve
an instrument or document stating something done or transacted
one of the main divisions of a play or opera"
dcf44e6284,Questions,"a sentence in an interrogative form, addressed to someone in order to get information in reply.

a problem for discussion or under discussion; a matter for investigation. 
a matter of some uncertainty or difficulty; problem
a subject of dispute or controversy. 
a proposal to be debated or voted on, as in a meeting or a deliberative assembly."
f33d736e52,Fishing,"Line, hook, fly fishing, worms, river, rod, hobby, fishes, bucket,"
f33d736e52,Cologne,"Fragrance, odor, bottles, men, shave, old spice,"
f33d736e52,Mail,"letter, personal, corporate, internet, computer, postbox,"
f33d736e52,Act,"play, drama, movies, to do something,"
f33d736e52,Questions,"Ask, curious, need an answer, what, why, where, how, when, who,"
65368b27c5,Fishing,"One at a time, Solitary, Calming, Relaxing, Fish, Catch, Salmon"
65368b27c5,Cologne,"Perfume, Aroma, Deoderant, Bottle, Scent, Smell, Primordial"
65368b27c5,Mail,"Letters, Junk, Spam, Bills, Corrispondence, Invitations, Requests, Charities"
65368b27c5,Act,"Demonstrate, Part of a Play, Theater, To represent, to illustrate, preform"
65368b27c5,Questions,"Meaning, Understanding, Thought, Ponder, Reflect, Ask, Query,"
8d07c6bb0d,Fishing,"catching fish,an occupation, a hobby, use of fishing boat, use of fishing nets, use of fishing rods, done in seas, done in fishponds and small bodies of water, activity that requires strenght, patience and quiet."
8d07c6bb0d,Cologne,"it is a liquid fragrance, citrus scents, smells light, sprayed, vanity product, used by men and women, adults and children, synthetic, a business industry."
8d07c6bb0d,Mail,"a means of communication, slow mail, written or typed or in a piece of paper, encoded and printed in a piece of paper, sealed in an envelope, personal delivery, transmitted via post office."
8d07c6bb0d,Act,"any action, movement, reflex, voluntary, involuntary, solving something, doing something"
8d07c6bb0d,Questions,"to ask, to solve confusion, to gain information, to get clarification, to ask to be educated"
80a1c46dbd,Fishing,"fly, worm, hook, boat, stream, river, ocean, lake, charter boat, deep sea, captain, blue fish, mackerel, ling, white fish, carp, cat fish, bass, tuna, black marlin, shark, sword, blue marlin, pier, tarpon"
80a1c46dbd,Cologne,"Germany, fragrance, perfume, toilet water, eau d'toilette, men's, women's, Avon, allergic reaction, splash, spray"
80a1c46dbd,Mail,"Postal service, carrier, sorting, zip codes, name, address, letters, magazines, catalogs, postage, postage scale,"
80a1c46dbd,Act,"Perform, section of a play, put on a show, pretend"
80a1c46dbd,Questions,"Tests, inquiries, query, drill, answers, SAT"
a47ba37efc,Fishing,a good pass time
a47ba37efc,Cologne,after shave lotion
a47ba37efc,Mail,letter or electronic mailer
a47ba37efc,Act,anything done
a47ba37efc,Questions,it's an uncertainity
bee7f2ab27,Fishing,"catch fish,  hunting, trolling, trawling"
bee7f2ab27,Cologne,"perfume,  fragrance, aura, aroma, incense,"
bee7f2ab27,Mail,"postal service,  airmail, send by post,"
bee7f2ab27,Act,"deed, action, performance, achievement"
bee7f2ab27,Questions,"matter of discussion, issue,proposal, doubt ask, point in dispute"
4baffedf4f,Fishing,end
4baffedf4f,Cologne,socity
5f6fadae3f,Fishing,"The act, occupation, or sport of catching fish.
A place for catching fish."
5f6fadae3f,Cologne,A scented liquid made of alcohol and various fragrant oils;denoting toilet water
5f6fadae3f,Mail,"Materials, such as letters and packages, handled in a postal system.
Postal material for a specific person or organization."
5f6fadae3f,Act,"The process of doing or performing something: the act of thinking.
A product, such as a statute, decree, or enactment;To play the part of"
5f6fadae3f,Questions,"A subject or point open to controversy; an issue.
A difficult matter; a problem"
2486e8fbec,Fishing,"catching, observing, hunting, grabbing, picking"
2486e8fbec,Cologne,"perfume, liquid, spray, good smelling"
2486e8fbec,Mail,"letter, message, information, alert"
2486e8fbec,Act,"behave, respond, situation, work"
2486e8fbec,Questions,"query, clarify, informative, response"
de23fe1cfc,Fishing,the act of catching a fish
de23fe1cfc,Cologne,a perfumed substance
de23fe1cfc,Mail,"letters, packages, ect."
de23fe1cfc,Act,"anything done, being done,"
de23fe1cfc,Questions,to ask someone or something
0e8f9dbd37,Fishing,"catch fish from pond,lake or sea"
0e8f9dbd37,Cologne,"a perfume,deodrant"
0e8f9dbd37,Mail,an electronic form of a letter
0e8f9dbd37,Act,"to do something,to execute"
0e8f9dbd37,Questions,"queries,clearing doubts"
a99eff3ef7,Fishing,the catching of fish for sport or for a living
a99eff3ef7,Cologne,"Cologne is a scented water worn on the body, made of alcohol and fragrant oils"
a99eff3ef7,Mail,"the collection or delivery of letters, packages, etc"
a99eff3ef7,Act,Act means to do something
a99eff3ef7,Questions,A question is the asking of something
c284e4a997,Fishing,"Easy in pond,hard to do in sea,some interestable sport"
c284e4a997,Cologne,"A smelly thing,sometime with foam,oppposite sex attraction"
c284e4a997,Mail,"Differs,postal mail,E-mail,a bridge to share things"
c284e4a997,Act,"Not a real one,hard to perform exactly,a clever actor can decieve anybody"
c284e4a997,Questions,"Sometime interesting,if you know the answer.otherwise a head ache"
6535a83758,Fishing,"throwing bait to catch seafood, trying to catch fish,angling,casting,"
6535a83758,Cologne,"Fourth-largest city in Germany, a commercial center and river port in western Germany, a perfumed liquid made of essential oils and alcohol,scent"
6535a83758,Mail,"Post, written correspondence,system for sending correspondence, letters and packages handled in a postal system"
6535a83758,Act,"To do something, to perform on stage,  One of the major divisions of a play, pretended behaviour"
6535a83758,Questions,"interrogate, query,asking for answer, an interrogative sentence,to express doubt"
8860b5cbe8,Fishing,"sport, for food, for fun, requires lots of patience"
8860b5cbe8,Cologne,"odor, smelly, musky, pungent, covers up bad smells"
8860b5cbe8,Mail,"envelopes, postcards, delivered in foot or by car"
8860b5cbe8,Act,"action, do, say, write, type, talk"
8860b5cbe8,Questions,"multiple choice, yes/no, essay, makes you think"
d2238a631b,Fishing,"The act, practice, or art of one who fishes."
d2238a631b,Cologne,a mildly perfumed toilet water; eau de Cologne. Also called Cologne water.
d2238a631b,Mail,"A small piece of money; especially, an English silver half-penny of the time of Henry V."
d2238a631b,Act,"anything done, being done, or to be done; deed:"
d2238a631b,Questions,it is defined as the one pesion question for the another person
e0a5939eb6,Fishing,"is the act of catching fish, is carried out by humans as well as a number of sea birds and animals like bears, people who specialise in fishing are fishermen, fishing is using highly equipped trawlers today"
e0a5939eb6,Cologne,"is a scent, comes in bottles"
e0a5939eb6,Mail,"may be a letter which can be held or an electronic mail (email), is used for communication between people, physical mail is brought to houses by postmen"
e0a5939eb6,Act,"doing something, could also refer to a play"
e0a5939eb6,Questions,"ask something, people attempt to find answers to questions"
2f2d675e23,Fishing,The occupation of catching fish for a living
2f2d675e23,Cologne,A perfumed liquid made of essential oils and alcohol
2f2d675e23,Mail,"Send via the postal service.
EX-I'll mail you the check tomorrow."
2f2d675e23,Act,"Something that people do or cause to happen.
EX-He did his act three times every evening."
2f2d675e23,Questions,"A sentence of inquiry that asks for a reply.
EX-He asked a direct question."
92ea18c297,Fishing,the occupation of catching fish
92ea18c297,Cologne,mixture of citrus oils
92ea18c297,Mail,postal material for specific people
92ea18c297,Act,performance
92ea18c297,Questions,an expression of inquiry
ce58ffe106,Fishing,"angle, bait, cast, hook, produce, trawl, bob, extract, throwing bait to catch seafood, cast one's net"
ce58ffe106,Cologne,"fragrance product, toilet water, scent, eau de toilet, cologne, eau de cologne"
ce58ffe106,Mail,"written correspondence, air mail, junk mail, letter package, post office, post"
ce58ffe106,Act,"part of a performance, fake, false front, performance,stance, simulation, sweet talk, stunt"
ce58ffe106,Questions,"discussion, point, proposal, subject, interrogate, investigation, motion, quest, search"
8f659dbf2f,Fishing,delving probing
8f659dbf2f,Cologne,city fragrance
8f659dbf2f,Mail,letters envelopes electronic mail
8f659dbf2f,Act,stooge play persona alter ego
8f659dbf2f,Questions,probes enquiries requests
8284809d6f,Fishing,"Fishing :is the activity ,of catching fish. Fish are ,normally caught, in the wild. Techniques ,for catching fish, include hand gathering, spearing, netting, angling and trapping."
8284809d6f,Cologne,"Cologne is a ,concentrated fragrance. Unlike perfume, a true cologne ,always has"
8284809d6f,Mail,"Mail ,is the bags of letters ,and packages that ,are transported ,by the postal service; or a post."
8284809d6f,Act,"An act can mean ,different things in ,different situations. When speaking of a play or production, an act is considered ,a scene. Each act, is usually numbered. Also, acting is the, art of portraying someone or, something else"
8284809d6f,Questions,"A question ,is something you ask someone to ,get an answer. An example of a question is ""What is a question?"". Whenever you ask something, that is a question."
eb09612a37,Fishing,swimming
eb09612a37,Cologne,buildings
eb09612a37,Mail,fastest
eb09612a37,Act,artist
eb09612a37,Questions,asking
19431af03e,Fishing,"The act, occupation, or sport of catching fish. A place for catching fish"
19431af03e,Cologne,A scented liquid made of alcohol and various fragrant oils. Also called eau de cologne.
19431af03e,Mail,"Materials, such as letters and packages, handled in a postal system.Postal material for a specific person or organization."
19431af03e,Act,A trademark for a standardized college entrance examination.The process of doing or performing something.
19431af03e,Questions,"An expression of inquiry that invites or calls for a reply. An interrogative sentence, phrase, or gesture. A subject or point open to controversy; an issue. A difficult matter; a problem."
1e695ef57f,Fishing,"activity, water-related, food related, uses equipment such as a rod or net, can be a passtime, occupation, or hobby, an actvitiy where you get wet, also can be any activitiy where there's an attempt to get something, as in ""fishing for information."
1e695ef57f,Cologne,"like a perfume, liquid, scented, nice-smelling, often a gift, colored, bottled, also a town in Germany"
1e695ef57f,Mail,"government service, post office, letters, postcards, magazines, things you put into or take out of a mail box, also the act of mailing"
1e695ef57f,Act,"to do, to initiate, to be active and not passive, to put on, to perform, to pretend, to be inauthentic. Also a segment of a play."
1e695ef57f,Questions,"uncertainties, querries, tests, interrogatories, things that appear of tests, things asked by investigators, also, the act of asking a querry."
0da623e05b,Fishing,"1.
the act of catching fish.
2.
the technique, occupation, or diversion of catching fish.
3.
a place or facility for catching fish."
0da623e05b,Cologne,"a mildly perfumed toilet water; eau de Cologne.
Also called Cologne water.
short for Cologne water,  made in Cologne  since 1709"
0da623e05b,Mail,"1.
letters, packages, etc., that are sent or delivered by means of the postal system: Storms delayed delivery of the mail.
2.
a single collection of such letters, packages, etc., as sent or delivered: to open one's mail; to find a bill in the mail; The mail for England was put on the noon plane.
3.
Also, mails. the system, usually operated or supervised by the national government, for sending or delivering letters, packages, etc.; postal system: to buy clothes by mail.
4.
a train, boat, etc., as a carrier of postal matter.
5.
electronic mail;  e-mail."
0da623e05b,Act,"1.
anything done, being done, or to be done; deed; performance: a heroic act.
2.
the process of doing: caught in the act.
3.
a formal decision, law, or the like, by a legislature, ruler, court, or other authority; decree or edict; statute; judgment, resolve, or award: an act of Congress.
4.
an instrument or document stating something done or transacted.
5.
one of the main divisions of a play or opera: the second act of  Hamlet."
0da623e05b,Questions,"1.
a sentence in an interrogative form, addressed to someone in order to get information in reply.
2.
a problem for discussion or under discussion; a matter for investigation.
3.
a matter of some uncertainty or difficulty; problem (usually followed by of ): It was simply a question of time.
4.
a subject of dispute or controversy.
5.
a proposal to be debated or voted on, as in a meeting or a deliberative assembly."
6be52007c6,Fishing,"It means deliberately behaving in such a way as to attract compliments.

Read more: http://wiki.answers.com/Q/What_is_the_meaning_of_'fishing_for_compliments'#ixzz1eAEBhkWc"
6be52007c6,Cologne,"The word cologne, denoting toilet water, is from Cologne, the French (and English) name of the German city Köln, where cologne has been made since the beginning of the 18th century. The first use of cologne for toilet water is recorded in English in 1814, with the word being used in the compound cologne water, a translation of eau de Cologne, the French name for this liquid. The ultimate source of the word lies in the history of the city, which stretches back to the Roman Empire: its Latin name was Colōnia, meaning ""colony.""

Read more: http://www.answers.com/topic/cologne#ixzz1eAEpIzHP"
6be52007c6,Mail,"A small piece of money; especially, an English silver half-penny of the time of Henry V."
6be52007c6,Act,"something that is done, performed, or accomplished; an act: Do a good deed every day.
2.
an exploit or achievement; feat: brave deeds.
3.
Often, deeds. an act or gesture, especially as illustrative of intentions, one's character, or the like: Her deeds speak for themselves.
4.
Law . a writing or document executed under seal and delivered to effect a conveyance, especially of real estate."
6be52007c6,Questions,"a. An expression of inquiry that invites or calls for a reply.
b. An interrogative sentence, phrase, or gesture.
2. A subject or point open to controversy; an issue.
3. A difficult matter; a problem: a question of ethics.
4. A point or subject under discussion or consideration."
f433c3fbfe,Fishing,"to catch fish,it can be eaten by we human,good for health, livesin ponds and sea,lays eggs,swims,caught by fisherman"
f433c3fbfe,Cologne,"it is a river port,"
f433c3fbfe,Mail,"gmail,yahoo,facebook,good friends,chatting"
f433c3fbfe,Act,"hero,heroine,comedian,interesting,timepass"
f433c3fbfe,Questions,no questions
88f83ba7a8,Fishing,"FISHING MEANS CATCHING FISH FROM SEA, POND, RIVER ETC. FISHING IS TO HOBBY FOR SOMEBODY. SOMEBODY TO LIVE. EXACT MEANING IS TO CATCH FISH."
88f83ba7a8,Cologne,"COLOGNE MEANS A LIGHT PERFUME. A BEAUTIFUL SMILE, PERFUME OF ROSE, GOOD TO SMOOTH"
88f83ba7a8,Mail,"MAIL MEANS SENDING A INFORMATION WITH THE HELP OF COMPUTER AND INTERNET SYSTEM.  IT IS THE NEW FORM OF INFORMATION TRANSFORMATION LIKE POST OFFICE. POPULAR MAILS SERVICES ARE YAHOO, GMAIL, REDIFFMAIL, HOTMAIL."
88f83ba7a8,Act,"ACT MEANS TO ACTING SOMEONE. ACT IS LAW, ACTING, PROCESS, PROBLEMS NOUN, DRAMA"
88f83ba7a8,Questions,"QUESTIONS MEANS ASKING WHATEVER. ASKING A INFORMATION, WHAT IS YOUR FATHER NAME?, HOW MANY MANGOES ARE THERE ?, ASK ABOUT SOMETHING?"
2773fc01ba,Fishing,"catching fish,need work done,complementing,sorry"
2773fc01ba,Cologne,"smell, fragrance,body,alcohol"
2773fc01ba,Mail,"email,text,long distance.relation,work"
2773fc01ba,Act,"action,act upon,law,force"
2773fc01ba,Questions,"ask,need answer, exams,court,police"
0e33c17467,Fishing,"sportfishing,angling,whaling"
0e33c17467,Cologne,"eau de cologne, cologne water"
0e33c17467,Mail,"correspondence,special handling,letter"
0e33c17467,Act,"ways,action,style,function,behave"
0e33c17467,Questions,"examination,enquiry,doubt"
1c7639828f,Fishing,"the act of catching fish,  its an occupation, activity of trying to catch fish"
1c7639828f,Cologne,"a mildly perfumed toilet water, it is liquid, typically consisting of less than 5 percent aromatic compounds of essential oils"
1c7639828f,Mail,"communication media, sent or delivered by means of the postal system, may be letters, packages, etc"
1c7639828f,Act,"anything done, being done,performance, process of doing"
1c7639828f,Questions,"a sentence in an interrogative form, addressed in order to get information in reply, a problem for discussion"
9fb171be25,Fishing,"The act, occupation, or sport of catching fish.The sport of catching fish using a rod and reel."
9fb171be25,Cologne,"A city of western Germany on the Rhine River north of Bonn. It was a Roman settlement called Colonia Agrippina after a.d. 50 and passed under Frankish control in the 5th century. During the 15th century it flourished as a member of the Hanseatic League. Population: 990,000. A scented liquid made of alcohol and various fragrant oils. Also called eau de cologne."
9fb171be25,Mail,Postal material for a specific person or organization.To send letters and other postal material by mail.
9fb171be25,Act,"The process of doing or performing something: A product, such as a statute, decree, or enactment, resulting from a decision by a legislative or judicial body:"
9fb171be25,Questions,An expression of inquiry that invites or calls for a reply. A point or subject under discussion or consideration.
24a08f9d6b,Fishing,"the occupation of catching fish,A place for catching fish,fishing Spots,the act of someone who fishes,fishing Guide"
24a08f9d6b,Cologne,"A scented liquid made of alcohol and various fragrant oils,a perfumed liquid,fragrant essential oils,its Latin name was Colnia, meaning ""colony."""
24a08f9d6b,Mail,"letters, packages, handled in a postal system,materials,Postal material ,A system by which letters,Mail or messages sent electronically; e-mail,To send by mail,A vehicle by which mail is transported ."
24a08f9d6b,Act,"The process of doing , performing something: the act of thinking,a deed: a charitable act,dramatic role or roles."
24a08f9d6b,Questions,"An expression of inquiry that invites, calls for a reply,A difficult matter; a problem: a question of ethics,Uncertainty; doubt,To put a question to,To analyze; examine."
059682c8ca,Fishing,"fishing pole, boat, water, bugs"
059682c8ca,Cologne,"potent smell, nauseating, flowery, musky, fruity"
059682c8ca,Mail,"envelopes, letters, bills, stamps, post office"
059682c8ca,Act,"move, do, perform, work, proceed"
059682c8ca,Questions,"ask, wonder, inquisitive, teacher, education"
41e63f1eda,Fishing,"FISHING  FOR SURVIVAL, FISHING IN PONDS,RIVERS,SEA.FISHING OVER SOMEONE,FISHING AS PROFESSION,FISHING COLLECTS FISH,FISHING IN NETS,FISHING IN GROUPS, FISHING IS BUSINESS OF TRADITIONAL TIMES,FISHING LONELY ,FISHING IN OCEANS."
41e63f1eda,Cologne,"TOURIST PLACE IN GERMANY,MEN COLOGNE,DIFFERENT FROM PERFUME,AIRPORT COLOGNE,PLACE OF ATTRACTION."
41e63f1eda,Mail,"MAIL BY POST,ONLINE MAIL, MAIL BE AIR, SEA.PASSENGER MAIL, SPAM MAIL,INBOX MAILS,OUTBOX MAILS,MAIL IN TRANSIT,CARGO MAIL,MAIL IN RAILWAY RESERVATION,MAIL ON TIME,MAIL MESSAGES,QUICKER MAILS,MAIL TO FRIENDS,FRIGHTENING MAIL,HAPPY MAIL,MAIL BY LOVER,MAIL FOR REMEMBER,MAIL TO MAIL,MAIL OF CONSPIRACY,FAKE MAILS,MAIL INSPECTION,MAIL BY UNKNOWN, MAIL WITHOUT SUBJECT,WITHOUT MESSAGE,MAIL WITH UNKNOWN SENDER,UNREGISTERED USERS."
41e63f1eda,Act,"ACT TO PLAY.ACT IN ACCORD,ACT FOR WIN.ACT IN DRAMA,FILM,HOLLYWOOD.ACT INDIFFERENTLY.ACT ACCORDING TO SITUATION,ACT IN DANGER,ACT TO REMEMBER, ACT TO NOTICE,ACT AS TRAINEE,ACT OVER ,ACT AS PER STANDARDS,ACT FOR PROTECTION,ACT IN FORCE,ACT AGAINST CRIME,ACT AGAINST LAW,ACT FOR OTHERS,ACT IN BETWEEN.INCOME TAX ACT,ACT OF GOVERNMENT,ACT FOR PEOPLE,BY THE PEOPLE,TO THE PEOPLE."
41e63f1eda,Questions,"QUESTIONS OF EXAMINATION,OF LIFE.UNSOLVED QUESTIONS.ANSWERABLE QUESTIONS.OPTIONAL QUESTIONS.QUESTIONS TOP PRIORITY,QUESTIONS TO ANSWER FIRST,HARD &  TOUGH QUESTIONS,QUESTIONS IN CAREERS,MARRIAGE.CHILDREN QUESTIONS,QUESTIONS TO POLITICIANS,QUESTIONS BY TEACHER IN CLASS ROOM.LONG & BIG QUESTIONS,SMALL& EASY QUESTIONS.STICKY QUESTIONS.SMART QUESTIONS,STEADY QUESTIONS,SOFT QUESTIONS.ON PAPER QUESTIONS.QUESTIONS IN MIND.QUESTIONS OF UNANSWERABLE TYPE.TYPICAL QUESTIONS .QUESTIONS AHEAD OF TIMES.JUMBLING & WRONG MEANING QUESTIONS.ANSWER TO FOLLOWING ANY FIX QUESTIONS.HOW TO ANSWER THEM.ART OF ASKING QUESTIONS.ACCEPTABLE & UNACCEPTABLE QUESTIONS,QUESTIONS BY INTERVIEWER."
7cf403bfc3,Fishing,catching fish
7cf403bfc3,Cologne,similar toilet water
7cf403bfc3,Mail,"letters and parcels etc.carried by post,postal system,one complete delivery or collection of mail"
7cf403bfc3,Act,something done;a deed
7cf403bfc3,Questions,sentence worded or expressed so as to seek information or an answer
2b15616b23,Fishing,is capturing fish
2b15616b23,Cologne,is a perfumed liquid
2b15616b23,Mail,it is an electronic message
2b15616b23,Act,to do something or perform something related to a situation
2b15616b23,Questions,it is asking about something
fd1a1cbbc3,Fishing,"sportfishing, fishing"
fd1a1cbbc3,Cologne,"eau de cologne, cologne water"
fd1a1cbbc3,Mail,"ring armor, chain mail, chain armour, chain armor, ring armour, ring mail, post, mail service, postal service"
fd1a1cbbc3,Act,"act, characterization, bit, deed, personation, human action, number, human activity, portrayal, enactment, turn, passage, routine"
fd1a1cbbc3,Questions,"examination, enquiry, doubtfulness, doubt, head, interrogation, query, motion, interrogatory, interrogative sentence, interrogative, question, research, inquiry, dubiousness"
d6fbaf0859,Fishing,"TO COLLECT FISH FROM THE WATER, TO USE FISHING ROD, TO CATCH"
d6fbaf0859,Cologne,"LIQUID, WITH SCENT FEEL FRESH AND TO SMELL GOOD"
d6fbaf0859,Mail,"LETTERS, POSTAL... ENVELOPE.. WRITTE NOTES AND THOUGHTS, PAPERS DOCUMENTS IN TRANSIT"
d6fbaf0859,Act,TO PUT YOURSELF IN ONES ROLE. TO MEDITATE.
d6fbaf0859,Questions,"OPPOSITE OF ANSWER, TO SATISFY INQUIRIES AND INFORMATION"
2a6566d746,Fishing,"the technique, occupation, or diversion of catching fish,a place or facility for catching fish,the act of catching fish,to catch or attempt to catch."
2a6566d746,Cologne,"a mildly perfumed toilet water,a perfumed liquid or solid made of fragrant essential oils and alcohol."
2a6566d746,Mail,"a train, boat, etc,letters, packages, etc,a single collection of such letters, packages, etc., as sent or delivered,electronic mail;  e-mail."
2a6566d746,Act,"the process of doing,anything done, being done, or to be done,an instrument or document stating something done or transacted."
2a6566d746,Questions,"a sentence in an interrogative form, addressed to someone in order to get information in reply,to ask or inquire,to challenge or dispute,a matter of some uncertainty or difficulty."
430445fa7c,Fishing,"boat, fishing pole, fish, lake, ocean, seas, lakes, rivers, worms, men, relaxing, patience,"
430445fa7c,Cologne,"men, turn on, smells good, manly,"
430445fa7c,Mail,"bills, letters, magazine, newspapers, information, mailbox, mailman, coupons,"
430445fa7c,Act,"perform, actor, actress, movies, live theater, stage, stadium, broadway, hollywood,"
430445fa7c,Questions,"answers, interest, information, knowledge, curiosity,"
2ece3f8886,Fishing,"fish, sea, ship, boat, catching fish, net, non veg, food"
2ece3f8886,Cologne,"waste water, bad water, worst, toilet water, impure water, drainage water, dirty water, unclean watre"
2ece3f8886,Mail,"message, letter, parcel, post, website, postal system, subject, inform"
2ece3f8886,Act,"something done, play, division, misbehave, incident, perform, party, present"
2ece3f8886,Questions,"books, exam, paper, answer, seek information, matter, doubt, raise objection"
b9816c5c09,Fishing,"to try to catch fish, to search carefully,the act of catching fish,the technique, occupation, diversion of catching fish, place or facility for catching fish"
b9816c5c09,Cologne,"mildly perfumed liquid, cologned"
b9816c5c09,Mail,"letters, parcels, etc., delivered by a postal service,system to deliver mail, to send by email,to monitor or listen to a CB transmission, flexible mirror"
b9816c5c09,Act,"something done, law or decree, division of a play, to do something, to behave, to pretend ,to perform in a play, movie, to behave in a manner appropriate to one's maturity"
b9816c5c09,Questions,1.sentence in a form intended to elicit information 2. matter for discussion or dispute 3. to ask questions of 4. to doubt or dispute
f89618c03c,Fishing,"The occupation of catching fish
The act of someone who fishes as a diversion"
f89618c03c,Cologne,"A commercial center in western Germany on the Rhine River
A perfumed liquid made of essential oils and alcohol"
f89618c03c,Mail,"The bags of letters and packages that are transported by the postal service
The system whereby messages are transmitted via the post office"
f89618c03c,Act,"A legal document codifying the result of deliberations of a committee or society or legislative body.
Something that people do or cause to happen"
f89618c03c,Questions,"A sentence of inquiry that asks for a reply.
A formal proposal for action made to a deliberative assembly for discussion and vote."
98e8b229d5,Fishing,"sportfishing,fishing boat, fishing eagle, fishing gear, fishing license, fishisng line, fishing expedition. fishing in troubled waters"
98e8b229d5,Cologne,"eau de cologne, cologne water, flattery is like cologne water, colombia, colombian"
98e8b229d5,Mail,"ring armor, chain mail, chain armor, chain armour, ring armour, ring mail, post, mail service, postal service, billet, berth, military post"
98e8b229d5,Act,"act, characterization, bit, deed, personation, human action, number, human activity, portrayal, enactment, turn, passage, routine,deed of conveyance, bit, deed, title, human action, number, human activity, enactment, turn,"
98e8b229d5,Questions,"Examinations, enquiries, doubts, interrogations, queries, motions, researches, interrogative sentences, interrogative moods"
cd4699ed74,Fishing,"trying to catch fish, sport, activity"
cd4699ed74,Cologne,frangrance used to make onesself smell good. calvin clein
cd4699ed74,Mail,post office. letter send from one to another.
cd4699ed74,Act,"actions, play, put on a show, behavior"
cd4699ed74,Questions,"food for thought, curiousity, thoughts"
95e2618c28,Fishing,"The act, occupation, or sport of catching fish,A place for catching fish."
95e2618c28,Cologne,A scented liquid made of alcohol and various fragrant oils
95e2618c28,Mail,"Materials, such as letters and packages, handled in a postal system, Postal material for a specific person or organization"
95e2618c28,Act,"The process of doing or performing something,Something done or performed; a deed"
95e2618c28,Questions,"An expression of inquiry that invites or calls for a reply, An interrogative sentence, phrase, or gesture"
b245d0513e,Fishing,technique of catching fish
b245d0513e,Cologne,a perfume
b245d0513e,Mail,post office
b245d0513e,Act,to do
b245d0513e,Questions,an enquiry
6c7df926ad,Fishing,"taking fish, this doing on sea"
6c7df926ad,Cologne,",belly pain"
6c7df926ad,Mail,"massage, information on sending, sent"
6c7df926ad,Act,"act is law, regulate act,ipc 312act"
6c7df926ad,Questions,"asking, douth clearance asking, knowing on ather"
ce58ffe106,Believe,"accept, trust, swallow, posit, keep the faith, count on, consider, accept, understand, take for grantedla"
ce58ffe106,Farm,"land for agriculture or animal breeding, acreage, enclosure, plantation, meadow, garden, soil, farm equipment"
ce58ffe106,Republican,"selfish, boss, partisan, public servant, states person, selfish member of congress"
ce58ffe106,Ketchup,"flavoring, dressing, gravy, salsa, sauce, seasoning, spice, zest, salt, good"
ce58ffe106,Creator,"inventor, author, god, brain, founder, maker, designer, producer, sire, deity, generator"
2b15616b23,Believe,to have faith
2b15616b23,Farm,a kind of small place to grow something.
2b15616b23,Republican,Favoring a republic as the best form of government
2b15616b23,Ketchup,it is a thick sauce made from tomatoes
2b15616b23,Creator,is a person who creates something
2622f61522,Believe,"avoid doubt, make sure, assure, people believe each other"
2622f61522,Farm,"land with greenery, big land, farmer works there,"
2622f61522,Republican,Political party
2622f61522,Ketchup,tomato ketchup
2622f61522,Creator,"Maker, founder, create new thing, newness."
3da9244fa0,Believe,"creed, trust, faith, God."
3da9244fa0,Farm,"Animals, sheep, pigs, Orwell."
3da9244fa0,Republican,"Formere President, tea party, conservative, democrat."
3da9244fa0,Ketchup,"Tomatoes, fried potatoes, hot dogs, hamburger."
3da9244fa0,Creator,"God, stylist, writer, hairdresser."
2cfb3bdbcd,Believe,trust
2cfb3bdbcd,Farm,be a farmer
2cfb3bdbcd,Republican,characteristic of such government
2cfb3bdbcd,Ketchup,catsup
2cfb3bdbcd,Creator,invents things
cdf81c2126,Believe,to have confidence
cdf81c2126,Farm,a country or district leased for the collection of revenue
cdf81c2126,Republican,fitting or appropriate for the citizen of a republic
cdf81c2126,Ketchup,"a condiment consisting of puréed tomatoes, onions, vinegar, sugar, spices, etc"
cdf81c2126,Creator,a person or thing that creates.
1e695ef57f,Believe,"associated with faith, not rational, wishful, optomistic, state of being, not objective, not provable,"
1e695ef57f,Farm,"in country, has barns, run by farmer, has barns, has crops, has animals, is green, not in city, has a tractor, has dirt roads, has a silo"
1e695ef57f,Republican,"political party, known as GOP, conservative, allied with Tea Party, majority in House, not progressive, not liberal"
1e695ef57f,Ketchup,"red, comes in bottle, condiment, kept in table, pours, used as dip,used as flavoring, comes in packets"
1e695ef57f,Creator,"maker, artist, artisan, fabricator; God, Supreme Being, Allah, described in Genesis, denied by athiests, believed in by theists,"
19431af03e,Believe,"To exercise belief in; to credit upon the authority or testimony of another; to be persuaded of the truth of, upon evidence furnished by reasons, arguments, and deductions of the mind, or by circumstances other than personal knowledge; to regard or accept as true; to place confidence in; to think; to consider; as, to believe a person, a statement, or a doctrine."
19431af03e,Farm,"The rent of land, originally paid by reservation of part of its products."
19431af03e,Republican,"republican adj. Of, relating to, or characteristic of a republic. Favoring a republic as the best form of government."
19431af03e,Ketchup,"ketchup also catchup or catsup n. A condiment consisting of a thick, smooth-textured, spicy sauce usually made from tomatoes."
19431af03e,Creator,terms referring to the Judeo-Christian God.
cdba4768af,Believe,"1) To have confidence in the truth, the existence, or the reliability of something, although without absolute proof that one is right in doing so: Only if one believes in something can one act purposefully. (2) To have confidence or faith in the truth of (a positive assertion, story, etc.); give credence to.(3) To have confidence in the assertions of (a person). (4) to have a conviction that (a person or thing) is, has been, or will be engaged in a given action or involved in a given situation: The fugitive is believed to be headed for the Mexican border. (5) to suppose or assume; understand (usually followed by a noun clause): I believe that he has left town."
cdba4768af,Farm,"(1) a tract of land, usually with a house, barn, silo, etc., on which crops and often livestock are raised for livelihood.(2)land or water devoted to the raising of animals, fish, plants, etc.: a pig farm; an oyster farm; a tree farm. (3) a similar, usually commercial, site where a product is manufactured or cultivated: a cheese farm; a honey farm.(4) the system, method, or act of collecting revenue by leasing a territory in districts. (5) a country or district leased for the collection of revenue. (6) to cultivate (land).(7)to take the proceeds or profits of (a tax, undertaking, etc.) on paying a fixed sum. (8)to let or lease (taxes, revenues, an enterprise, etc.) to another for a fixed sum or a percentage (often followed by out ).(9)to let or lease the labor or services of (a person) for hire.(10) to contract for the maintenance of (a person, institution, etc.): a county that farms its poor."
cdba4768af,Republican,"(1) of, pertaining to, or of the nature of a republic. (2)favoring a republic. (3)fitting or appropriate for the citizen of a republic: a very republican notion.(4)( initial capital letter ) of or pertaining to the Republican party. (5)a person who favors a republican form of government."
cdba4768af,Ketchup,"(1) a condiment consisting of puréed tomatoes, onions, vinegar, sugar, spices, etc. (2)any of various other condiments or sauces for meat, fish, etc.: mushroom ketchup; walnut ketchup."
cdba4768af,Creator,"(1) a person or thing that creates. (2)the Creator, God."
a878e75949,Believe,"faith, to have hope, trust, promise, love"
a878e75949,Farm,"plant, reside, home, agriculture, rural, livelihood"
a878e75949,Republican,"Politician, less government, conservative, higher morals, less spending, George W. Bush"
a878e75949,Ketchup,"condiment, tomatoes, sauce, french fries, Heinz"
a878e75949,Creator,"God, maker, builder, to build, great mind, innovative"
b605293af4,Believe,"means to think something is true, means to have faith in someone or something, means to be religious"
b605293af4,Farm,"is where crops are grown, has a barn, has animals, has fields"
b605293af4,Republican,"is a political party, is conservative, is against radical beliefs"
b605293af4,Ketchup,"is red, is made with tomatos, comes in a bottle, is served on burgers"
b605293af4,Creator,"is God, is someone who made something, is someone who came up with an idea"
2486e8fbec,Believe,"follow, accept, firm"
2486e8fbec,Farm,"a place, garden, cultivation land"
2486e8fbec,Republican,"believer, follower, worshiper"
2486e8fbec,Ketchup,"extract, pulp, squeezed, food ingredient"
2486e8fbec,Creator,"generator, sculptor, maker, producer"
24a08f9d6b,Believe,"To accept as true or real,To expect or suppose; think,To have firm faith, especially religious faith,To have an opinion; think."
24a08f9d6b,Farm,"To cultivate or produce a crop on,a tract of land, usually with house and buildings, cultivated as a unit or used to rear livestock,farm produce,to cultivate."
24a08f9d6b,Republican,"One who favors a republic ,A member of the Republican Party of the United States,political leader, politico, politician."
24a08f9d6b,Ketchup,"catchup, catsup,A condiment consisting of a thick, smooth-textured, spicy sauce usually made from tomatoes."
24a08f9d6b,Creator,"a person or thing that creates; originator,Almighty, Divine, God Almighty, Godhead, Lord, Maker, Jehovah."
934c167e80,Believe,"TO HAVE A FIRM RELIGIOUS FAITH,TO ACCEPT AS TRUE,OR REAL,TO HOLD AS OPINION,TO CONSIDER TO BE TRUE OR HONEST,TO HAVE A FIRM CONVICTION AS TO THE GOODNESS,"
934c167e80,Farm,"A TRACT OF LAND DEVOTED TO AGRICULTURAL PURPOSES,LAND DEVOTED TO RAISING OF ANIMALS,A SUM OR DUE FIXED IN AMOUNT AND PAYABLE AT FIXED INTERVALS,"
934c167e80,Republican,"MEMBER OF A POLITICAL PARTY,FAVOURING/SUPPORTING/ADVOCATING A REPUBLIC,ONE WHO SUPPORTS A REPUBLICAN FORM OF GOVERNMENT."
934c167e80,Ketchup,"EATABLE MADE FROM TOMATOES,JUICE EXTRACTED FROM TOMATOES,SOUR,RED IN COLOUR,SIDE DISH FOR SNACKS OR BREADS."
934c167e80,Creator,"GOD,ONE WHO CREATES,PRODUCER,ONE WHO BRINGS NEW ONE TO THE WORLD,"
cc0fd23c05,Believe,"Believe:-make believe, god, superisitious"
cc0fd23c05,Farm,"Farm:-farm house, agriculctural land, diary farm"
cc0fd23c05,Republican,"Republican:- flag, nation, country, freedom, party, political"
cc0fd23c05,Ketchup,"Ketchup:-kept, kitsch, kettledrum,"
cc0fd23c05,Creator,"Creator:- maker, manufactur, author, begetter, father, establisher, founder, founding father, generator, inaugurator, initiator,"
1c7639828f,Believe,"feel sure, Accept as it is , to trust."
1c7639828f,Farm,"An area used for growing crops and rearing animals, is a beautifully created land for animals or crops"
1c7639828f,Republican,"advocating or supporting republican government,  Belonging to or characteristic of a republic, Republicans want to keep things as they are."
1c7639828f,Ketchup,"A spicy sauce , made from tomatoes and vinegar, thick, smooth-textured, spicy"
1c7639828f,Creator,"A person or thing that brings something into existence, maker, Used as a name for God, who  brings  something new"
af2803583c,Believe,accept as true
af2803583c,Farm,"Pertaining to agriculture devoted to, adapted to, or engaged in, farming."
af2803583c,Republican,"Of, relating to, or characteristic of a republic"
af2803583c,Ketchup,"A condiment consisting of a thick, smooth-textured, spicy sauce usually made from tomatoes."
af2803583c,Creator,One that creates
694b2d8fb5,Believe,"Trust , a feeling of faith on somebody or something , faith in god , committed , satisfied with somebody , positive view on somebody or something."
694b2d8fb5,Farm,"agricultural area, a place where animals and crops are bread , village ,relates to the approach in vegetation , land without commercial buildings"
694b2d8fb5,Republican,"A political party , government , US political party , freedom , represent people in a party"
694b2d8fb5,Ketchup,"represents a sauce , liquid used in food , lots of flavors ,catching somebody later or contacting somebody later"
694b2d8fb5,Creator,"developer , owner , person who creates new things ,constructs a new structure , artist , book writer"
6b2ac0ef88,Believe,accept as truth
6b2ac0ef88,Farm,land used for agricultural purpose
6b2ac0ef88,Republican,a person with republic characteristics
6b2ac0ef88,Ketchup,tomato sauce
6b2ac0ef88,Creator,one who creates something
d6fbaf0859,Believe,"to trust, to have faith"
d6fbaf0859,Farm,a land forn full of vegetation and plants
d6fbaf0859,Republican,conservative
d6fbaf0859,Ketchup,seasoning in red color
d6fbaf0859,Creator,"the maker, the grand designer, God"
fe5a703d9c,Believe,"accept as true, suppose to be true, thinking as true"
fe5a703d9c,Farm,"land where crops are grown,vegetation land,land growing crops"
fe5a703d9c,Republican,"constitute as republic, characteristic of republic"
fe5a703d9c,Ketchup,"tomato sauce,sauce made with tomato,"
fe5a703d9c,Creator,"person who creates, GOD"
33cd6db15a,Believe,"Firm thinking,Keen decision,No suspicion,True belief,Can move mountains,At most, hope,Trusting."
33cd6db15a,Farm,"Vegetable and fruit trees are grown,Animals like sheep,or cow are reared and cared,Farmer and his family lives,Agriculture or cultivation on large scale,They can be orchards or vegetables."
33cd6db15a,Republican,"Republican party member,One who stays in a republic,Countries which have full autonomy,A person with liberal and free outlook."
33cd6db15a,Ketchup,"Tomato ketchup,Puree,Vegetable or fruit  stewed preserved for use,red, green or green colour"
33cd6db15a,Creator,"God,Maker,Omnipotent, A person who forms of an idea or thing,Artist,Sculptor."
d2238a631b,Believe,"To exercise belief in; to credit upon the authority or testimony of another; to be persuaded of the truth of, upon evidence furnished by reasons, arguments, and deductions of the mind, or by circumstances other than personal knowledge; to regard or accept as true; to place confidence in; to think; to consider; as, to believe a person, a statement, or a doctrine."
d2238a631b,Farm,"a tract of land, usu. with a house, barn, silo, etc., on which crops and often livestock are raised for livelihood."
d2238a631b,Republican,"Consonant with the principles of a republic; as, republican sentiments or opinions; republican manners."
d2238a631b,Ketchup,"a condiment consisting usu. of puréed tomatoes, onions, vinegar, sugar, and spices"
d2238a631b,Creator,terms referring to the Judeo-Christian God
eb09612a37,Believe,willingness
eb09612a37,Farm,have water
eb09612a37,Republican,Indian
eb09612a37,Ketchup,Jams
eb09612a37,Creator,poet
86dc19ebbd,Believe,"trust, consider, think, suppose"
86dc19ebbd,Farm,"a place of cultivation, farm house, cattle farm, fish farm, chicken farm, dairy farm, fruit farm."
86dc19ebbd,Republican,"A party in US,Those who belong to republican party"
86dc19ebbd,Ketchup,"sauce, tomato ketchup, side dish, pulp, paste"
86dc19ebbd,Creator,"maker, inventor, originator, architect, designer,author"
ea9e170cdb,Believe,"trust, have faith in something, repose faith on something, accept something as true, truth"
ea9e170cdb,Farm,"a place where fruits are grown, a place where vegetables are grown, a place where poultry is nourished"
ea9e170cdb,Republican,"a free State, a free province, a provincial state, an independent republic state"
ea9e170cdb,Ketchup,"a spicy food item, tomato sauce, tomato juice, a spicy juice"
ea9e170cdb,Creator,"one who creates a piece of art, a producer, a maker, one who is involved in the making of something, one who makes something, one who produces a piece of art"
3f2462ed89,Believe,We will accept something as true without any hesitation
3f2462ed89,Farm,"Its related to Garden, Cultivation - Farm House"
3f2462ed89,Republican,The person who fight for republic
3f2462ed89,Ketchup,Its a food item used as a side dish for Chicken - Tomato Ketchup
3f2462ed89,Creator,"Producer, the person who is manufacturing or Producing something"
932ad1fc41,Believe,"blind belief,believe in god,life,doctor."
932ad1fc41,Farm,"house,field,agriculture,farming tools,farming land,farming community."
932ad1fc41,Republican,"republican party,citizen,nation,republican party,republican era."
932ad1fc41,Ketchup,"tomato,tamarind,ketchup bottle,ketchup spices."
932ad1fc41,Creator,"creator God,creator of trouble,creator of life,creator of television."
8f659dbf2f,Believe,"have faith, have hope in, understand, truth"
8f659dbf2f,Farm,"animals, fur feather grass fields corn ponds barley oats cows chickens eggs trees tractors"
8f659dbf2f,Republican,"anti monarchist, nationalist, conservative right wing"
8f659dbf2f,Ketchup,tomato sauce savoury sweet red condiment
8f659dbf2f,Creator,"Supreme being, maker, imagination, ideas"
4baffedf4f,Believe,trust
4baffedf4f,Farm,company
4baffedf4f,Republican,holiday
4baffedf4f,Ketchup,tomato sos
4baffedf4f,Creator,gh
0da623e05b,Believe,"1.
to have confidence in the truth, the existence, or the reliability of something, although without absolute proof that one is right in doing so: Only if one believes in something can one act purposefully."
0da623e05b,Farm,"1.
a tract of land, usually with a house, barn, silo, etc., on which crops and often livestock are raised for livelihood.
2.
land or water devoted to the raising of animals, fish, plants, etc.: a pig farm; an oyster farm; a tree farm.
3.
a similar, usually commercial, site where a product is manufactured or cultivated: a cheese farm; a honey farm.
4.
the system, method, or act of collecting revenue by leasing a territory in districts.
5.
a country or district leased for the collection of revenue."
0da623e05b,Republican,"1.
of, pertaining to, or of the nature of a republic.
2.
favoring a republic.
3.
fitting or appropriate for the citizen of a republic: a very republican notion.
4.
( initial capital letter ) of or pertaining to the Republican party."
0da623e05b,Ketchup,"1.
a condiment consisting of puréed tomatoes, onions, vinegar, sugar, spices, etc.
2.
any of various other condiments or sauces for meat, fish, etc.: mushroom ketchup; walnut ketchup."
0da623e05b,Creator,"1.
a person or thing that creates.
2.
the Creator, God."
a99eff3ef7,Believe,Believe means to have confidence in the truth of something
a99eff3ef7,Farm,"a fixed sum payable at regular intervals, as rent or taxes"
a99eff3ef7,Republican,"of, characteristic of, or having the nature of, a republic"
a99eff3ef7,Ketchup,"a sauce for meat, fish, etc"
a99eff3ef7,Creator,one who creates
c284e4a997,Believe,"A hope,confident,verb for belief"
c284e4a997,Farm,"An area with vegetation over it,greenery,no pollution,an out let for modern busy."
c284e4a997,Republican,"A party,for people,a speaker,oppose to kingdom"
c284e4a997,Ketchup,"A mix up,Some times savoury,colurful,a side dish."
c284e4a997,Creator,"The root-causer,god,a theater director,a novelist"
2a6566d746,Believe,"to have confidence in the truth although without absolute proof that one is right in doing so,to suppose or assume,"
2a6566d746,Farm,"a tract of land,land or water devoted to the raising of animals, fish, plants:,to let or lease the labor or services of (a person) for hire,to cultivate ."
2a6566d746,Republican,"fitting or appropriate for the citizen of a republic, person who favors a republican form of government."
2a6566d746,Ketchup,"any of various other condiments or sauces for meat, fish,a condiment consisting of puréed tomatoes, onions, vinegar, sugar, spices, etc."
2a6566d746,Creator,"a person or thing that create,god,founder of something,originator."
b736563874,Believe,"trust, faith, personal, seeing, friend"
b736563874,Farm,"cow, horse, chicken, agricultural, haysteck"
b736563874,Republican,"anti-Democrat, politics, senate, white house"
b736563874,Ketchup,"red, tomatoes, chips, liquid, bottle, tube"
b736563874,Creator,"God, Jahweh, Bible, Allah, seven days, created men and earth, Adam and Eve"
98e8b229d5,Believe,"accept, accept for gospel, accept implicitly, accredit, admit, allow, assume, be afraid, be certain, be pious, be religious, believe in, believe without reservation, buy, conceive, conclude, confide in, conjecture, consider, credit, daresay, deduce, deem, divine, dream, expect, fancy, fear God, feel, gather, give faith to, grant, have confidence in, have faith, have faith in, hold, hope in, imagine, infer, keep the faith, let, let be, love God, maintain, make believe, opine, place confidence in, place reliance in, prefigure, presume, presuppose, presurmise, pretend, provisionally accept, put faith in, put trust in, receive, reckon, rely on, rely upon, repose confidence in, repose in, repute, rest in, say, sense, set store by, suppose, surmise, suspect, swallow, swear by, take, take for, take for granted, take it, take on faith, take on trust, take stock in, take to be, think, trust, trust in, trust in God, trust to, understand"
98e8b229d5,Farm,"Arcadian, Dymaxion house, White House, acreage, adobe house, agrarian, agrestic, agricultural, agronomic, allotment, arable, arable land, barnyard, barton, be killed, breed, bucolic, building, casa, cattle ranch, charter, chicken farm, cliff dwelling, collective farm, consulate, contract, cotton plantation, countrify, country, country house, country seat, croft, crop, cultivate, culture, dacha, dairy farm, deanery, delegate, demesne, demesne farm, die, dry farm, dryfarm, dude ranch, dwelling house, edifice, embassy, erection, fabric, factory farm, fallow, farm out, farmery, farmhold, farmhouse, farming, farmland, farmplace, farmstead, farmyard, fatten, feed, fruit farm, fur farm, garden, geoponic, grain farm, grange, grassland, grow, hacienda, hall, hatch, hire, hire out, holding, homecroft, homefarm, homestead, house, houseboat, job, keep, kibbutz, kolkhoz, lake dwelling, land, lease-back, lease-lend, lease, lease out, lend-lease, let, let off, let out, living machine, location, lodge, lowland, mains, manor farm, manor house, manse, nurture, orchard, parsonage, pastoral, pastoralize, pasture, pen, penthouse, plantation, poultry farm, prefabricated house, presidential palace, provincial, raise, ranch, ranch house, rancheria, rancho, rear, rectory, rent, rent out, roof, run, rural, rustic, rusticate, sharecrop, sheep farm, skyscraper, sod house, split-level, station, steading, stock farm, structure, subcontract, sublease, sublet, till the soil, toft, town house, truck farm, underlet, upland, vicarage  


--------------------------------------------------------------------------------

Main Entry: collective farm 
 
Synonyms: arable land, barnyard, barton, cattle ranch, chicken farm, collectivism, collectivity, collegiality, common ownership, communal effort, communion, communism, community, cooperation, cooperative society, cotton plantation, croft, dairy farm, demesne, demesne farm, democracy, dry farm, dude ranch, factory farm, fallow, farm, farmery, farmhold, farmland, farmplace, farmstead, farmyard, fruit farm, fur farm, grain farm, grange, grassland, hacienda, homecroft, homefarm, homestead, kibbutz, kolkhoz, location, mains, manor farm, orchard, pasture, pen, plantation, poultry farm, profit sharing, public ownership, ranch, rancheria, rancho, sharecropping, sheep farm, socialism, state ownership, station, steading, stock farm, toft, town meeting, truck farm  

Main Entry: farm machinery 
 
Synonyms: all-crop harvester, baler, bean harvester, beet harvester, binder, breaker, cast plow, combine, cotton picker, cultivator, disk, disk harrow, disk plow, drag, drill, drill plow, four-bottom plow, gang plow, grain harvester, grub hook, harrow, harvester, haymaker, header, hoe drill, lister, lister cultivator, middlebreaker, moldboard plow, peg-tooth harrow, planter, plow, plow drill, prairie breaker, press drill, rake, rotary plow, scooter, seed plow, seeder, shovel plow, snap machine, sprayer, spring-tooth harrow, stag gang, subsoil plow, sulky lister, sulky plow, swather, swivel plow, tedder, thrasher, three-bottom plow, thresher, threshing machine, trench plow, turnplow, two-bottom plow, vineyard plow, walking plow, windrower  

Main Entry: farm out 
 
Synonyms: charter, farm, hire, hire out, job, lease-back, lease-lend, lease, lease out, lend-lease, let, let off, let out, rent, rent out, sublease, sublet, underlet  

Main Entry: truck farm 
 
Synonyms: arable land, barnyard, barton, cattle ranch, chicken farm, collective farm, cotton plantation, croft, dairy farm, demesne, demesne farm, dry farm, dude ranch, factory farm, fallow, farm, farmery, farmhold, farmland, farmplace, farmstead, farmyard, fruit farm, fur farm, grain farm, grange, grassland, hacienda, homecroft, homefarm, homestead, kibbutz, kolkhoz, location, mains, manor farm, orchard, pasture, pen, plantation, poultry farm, ranch, rancheria, rancho, sheep farm, station, steading, stock farm, toft  

agrarian, Arcadian, asylum, barnyard, breed, bucolic, building, charter, cliff dwelling, collective farm, consulate, country, croft, crop, cultivate, culture, dacha, deanery, demesne, dude ranch, edifice, embassy, erection, estate, fabric, fallow, farm out, farming, farmland, farmstead, fatten, feed, garden, grange, grassland, grow, hacienda, hall, hatch, hire, homestead, house, job, keep, kibbutz, lease, lease-lend, lend-lease, let, let off, let out, location, lodge, manor house, nurture, orchard, parsonage, pastoral, pasture, pen, penthouse, plantation, provincial, raise, ranch, rear, rectory, rent, roof, run, rural, rustic, rusticate, skyscraper, split-level, spread, station, structure, sublease, sublet, till, toft, truck farm, upland, vicarage, White House"
98e8b229d5,Republican,"reptilia,reptilian, republican guard, republicanism, republican party, republican river,  first things first, go red, red state, swing state"
98e8b229d5,Ketchup,"catsup, tomato ketchup, cetchup, ketamin hydrochloride,ketch, ketchup bottle, ketembilla, ketambilla tree"
98e8b229d5,Creator,"Godhead, Lord, Creator, Maker, Divine, God Almighty, Almighty, Jehovah, cause, actor, causality, designer, occasion, precedent, agent, causation, former, origin, reason, antecedent, condition, fountain, originator, source, author, creator, motive, power, spring"
cd99a04ede,Believe,religious trustworthy
cd99a04ede,Farm,cow pig sheep farmer farmhouse fields sheds animals manure crops tractor harvest
cd99a04ede,Republican,american politics
cd99a04ede,Ketchup,tomato sauce burger fries tasty tangy
cd99a04ede,Creator,maker god inventor
f89618c03c,Believe,"Accept as true; take to be true
Judge or regard; look upon; judge
Be confident about something"
f89618c03c,Farm,Farm buildings and cultivated land as a unit
f89618c03c,Republican,"A member of the Republican Party
A tributary of the Kansas River"
f89618c03c,Ketchup,Thick spicy sauce made from tomatoes
f89618c03c,Creator,"A person who grows or makes or invents things
The Christian god"
fd1a1cbbc3,Believe,"rely, desire, hope, commit, believe, confide, intrust, bank, conceive, trust, consider, think, swear, entrust"
fd1a1cbbc3,Farm,"turn, kindle, mature, rise, put forward, get, set up, bring forth, upgrade, make, develop, elevate, uprise, bring on, recruit, upraise, enkindle, maturate, put up, acquire, stir, call down, advance, conjure, lift, elicit, fire, arise, spring up, arouse, grow, originate, conjure up, nurture, resurrect, levy, promote, prove, erect, raise, create, provoke, get up, produce, call forth, invoke, kick upstairs, bring out, heighten, bring up, evoke, rear, leaven, bring about, parent, enhance, give rise, farm"
fd1a1cbbc3,Republican,relating to or belonging to the Republican Party
fd1a1cbbc3,Ketchup,"catsup, tomato ketchup, cetchup, ketchup"
fd1a1cbbc3,Creator,"manufacturing business, overlord, master, cleric, nobleman, manufacturer, shaper, churchman, ecclesiastic, noble"
b3c627c007,Believe,"Believe in god,each other ,father, mother,sister,brother,uncle, aunt,it is a part 
human beings. if there is believe there is love."
b3c627c007,Farm,"farm are of differents types ; milk farm,hen farm, cow farm, vegetable farm,
many people do jobs in it."
b3c627c007,Republican,"Republican adj of republic, constituted as a republic, a person advocating or supporting republican goverenment."
b3c627c007,Ketchup,"Ketchup: a spicy sauce made from tomatoes,mushrooms,vinegar etc. used as a condiment."
b3c627c007,Creator,"Creator :aperson who creats, god."
92ea18c297,Believe,Faith
92ea18c297,Farm,A cultivated land for the purpose of agriculture
92ea18c297,Republican,Republic advocate
92ea18c297,Ketchup,Tomato Sauce
92ea18c297,Creator,one that creates
9d836d8814,Believe,"moral, system, religious"
9d836d8814,Farm,"animal, crop, land, peaceful, living, country, feeds many"
9d836d8814,Republican,"politics, conservative, rich, cheap, businessman"
9d836d8814,Ketchup,"tomato, fries, pasta, condiment, bottle"
9d836d8814,Creator,"God, Writer, humans, parents, Director"
7cf403bfc3,Believe,accept as true or as conveying the truth
7cf403bfc3,Farm,"land and its buildings under one management for growing crops,rearing animals"
7cf403bfc3,Republican,of or constituted as a republic
7cf403bfc3,Ketchup,"spicy esp,tomato sauce used as a condiment"
7cf403bfc3,Creator,person who creates
2fc61c1089,Believe,a psychological state in which an individual holds a proposition or premise to be true
2fc61c1089,Farm,"A farm is an area of land, or, for aquaculture, lake, river or sea, including various structures, devoted primarily to the practice of producing and managing food  (produce, grains, or livestock), fibres and, increasingly, fuel. It is the basic production facility in food production.[1]  Farms may be owned and operated by a single individual, family, community, corporation or a company. A farm can be a holding of any size from a fraction of a hectare[2]  to several thousand hectares.[3]"
2fc61c1089,Republican,"Republican can refer to: An advocate of a republic , a form of government that is not a monarchy or dictatorship"
2fc61c1089,Ketchup,"etchup (sometimes catsup in American English and Canadian English or tomato sauce in Commonwealth English; see Etymology or refer to red sauce in Welsh English, Scottish English, and English of other parts of England, such as the Black Country) is a sweet-and-tangy condiment  typically made from tomatoes, vinegar, sugar or high-fructose corn syrup and an assortment of vegetable seasonings and spices such as onions, allspice, cloves, cinnamon, garlic, and celery.[1]  Ketchup is often used with french fries (chips in the UK), hamburgers, sandwiches and grilled or fried meat. In Australia and New Zealand, where it is known as tomato sauce, it is a typical accompaniment for meat pies. Ketchup is sometimes used as a basis or ingredient for other sauces and dressings."
2fc61c1089,Creator,A person who experiences or participates in creativity.he is a person who has innate ability in their own field.
6be52007c6,Believe,"verb] accept as true; take to be true; ""I believed his report""; ""We didn't believe his stories from the War""; ""She believes in spirits""

[verb] judge or regard; look upon; judge; ""I think he is very smart""; ""I believe her to be very smart""; ""I think that he is her boyfriend""; ""The racist conceives such people to be inferior""
Synonyms: think, consider, conceive

[verb] be confident about something; ""I believe that he will come back from the war""
Synonyms: trust

[verb] follow a credo; have a faith; be a believer; ""When you hear his sermons, you will be able to believe, too""

[verb] credit with veracity; ""You cannot believe this man""; ""Should we believe a publication like the National Inquirer?""

Synonyms:"
6be52007c6,Farm,"tract of land cultivated for the purpose of agricultural production.
2.
a. A tract of land devoted to the raising and breeding of domestic animals.
b. An area of water devoted to the raising, breeding, or production of a specific aquatic animal: a trout farm; an oyster farm.
3. An area of land devoted to the storage of a commodity or the emplacement of a group of devices: a tank farm; an antenna farm.
4. Baseball A minor-league club affiliated with a major-league club for the training of recruits and the maintenance of temporarily unneeded players.
5. Obsolete
a. The system of leasing out the rights of collecting and retaining taxes in a certain district.
b. A district so leased."
6be52007c6,Republican,"Of, relating to, or characteristic of a republic.
2. Favoring a republic as the best form of government.
3. Republican Of, relating to, characteristic of, or belonging to the Republican Party of the United States.
n.
1. One who favors a republic as the best form of government.
2. Republican A member of the Republican Party of the United States.
re·publi·can·ism n."
6be52007c6,Ketchup,"[Probably Malay kicap, fish sauce, possibly from Chinese (Cantonese) k-chap, equivalent to Chinese (Mandarin) qié, eggplant + Chinese (Mandarin) zh, sap, gravy.]
Word History: The word ketchup exemplifies the types of modifications that can take place in borrowingboth of words and substances. The source of our word ketchup may be the Malay word kchap, possibly taken into Malay from the Cantonese dialect of Chinese. Kchap, like ketchup, was a sauce, but one without tomatoes; rather, it contained fish brine, herbs, and spices. Sailors seem to have brought the sauce to Europe, where it was made with locally available ingredients such as the juice of mushrooms or walnuts. At some unknown point, when the juice of tomatoes was first used, ketchup as we know it was born. But it is important to realize that in the 18th and 19th centuries ketchup was a generic term for sauces whose only common ingredient was vinegar. The word is first recorded in English in 1690 in the form catchup, in 1711 in the form ketchup, and in 1730 in the form catsup. All three spelling variants of this foreign borrowing remain current."
6be52007c6,Creator,"A creator is someone who makes something original.

In a religious context, the creator is a god who made the world. In polytheistic religions, the creator is not always the most important god



Read more: http://wiki.answers.com/Q/What_does_creator_mean#ixzz1eDQ1ZMOD"
95e2618c28,Believe,"To accept as true or real,To credit with veracity,To expect or suppose"
95e2618c28,Farm,"A tract of land cultivated for the purpose of agricultural production,. An area of land devoted to the storage of a commodity or the emplacement of a group of devices"
95e2618c28,Republican,"Of, relating to, or characteristic of a republic,Favoring a republic as the best form of government"
95e2618c28,Ketchup,"A condiment consisting of a thick, smooth-textured, spicy sauce usually made from tomatoes"
95e2618c28,Creator,One that creates
b245d0513e,Believe,firm conviction
b245d0513e,Farm,place where vegetables are grown
b245d0513e,Republican,A politcal party
b245d0513e,Ketchup,eat with sandwiches
b245d0513e,Creator,God
a7dca11140,Believe,"faith,friendly,follower"
a7dca11140,Farm,"field,crops,cattle"
a7dca11140,Republican,"government,freedom,vote"
a7dca11140,Ketchup,"food,side dish,tomato,vegetable"
a7dca11140,Creator,"God,director,production"
9fb171be25,Believe,"To accept as true or real, To credit with veracity, To expect or suppose, To have confidence in the truth or value of something"
9fb171be25,Farm,"A tract of land cultivated for the purpose of agricultural production.
To pay a fixed sum in order to have the right to collect and retain profits from"
9fb171be25,Republican,One who favors a republic as the best form of government.a person who pleads for a cause or propounds an idea
9fb171be25,Ketchup,"A condiment consisting of a thick, smooth-textured, spicy sauce usually made from tomatoes."
9fb171be25,Creator,"One that creates:originator ,Christian Religious Writings / Theology)"
653b6fb6c9,Believe,"I need words that mean ....?
hope
light
believe
bravery
true
triumph
courage
faith
or somthing to that effect. 
in other langauges, preferably greek/latin, but anything's fine.
include the word, what it means and the langauge.
its for school help!!!!!!"
653b6fb6c9,Farm,"For other uses, see Farm (disambiguation).
Farmland in the USA. The round fields are due to the use of center pivot irrigation
Typical plan of a mediaeval English manor, showing the use of field strips

A farm is an area of land, or, for aquaculture, lake, river or sea, including various structures, devoted primarily to the practice of producing and managing food (produce, grains, or livestock), fibres and, increasingly, fuel. It is the basic production facility in food production.[1] Farms may be owned and operated by a single individual, family, community, corporation or a company. A farm can be a holding of any size from a fraction of a hectare[2] to several thousand hectares.[3]"
653b6fb6c9,Republican,"The Republican Party is one of the two major contemporary political parties in the United States, along with the Democratic Party. Founded by anti-slavery expansion activists in 1854, it is often called the GOP (Grand Old Party). The party's platform generally reflects American conservatism in the U.S. political spectrum and is considered center-right, in contrast to the center-left Democratic Party.[1][2][3]

In the 112th Congress, elected in 2010, the Republican Party holds a majority of seats in the House of Representatives, and a minority of seats in the Senate. The party holds the majority of governorships, as well as the majority of state legislatures, and control of one chamber in five states."
653b6fb6c9,Ketchup,"Ketchup (sometimes catsup in American English and Canadian English or tomato sauce in Commonwealth English; see Etymology or refer to red sauce in Welsh English, Scottish English, and English of other parts of England, such as the Black Country) is a sweet-and-tangy condiment typically made from tomatoes, vinegar, sugar or high-fructose corn syrup and an assortment of vegetable seasonings and spices such as onions, allspice, cloves, cinnamon, garlic, and celery.[1] Ketchup is often used with french fries (chips in the UK), hamburgers, sandwiches and grilled or fried meat. In Australia and New Zealand, where it is known as tomato sauce, it is a typical accompaniment for meat pies. Ketchup is sometimes used as a basis or ingredient for other sauces and dressings."
653b6fb6c9,Creator,"Creator deity, a deity responsible for creating the universe
    Inventor, one who creates a new device or method
    A person who experiences or participates in creativity
    An adherent of Church of the Creator, a ""new age"" religion
    An adherent of the white separatist organization Creativity Movement
    An adherent of the white separatist organization Creativity Alliance
    Under copyright law, a person who creates an original work"
cd4699ed74,Believe,"to have faith, think is true, stand up for"
cd4699ed74,Farm,"crops. land to grow on, used by farmers"
cd4699ed74,Republican,opposite beliefs of a democrat
cd4699ed74,Ketchup,"red condiment made out of tomatoes, eaten on hot dogs, hamburgers,  and meatloaf"
cd4699ed74,Creator,"maker, inventor, person who came up with the idea"
e592776b4d,Believe,"consider, trust, conceive, think"
e592776b4d,Farm,"grow, raise, produce"
e592776b4d,Republican,undemocratic
e592776b4d,Ketchup,"catsup, tomato ketchup, cetchup"
e592776b4d,Creator,"cause, actor, causality, designer, occasion, precedent, agent, causation, former, origin, reason, antecedent, condition, fountain, originator, source, author, creator, motive, power, spring"
10d4f79779,Believe,"be confident about something, credit with veracity, judge or regard; look upon; judge, accept as true; take to be true, follow a credo; have a faith; be a believer"
10d4f79779,Farm,"tract of land cultivated for the purpose of agricultural production, A tract of land devoted to the raising and breeding of domestic animals, An area of water devoted to the raising, breeding, or production of a specific aquatic animal,"
10d4f79779,Republican,"one that favors or supports a republican form of government, a member of a political party advocating republicanism, a member of the Democratic-Republican party or of the Republican party of the United States"
10d4f79779,Ketchup,"thick spicy sauce made from tomatoes, a flavouring sauce made from tomatoes or mushrooms etc, used to eat with chips and other various snacks."
10d4f79779,Creator,"God, a person or thing that creates; originator, a person who grows or makes or invents things,"
2f2d675e23,Believe,"Be confident about something.
Ex-I believe that he will come back from the war."
2f2d675e23,Farm,"Workplace consisting of farm buildings and cultivated land as a unit.
Ex-My son is farming in California"
2f2d675e23,Republican,"Relating to or belonging to the Republican Party.
Ex-The United States shall guarantee to every state in this union a republican form of government."
2f2d675e23,Ketchup,Thick spicy sauce made from tomatoes.
2f2d675e23,Creator,"A person who grows, makes or invents things."
d16a3250bc,Believe,"faith, confidence"
d16a3250bc,Farm,"agriculture, animal , birds"
d16a3250bc,Republican,"government,freedom"
d16a3250bc,Ketchup,"fish sauce, tomato sauce, mushroom sauce"
d16a3250bc,Creator,"producer, manufacturer"
e01ef2fec0,Believe,Believe
e01ef2fec0,Farm,Farm
e01ef2fec0,Republican,Republican
e01ef2fec0,Ketchup,Ketchup
e01ef2fec0,Creator,Creator
a4153f408b,Believe,"Trust, to be into, to have faith"
a4153f408b,Farm,"Land, cows, animals"
a4153f408b,Republican,"Politics, opposite of democrat, political party"
a4153f408b,Ketchup,"sauce, for french fries, mustard"
a4153f408b,Creator,"maker, designer,"
3c66fc6f2e,Believe,"know, have faith in, understand"
3c66fc6f2e,Farm,"ecosystem, home, building, business"
3c66fc6f2e,Republican,"conservative, old, elephant, political"
3c66fc6f2e,Ketchup,"condiment, flavoring, ingredient,"
3c66fc6f2e,Creator,"maker, originator, inventor"
53581348d3,Believe,"faith,conviction"
53581348d3,Farm,"plough,green grass"
53581348d3,Republican,"freedom,enjoyable"
53581348d3,Ketchup,"tomato,sweety"
53581348d3,Creator,"exploring,inventor"
de23fe1cfc,Believe,"to hope in something, to have faith"
de23fe1cfc,Farm,a land where animals are taken care
de23fe1cfc,Republican,favoring a republic
de23fe1cfc,Ketchup,"a condiment consisting of puréed tomatoes, onions, ect."
de23fe1cfc,Creator,a person or a thing that creates
5a26395b19,Believe,"trust, assume to be true, have faith in"
5a26395b19,Farm,"place to grow food crops, raise animals for food,"
5a26395b19,Republican,"conservative, non-progressive, business-centric,"
5a26395b19,Ketchup,"condiment, savory tomato sauce, can be spicy, delicious on hot dogs,"
5a26395b19,Creator,"originator, developer, maker, designer"
d6fbaf0859,Busy,not available
d6fbaf0859,City,a particular group of community
d6fbaf0859,Tool,an object used to
d6fbaf0859,Lunch,food eaten between breakfast and dinner normally at 12 noon
d6fbaf0859,Maker,doer or manufacturer
93b6e5ae39,Busy,"This is hard work,no time ,no rest,tired ,like businessman"
93b6e5ae39,City,"This is town,many crowd,every one one busy , no talking , most modern things, many vehicles in this places."
93b6e5ae39,Tool,"Tool is important for humans , it used by bildiers,carpenter, mason,welder."
93b6e5ae39,Lunch,Lunch means After noon eating food. it is important for people.
93b6e5ae39,Maker,maker make things to sell. they help in our life. maker is a hard worker.
973869ddb6,Busy,"occupied or engaged in work etc.with the attention concentrated ,full of activity or detail;fussy (a busy evening ;a picture busy with detail
).,employed continuously ;unresting ,middlesome;prying,esp.N Amer .(of telephoneline)engaged,keep busy occupy ."
973869ddb6,City,"a large town,Brit (strictly) a town created a city by charter and containing a cathedral,US a municipal state-charted corporation occupying a definite area.,(the City ) Brit the part of London governed by the Lord Mayor and the Corporation ,the business part of this ,commercial circles,(attrib)of a city or the City [from Latin civitas]."
973869ddb6,Tool,"any device or implement used to carry out mechanical functions whether manually or by a machine,a thing usedin an occupation or pursuit((the tools of one's trade,literary tools),a person used as a mere instrument by another ,v.tr.dress(stone)with a chisel, impress a design on(a leather book cover),slang drive or ride ,esp in a casual or leisurely manner,(often followed by up)equip with tools."
973869ddb6,Lunch,"the meal eaten in the middle of the day,v eat one's lunch,tr. provide lunch for."
973869ddb6,Maker,"n(often in comb)a person or thing that makes,(our,the ,etc Maker)GOD."
6be52007c6,Busy,") Engaged in some business; hard at work (either habitually or only for the time being); occupied with serious affairs; not idle nor at leisure; as, a busy merchant.
(a.) Careful; anxious.
(a.) Crowded with business or activities; -- said of places and times; as, a busy street.
(a.) Constantly at work; diligent; active.
(a.) Officious; meddling; foolish active.
(v. t.) To make or keep busy; to employ; to engage or keep engaged; to occupy; as, to busy one's self with books."
6be52007c6,City,"(n.) A large town.
(n.) The collective body of citizens, or inhabitants of a city.
(a.) Of or pertaining to a city.
(n.) A corporate town; in the United States, a town or collective body of inhabitants, incorporated and governed by a mayor and aldermen or a city council consisting of a board of aldermen and a common council; in Great Britain, a town corporate, which is or has been the seat of a bishop, or the capital of his see."
6be52007c6,Tool,"A device, such as a saw, used to perform or facilitate manual or mechanical work.
2.
a. A machine, such as a lathe, used to cut and shape machine parts or other objects.
b. The cutting part of such a machine.
3. Something regarded as necessary to the carrying out of one's occupation or profession: Words are the tools of our trade.
4. Something used in the performance of an operation; an instrument: ""Modern democracies have the fiscal and monetary tools . . . to end chronic slumps and galloping inflations"" (Paul A. Samuelson).
5. Vulgar Slang A penis.
6. A person used to carry out the designs of another; a dupe."
6be52007c6,Lunch,"A meal eaten at midday.
The food provided for a midday meal.


Read more: http://www.answers.com/topic/lunch#ixzz1eAOPZomj"
6be52007c6,Maker,"a person, company, or machine that creates or produces something, especially goods for sale"
0da623e05b,Busy,"1.
actively and attentively engaged in work or a pastime: busy with her work.
2.
not at leisure; otherwise engaged: He couldn't see any visitors because he was busy.
3.
full of or characterized by activity: a busy life.
4.
(of a telephone line) in use by a party or parties and not immediately accessible.
5.
officious; meddlesome; prying."
0da623e05b,City,"1.
a large or important town.
2.
(in the U.S.) an incorporated municipality, usually governed by a mayor and a board of aldermen or councilmen.
3.
the inhabitants of a city collectively: The entire city is mourning his death.
4.
(in Canada) a municipality of high rank, usually based on population.
5.
(in Great Britain) a borough, usually the seat of a bishop, upon which the dignity of the title has been conferred by the crown."
0da623e05b,Tool,"1.
an implement, especially one held in the hand, as a hammer, saw, or file, for performing or facilitating mechanical operations.
2.
any instrument of manual operation.
3.
the cutting or machining part of a lathe, planer, drill, or similar machine.
4.
the machine itself; a machine tool.
5.
anything used as a means of accomplishing a task or purpose: Education is a tool for success."
0da623e05b,Lunch,"1.
a light midday meal between breakfast and dinner; luncheon.
2.
any light meal or snack.
3.
a restaurant or lunchroom: Let's eat at the dairy lunch."
0da623e05b,Maker,"1.
a person or thing that makes.
2.
a manufacturer (used in combination): drugmaker; garmentmaker.
3.
( initial capital letter ) God.
4.
the party executing a legal instrument, especially a promissory note.
5.
Cards . the player who first names the successful bid."
fe5a703d9c,Busy,"full of activity, fussy,working"
fe5a703d9c,City,"town, commercial place,business town"
fe5a703d9c,Tool,"equipment, things used to do something"
fe5a703d9c,Lunch,"mid-day meal, food eat at mid-day"
fe5a703d9c,Maker,"person who makes something, GOD,"
1f454eeade,Busy,"my present life, doing house hold work, cooking, raising children, attending social get together, grocery shopping, husband's neglect."
1f454eeade,City,"very happy, good education for children, facilities, good lifestyle, eating joints, malls, fun shopping, eventful, good movie theaters, outing, driving."
1f454eeade,Tool,"husband's favorite toys, messy, son's restricted area, dangerous for my infant girl, set, sunday's job, ensure to keep in place,"
1f454eeade,Lunch,"pleasure, send to office in time, busy schedule, watch TV, washing dishes, nutrition. over eating, healthy"
1f454eeade,Maker,"food, liquidizer, kitchen help, coffee time, messy to clean, home maker,"
b245d0513e,Busy,short of time
b245d0513e,City,large group of dwellings
b245d0513e,Tool,instrument for some work
b245d0513e,Lunch,meal
b245d0513e,Maker,one who created
1e695ef57f,Busy,"active, not passive, proactive, not idle, can be chaotic, fast moving, not contemplative"
1e695ef57f,City,"urban area, developed, people, has apartment buildings, has offices, not in country, larger than a town"
1e695ef57f,Tool,"assists in work, generally physical, kept in tool box, makes something easier, often used for wood or medical, powered by hand or electricity."
1e695ef57f,Lunch,"is a meal, occurs mid-day, involves break from work or school, often eaten away from home, generally has a time limit"
1e695ef57f,Maker,"creator, creation, involves making something, implies pride of authorship, involves something tangible"
2486e8fbec,Busy,"important, freaky, main, not free"
2486e8fbec,City,"a place, urban, town, civilization"
2486e8fbec,Tool,"item, requirement, structure, machine,apparatus"
2486e8fbec,Lunch,"food, filler, nutrient source, meal"
2486e8fbec,Maker,"creator, generator, builder,"
f8169409ab,Busy,"work, cooking,"
f8169409ab,City,"new york city, chicago,"
f8169409ab,Tool,"hammer, wrench, plyers,"
f8169409ab,Lunch,"eat, lunchmeat, bread, ham, tuna"
f8169409ab,Maker,The Creator
ef1a64dcf2,Busy,Is when someone is occupied in doing something; Sally was busy studying for her math test.
ef1a64dcf2,City,Is a place that is usually urban. It has buildings and streets and are usually crowded or busy.
ef1a64dcf2,Tool,"Equipment that are used to fix things, i.e hammer, wrench or screw driver."
ef1a64dcf2,Lunch,Is a meal that is eaten after breakfast and before dinner.
ef1a64dcf2,Maker,The creator; the person who makes the car or the house and so on.
02a0a9701a,Busy,"Busy:is a signal,"
02a0a9701a,City,"City:Is a largee area,crowded ,place"
02a0a9701a,Tool,"Tool:Instrument,sharp,strong,used for particular activities"
02a0a9701a,Lunch,"Lunch:Is a food,noon time meal"
02a0a9701a,Maker,Maker:is a village
f89618c03c,Busy,"Keep busy with,Actively or fully engaged or occupied,Intrusive in a meddling or offensive manner"
f89618c03c,City,A large and densely populated urban area; may include several independent administrative districts
f89618c03c,Tool,"An implement used in the practice of a vocation,
A person who is used to perform unpleasant or dishonest tasks for someone else"
f89618c03c,Lunch,"A midday meal
Eat lunch; take the midday meal"
f89618c03c,Maker,"A person who makes things
A business engaged in manufacturing some product"
a99eff3ef7,Busy,Busy means being occupied with tasks or being crowded and full of activity
a99eff3ef7,City,a center of population larger or more important than a town or village
a99eff3ef7,Tool,"any implement, instrument, or utensil held in the hand and used to form, shape, fasten, add to, take away from, or otherwise change something by cutting, hitting, digging, rubbing, etc.."
a99eff3ef7,Lunch,the regular midday meal between breakfast and dinner
a99eff3ef7,Maker,a person or thing that makes
5f6fadae3f,Busy,"Engaged in activity, as work; occupied.
Sustaining much activity: a busy morning; a busy street.
Meddlesome; prying.
Being in use, as a telephone line"
5f6fadae3f,City,"A center of population, commerce, and culture; a town of significant size and importance"
5f6fadae3f,Tool,"A device, such as a saw, used to perform or facilitate manual or mechanical work"
5f6fadae3f,Lunch,"A meal eaten at midday.
The food provided for a midday meal"
5f6fadae3f,Maker,"One that makes or manufactures. Often used in combination: a policymaker; a drug maker.
Law A party that signs a promissory note.
Maker God"
a3c176fff2,Busy,"does alot of tasks, not idle, on the move, indisposed"
a3c176fff2,City,"where people live, has homes and businesses, a community, has a mayor, a place to work"
a3c176fff2,Tool,"an instrument to fix or build, a screwdriver, a hammer, a saw,"
a3c176fff2,Lunch,"the meal between breakfast and supper, food, served around noon,"
a3c176fff2,Maker,"produces a product, a worker,"
de23fe1cfc,Busy,"actively engaged in work,"
de23fe1cfc,City,a large town
de23fe1cfc,Tool,any instrument of manual operation
de23fe1cfc,Lunch,"a light midday meal, light snack"
de23fe1cfc,Maker,"a person or a thing that makes,"
fd1a1cbbc3,Busy,"engaged, busybodied, particular, meddlesome, picky, in use(p), interfering, busy, meddling, finical, cross, bad-tempered, grumpy, grouchy, crabby, crabbed, finicky, fussy, officious, ill-tempered"
fd1a1cbbc3,City,"metropolis, city, urban center"
fd1a1cbbc3,Tool,"dick, instrument, cock, putz, puppet, prick, shaft, creature, pecker, peter"
fd1a1cbbc3,Lunch,"luncheon, lunch, tiffin, dejeuner"
fd1a1cbbc3,Maker,"manufacturing business, shaper, shaping machine, maker, manufacturer"
1c7639828f,Busy,"Quick, always engaged, Sustaining much activity, not idle"
1c7639828f,City,"A large town, A center of population, commerce and culture, a town of significant size and importance"
1c7639828f,Tool,"a device, used to do something, used to carry out a particular function."
1c7639828f,Lunch,"Food, eaten in the middle of the day, typically one that is lighter"
1c7639828f,Maker,"creator, God; the Creator, manufacturer"
79fdfc2739,Busy,"occupied, lacking time"
79fdfc2739,City,"loud, smelly, big, occupied"
79fdfc2739,Tool,"axe, saw, hammer, nails, screwdriver"
79fdfc2739,Lunch,"breakfast, dinner, meal, sandwiches, pizza"
79fdfc2739,Maker,"god, bread"
dcf44e6284,Busy,"actively and attentively engaged in work or a pastime, not at leisure; otherwise engaged, full of or characterized by activity, in use by a party or parties and not immediately accessible"
dcf44e6284,City,"Large or important town, a municipality of high rank, usually based on population, a borough, usually the seat of a bishop, upon which the dignity of the title has been conferred by the crown"
dcf44e6284,Tool,"an implement, any instrument of manual operation, anything used as a means of accomplishing a task or purpose"
dcf44e6284,Lunch,"a light midday meal between breakfast and dinner, any light meal or snack, a restaurant"
dcf44e6284,Maker,"a person or thing that makes, a manufacturer, the party executing a legal instrument, especially a promissory note"
95e2618c28,Busy,"Engaged in activity, as work,Sustaining much activity"
95e2618c28,City,"A center of population,The inhabitants of a city considered as a group"
95e2618c28,Tool,"A device, A machine,Something regarded as necessary to the carrying out of one's occupation or profession"
95e2618c28,Lunch,"A meal eaten at midday,The food provided for a midday meal"
95e2618c28,Maker,"One that makes or manufactures, Law A party that signs a promissory note"
80a1c46dbd,Busy,"bee, active, working, telephone line, Internet connection"
80a1c46dbd,City,"town, locale, hub, specific area, residential area, businesses, traffic, stores"
80a1c46dbd,Tool,"apparatus, carving, electrical, power, belt, awl, hammer, ax, screw driver, wrench, socket, drill"
80a1c46dbd,Lunch,"meal, mid-day, food, diet, sandwich, coffee, soup, special, menu, time to eat, salad, co-workers"
80a1c46dbd,Maker,"creator, manufacturer, company, originator, designer, coffee, ice"
88f83ba7a8,Busy,"busy means to do lot of work, all time to do something, no free time."
88f83ba7a8,City,"city means the place where all forms of industry, office and educational institution were situated. trivandrum, neyyattinkara. city is differ from a district"
88f83ba7a8,Tool,"various kinds of tools. a tool is a mechanical instrument used for specific work. drill machine, screw driver, blare, etc"
88f83ba7a8,Lunch,"Lunch is to be eat at 12.00 pm or 1.00pm. it is the mid day food to eat. various types of lunch are rich, chappathi, and something to eat at midday."
88f83ba7a8,Maker,"maker means producer. manufacturer, who introduce a item, being found,"
af2803583c,Busy,Engaged in some business or any important work.
af2803583c,City,A large town.
af2803583c,Tool,"An instrument such as a hammer, saw, plane, file etc are tools"
af2803583c,Lunch,A midday meal.
af2803583c,Maker,maker is a guided interactive response structure tailored to specific styles of experience.
5c88d6dd6c,Busy,"fully engaged, occupied, hard at work, being in use, crowed with or characterized by much activity."
5c88d6dd6c,City,"A large Town, The collective body of citizens, A center of population and culture. A corporated town."
5c88d6dd6c,Tool,"A device, used for a mechanical work, a machine, An instrument such as hammer, An implement used for a specific purpose."
5c88d6dd6c,Lunch,"A midday meal, tiffin,  A light repast between breakfast and dinner."
5c88d6dd6c,Maker,"one that makes or manufactures, willing, A Title given to God, A person who make something,"
e01ef2fec0,Busy,Busy
e01ef2fec0,City,City
e01ef2fec0,Tool,Tool
e01ef2fec0,Lunch,Lunch
e01ef2fec0,Maker,Marker
3bc66f1eb9,Busy,hesaurus entry for this meaning of busy. a. a busy time is when you have a lot ...(a.) Engaged in some business; hard at work (either habitually or only for the time being); occupied with serious affairs; not idle nor ...
3bc66f1eb9,City,"city is distinguished from a town within general English language meanings, (n.) A large town. (n.) The collective body of citizens, or inhabitants of a city. (a.) Of or pertaining to a city. (n.) A corporate town; in ..."
3bc66f1eb9,Tool,"A device, such as a saw, used to perform or facilitate manual or mechanical work. 2. a. A machine, such as a lathe, used to cut and shape machine parts or other ...his Slang page is designed to explain what the meaning of tool is. The slang word / phrase / acronym tool means.."
3bc66f1eb9,Lunch,"a midday meal. Synonyms: eon, tiffin, dejeuner; [verb] take the midday meal; ""At what time are you lunching?"" [verb] provide a midday ...A luncheon; specifically, a light repast between breakfast and dinner."
3bc66f1eb9,Maker,One that makes or manufactures. Often used in combination: a policymaker; a drugmaker. 2. Law A party that signs a promissory note. 3. Maker God. Often used
8fdbb82f66,Busy,"crazy, run all day, keep it up, work, errands"
8fdbb82f66,City,"bustling, cars, smog, people, sidewalks, buildings, buses, taxis"
8fdbb82f66,Tool,"hammer, saw, wrench, grease, auto shop, carpenter"
8fdbb82f66,Lunch,"eat, is cold, has a sandwich, beverage, chips, noontime, quick, fast food"
8fdbb82f66,Maker,"produces something, manufacturer, factory, employee"
271e108582,Busy,"active, involved, moving, has a lot going on, little time to spare"
271e108582,City,"town, urban area, sidewalks, streets, lots of people"
271e108582,Tool,"implement, useful object, used for work, requires skill to use"
271e108582,Lunch,"mid-day meal, usually around noon, large meal"
271e108582,Maker,"creator, builder, person responsible for the existence of something"
4baffedf4f,Busy,not vacant not free
4baffedf4f,City,city
4baffedf4f,Tool,equipment
4baffedf4f,Lunch,taking food after 12am
4baffedf4f,Maker,rt
a7dca11140,Busy,"job,time,life,occupy"
a7dca11140,City,"place,traffic,busy,shops"
a7dca11140,Tool,"work,material,metal,speed"
a7dca11140,Lunch,"afternoon,food,hunger"
a7dca11140,Maker,"production,industry,Scientist,doing something"
92ea18c297,Busy,hard ay work
92ea18c297,City,a large town
92ea18c297,Tool,machine
92ea18c297,Lunch,midday meal
92ea18c297,Maker,manufacturer
24a08f9d6b,Busy,"Engaged in activity, as work; occupied,a busy morning; a busy street,Being in use,To make busy; occupy,Meddlesome; prying."
24a08f9d6b,City,"A center of population, commerce, and culture; a town of significant size and importance,The inhabitants of a city considered as a group,An ancient Greek city-state."
24a08f9d6b,Tool,"A device, such as a saw, used to perform or facilitatA machine, such as a lathe, used to cut and shape machine parts or other objects. manual or mechanical work.The cutting part of such a machine."
24a08f9d6b,Lunch,"A meal, eaten at midday.To eat a midday ,lunch box,hort form of luncheon."
24a08f9d6b,Maker,"Creator,One that makes or manufactures. Often used in combination: a policymaker; a drugmaker,a person who makes,a maker of books; someone who edits or publishes or binds books."
9d836d8814,Busy,"movement, fast, work, phone, money"
9d836d8814,City,"lights, fast, pollution, people, crowded, congested, traffic"
9d836d8814,Tool,"construction, builder, enhancement, progress"
9d836d8814,Lunch,"hungry, noon, park, appetizing, workers, edible"
9d836d8814,Maker,"God, coffee, artist, museum, peaceful, calming"
8f659dbf2f,Busy,buzzing rushing occupied
8f659dbf2f,City,metropolis urban streets buildings parks
8f659dbf2f,Tool,utensil means equipment
8f659dbf2f,Lunch,meal picnic repast
8f659dbf2f,Maker,creator craftsman God
b9816c5c09,Busy,actively employed
b9816c5c09,City,large town
b9816c5c09,Tool,"hand implement, as a hammer or saw,the working part of a machine,anything used for accomplishing a purpose"
b9816c5c09,Lunch,"midday meal, to eat lunch"
b9816c5c09,Maker,"person or thing that makes, manufacturer (used in combination),God, the party executing a legal instrument, esp. a promissory note, the player who first names the successful bid"
ce58ffe106,Busy,"engaged, at work, curious, diligent, engrossed, industrious, occupied, pushy, meddlesome, tied up"
ce58ffe106,City,"burghal, civic, urban, city like,genteel, metropolitan, municipal, polished, suburban residential, towny"
ce58ffe106,Tool,"instrument used to shape, finish, apparatus, gizmo, weapon, mechanism, job-machine, gadget, contrivance"
ce58ffe106,Lunch,"midday meal, snack tea, high tea, luncheon,"
ce58ffe106,Maker,"author, creator, inventor, manufacturer, producer, constructor, originator, composer, builder"
186db71701,Busy,"engaged in activity,as work,sustaining much activity,meddlesome,keep busy with; ""She busies herself with her butterfly collection""
Synonyms: occupy,actively or fully engaged or occupied; ""busy with her work""; ""a busy man""; ""too busy to eat lunch""; ""the line is busy"""
186db71701,City,"A large town,The collective body of citizens, or inhabitants of a city,Of or pertaining to a city,A corporate town; in the United States, a town or collective body of inhabitants, incorporated and governed by a mayor and aldermen or a city council consisting of a board of aldermen and a common council; in Great Britain, a town corporate, which is or has been the seat of a bishop, or the capital of his see."
186db71701,Tool,"any implement, instrument, or utensil held in the hand and used to form, shape, fasten, add to, take away from, or otherwise change something by cutting, hitting, digging, rubbing, etc.: knives, saws, hammers, shovels, rakes, etc. are tools"
186db71701,Lunch,"any light meal; esp., the regular midday meal between breakfast and dinner,the food prepared for such a meal"
186db71701,Maker,"a person or thing that makes (in various senses),a poet,a person who executes, as by signing, a check, contract, etc.; specif., a person who signs a promissory note,God"
3c66fc6f2e,Busy,"occupied, not available"
3c66fc6f2e,City,"location, concentration of inhabitants run by a central authority"
3c66fc6f2e,Tool,"object, device"
3c66fc6f2e,Lunch,"meal, food at midday, break"
3c66fc6f2e,Maker,"creator, originator"
aeac64a7e8,Busy,Being Active
aeac64a7e8,City,Living Place
aeac64a7e8,Tool,Helps us to do works easily
aeac64a7e8,Lunch,food
aeac64a7e8,Maker,producer
b536f487a5,Busy,student
b536f487a5,City,Kocani
b536f487a5,Tool,Hand
b536f487a5,Lunch,Meal
b536f487a5,Maker,Things
eb09612a37,Busy,HAVE NO TIME
eb09612a37,City,PLACE
eb09612a37,Tool,WEAPON
eb09612a37,Lunch,MEALS
eb09612a37,Maker,PRODUCER
cc0fd23c05,Busy,"Busy:-no time,related to time,busy. Engaged in some business; hard at work either habitually or only for the time"
cc0fd23c05,City,"City:-Metropolis, Municipality, Borough, Burgh, Conurbation, Megalopolis,Town"
cc0fd23c05,Tool,"Tool:- Puppet, Cat's-paw, Pawn, Dupe, Stooge, Sucker, Means, Way, Agency, Weapon"
cc0fd23c05,Lunch,"Lunch :-food, dinner, lunch, tea, high tea , elevenses, brunch, supper"
cc0fd23c05,Maker,"Marker:-used for marking, high lighter, pen, drawing tool, sketch marker"
33cd6db15a,Busy,"This is a word stating action involved with a place or person or situation.Busy place-Lots of activity going on and so no time to waste.With regards to person it means one who is involved fully in an activity or work, with no time for any other thing .Situation means where you have no thought for anything or anyone ."
33cd6db15a,City,"Urban space where a busy schedule takes place,Place filled up to the brim with buildings of various size and length,Location where  space is scarce and has an on growing demand for it.Place filled with lanes and people and vehicle enough to fill it.Slums and shanty towns exist with shopping malls and high rise apartment."
33cd6db15a,Tool,"A small or big equipment used for repair or maintenance,device used to carry out repair or fixing of an equipment or machinery.Fix things to a proper place.Includes any implement to carry repair and maintenance work."
33cd6db15a,Lunch,"Mid day meal,Can be light food or heavy eastern food.Food eaten between break fast and dinner.According to Indian culture,One among the three main meals.Meal which include either bread,roti or rice."
33cd6db15a,Maker,"God, Omnipotent,Divine being,Manufacturer,Builder Father,or any body who is responsible for the production and up keeping of a thing."
2fad520828,Busy,"Busy: actively , attentively engaged in work ,a pastime, busy with her work, not at leisure, otherwise engaged,a busy life,actively and attentively engaged in work or a pastime, officious, meddlesome,prying."
2fad520828,City,"City:  incorporated municipality,  governed by a mayor and a board of  councilmen, a municipality of high rank,city girl,city habbit,large town."
2fad520828,Tool,"Tool:an implement, especially one held in the hand, as a hammer, saw, file,  facilitating mechanical operations, any instrument of manual operation, the cutting  machine, a machine tool.tool kit."
2fad520828,Lunch,"Lunch:a meal,lunch room,snacks,dairy lunch, lunch time,"
2fad520828,Maker,"Maker:a person makes,home maker,producer,drugmaker, garmentmaker,"
6b2ac0ef88,Busy,fully engaged in something
6b2ac0ef88,City,town
6b2ac0ef88,Tool,a device
6b2ac0ef88,Lunch,food taken at noon
6b2ac0ef88,Maker,one who makes something
2622f61522,Busy,"In work people get busy, pretend to busy."
2622f61522,City,"Town, lot of people live, mall and modern facilities."
2622f61522,Tool,"Instruments, useful for technical things"
2622f61522,Lunch,"Mid day Meal, food, salad."
2622f61522,Maker,"Creator, manufacturer."
19431af03e,Busy,unavailable for use by anyone else or indicating unavailability;
19431af03e,City,"A large town.The collective body of citizens, or inhabitants of a city."
19431af03e,Tool,"A device, such as a saw, used to perform or facilitate manual or mechanical work."
19431af03e,Lunch,A meal eaten at midday. The food provided for a midday meal.
19431af03e,Maker,"a person, company, or machine that creates or produces something, especially goods for sale"
9fb171be25,Busy,"Engaged in activity, as work; occupied. Cluttered with detail to the point of being distracting: Being in use, as a telephone line."
9fb171be25,City,"A center of population, commerce, and culture; a town of significant size and importance.any large town or populous place"
9fb171be25,Tool,"A device, such as a saw, used to perform or facilitate manual or mechanical work
The cutting part of such a machine.A person used to carry out the designs of another; a dupe.
."
9fb171be25,Lunch,The food provided for a midday meal.
9fb171be25,Maker,One that makes or manufactures. Often used in combination. A party that signs a promissory note
d2238a631b,Busy,"Engaged in some business; hard at work (either habitually or only for the time being); occupied with serious affairs; not idle nor at leisure; as, a busy merchant."
d2238a631b,City,a large or important town.
d2238a631b,Tool,"An instrument such as a hammer, saw, plane, file, and the like, used in the manual arts, to facilitate mechanical operations; any instrument used by a craftsman or laborer at his work; an implement; as, the tools of a joiner, smith, shoe-maker, etc.; also, a cutter, chisel, or other part of an instrument or machine that dresses work."
d2238a631b,Lunch,a light midday meal between breakfast and dinner; luncheon.
d2238a631b,Maker,"One who makes, forms, or molds; a manufacturer; specifically, the Creator."
26c834f70e,Busy,"preoccupied, going different directions, doing more than one thing at a time, has a lot to do"
26c834f70e,City,"A populated center, has traffic, has lights, is a center of activity, has stores, businesses and homes, a place to conduct commerce, most are dense"
26c834f70e,Tool,"An accessory to a job, an essential part of accomplishing a job, men like them, people keep them in the garage, can be large or small"
26c834f70e,Lunch,"Midday meal, something lighter than dinner, eaten in the middle of the day"
26c834f70e,Maker,"Creator, someone with an idea, using resources to make something other than that with which they started"
2ece3f8886,Busy,"work, person, occupy, activity, employee, office, time, management"
2ece3f8886,City,"town, part, place, state, governed, area, corporation, circle"
2ece3f8886,Tool,"mechanic, kits, repair, spanner, drilling, material, thing, pursuit"
2ece3f8886,Lunch,"food, meal, varieties, human, hungry, rice, noon, midday"
2ece3f8886,Maker,"who makes, god, creator, introducer, founder, inventor, order, enter"
a4153f408b,Busy,"working, out of time, doing something important"
a4153f408b,City,"place, town, area"
a4153f408b,Tool,"mechanic tools,"
a4153f408b,Lunch,"food, dinner, restaurants"
a4153f408b,Maker,"builder, creator, designer"
a878e75949,Busy,"eager, working, nosy, lots to to, preparation"
a878e75949,City,"town, municipal, mayor, government, community"
a878e75949,Tool,"work, weapon, hammer, workshop, object, build"
a878e75949,Lunch,"food, sandwich, eating, break, restaurant"
a878e75949,Maker,"creator, God, builder, person that creates"
2cfb3bdbcd,Busy,work
2cfb3bdbcd,City,metropolis
2cfb3bdbcd,Tool,instrument
2cfb3bdbcd,Lunch,meals
2cfb3bdbcd,Maker,manufacturer
cdf81c2126,Busy,full of or characterized by activity
cdf81c2126,City,a large or important town
cdf81c2126,Tool,any instrument of manual operation
cdf81c2126,Lunch,a light midday meal between breakfast and dinner
cdf81c2126,Maker,a person or thing that makes.
86dc19ebbd,Busy,"full of activity, hectic, tiring, eventful"
86dc19ebbd,City,"urban, metropolitan, crowded area of a place, full of traffic"
86dc19ebbd,Tool,"instrumetn, device, means, utensil"
86dc19ebbd,Lunch,"eat, food at noon time"
86dc19ebbd,Maker,"inventor, originator, author, architect, designer"
18e42ac8c4,Busy,occupied
18e42ac8c4,City,a large town
18e42ac8c4,Tool,instrument
18e42ac8c4,Lunch,a meal eaten in the middle of the time of the day
18e42ac8c4,Maker,creator
8c3b70ef5d,Busy,road
8c3b70ef5d,City,high tech city
8c3b70ef5d,Tool,electronic
8c3b70ef5d,Lunch,buffet lunch
8c3b70ef5d,Maker,organisar
7cf403bfc3,Busy,occupied or engaged in work etc.
7cf403bfc3,City,"large town,strictly one created by charter and containing a cathedral"
7cf403bfc3,Tool,implement used to carry out mechanical functions by hand or by machine
7cf403bfc3,Lunch,"midday meal,take lunch"
7cf403bfc3,Maker,person who makes
fe5a703d9c,Mud,"soft wet earth,wet soil"
fe5a703d9c,Indian,"people living in India, native of india"
fe5a703d9c,Best,"most good,excellent,"
fe5a703d9c,Mountains,"large heap,higher than common surface of the earth"
fe5a703d9c,Superior,"higher position, higher quality"
9d836d8814,Mud,"dirt with water, gossip, shoes"
9d836d8814,Indian,"1st Americans, Natives, Thanksgiving, land, Casino"
9d836d8814,Best,"1st rate, great student, quality"
9d836d8814,Mountains,"hills, peaks, height,"
9d836d8814,Superior,"Best. quality, expert"
932ad1fc41,Mud,"forms road,constructing building,mud pots,plates,mud vessels,mining."
932ad1fc41,Indian,"citizen,rupee,coin,history,culture,spices,drugs."
932ad1fc41,Best,"film,mother,father,advertisement,rank,place,food,thing,movie."
932ad1fc41,Mountains,"trees,soil,breeze,small,big,fog."
932ad1fc41,Superior,"life,person,position,place,house,placement."
cdf81c2126,Mud,informal
cdf81c2126,Indian,a citizen of the Republic of India
cdf81c2126,Best,most advantageous
cdf81c2126,Mountains,"a large mass of something resembling this, as in shape or size."
cdf81c2126,Superior,of higher grade
0da623e05b,Mud,"wet, soft earth or earthy matter, as on the ground after rain, at the bottom of a pond, or along the banks of a river; mire."
0da623e05b,Indian,a member of any of the peoples native to or inhabiting India  or the East Indies.a citizen of the Republic of India.
0da623e05b,Best,"of the highest quality, excellence, or standing: the best work; the best students.
most advantageous, suitable, or desirable: the best way."
0da623e05b,Mountains,"a natural elevation of the earth's surface rising more or less abruptly to a summit, and attaining an altitude greater than that of a hill, usually greater than 2000 feet (610 meters).mountain wine . British Archaic . a sweet Malaga wine."
0da623e05b,Superior,"higher in station, rank, degree, importance, etc.: a superior officer.above the average in excellence, merit, intelligence, etc.: superior math students"
6c7df926ad,Mud,"soil, watarsoil"
6c7df926ad,Indian,a country
6c7df926ad,Best,"good ,super,soil sand"
6c7df926ad,Mountains,big rock
6c7df926ad,Superior,"chief, officer"
fd1a1cbbc3,Mud,"corpse, the Great Compromiser, remains, mud, stiff, cadaver, clay"
fd1a1cbbc3,Indian,a native or inhabitant of India
fd1a1cbbc3,Best,"high hat, opera hat, silk hat, best, top hat, dress hat, topper, stovepipe, beaver"
fd1a1cbbc3,Mountains,"backing, wad, mass, pot, lot, batch, saddle horse, hatful, good deal, quite a little, mountain, riding horse, heap, muckle, passel, spate, great deal, slew, mess, mint, tidy sum, raft, plenty, mount, peck, stack, sight, mickle, pile, setting, climb, flock, deal"
fd1a1cbbc3,Superior,"uperordinate word, hypernym, superordinate, victor, higher-up, superior, master, superscript"
473e68935b,Mud,"mud pack,is brown ,is dirt,mud house,used for manufacturing operations"
473e68935b,Indian,"indian dance,india is a democratic country,29 states,culture is important ,india is a large country,developing country,has a constitution"
473e68935b,Best,"best is superior,best music,dance,painting,best attitude,best result,design,decision"
473e68935b,Mountains,"are beautiful,lovely,scenic,peaceful,serene"
473e68935b,Superior,"is higher,top,great value,better"
95e2618c28,Mud,"Wet,sticky,soft earth,Slang Wet plaster"
95e2618c28,Indian,"Of or relating to India or the East Indies or to their peoples, languages, or cultures.,Of or relating to any of the Native American peoples except the Eskimos, Aleuts, and Inuits"
95e2618c28,Best,"Surpassing all others in excellence, Greatest,Most highly skilled"
95e2618c28,Mountains,"Cropped,long-faced hills that bristled with pine like so many unshaven cheeks,long-faced hills that bristled with pine like so many unshaven cheeks"
95e2618c28,Superior,"Higher than another in rank,Of a higher nature or kind,Of great value or excellence"
2cfb3bdbcd,Mud,soil
2cfb3bdbcd,Indian,injun
2cfb3bdbcd,Best,good
2cfb3bdbcd,Mountains,abundance
2cfb3bdbcd,Superior,of higher rank
d6fbaf0859,Mud,"grayish in color, wet and slimmy"
d6fbaf0859,Indian,people from India
d6fbaf0859,Best,"the highest level, the maximum"
d6fbaf0859,Mountains,a landform with high altitude
d6fbaf0859,Superior,"higher than the rest, in great capacity"
a5c5e13ca6,Mud,"is dirty, is semi-solid, is sticky, cracks  when it dries, can be found in river banks"
a5c5e13ca6,Indian,"is native american, is also from India, likes curry, is hunter, is numerous"
a5c5e13ca6,Best,"is superior, seperates itself from the rest, does not rest"
a5c5e13ca6,Mountains,"are cold, are rocky, are hard to climb, are challenging"
a5c5e13ca6,Superior,"is decisively better, is snobbish, is demeaning, is demanding, is annoying"
65368b27c5,Mud,"soil, daub, muck, wet when weather is bad, crops grow from it,"
65368b27c5,Indian,"Native, Spirituality, Dark colour, Wild west, native dress, cheif,"
65368b27c5,Best,"Great, Above adverage, Highest, Wonderful, Most Excellent"
65368b27c5,Mountains,"Peaks, Summit, Hill, , Altitude, Range,skiing"
65368b27c5,Superior,"Elite, High standing, Above, Boss, ganger, has authority"
a7dca11140,Mud,"sand,earth,mountains"
a7dca11140,Indian,"a nation,citizen of India,diversity in culture"
a7dca11140,Best,"top, achievement,ranking"
a7dca11140,Mountains,"height,cool,deposit,rocks"
a7dca11140,Superior,"senior,control,manager"
d2238a631b,Mud,Earth and water mixed so as to be soft and adhesive.
d2238a631b,Indian,any of the indigenous languages of the American Indians.
d2238a631b,Best,"Having good qualities in the highest degree; most good, kind, desirable, suitable, etc.; most excellent; as, the best man; the best road; the best cloth; the best abilities."
d2238a631b,Mountains,"of or pertaining to a mountain or mountains; growing or living on a mountain; found on or peculiar to mountains; among mountains; as, a mountain torrent; mountain pines; mountain goats; mountain air; mountain howitzer"
d2238a631b,Superior,"higher in station, rank, degree, etc."
26c834f70e,Mud,"clammy, cold, thick and wet, is found outdoors after rain, splashes, is dirty, brown"
26c834f70e,Indian,"native people of America, people of India, tomahawk, feathers, leather clothing, hunts deer, lived in teepee"
26c834f70e,Best,"Finest, excels at something, is better then other things, wins, is preferred"
26c834f70e,Mountains,"Hikers, beautiful, woodsy, are tall, are majestic, range"
26c834f70e,Superior,"Better than other things, is preferred, outperforms, is more desired"
cfa82916f0,Mud,"Soil,plantatation,vegetative,slippery,well soaked,non erosed"
cfa82916f0,Indian,"Culture, population, poverty, Taj MahalGate way of India.Indiagate"
cfa82916f0,Best,"Good, nice, well accepted, excellent,winner,hard handled struggled"
cfa82916f0,Mountains,"Big stones, high hill,"
cfa82916f0,Superior,"Head, chief, main person, Boss, innocent, disciplined."
79dc741969,Mud,"is brown, is icky, is wet, is dirty, it stains, is heavy"
79dc741969,Indian,"is brown, is smelly, has black hair, has ugly hairdo, it is religious, it eats spicy food, it works for little money, it works in callcenters, is poor"
79dc741969,Best,"better than all others, an advantage, an adjective, a word, the thing that should be chosen"
79dc741969,Mountains,"are tall, heavy, massive, big, distant, unattainable, frozen, blue, cold, desert"
79dc741969,Superior,"better than other, above other, in the upper part, higher, preferable"
6b2ac0ef88,Mud,water and earth mixed together
6b2ac0ef88,Indian,those who are born in India
6b2ac0ef88,Best,good
6b2ac0ef88,Mountains,large mass of earth and rock elevated from earth's surface
6b2ac0ef88,Superior,above all
a99eff3ef7,Mud,"wet, soft, sticky earth"
a99eff3ef7,Indian,"of India or its peoples, languages, or cultures"
a99eff3ef7,Best,Best means better than all others
a99eff3ef7,Mountains,naturally formed hills
a99eff3ef7,Superior,placed higher up
6be52007c6,Mud,Earth and water mixed so as to be soft and adhesive.
6be52007c6,Indian,"adj.
1. Of or relating to India or the East Indies or to their peoples, languages, or cultures.
2. Of or relating to any of the Native American peoples except the Eskimos, Aleuts, and Inuits.
n.
1. A native or inhabitant of India or of the East Indies."
6be52007c6,Best,"in a most excellent way or manner; ""he played best after a couple of martinis""

[adverb] it would be sensible; ""you'd best stay at home""

[adverb] from a position of superiority or authority; ""father knows best""; ""I know better.""
Synonyms: better

[noun] the supreme effort one can make; ""they did their best""

[noun] the person who is most outstanding or excellent; someone who tops all others; ""he could beat the best of them""
Synonyms: topper"
6be52007c6,Mountains,"Mt. or Mtn. A natural elevation of the earth's surface having considerable mass, generally steep sides, and a height greater than that of a hill.
2.
a. A large heap: a mountain of laundry.
b. A huge quantity: a mountain of trouble."
6be52007c6,Superior,"higher in station, rank, degree, importance, etc.: a superior officer.
2.
above the average in excellence, merit, intelligence, etc.: superior math students.
3.
of higher grade or quality: superior merchandise.
4.
greater in quantity or amount: superior numbers.
5.
showing a consciousness or feeling of being better than or above others: superior airs."
19431af03e,Mud,"A computer program, usually running over the Internet, that allows multiple users to participate in virtual-reality role-playing games. Wet, sticky, soft earth, as on the banks of a river."
19431af03e,Indian,"Of or relating to India or the East Indies or to their peoples, languages, or cultures."
19431af03e,Best,"Surpassing all others in excellence, achievement, or quality; most excellent:"
19431af03e,Mountains,a love of high mountains and of heights.
19431af03e,Superior,"Higher than another in rank, station, or authority"
b245d0513e,Mud,wet clay or earth
b245d0513e,Indian,hailing from India
b245d0513e,Best,something that cannot be further improved
b245d0513e,Mountains,very high altitude
b245d0513e,Superior,better than others
24a08f9d6b,Mud,"Wet, sticky, soft earth, as on the banks of a river,Slang Wet plaster, mortar, or cement,Informal not at all clear,to soil or cover with mud."
24a08f9d6b,Indian,"A native or inhabitant of India or of the East Indies,Of or relating to India or the East Indies or to their peoples, languages, or culture,A member of any of the Native American peoples except the Eskimos, Aleuts, and Inuits,a native, citizen, or inhabitant of the Republic of India."
24a08f9d6b,Best,"Superlative of good,Most satisfactory, suitable, or useful; most desirable: the best solution; the best time for planting,Greatest; most,The best part, moment, or value."
24a08f9d6b,Mountains,"geography; heights; volcanoes,Cropped, long-faced hills that bristled with pine like so many unshaven cheeks,The hills here are long and blue, like paintings."
24a08f9d6b,Superior,"Higher than another in rank, station, or authority: a superior officer,Of great value or excellence; extraordinary,Above being affected or influenced; indifferent or immune."
2622f61522,Mud,Dirty water and sand.
2622f61522,Indian,"Great and spiritual people, genius and dedicated, peace lover"
2622f61522,Best,"Great, top"
2622f61522,Mountains,"Big mountains, hill, hill stations"
2622f61522,Superior,"Better, great in terms of performance"
2ece3f8886,Mud,"soft wet earth, sand, impure, confused, vague, soil, land, disgrace"
2ece3f8886,Indian,"native, descent, country, flag, emblem, peace, national anthem, freedom"
2ece3f8886,Best,"good, correct, super, excellent, winning, majority, first, superior,"
2ece3f8886,Mountains,"hills, water, forest, animal, region, everest, height, nature,"
2ece3f8886,Superior,"higher position, rank, quality, officer, supercilious, leader, inventor, director"
8f659dbf2f,Mud,mire slop dirt earth
8f659dbf2f,Indian,curry red native Apache Cherokee
8f659dbf2f,Best,Finest superior premium
8f659dbf2f,Mountains,Alps Himilayas Rocks Hills
8f659dbf2f,Superior,Premium Upper Best
2a6566d746,Mud,"wet, soft earth or earthy matter,Slang . brewed coffee, especially when strong or bitter,a mixture of chemicals and other substances pumped into a drilling rig chiefly as a lubricant for the bit and shaft."
2a6566d746,Indian,"a citizen of the Republic of India,any of the indigenous languages of the American Indians,product containing characteristic of Indian culture."
2a6566d746,Best,"most advantageous, suitable, or desirable,largest,of the highest quality, excellence."
2a6566d746,Mountains,"a huge amount,a large mass of something resembling this, as in shape or size,a natural elevation of the earth's surface rising more or less abruptly to a summit."
2a6566d746,Superior,"higher in station, rank, degree, importance, etc,a superior officer,above the average in excellence, merit, intelligence,of higher grade or quality,greater in quantity or amount."
7272f16288,Mud,"a mixture of dirt and water, brown, wet, sticky"
7272f16288,Indian,"a person from India, something from India, a Native American person, something associated with Native Americans"
7272f16288,Best,"very good, optimal, to win a fight or game"
7272f16288,Mountains,"rocky, high altitude, large geographical features, snowy, have evergreen trees, sloped, used for skiing and other winter sports, barrier to travel"
7272f16288,Superior,"better than something else, holding a higher position than someone else, thinking that one is better that someone else"
1e695ef57f,Mud,"made of water, made of soil, messy, used as plaything by children, seen after rain, makes tracks, makes mess, requires clean up, found on shoes"
1e695ef57f,Indian,"Native America, first nation, lives on reservation, American, census person, ethnicity; person from Asia, likely to be Hindu, ethnicity"
1e695ef57f,Best,"fine, supreme, top quality, A-one; to beat, to top, to better, to win"
1e695ef57f,Mountains,"topped by snow, climbed, geographical feature, have passes, few people, rocky, covered by fur trees, dark, rocky"
1e695ef57f,Superior,"better, a grade, better than something, perhaps not as good as best, comparative term, name of a Great Lake"
6fa4990bd3,Mud,"wet sand , usually contains dirt, soil, clay etc."
6fa4990bd3,Indian,citizens of the country INDIA
6fa4990bd3,Best,a quality where the work done is perfect and on top of all other works
6fa4990bd3,Mountains,"a large land which is huge and high above the ground, usually is in a triangular shape"
6fa4990bd3,Superior,state of being better than someone in a far way
dcf44e6284,Mud,"wet, soft earth or earthy matter, as on the ground after rain, at the bottom of a pond, or along the banks of a river; mire.

Informal . scandalous or malicious assertions or information: 


Slang . brewed coffee, especially when strong or bitter.

a mixture of chemicals and other substances pumped into a drilling rig chiefly as a lubricant for the bit and shaft"
dcf44e6284,Indian,"a member of any of the peoples native to or inhabiting India  or the East Indies.

a citizen of the Republic of India."
dcf44e6284,Best,"of the highest quality, excellence, or standing
most advantageous, suitable, or desirable
largest; most"
dcf44e6284,Mountains,"a natural elevation of the earth's surface rising more or less abruptly to a summit, and attaining an altitude greater than that of a hill, usually greater than 2000 feet (610 meters).

a large mass of something resembling this, as in shape or size.

a huge amount"
dcf44e6284,Superior,"higher in station, rank, degree, importance, etc
above the average in excellence, merit, intelligence, etc
of higher grade or quality
greater in quantity or amount
showing a consciousness or feeling of being better than or above others"
0e33c17467,Mud,"clay,stiff,remains"
0e33c17467,Indian,"american indian,red indian"
0e33c17467,Best,"better,great"
0e33c17467,Mountains,"backing,wad,pot, big hill"
0e33c17467,Superior,"master,superordinate,hypernym,victor"
b736563874,Mud,"brown, getting dirty, playing, building, rain, water, garden"
b736563874,Indian,"feathers, tipi, buffalo, movies, lost culture, arrow, bow"
b736563874,Best,"being at the top, excellent, outstanding"
b736563874,Mountains,"Kilimanjaro, Alps, Rocky Mountains, high, skiing, snow,"
b736563874,Superior,"better than the rest, suberb, excellent"
eb09612a37,Mud,Clay soil
eb09612a37,Indian,Indian citizen
eb09612a37,Best,excellent
eb09612a37,Mountains,big rock
eb09612a37,Superior,wonderfull
92ea18c297,Mud,earth and water mixed adhesive
92ea18c297,Indian,native of india
92ea18c297,Best,most excellent
92ea18c297,Mountains,greater hight & steep sides
92ea18c297,Superior,high standar or quality
a4153f408b,Mud,"sand, dirt, on the ground, caused by water and sand mix,
dries, wet"
a4153f408b,Indian,"culture, race , a country's habitants"
a4153f408b,Best,"very good, favorite, great , very nice"
a4153f408b,Mountains,"rock, rocky, high, dangerous"
a4153f408b,Superior,"better, opposite of inferior, higher then others"
8f1e39414a,Mud,"Wet brown dirt, sticky, fun for kids to play in"
8f1e39414a,Indian,"Native American, part of a tribe, wears feathers and beads, helped the pilgrims, proud"
8f1e39414a,Best,"Olympian, elite, 100 percent effort, blue ribbon winner, confident"
8f1e39414a,Mountains,"Alps, Rockies, the Sierras, tall, beautiful, snow covered"
8f1e39414a,Superior,"The best, above others"
9fb171be25,Mud,"A computer program, usually running over the Internet, that allows multiple users to participate in virtual-reality role-playing games, Wet, sticky, soft earth, as on the banks of a river."
9fb171be25,Indian,"A native or inhabitant of India, a native, citizen, characteristic of India,"
9fb171be25,Best,"Surpassing all others in excellence, achievement, or quality; most excellent
Superlative of good."
9fb171be25,Mountains,"Cropped, long-faced hills that bristled with pine like so many unshaven cheeks"
9fb171be25,Superior,"Higher than another in rank, station, or authority: Of a higher nature or kind.
Located higher than another; upper."
2be03929b5,Mud,"dirt plus water equals mud. usually brown in color,found outside."
2be03929b5,Indian,"native American, dark skinned, lived off land , protects environment."
2be03929b5,Best,as good as it gets
2be03929b5,Mountains,"located all over the world, sometimes formed from volcanos, usually covered in trees."
2be03929b5,Superior,Better than anything else
de23fe1cfc,Mud,"wet, soft earth"
de23fe1cfc,Indian,American Indian
de23fe1cfc,Best,of the highest quality
de23fe1cfc,Mountains,a natural elevation of the earth's surface rising more or less abruptly to a summit
de23fe1cfc,Superior,"higher in station, rank, importance"
2b15616b23,Indian,a citize of india
2b15616b23,Best,greatest
2b15616b23,Mountains,huge and continuos rock
2b15616b23,Superior,to be higher
9197ce5bb5,Mud,"is wet earth, is brown, is liquid, is a facial cleansing product, is a dirty puddle"
9197ce5bb5,Indian,"is a nationality, is an individual, is a culture, is a native, is indigenous"
9197ce5bb5,Best,"is the very top, is outstanding, is of superior quality, is even better than good, means to beat someone at something, is a measure of quality"
9197ce5bb5,Mountains,"are rocky, are high, are part of the earth, are reliefs, are surrounded by valleys, are made of rock and stone"
9197ce5bb5,Superior,"means the absolute best quality, is unbeatable, is the top honcho, is someone to report to at work, is a measure of quality or substance"
86dc19ebbd,Mud,"soil, dirt"
86dc19ebbd,Indian,"from India, Indian culture, Indian food, Indian clothes, Indian states,"
86dc19ebbd,Best,"finest, greatest, excellent"
86dc19ebbd,Mountains,"mount, peak, highest area on earth surface, Alps mountain"
86dc19ebbd,Superior,"better, greater, higher, boss, advanced,"
5a5d153897,Mud,"Dirty, wet, brown in color, mud pots, children play with it"
5a5d153897,Indian,"The best people in the world, better than American, best religion in the world, hindus, Hinduism does not make sense, hindus better than muslims, the  mogal empire, the british empire, Microsoft, barathanatiyam, own language (not English), won movies, own culture, own food, Taj Mahal is not hindu but mogal, Taj Mahal was a hindu temple, arab uprising, arab spring"
5a5d153897,Best,"To be a winner, better than everybody else"
5a5d153897,Mountains,"High, looks green, huge in size, climbing, plants, adventourous"
5a5d153897,Superior,"Best, to be a winner, better than everybody else"
af87b4bb7f,Mud,"SLUDGE, WET DIRT."
af87b4bb7f,Indian,RESIDENT OD INDIA.
af87b4bb7f,Best,"GREATEST, FINEST, EXCELLENT."
af87b4bb7f,Mountains,"A SERIES OF MOUNTAIN, ROCK WITH BIG HEIGHT."
af87b4bb7f,Superior,"HIGHER QUALITY, A PERSON WHO TAKES GREATER RESPONSIBILITY, A PERSON WITH GREAT EXCELLENCY."
c284e4a997,Mud,"Sand,soil with water,red coloured,slippery."
c284e4a997,Indian,"An Asian,coffee brown coloured,medium figured,knowledgeable person."
c284e4a997,Best,"Superlative for good,A class,No.1,Top rated"
c284e4a997,Mountains,"Hills,chilled,slippery roads,hair-pin bends"
c284e4a997,Superior,"A degree of most,Lake Superior,Mount Superior,Mother Superior"
0a7858ea02,Mud,"wet dirt, brown, muck"
0a7858ea02,Indian,"Ethnic, cultural, bollywood, curry"
0a7858ea02,Best,"greatest achiever, above all"
0a7858ea02,Mountains,"cold, snowboarding, tall, geographic"
0a7858ea02,Superior,"better, powerful, position of power, above, best"
2a28335ac1,Mud,"Mud is Soft, sticky matter resulting from the mixing of earth and water."
2a28335ac1,Indian,a citizen of the Republic of India.
2a28335ac1,Best,"That which is the most excellent, outstanding, or desirable."
2a28335ac1,Mountains,A large natural elevation of the earth's surface rising abruptly from the surrounding level; a large steep hill.
2a28335ac1,Superior,"A person or thing superior to another in rank, status, or quality, esp. a colleague in a higher position."
ce58ffe106,Mud,"wet dirt, slab, clay, slush, sludge, ooze, muck, silt, mire"
ce58ffe106,Indian,"aboriginal American, Amerind, American Indian, Indian, injun, Amerindian"
ce58ffe106,Best,"first, incomparable, chief, leading, prime, unrivaled, second to none, super, foremost,"
ce58ffe106,Mountains,"very large hill, drift, mesa, mount, hump, height, bank, abundance, alp, peak, elevation, cliff, pyramid"
ce58ffe106,Superior,"better, capital, high-class, deluxe, distinguished, noteworthy, senior, high-caliber, first-rate, famous, five-star"
e01ef2fec0,Mud,Mud
e01ef2fec0,Indian,Indian
e01ef2fec0,Best,Best
e01ef2fec0,Mountains,Mountains
e01ef2fec0,Superior,Superior
80a1c46dbd,Mud,"Wet dirt, bad, a name is, murky, river bottom, creek bottom, fields after a rain, something tracked in on shoes during rainy days"
80a1c46dbd,Indian,"Native, American, baseball team, papoose, tomahawk, totem poles, tents, reservations, chief, squaw,"
80a1c46dbd,Best,"Utmost, supreme, ultra, super, wonderful, magnificent, leader"
80a1c46dbd,Mountains,"Alps, climbing, pick, ax, lines, yodeling, pton, goats, big hills, Poconos, Appalachian, Rockies, Mt. Washington, Andes, volcanoes, avalanche, colder weather, snow, tourist areas"
80a1c46dbd,Superior,"Boss, manager, president, vice president, greater than, finer,"
7cf403bfc3,Mud,"soft wet earth -fling mud speak disparagingly,one's name is mud one is in disgrace"
7cf403bfc3,Indian,"a native or national of india,person of indian descent"
7cf403bfc3,Best,"of the most excellent or desirable kind,in the best manner"
7cf403bfc3,Mountains,sickness caused by thin air at great heights
7cf403bfc3,Superior,in a higher position;of higher rank
f89618c03c,Mud,"Water soaked soil; soft wet earth.
Slanderous remarks or charges."
f89618c03c,Indian,"A native or inhabitant of India.
A member of the race of people living in North America when Europeans arrived."
f89618c03c,Best,"The person who is most outstanding or excellent.
The supreme effort one can make."
f89618c03c,Mountains,A land mass that projects well above its surroundings; higher than a hill.
f89618c03c,Superior,"One of greater rank or station or quality.
The head of a religious community."
0edd11b982,Mud,"wet dirt, to drive in muddy areas, damp earth,"
0edd11b982,Indian,"Native American people, people from India, descendants of the people on the North American continent when the Europeans began exploring the continent."
0edd11b982,Best,the most superior of a group of items
0edd11b982,Mountains,"extremely large hills, geographic feature created by upward forces on a fault line, huge rocky upcroppings, snow-covered hills"
0edd11b982,Superior,"extremely good quaility, the best quality choice, the highest ranking quality"
1c7639828f,Mud,"soil mixed with water, wet soil,clay, earthy matter"
1c7639828f,Indian,"Nationality, On the Indian subcontinent, Indian people,ethnic group"
1c7639828f,Best,"good, better, most advantageous, highest quality"
1c7639828f,Mountains,"large land form, a natural elevation of the earth's surface, difficult to climb,"
1c7639828f,Superior,"higher in rank, high degree, importance"
af2803583c,Mud,Multi-User Dungeon
af2803583c,Indian,Of or relating to India or the East Indies or to their peoples
af2803583c,Best,Having good qualities in the highest degree
af2803583c,Mountains,Mountains are considered larger than hills so they are called mountains
af2803583c,Superior,More elevated in place or position
a878e75949,Mud,"dirty, messy, wet sand, bad publicity"
a878e75949,Indian,"Native American, cuisine, tomahawk, scalpel, tepee, Cherokee"
a878e75949,Best,"top rate, number one, highest level, high achiever, greatest"
a878e75949,Mountains,"hilly, high altitude, Rocky, landscape"
a878e75949,Superior,"top notch, best, nothing greater, highest, sage"
4baffedf4f,Mud,soil
4baffedf4f,Indian,person who belongs to india country
4baffedf4f,Best,fine
4baffedf4f,Mountains,hills
4baffedf4f,Superior,head
d364502743,Mud,"earth, dirt mix with water, sand form,"
d364502743,Indian,"person of indian origen, resident ship of india, asian, yellow coloured"
d364502743,Best,"kind, desirable, good quality, excellent"
d364502743,Mountains,"hiils, ranges, elevation, steepness, greater height"
d364502743,Superior,"powerful, head od department, senior , higher position"
2ece3f8886,Graph,"data, school, geometry, ratio, pair of axes, drawing, record, relation between various quantities"
2ece3f8886,Swing,"motion, water, swan, bird, bridge, ponds, swimming pool, not walk"
2ece3f8886,She,"women, human, grammar, pronoun, girl, female, sex, previously named"
2ece3f8886,Worker,"employer, person who works, office, work shop, salary, company, human being, control of owner"
2ece3f8886,Cuddle,"hug, fondle, nestle together, lie close, snug, caress, tough, gentle touch"
cd4699ed74,Graph,"used in math, rows of lines, plot"
cd4699ed74,Swing,"childs toy, playground, moves back and forth"
cd4699ed74,She,"female, woman, girl"
cd4699ed74,Worker,"noun, person doing a job"
cd4699ed74,Cuddle,"get close, comfort, keep warm"
3dcbf90da5,Graph,"Chart, diagram"
3dcbf90da5,Swing,"sway, party"
3dcbf90da5,She,"Female, her"
3dcbf90da5,Worker,"employee, slave,"
3dcbf90da5,Cuddle,"snuggle, hug"
d6fbaf0859,Graph,OF DIFF TYPES USED TO VISUALIZE OR INTERPRET FIGURES OR STATISTICS
d6fbaf0859,Swing,"TO MOVE FORWARD OR BACKWARD, OR SIDEWAYS"
d6fbaf0859,She,"OPPOSITE OF HE, FEMALE OR GIRL"
d6fbaf0859,Worker,THE DOER.. THE MAKER
d6fbaf0859,Cuddle,TO HUG TO PLACE YOUR ARMS AROUND A PERSON
7a0b7cea54,Graph,"graph theory, software graph,  map, design line"
7a0b7cea54,Swing,"Golf Swing, sports, Dance swing"
7a0b7cea54,She,"Her, girls , mother"
7a0b7cea54,Worker,"Business People , Employee  wages, labour"
7a0b7cea54,Cuddle,"Roman Catholic , Mass Holy"
e01ef2fec0,Graph,Graph
e01ef2fec0,Swing,Swing
e01ef2fec0,She,She
e01ef2fec0,Worker,Worker
e01ef2fec0,Cuddle,Cuddle
41c4a7aaa5,Graph,"Mathematical uses, points, x and y axis"
41c4a7aaa5,Swing,"children at play, jumping across with rope"
41c4a7aaa5,She,"female, bears children, is nurturing"
41c4a7aaa5,Worker,"Does job well, is hired, interviewed"
41c4a7aaa5,Cuddle,"Couples do this, babies do this"
d2c13c7eae,Graph,"Is based on data, used for analysis, quickly provides information, used in presentations and meetings, can be colourful, can be of different types, uses legends for depiction"
d2c13c7eae,Swing,"Used for amusement, loved by children, having different types, having different colors, used in parks and schools"
d2c13c7eae,She,"May be a girl or a woman, beautiful, kind, gentle, gracious, lovable, may be a daughter, a friend, a wife, a mother"
d2c13c7eae,Worker,"May be hard working, may be a shirker, talented, smart, sincere, punctual, quick, earning member, may be a father, a brother, a husband"
d2c13c7eae,Cuddle,"Embrace, hug, clasp, hold, clinch, display of love, display of kindness"
f4798126d4,Graph,"circle, bar, pie graphs, charts, teaching and demonstration tool"
f4798126d4,Swing,"to sit on a swing set and sway back and forth, to swing a bat at a ball, a type of dancing"
f4798126d4,She,"Her, a female, that woman there,"
f4798126d4,Worker,"employee, performs tasks for pay, ambitious"
f4798126d4,Cuddle,"means to hug, snuggle with someone or something, makes most people happy"
19431af03e,Graph,"A diagram that exhibits a relationship, often functional, between two sets of numbers as a set of points having coordinates determined by."
19431af03e,Swing,"To be hanged.To cause to swing or vibrate; to cause to move backward and forward, or from one side to the other."
19431af03e,She,"This or that female; the woman understood or referred to; the animal of the female sex, or object personified as feminine, which was spoken of."
19431af03e,Worker,One who works at a particular occupation or activity: an office worker.One who does manual or industrial labor.A member of the working class.
19431af03e,Cuddle,A close embrace.To lie close or snug; to crouch; to nestle.To embrace closely; to fondle.
f89618c03c,Graph,A drawing illustrating the relations between certain quantities plotted with reference to a set of axes.
f89618c03c,Swing,A state of steady vigorous action that is characteristic of an activity.
f89618c03c,She,"Female pronoun; a female, or something regarded as female."
f89618c03c,Worker,"A person who works at a specific job.
A person who acts and gets things done."
f89618c03c,Cuddle,A close and affectionate (and often prolonged) embrace.
7242ce95a4,Graph,plot diagram
7242ce95a4,Swing,flow in and out
7242ce95a4,She,pronoun
7242ce95a4,Worker,labour
7242ce95a4,Cuddle,show affection
24a08f9d6b,Graph,"A diagram that exhibits a relationship, often functional, between two sets of numbers as a set of points having coordinates determined by the relationship,To represent by a graph,A pictorial device, such as a pie chart or bar graph, used to illustrate quantitative relationships. Also called chart."
24a08f9d6b,Swing,"To move back and forth,To hit at something with a sweeping motion of the arm,swinging down the road,To ride on a swing,To shift from one attitude,To be lively."
24a08f9d6b,She,"Used to refer to the woman or girl,Used to refer to a female animal,refers to things personified as feminine,a female person or animal,she-cat."
24a08f9d6b,Worker,"One who works at a particular occupation or activity: an office worker,A member of a colony of social insects such as ants,workerless"
24a08f9d6b,Cuddle,"To fondle in the arms; hug tenderly,The act of cuddling; a hug or embrace,To nestle; snuggle,cuddlesome,a close and affectionate."
95e2618c28,Graph,"A diagram that exhibits a relationship, often functional, between two sets of numbers as a set of points having coordinates determined by the relationship,A pictorial device, such as a pie chart or bar graph, used to illustrate quantitative relationships. Also called chart."
95e2618c28,Swing,"To move back and forth suspended or as if suspended from above.,To hit at something with a sweeping motion of the arm"
95e2618c28,She,"Used to refer to the woman or girl previously mentioned or implied,Used to refer to a female animal."
95e2618c28,Worker,"A member of the working class,One who works at a particular occupation or activity"
95e2618c28,Cuddle,"To fondle in the arms; hug tenderly,a hug or embrace."
65368b27c5,Graph,"map, technical drawing, technical guidance document, can be used in presentation, maths, outline of roads."
65368b27c5,Swing,"swing set, ropes, iron chains, rock, sway, push, fun, oscilate, and oscilate wildly"
65368b27c5,She,"her, female, woman, grandmother, anut, mother, fairer sex, feminine"
65368b27c5,Worker,"employer, employee, job, skill, nixer, bread earner, labourer"
65368b27c5,Cuddle,"hug, cradle, hold, embrace, snug, nestle, caress,"
0da623e05b,Graph,"1.
a diagram representing a system of connections or interrelations among two or more things by a number of distinctive dots, lines, bars, etc.
2.
Mathematics .
a.
a series of points, discrete or continuous, as in forming a curve or surface, each of which represents a value of a given function.
b.
Also called linear graph. a network of lines connecting points.
3.
a written symbol for an idea, a sound, or a linguistic expression."
0da623e05b,Swing,"1.
to cause to move to and fro, sway, or oscillate, as something suspended from above: to swing one's arms in walking.
2.
to cause to move in alternate directions or in either direction around a fixed point, on an axis, or on a line of support, as a door on hinges.
3.
to move (the hand or something held) with an oscillating or rotary movement: to swing one's fists; to swing a club around one's head.
4.
Aeronautics . to pull or turn (a propeller) by hand, especially in order to start the engine.
5.
to turn in a new direction in a curve, as if around a central point: to swing the car into the driveway."
0da623e05b,She,"1.
the female person or animal being discussed or last mentioned; that female.
2.
the woman: She who listens learns.
3.
anything considered, as by personification, to be feminine: spring, with all the memories she conjures up."
0da623e05b,Worker,"1.
a person or thing that works.
2.
a laborer or employee: steel workers.
3.
a person engaged in a particular field, activity, or cause: a worker in psychological research; a worker for the Republican party.
4.
Entomology .
a.
a member of a caste of sexually underdeveloped, nonreproductive bees, specialized to collect food and maintain the hive.
b.
a similar member of a specialized caste of ants, termites, or wasps.
5.
Printing . one of a set of electrotyped plates used to print from ( contrasted with molder)."
0da623e05b,Cuddle,"1.
to hold close in an affectionate manner; hug tenderly; fondle.
2.
to lie close and snug; nestle.
3.
to curl up in going to sleep"
1c7639828f,Graph,"A diagram on two axis, A visual symbol, an abstract representation of a set of objects"
1c7639828f,Swing,"suspended chair, It move back and forth , it oscillates,"
1c7639828f,She,"Girl, the female person, used to describe the last mentioned, refer to the woman"
1c7639828f,Worker,"One who works at a particular occupation or activity, One who does manual or industrial labor, employer"
1c7639828f,Cuddle,"To fondle in the arms; hug tenderly, to hold close in an affectionate manner"
af2803583c,Graph,"A diagram that exhibits a relationship, often functional, between two sets of numbers as a set of points having coordinates determined by the relationship."
af2803583c,Swing,To move back and forth suspended or as if suspended from above.
af2803583c,She,the woman understood or referred to
af2803583c,Worker,One who works at a particular occupation or activity
af2803583c,Cuddle,A close embrace.
4baffedf4f,Graph,graph
4baffedf4f,Swing,moving
4baffedf4f,She,female
4baffedf4f,Worker,empoloyee
4baffedf4f,Cuddle,rt
faed1af4c3,Graph,imagery of statistics
faed1af4c3,Swing,"play equipment, in parks, has seat, has chains, oscillates, to and fro"
faed1af4c3,She,"her, female, girl, woman, opposite of he"
faed1af4c3,Worker,"employee, receives salary, colleague"
faed1af4c3,Cuddle,"show affection, hug, to embrace"
a99eff3ef7,Graph,a curve or surface showing the values of a function
a99eff3ef7,Swing,"to sway or move backward and forward with regular movement, as a freely hanging object or a ship at anchor"
a99eff3ef7,She,"the woman, girl, or female animal"
a99eff3ef7,Worker,"a person who works for a cause, organization, etc"
a99eff3ef7,Cuddle,to hold lovingly and gently in one's arms
092a7875c8,Graph,"a diagram representing a system of connections or interrelations among two or more things by a number of distinctive dots, lines, bars, etc."
092a7875c8,Swing,"to cause to move to and fro, sway, or oscillate, as something suspended from above: to swing one's arms in walking."
092a7875c8,She,"1.
the female person or animal being discussed or last mentioned; that female.
2.
the woman: She who listens learns.
3.
anything considered, as by personification, to be feminine: spring, with all the memories she conjures up."
092a7875c8,Worker,"1.
a person or thing that works.
2.
a laborer or employee: steel workers.
3.
a person engaged in a particular field, activity, or cause: a worker in psychological research; a worker for the Republican party."
092a7875c8,Cuddle,to hold close in an affectionate manner; hug tenderly; fondle.
2cfb3bdbcd,Graph,chart the data
2cfb3bdbcd,Swing,tendency
2cfb3bdbcd,She,a girl
2cfb3bdbcd,Worker,a employer
2cfb3bdbcd,Cuddle,embrase closely
6be52007c6,Graph,". A diagram that exhibits a relationship, often functional, between two sets of numbers as a set of points having coordinates determined by the relationship. Also called plot.
2. A pictorial device, such as a pie chart or bar graph, used to illustrate quantitative relationships. Also called chart.
tr.v. graphed, graph·ing, graphs
1. To represent by a graph.
2. To plot (a function) on a graph."
6be52007c6,Swing,"1. To move back and forth suspended or as if suspended from above.
2. To hit at something with a sweeping motion of the arm: swung at the ball.
3. To move laterally or in a curve: The car swung over to the curb.
4. To turn in place on or as if on a hinge or pivot.
5. To move along with an easy, swaying gait: swinging down the road.
6. To propel oneself from one place or position to another by grasping a fixed support: swinging through the trees.
7. To ride on a swing.
8. To shift from one attitude, interest, condition, or emotion to another; vacillate.
9. Slang To be put to death by hanging.
10. Music"
6be52007c6,She,"Used to refer to the woman or girl previously mentioned or implied. See Usage Note at I1.
b. Used to refer to a female animal.
2. Used in place of it to refer to certain inanimate things, such as ships and nations, traditionally perceived as female: ""The sea is mother-death and she is a mighty female"
6be52007c6,Worker,"Used to refer to the woman or girl previously mentioned or implied. See Usage Note at I1.
b. Used to refer to a female animal.
2. Used in place of it to refer to certain inanimate things, such as ships and nations, traditionally perceived as female: ""The sea is mother-death and she is a mighty female"
6be52007c6,Cuddle,"v. cud·dled, cud·dling, cud·dles
v.tr.
To fondle in the arms; hug tenderly. See Synonyms at caress.
v.intr.
To nestle; snuggle.
n.
The act of cuddling; a hug or embrace."
e592776b4d,Graph,"graphical record, graph"
e592776b4d,Swing,"golf stroke, lilt, baseball swing, golf shot, jive, cut, vacillation, swing music, swinging"
e592776b4d,She,women
e592776b4d,Worker,"actor, prole, proletarian, doer"
e592776b4d,Cuddle,"snuggle, nestle, cuddle"
b7970ecfb0,Graph,"Duck is the common name for a large number of species in the Anatidae family of birds, which also includes swans and geese. The ducks are divided among several subfamilies in the Anatidae family; they do not represent a monophyletic group (the group of all descendants of a single common ancestral species) but a form taxon, since swans and geese are not considered ducks. Ducks are mostly aquatic birds, mostly smaller than the swans and geese, and may be found in both fresh water and sea water."
b7970ecfb0,Swing,"Duck is the common name for a large number of species in the Anatidae family of birds, which also includes swans and geese. The ducks are divided among several subfamilies in the Anatidae family; they do not represent a monophyletic group (the group of all descendants of a single common ancestral species) but a form taxon, since swans and geese are not considered ducks. Ducks are mostly aquatic birds, mostly smaller than the swans and geese, and may be found in both fresh water and sea water."
b7970ecfb0,She,"Despite widespread misconceptions, only the females of most dabbling ducks ""quack"". For example, the scaup – which are diving ducks – make a noise like ""scaup"" (hence their name), and even among the dabbling ducks, the males never quack. In general, ducks make a wide range of calls, ranging from whistles, cooing, yodels and grunts. Calls may be loud displaying calls or quieter contact calls"
b7970ecfb0,Worker,"Duck meat is derived primarily from the breasts and legs of ducks. The meat of the legs is darker and somewhat fattier than the meat of the breasts, although the breast meat is darker than the breast meat of a chicken or a turkey. Being waterfowl, ducks have a layer of heat-insulating subcutaneous fat between the skin and the meat. De-boned duck breast can be grilled like steak, usually leaving the skin and fat on. Magret refers specifically to the breast of a mallard or Barbary duck that has been force fed to produce foie gras.
 
Internal organs such as heart and kidneys may also be eaten; the liver in particular is often used as a substitute for goose liver in foie gras."
b7970ecfb0,Cuddle,"Worldwide, ducks have many predators. Ducklings are particularly vulnerable, since their inability to fly makes them easy prey not only for predatory birds but also large fish like pike, crocodilians, and other aquatic hunters, including fish-eating birds such as herons. Ducks' nests are raided by land-based predators, and brooding females may be caught unaware on the nest by mammals such as foxes, or large birds, such as hawks or eagles.
 
Adult ducks are fast fliers, but may be caught on the water by large aquatic predators including big fish such as the North American muskie and the European pike. In flight, ducks are safe from all but a few predators such as humans and the Peregrine Falcon, which regularly uses its speed and strength to catch ducks."
b245d0513e,Graph,presentation method
b245d0513e,Swing,for children
b245d0513e,She,female
b245d0513e,Worker,artisan
b245d0513e,Cuddle,clasp tightly
1e695ef57f,Graph,"kind of chart, plots things, visual, shows trends, used in statistics, used in report, used in analysis, generated by computer"
1e695ef57f,Swing,"music, horns, dance, big band; park fixture, found on playground, moves, played on by children, pushed, hangs, hung by chain or rope."
1e695ef57f,She,"women, person, pronoun, singular, female, nonmale, nonspecific, not a named individual."
1e695ef57f,Worker,"employee, working person, not idle, not owner, salary or hourly, on schedule, non-professional"
1e695ef57f,Cuddle,"comfortable state, activity done together, intimate activity, not sexual, warm, cozy, comfortable, done with loved ones."
a47ba37efc,Graph,a diagram representing the result
a47ba37efc,Swing,moving to and fro
a47ba37efc,She,female person
a47ba37efc,Worker,one of our colleagues
a47ba37efc,Cuddle,holding close in affection
eb09612a37,Graph,geometry
eb09612a37,Swing,fly
eb09612a37,She,girl
eb09612a37,Worker,server
eb09612a37,Cuddle,pack
430445fa7c,Graph,"charts, information, diagram, business, records,"
430445fa7c,Swing,"dancing, playground, kids, feels like flying, funny feeling in stomach,"
430445fa7c,She,"women, girl, lady, sister, mom, aunt, cousin, friend,"
430445fa7c,Worker,"hard working, employee, gets paid, laborer, help, co-worker"
430445fa7c,Cuddle,"husband, puppy, baby, bundle, caress,kiss, love, touch, snuggle, embrace, hold, warmth, blanket,"
2a6566d746,Graph,"a diagram representing a system of connections or interrelations among two or more things by a number of distinctive dots, lines, bars, etc,a series of points, discrete or continuous, as in forming a curve or surface, each of which represents a value of a given function.."
2a6566d746,Swing,"to cause to move to and fro, sway, or oscillate,something suspended from above,to turn in a new direction in a curve, as if around a central point."
2a6566d746,She,"the female person or animal being discussed or last mentioned,anything considered, as by personification, to be feminine."
2a6566d746,Worker,"a person or thing that works.,a laborer or employee,a person engaged in a particular field, activity, or cause."
2a6566d746,Cuddle,"to lie close and snug,to curl up in going to sleep,to hold close in an affectionate manner; hug tenderly; fondle."
a4153f408b,Graph,"Design, drawing,"
a4153f408b,Swing,"game, ways, dance"
a4153f408b,She,"he, opposite of him,"
a4153f408b,Worker,"labor, person that works"
a4153f408b,Cuddle,"embrace, to be close, to hug"
bee7f2ab27,Graph,picture explicit  distinct  expressive descriptive
bee7f2ab27,Swing,move to and fro sway seesaw move back and forth  oscillate
bee7f2ab27,She,girl young female
bee7f2ab27,Worker,working man  laborer laboring man hired hand job holder empployee
bee7f2ab27,Cuddle,hug tenderly embrace  hold warmly  cling to
4f6ad7ae7e,Graph,"nodes, latitudes, longitudes, plot points, curves, straight lines, ovals, rectangles, squares."
4f6ad7ae7e,Swing,"swings in air, fast, slow, enjoyed by all, tied to the ceilings or tress, portable, made of wood, cloth."
4f6ad7ae7e,She,"female, referred to all woman gender, mother , girl, helps all, cooks food, does work, runs business, takes care of all at home, does activities, exercises."
4f6ad7ae7e,Worker,"works at buildings, offices, gets salary, looks after family, gets a work done."
4f6ad7ae7e,Cuddle,"done by parents, lovers friends, on cheeks, expressing love, affection."
de23fe1cfc,Graph,a diagram representing a system
de23fe1cfc,Swing,"to sway, to cause something to move back and fro."
de23fe1cfc,She,a girl
de23fe1cfc,Worker,a person who works
de23fe1cfc,Cuddle,to hold close in affectionate manner
9bec5a5a23,Graph,"Diagram showing the relationship between variable quantities,written or drawn,instruments that records,easily understand the comparison of things which-are,were,will,when,what,how,how much."
9bec5a5a23,Swing,"Move from one place to another place through a media.water,rope,tree to tree,sound-with a rhythem; birds,animals,fishes,reptiles, vessels,use both sides-swing- boats,swing -bridge,swing-wings."
9bec5a5a23,She,"represents mainly female creatures,used to indicate eighter sex-beauty,calm,objects like ships, places etc..."
9bec5a5a23,Worker,"person who works,hard work person,neuter bee or ants. In any manner self oriented human beings are  workers."
9bec5a5a23,Cuddle,"tightly in one's arm,settle oneself comfortably,with love and affection all living creatures compelled,the nature's way of relationship."
2622f61522,Graph,"graphical record, chart"
2622f61522,Swing,"baseball swing, cut, golf shot, golf stroke, swing ball in cricket"
2622f61522,She,"Girl, woman. Femail"
2622f61522,Worker,"actor, doer, hard worker"
2622f61522,Cuddle,"snuggle, draw close, nest,"
92ea18c297,Graph,As a pie chart
92ea18c297,Swing,to whirl
92ea18c297,She,a girl or a woman
92ea18c297,Worker,a performer
92ea18c297,Cuddle,embrace closely
a7dca11140,Graph,"maths, drawing,measurement"
a7dca11140,Swing,"play,park,entertainment"
a7dca11140,She,"woman, pronoun,lady"
a7dca11140,Worker,"job,salary,office, labor"
a7dca11140,Cuddle,"hug, love, fondle"
8fdbb82f66,Graph,"Has lines, measures things, black and white, on a grid"
8fdbb82f66,Swing,"goes fast, is fun, children like it"
8fdbb82f66,She,pronoun for a female
8fdbb82f66,Worker,"is diligent, works hard, blue collar"
8fdbb82f66,Cuddle,"hug, snuggle, warm, cozy"
cdf81c2126,Graph,"a written symbol for an idea, a sound, or a linguistic expression."
cdf81c2126,Swing,to move (the hand or something held) with an oscillating or rotary movement
cdf81c2126,She,a female person
cdf81c2126,Worker,a person or thing that works
cdf81c2126,Cuddle,to curl up in going to sleep
2773fc01ba,Graph,"bars,progress,presentation,work,rising, decaying"
2773fc01ba,Swing,"excitement, happy, mood, jolly ,kids playing, fun"
2773fc01ba,She,"female,opposite sex of male, partner,life, mammal, beautiful, pretty"
2773fc01ba,Worker,"office, piles of papers, passion,"
2773fc01ba,Cuddle,"feeling, relation, love, promise, desire, longing"
9c162c19b4,Graph,"graph: is a picture of relationships among data, a set of bars or lines, a pie-shaped circle, puts numbers into a diagram of relationships, colorful, easily read, makes sense of a lot of numbers, statistics"
9c162c19b4,Swing,"swing: is an action, a movement, back and forth, around and around, an item sat upon having a back and forth motion, playground object, fun, exciting, up in the air, higher and higher"
9c162c19b4,She,"she: is a girl, woman, female, person, human, ship or car, mother, daughter, aunt, grandmother, niece, co-worker, cow, horse, ewe"
9c162c19b4,Worker,"worker: is someone on the job, busy, occupied, office, construction"
9c162c19b4,Cuddle,"cuddle: is love, soft, an on-going hug, a pet, a child, pleasant, calm, reassuring"
fd1a1cbbc3,Graph,"graphical record,chart"
fd1a1cbbc3,Swing,"golf stroke, lilt, baseball swing, golf shot, jive, cut, vacillation, swing music, swinging"
fd1a1cbbc3,She,"girl,mother"
fd1a1cbbc3,Worker,"actor, prole, proletarian, doer"
fd1a1cbbc3,Cuddle,"snuggle, nestle, cuddle"
ce58ffe106,Graph,"diagram, visual representation, linear representation, chart,"
ce58ffe106,Swing,"moving back and forth, motion, beat, vibration, cadence, oscillation, lilt, meter, stroke, sway"
ce58ffe106,She,"woman, sister, mother, madam, daughter, girl, aunt, niece, ms/miss/mrs., grandmother"
ce58ffe106,Worker,"person who is employed, breadwinner, working person, stiff, wage earner, white collar, laborer, craftsperson"
ce58ffe106,Cuddle,"hond fondly, bundle, kiss, hug, enfold, embrace, snuggle, curl up, clasp, pet, pat, stroke, squeeze"
186db71701,Graph,"a diagram, as a curve, broken line, or series of bars, representing various kinds of quantitative information and relationships, such as the successive changes in a variable quantity or quantities,a curve or surface showing the values of a function,a diagram consisting of nodes and links and representing logical relationships or sequences of events,a writing-system unit which may be a representation of a phoneme, a syllable, etc."
186db71701,Swing,"to sway or move backward and forward with regular movement, as a freely hanging object or a ship at anchor; oscillate,to walk, trot, etc. with freely swaying, relaxed movements of the limbs,to deliver or aim a blow; strike (at),to turn or pivot, as on a hinge or swivel: the door swung  open,to move in a curve, esp. in order to go around something: the driver swung around the stalled car"
186db71701,She,"the woman, girl, or female animal (or, sometimes, the thing regarded as female) previously mentioned: feminine personal pronoun in the third person singular: she is the nominative form, her the objective, hers the possessive, and herself the reflexive and intensive; her is the possessive pronominal adjective,used occasionally as an alternative to the generic he: every child needs to feel that she is loved,a woman, girl, or female animal"
186db71701,Worker,"a person, animal, or thing that works; specif., a person who is employed to do physical or mental work for wages, esp. in order to earn a living, as in a trade, industry, business, office, etc. or on a farm, ranch, etc.,a person who works for a cause, organization, etc.: volunteer workers, a party worker,any of a class of sterile or sexually imperfect ants, bees, wasps, etc. that do work for the colony: with the exception of termites, workers are normally females,"
186db71701,Cuddle,"to hold lovingly and gently in one's arms; embrace and fondle,to lie close and snug; nestle,an embrace; hug,snuggle, huddle, curl up; see nestle."
c284e4a997,Graph,"Related with maths,easy to understand a wide thing in miniature form."
c284e4a997,Swing,"Go here and there slowly,a swing,joyful,romantic."
c284e4a997,She,"A female,mother,sister,lover,feminine form of species."
c284e4a997,Worker,"A doer,attender,completer,generally in middle class."
c284e4a997,Cuddle,"A gesture of love,may be in affection,or in lust"
2b15616b23,Graph,is a picturized data
2b15616b23,Swing,is a to and fro motion
2b15616b23,She,denotes a female gender
2b15616b23,Worker,person who works
2b15616b23,Cuddle,is holding eachother close
a878e75949,Graph,"chart, PowerPoint, shows information, homework, present, map"
a878e75949,Swing,"playground equipment, back and forth, childlike, baseball action"
a878e75949,She,"her, female, girl, lady, woman"
a878e75949,Worker,"laborer, person who performs chores, making a living, ant, responsible person"
a878e75949,Cuddle,"hug, snuggle, love, embrace"
af87b4bb7f,Graph,"CHART, REPRESENTING A REPORT IN DIAGRAM, DIAGRAM OF PROGRESS OR RETREAT WHERE ONE AXIS REPRESENTS THE TIME ANOTHER AXIS REPRESENTS THE POSITION."
af87b4bb7f,Swing,"MOVEMENT OF A HANGING ELEMENT TO AND FRO, MOVE BACK AND FORTH."
af87b4bb7f,She,"A FEMALE CHARACTER, OPPOSITE OF HE, THIRD PERSON SINGULAR NUMBER FEMALE."
af87b4bb7f,Worker,"WHO WORKS UNDER BOSS AND GET PAID, SLAVE, EMPLOYEE."
af87b4bb7f,Cuddle,"HUG, HOLDING TIGHTLY."
86dc19ebbd,Graph,"chart, diagram, grid, table"
86dc19ebbd,Swing,"move backward and forward, hang down, sway"
86dc19ebbd,She,"denotes a female, is a pronoun, her, girl, lady"
86dc19ebbd,Worker,"employee, member of staff"
86dc19ebbd,Cuddle,"embrace, hug, clasp, hold"
271e108582,Graph,"is a picture, drawn carefully, conveys information, mathematical terms,"
271e108582,Swing,"vacillate,move back and forth, rock back and forth, free-moving"
271e108582,She,"woman,female,pronoun,reference,used to refer to a woman or a drag queen"
271e108582,Worker,"employee,laborer,consistent,industrious,puts forth effort,makes money"
271e108582,Cuddle,"close,love,hugging,physical contact, warm feelings, intimacy"
3bc66f1eb9,Graph,To find the mean you have to add up all the numbers & then divide by the amount of numbers u have. e.g. 1 5 7 8 9 1+5+7+8+9=30 30/5 = 6
3bc66f1eb9,Swing,To be hanged. (n.) Free course; unrestrained liberty or license; tendency. (v. t.) To cause to swing or vibrate; to cause to move ...
3bc66f1eb9,She,"While you may come across a woman who means what she says and says what she means at some point in your life, chances are that you've probably had ..."
3bc66f1eb9,Worker,"A person who is eligible for employment and is able to work, but is currently unemployed and has not attempted to find ..."
3bc66f1eb9,Cuddle,Meaning of cuddle different things to men than it does to women
d2238a631b,Graph,"A diagram that exhibits a relationship, often functional, between two sets of numbers as a set of points having coordinates determined by the relationship. Also called  plot."
d2238a631b,Swing,"to cause to move to and fro, sway, or oscillate, as something suspended from above: to swing one's arms in walking"
d2238a631b,She,Used to refer to a female animal.
d2238a631b,Worker,a person or thing that works
d2238a631b,Cuddle,"to hold (another person or thing) close or (of two people, etc.) to hold each other close, as for affection, comfort, or warmth; embrace; hug"
fe5a703d9c,Graph,"diagram, measures which can denoted in a diagram"
fe5a703d9c,Swing,"move to and fro, seat slung by rope, something in one end of rope that can move freely"
fe5a703d9c,She,"female, women, girl, the word denote for female"
fe5a703d9c,Worker,"person who work, works for employer"
fe5a703d9c,Cuddle,"hug, lie close"
9fb171be25,Graph,"A pictorial device, such as a pie chart or bar graph, used to illustrate quantitative relationships. Also called chart. The spelling of a word."
9fb171be25,Swing,To hit at something with a sweeping motion of the arm:  To move laterally or in a curve: To be put to death by hanging.
9fb171be25,She,"Used to refer to the woman or girl previously mentioned or implied ,
Used to refer to a female animal."
9fb171be25,Worker,"One who works at a particular occupation or activity: A member of the working class, One who does manual or industrial labor."
9fb171be25,Cuddle,"To fondle in the arms; hug tenderly, A  close and affectionate .An affectionate hug."
6b2ac0ef88,Graph,diagram
6b2ac0ef88,Swing,something which move backward and forward
6b2ac0ef88,She,lady
6b2ac0ef88,Worker,one who works
6b2ac0ef88,Cuddle,fondle
7cf403bfc3,Graph,"diagram showing the relation between variable quantities,of two variables,each measured along one of a pair of axes"
7cf403bfc3,Swing,"a move with a to-and-fro or curving motion,as of an object attached at one end and hanging free at the other;sway"
7cf403bfc3,She,"bundle of things laid lengthways together and usu,tied,reaped corn or a collection of papers"
7cf403bfc3,Worker,"person who works,for an empioyer"
7cf403bfc3,Cuddle,"hug,fondle"
6535a83758,Graph,"an abstract representation,  blueprint,a diagram that exhibits a relationship,a pictorial device"
6535a83758,Swing,"moving back and forth,to move laterally,to shift from one attitude to another, act of swinging or striking at a ball with a club"
6535a83758,She,"woman,female,girl, refers to things personified as feminine, a novel by Henry Rider Haggard"
6535a83758,Worker,"person who is employed,wage earner,a member of the working class,does manual work"
6535a83758,Cuddle,"To fondle in the arms,caress,loving touch,snuggle, hug tenderly"
1c7639828f,Below,"in or toward a lower place, lower level, under part"
1c7639828f,Swamp,"a tract of wet, spongy land, A seasonally flooded bottomland with more woody plants than a marsh and better drainage than a bog, wetland with some flooding of large areas of land by shallow bodies of water,"
1c7639828f,Here,"in this place,  in this spot, toward this place, at this point"
1c7639828f,Luck,"The force that seems to operate for good , good circumstances, good fortune"
1c7639828f,Toothpaste,"A paste for cleaning teeth, used with a toothbrush, a gel"
88f83ba7a8,Below,"below means at lower level. below the table, below the staircase, below the melting point,"
88f83ba7a8,Swamp,"swamp means flood with water. overwhelm with to much of something. people escape from swamp, water erosion, swamping"
88f83ba7a8,Here,"here means in, at, to this place. here represents the place, postion, point, near the place,i will be here at afternoon."
88f83ba7a8,Luck,"luck means good or happy thing. which happen by chance. good profit, fortune, resulting good luck, hidden in a container to pick out at random, forgotten money"
88f83ba7a8,Toothpaste,"toothpaste is a paste for cleaning tooth, each of a set of hard white structures in the jaws, used for biting and chewing, a paste particle to clean the tooth and mono."
6c7df926ad,Below,"opposite above,"
6c7df926ad,Swamp,watar soil
6c7df926ad,Here,i here a song
6c7df926ad,Luck,good luck
6c7df926ad,Toothpaste,teeth clnining
6a26af6ef5,Below,"Underneath,under,down there,not above,low"
6a26af6ef5,Swamp,"water,lagoon,filthy,slimy,scary,oily,smelly,green,brown,muddy"
6a26af6ef5,Here,"cloes,right beside me,near,not over there"
6a26af6ef5,Luck,"fortune,to win,good,charms"
6a26af6ef5,Toothpaste,"clean,fresh,minty,soft,slimy,white,hygienic,dental,for teeth,avoid plaque"
e592776b4d,Below,"beneath, down, down from, under, underneath"
e592776b4d,Swamp,"bog, bottoms, everglade, fen, glade, holm, marsh, marshland, mire, moor, morass, mud, muskeg, peat bog, polder, quag, quagmire, slough, swale, swampland"
e592776b4d,Here,"attendant, attending, available, hereabouts, hither, hitherto, in this direction, on board, on deck, on hand, on this spot, on-the-spot, present, within reach"
e592776b4d,Luck,"advantage, big break, blessing, break*, fluke, fortunateness, godsend, good luck, happiness, health, in the cards, karma*, kismet*, luckiness, lucky break, occasion, opportunity, profit, prosperity, run of luck, serendipity, smile*, streak of luck, stroke, success, triumph, victory, weal, wealth, win, windfall"
e592776b4d,Toothpaste,"paste, tooth cleaning, tooth powder, tooth care"
3dcbf90da5,Below,"under, beneath"
3dcbf90da5,Swamp,"water soaked land,"
3dcbf90da5,Here,"this place,  this spot"
3dcbf90da5,Luck,"imaginary happening,  fortune"
3dcbf90da5,Toothpaste,"teeth cleaning paste,  aka Crest,Colgate.  used to clean your teeth."
8f1e39414a,Below,"Underneath, submerged, in a basement"
8f1e39414a,Swamp,"Dark, humid, murky water, overgrown trees, spooky"
8f1e39414a,Here,Where I am now
8f1e39414a,Luck,"Las Vegas, jackpot, what helps you win the lottery"
8f1e39414a,Toothpaste,"Minty, in a squeeze tube, cleans teeth & freshens breath"
80668d06b1,Below,"a preposition, indicates position at the bottom of something, indicates direction"
80668d06b1,Swamp,"a wet area, is marshy, is muddy, formed after rain, found in the rainy forests, can be deep, can impose danger by stepping into it"
80668d06b1,Here,"a word, indicates place, area of current presence"
80668d06b1,Luck,good fortune
80668d06b1,Toothpaste,"is a hygienic product, cleans teeth, protects teeth, filled in tubes, inedible, used daily"
cdf81c2126,Below,in or toward a lower place
cdf81c2126,Swamp,to flood or drench with water or the like
cdf81c2126,Here,in this place
cdf81c2126,Luck,good fortune
cdf81c2126,Toothpaste,a dentifrice in the form of paste
6be52007c6,Below,"[adverb] in or to a place that is lower
Synonyms: at a lower place, to a lower place, beneath

[adverb] at a later place; ""see below""

[adverb] (in writing) see below; ""vide infra""
Synonyms: infra

[adverb] on a floor below; ""the tenants live downstairs""
Synonyms: downstairs, down the stairs, on a lower floor

[adverb] further down; ""see under for further discussion""
Synonyms: under"
6be52007c6,Swamp,"a. A seasonally flooded bottomland with more woody plants than a marsh and better drainage than a bog.
b. A lowland region saturated with water.
2. A situation or place fraught with difficulties and imponderables"
6be52007c6,Here,Definition: In this place; in the place where the speaker is; opposed to there.
6be52007c6,Luck,"The chance happening of fortunate or adverse events; fortune: They met one day out of pure luck.
Good fortune or prosperity; success: We wish you luck.
One's personal fate or lot: It was just my luck to win a trip I couldn't take it"
6be52007c6,Toothpaste,a dentifrice in the form of a paste
ce58ffe106,Below,"lower, over, beneath, underneath, down under, down from"
ce58ffe106,Swamp,"wet land covered with vegetation, swampland, bog, marshland, mud, peat bog, slough, swale, mire, moor"
ce58ffe106,Here,"in this place, there, present, attendant, on hand, on board, hither, available, in this direction, on-the-spot"
ce58ffe106,Luck,"good fortune, windfall, advantage, win, karma stroke, triumph, lucky break, wealth, run of luck, fluke, godsend, serendipity, weal"
ce58ffe106,Toothpaste,"a  dentifrice in the form of paste, mint flavor, pepsin flavor"
cd4699ed74,Below,under. beneath.
cd4699ed74,Swamp,mucky puddle where crocodiles are found.
cd4699ed74,Here,fight in front of me now. not over there but there
cd4699ed74,Luck,fortunate circumstance or person.
cd4699ed74,Toothpaste,"paste used to brush your teeth in the morning, after lunch, and before bed."
2b15616b23,Below,means under or down
2b15616b23,Swamp,land saturated in water
2b15616b23,Here,means this place
2b15616b23,Luck,a kind of forutunate
2b15616b23,Toothpaste,ia a kind of chemical paste used to clean teeth
2a6566d746,Below,"towards a lower space,on earth ,in hell,beneath the surface of anything ."
2a6566d746,Swamp,"spongy land ,land having lots of tress and fit  for vegetation but unfit for cultivation,tract of wet."
2a6566d746,Here,"peresent ,at this point ,in this place,used to call attention ,"
2a6566d746,Luck,"good fortune,an object could be addressed as luck which can bring good fortune for eg rabbit,combination ofcircumstances,a  force that seems to work for good or ill in person'slife."
2a6566d746,Toothpaste,"used for cleaning teeth applied with toothbrush,helps in fighting with germs medically proven ,usually have mint flavour in it for keeping mouth cool and fresh ."
092a7875c8,Below,"Under, or lower in place; beneath not so high; as, below the moon; below the knee."
092a7875c8,Swamp,"Wet, spongy land; soft, low ground saturated with water, but not usually covered with it; marshy ground away from the seashore."
092a7875c8,Here,"Here means in this place. (adverb)

An example of here is where one is right now.
Here is used to give comfort, draw attention or announce presence. (interjection)

    An example of here is ""Here, let me help you.""
    An example of here is the word used by students to respond when the teacher does morning attendance."
092a7875c8,Luck,"1. The chance happening of fortunate or adverse events; fortune: They met one day out of pure luck.
2. Good fortune or prosperity; success: We wish you luck.
3. One's personal fate or lot: It was just my luck to win a trip I couldn't take.
intr.v. lucked, luck·ing, lucks Informal
To gain success or something desirable by chance: lucked into a good apartment; lucked out in finding that rare book.
Idioms:
as luck would have it
As it turned out; as it happened: As luck would have it, it rained the day of the picnic.
in luck
Enjoying success; fortunate.
out of luck"
092a7875c8,Toothpaste,"a soft thick substance that you put on a toothbrush to clean your teeth
Caring for your teeth and mouth: dental floss, floss, floss, fluoride, gargle, gargle, mouthwash, toothbrush, toothpaste, toothpick"
7cf403bfc3,Below,"lower in position,amount,status,etc.,than"
7cf403bfc3,Swamp,"waterlogged ground,overwhelm,flood,or soak with water"
7cf403bfc3,Here,in or at or to this place or position
7cf403bfc3,Luck,good or bad fortune
7cf403bfc3,Toothpaste,paste for cleaning the teeth
fe5a703d9c,Below,lower in position
fe5a703d9c,Swamp,"place full of water, flood,"
fe5a703d9c,Here,"this place,the word use to show the place,opposite of there"
fe5a703d9c,Luck,"good fortune, good chance,by chance"
fe5a703d9c,Toothpaste,"paste used to brush our tooth, paste to clean our tooth"
0253fcbf92,Below,"under,beneath,adverb,lower level"
0253fcbf92,Swamp,"noun,mash,wet land, noun"
0253fcbf92,Here,"adverb,present time,at this place"
0253fcbf92,Luck,"noun, chance,gamble"
0253fcbf92,Toothpaste,"noun,to clean teeth,in a tube various types"
2cfb3bdbcd,Below,lower
2cfb3bdbcd,Swamp,submerged
2cfb3bdbcd,Here,at this time
2cfb3bdbcd,Luck,a favorable outcome
2cfb3bdbcd,Toothpaste,a dentifrice
6535a83758,Below,"Under, beneath, at a lower place, underneath, further down"
6535a83758,Swamp,"Wet land covered with vegetation, marsh, quagmire, bottom land,to plunge into difficulties"
6535a83758,Here,"In this place,present, hither, this location"
6535a83758,Luck,"Good fortune,to gain something by chance, prosperity,something good which occurs beyond one's control,"
6535a83758,Toothpaste,"Used for cleaning teeth,promotes oral hygiene, used with a tooth brush, aids in removing the dental plaque"
d6fbaf0859,Below,under
d6fbaf0859,Swamp,wet and slimy
d6fbaf0859,Here,referring to a particular point
d6fbaf0859,Luck,in the best form
d6fbaf0859,Toothpaste,a substance used in cleaning or brushing your teeth
cd99a04ede,Below,"underneath, not as far up, lesser"
cd99a04ede,Swamp,"mire, muddy place, hot and sticky, smelly"
cd99a04ede,Here,"not there, in this place, right in this spot"
cd99a04ede,Luck,"chance, fate, kismet, good fortune"
cd99a04ede,Toothpaste,"minty, fresh, chalky"
8fdbb82f66,Below,"is under, dark,"
8fdbb82f66,Swamp,"damp, dark, in the South, muggy, dirty, scary, alligators"
8fdbb82f66,Here,"home, somewhere, come here"
8fdbb82f66,Luck,"fortune, happy"
8fdbb82f66,Toothpaste,"is white, minty, cleans teeth, good for you, twice a day, dentist"
a878e75949,Below,"underneath, bottom, lower scoring, hell"
a878e75949,Swamp,"murky, green, where alligators live, wetland"
a878e75949,Here,"present, in attendance, accounted for, now"
a878e75949,Luck,"good or bad, fortune, wishful, hopeful, good intentions, well-wishing"
a878e75949,Toothpaste,"teeth cleaner, fresh breath, cavity preventive, dentist, oral beauty aid, flouride"
f89618c03c,Below,In or to a place that is lower.
f89618c03c,Swamp,Low land that is seasonally flooded; has more woody plants than a marsh and better drainage than a bog.
f89618c03c,Here,The present location; this place.
f89618c03c,Luck,An unknown and unpredictable phenomenon that causes an event to result one way rather than another.
f89618c03c,Toothpaste,A dentifrice in the form of a paste.
9fb171be25,Below,"On or to a lower floor; downstairs.as along a slope or valley.less than in quantity or degree, at a later place"
9fb171be25,Swamp,A seasonally flooded bottomland with more woody plants than a marsh and better drainage than a bog.. To drench in or cover with or as if with water.
9fb171be25,Here,"At or in this place: At this time; now,In the present life or condition."
9fb171be25,Luck,"The chance happening of fortunate or adverse events
Good fortune or prosperity; success:"
9fb171be25,Toothpaste,Toothpaste is a paste or gel dentifrice used with a toothbrush as an accessory to clean and maintain the aesthetics and health of teeth
19431af03e,Below,"In some part or page following.Under, or lower in place; beneath not so high; as, below the moon; below the knee. In a lower place, with respect to any object; in a lower room; beneath."
19431af03e,Swamp,A seasonally flooded bottomland with more woody plants than a marsh and better drainage than a bog. A lowland region saturated with water.
19431af03e,Here,Of them; their.
19431af03e,Luck,The chance happening of fortunate or adverse events; fortune: They met one day out of pure luck.
19431af03e,Toothpaste,A paste for cleaning teeth.
26c834f70e,Below,"Under, not enough, need more"
26c834f70e,Swamp,"Damp, foggy, marsh, bog, alligators"
26c834f70e,Here,"In the right place, spot on a map"
26c834f70e,Luck,"Fortune, charmed"
26c834f70e,Toothpaste,"Minty, gel, clean, fluoride"
86b3e23f9c,Below,beneath or at a lower position relative to something else
86b3e23f9c,Swamp,marshlands near sea or a delta
86b3e23f9c,Here,position immediate to oneself
86b3e23f9c,Luck,an unexpected result which can be positive or negative irrespective of the possibility or probability of error
86b3e23f9c,Toothpaste,"a type of paste most commonly used to clean teeth, or sometimes specially made for teeth ailments"
92ea18c297,Below,lower place
92ea18c297,Swamp,to ruin
92ea18c297,Here,in this place
92ea18c297,Luck,leaving it to chance
92ea18c297,Toothpaste,dentifrice in the form of a paste
10d4f79779,Below,"Under, or lower in place; beneath not so high, Unworthy of; unbefitting; beneath"
10d4f79779,Swamp,"A lowland region saturated with water, To drench in or cover with or as if with water, To inundate or burden; overwhelm"
10d4f79779,Here,"At or in this place, At this time; now, At or on this point, detail, or item, In the present life or condition, To this place; hither"
10d4f79779,Luck,"The chance happening of fortunate or adverse events; fortune, Good fortune or prosperity; success, One's personal fate or lot."
10d4f79779,Toothpaste,"a paste used for cleaning the teeth, a dentifrice in the form of a paste,"
0da623e05b,Below,"1.
in or toward a lower place: Look out below!
2.
on, in, or toward a lower level, as a lower deck of a ship: The captain of the ship went below.
3.
beneath the surface of the water: Divers were sent below to view the wreck.
4.
on earth: the fate of creatures here below.
5.
in hell or the infernal regions."
0da623e05b,Swamp,"1.
a tract of wet, spongy land, often having a growth of certain types of trees and other vegetation, but unfit for cultivation.
2.
to flood or drench with water or the like.
3.
Nautical . to sink or fill (a boat) with water.
4.
to plunge or cause to sink in or as if in a swamp.
5.
to overwhelm, especially to overwhelm with an excess of something: He swamped us with work.
6.
to render helpless."
0da623e05b,Here,"1.
in this place; in this spot or locality ( opposed to there): Put the pen here.
2.
to or toward this place; hither: Come here.
3.
at this point; at this juncture: Here the speaker paused.
4.
(used to call attention to some person or thing present, or to what the speaker has, offers, brings, or discovers): Here is your paycheck. My friend here knows the circumstances.
5.
present (used to answer a roll call)."
0da623e05b,Luck,"1.
the force that seems to operate for good or ill in a person's life, as in shaping circumstances, events, or opportunities: With my luck I'll probably get pneumonia.
2.
good fortune; advantage or success, considered as the result of chance: He had no luck finding work.
3.
a combination of circumstances, events, etc., operating by chance to bring good or ill to a person: She's had nothing but bad luck all year.
4.
some object on which good fortune is supposed to depend: This rabbit's foot is my luck."
0da623e05b,Toothpaste,a dentifrice in the form of paste.
a99eff3ef7,Below,in or to a lower place
a99eff3ef7,Swamp,"a piece of wet, spongy land that is permanently or periodically covered with water, characterized by growths of shrubs and trees"
a99eff3ef7,Here,Here means in this place
a99eff3ef7,Luck,the seemingly chance happening of events that affect someone
a99eff3ef7,Toothpaste,a paste used in cleaning the teeth with a toothbrush
004bc9cfe2,Below,"under, beneath, low, less than,"
004bc9cfe2,Swamp,"dirty water, murky, stagnant, jungle,shallow, has algae, green water,dangerous,has crocodile, has frogs, has snakes"
004bc9cfe2,Here,"at this point, at the juncture, a spot,"
004bc9cfe2,Luck,"by chance, odds, winning or losing,"
004bc9cfe2,Toothpaste,"white paste, in a tube, clean teeth, clean breath, fresh taste"
8860b5cbe8,Below,"under, lower, underground, dark, damp, musty, wet, bitter"
8860b5cbe8,Swamp,"wet, mossy, trees, roots, water, dirty, alligators, snakes, river, lake"
8860b5cbe8,Here,"in front, place, position, no distance, approximation"
8860b5cbe8,Luck,"fortune, gambling, Lady Luck, money, treasure, 4-leaf clover, horseshoe, superstition"
8860b5cbe8,Toothpaste,"squishy, clean teeth, fights cavities and gingivitis, sweet, baking soda, fluoride, minty"
a7dca11140,Below,"down,position,under"
a7dca11140,Swamp,"soft wet land,marsh,water covered"
a7dca11140,Here,"close,near,at this point"
a7dca11140,Luck,"fortune,win,happiness"
a7dca11140,Toothpaste,"teeth,brush,sweet smile"
3c66fc6f2e,Below,"lower, baser, under"
3c66fc6f2e,Swamp,"burdern, overwhelm, or watery environment"
3c66fc6f2e,Here,"place, moment, location,"
3c66fc6f2e,Luck,"favor, beat the odds, blessing"
3c66fc6f2e,Toothpaste,"personal hygiene product, soap, cleaner, disease preventer"
2486e8fbec,Below,"down, posterior, bottom"
2486e8fbec,Swamp,"mud, deep, gel, stagnant"
2486e8fbec,Here,"place, position, around, location,"
2486e8fbec,Luck,"jackpot, advantage, gain"
2486e8fbec,Toothpaste,"clean, dental protection, polish,"
34c2ee4f5d,Below,a person below the proverty.
34c2ee4f5d,Here,"i,am wating for you now."
34c2ee4f5d,Luck,yesterday  i got luck because lottery is win
dcf44e6284,Below,"in or toward a lower place
on, in, or toward a lower level, as a lower deck of a ship
beneath the surface of the water
on earth
in hell or the infernal regions"
dcf44e6284,Swamp,"a tract of wet, spongy land, often having a growth of certain types of trees and other vegetation, but unfit for cultivation. 
to flood or drench with water or the like
to plunge or cause to sink in or as if in a swamp
to render helpless"
dcf44e6284,Here,"in this place; in this spot or locality
to or toward this place; hither
at this point; at this juncture
present"
dcf44e6284,Luck,"the force that seems to operate for good or ill in a person's life, as in shaping circumstances, events, or opportunities
good fortune; advantage or success, considered as the result of chance
a combination of circumstances, events, etc., operating by chance to bring good or ill to a person"
dcf44e6284,Toothpaste,a dentifrice in the form of paste.
95e2618c28,Below,"In or to a lower place; beneath., In a later part of a given text"
95e2618c28,Swamp,"A seasonally flooded bottomland with more woody plants than a marsh and better drainage than a bog,A situation or place fraught with difficulties and imponderables"
95e2618c28,Here,"At or in this place,At this time"
95e2618c28,Luck,"The chance happening of fortunate or adverse events; fortune, One's personal fate or lot"
95e2618c28,Toothpaste,"a paste used for cleaning the teeth, applied with a toothbrush"
86dc19ebbd,Below,"Under, beneath, lower, less, down, Underneath"
86dc19ebbd,Swamp,"engulf, mire,bog"
86dc19ebbd,Here,"this point, this time, now"
86dc19ebbd,Luck,"Fortune, chance, destiny, fate"
86dc19ebbd,Toothpaste,"cleans your tooth, kills germs, keep your teeth sparkling, makes mouth fresh"
eb09612a37,Below,compare marks
eb09612a37,Swamp,to swim
eb09612a37,Here,come here
eb09612a37,Luck,I have Luck
eb09612a37,Toothpaste,We need clean our teeth
a4153f408b,Below,"under, under something, the ground , not on top"
a4153f408b,Swamp,"water, dirty, body of water"
a4153f408b,Here,"location, not there, a place"
a4153f408b,Luck,"fortunate, by chance, chance"
a4153f408b,Toothpaste,"paste, cleans teeth, taste hot"
e01ef2fec0,Below,Below
e01ef2fec0,Swamp,Swamp
e01ef2fec0,Here,Here
e01ef2fec0,Luck,Luck
e01ef2fec0,Toothpaste,Toothpaste
e0a5939eb6,Below,"under, lower in position or ranking"
e0a5939eb6,Swamp,"seasonally flooded land, usually filled with rainwater, thick, woody vegetation is seen, water dries up later"
e0a5939eb6,Here,indicates the present or a particular position
e0a5939eb6,Luck,"an unpredictable phenomenon that is believed to influence an event, effect may be desirable or undesirable"
e0a5939eb6,Toothpaste,"is a paste that is used to clean teeth, is sold in tubes that can be squeezed, is available in a variety of sizes, flavours"
ea9e170cdb,Below,"under, low, down"
ea9e170cdb,Swamp,"covered with water, drenched in water, a place where woody plants are seen"
ea9e170cdb,Here,"at this very place, at this place, opposite of there, now"
ea9e170cdb,Luck,"fortune, stars, heavens, good things, good omen"
ea9e170cdb,Toothpaste,"a material by which the teeth are cleaned, a substance used for cleaning the teeth, dental cleaner"
4baffedf4f,Below,down
4baffedf4f,Swamp,sweeping
4baffedf4f,Here,listen
4baffedf4f,Luck,fortune
4baffedf4f,Toothpaste,fg
de23fe1cfc,Below,in or toward a lower place
de23fe1cfc,Swamp,a wet spongy land
de23fe1cfc,Here,"in this place, in this spot"
de23fe1cfc,Luck,the force that seems to operate for good
de23fe1cfc,Toothpaste,a chemical paste that keeps teeth clean
8cb2f41ef9,Below,"under, underneath, not as good as"
8cb2f41ef9,Swamp,"green, plants,animals, smell, water, warm"
8cb2f41ef9,Here,"current, present, now"
8cb2f41ef9,Luck,"good, bad, chance"
8cb2f41ef9,Toothpaste,"mint, paste, gel, cleaning"
d2238a631b,Below,on earth: the fate of creatures here below.
d2238a631b,Swamp,A seasonally flooded bottomland with more woody plants than a marsh and better drainage than a bog.
d2238a631b,Here,in this place; in this spot or locality ( opposed to there): Put the pen here.
d2238a631b,Luck,"the force that seems to operate for good or ill in a person's life, as in shaping circumstances, events, or opportunities: With my luck I'll probably get pneumonia."
d2238a631b,Toothpaste,A paste for cleaning teeth.
f4798126d4,Below,"underneath, not as high, lower"
f4798126d4,Swamp,"dank, musty, mosquito inhabited, alligators, marsh"
f4798126d4,Here,"located, at this place, at this time, delivered to you"
f4798126d4,Luck,"leprechaun, rabbits foot, serendipitous, being in the right place at the right time, desire to have this"
f4798126d4,Toothpaste,"cleans your teeth, keeps gums and teeth healthy, gel or cream"
33cd6db15a,Below,"Not above,down,under,dull performance,poor ,not up to the mark,not even average,Not up to the standard,something down the mark,Less than full"
33cd6db15a,Swamp,"Water logged, uninhabited,Slush,waste land,Bog land."
33cd6db15a,Here,"Now,at present,this position,accurate,specific,point to,particular space,Fixed position."
33cd6db15a,Luck,"Fate,good time,auspicious,wellness,prosper,gain,chance,hope"
33cd6db15a,Toothpaste,"Teeth cleaning paste,Concoction used on brush to clean teeth.White and bland, Branded as tooth protector,prevent cavity and other tooth decays.Can get in different taste and color."
cef0fec366,Below,"underneath, lower than where you are, under you"
cef0fec366,Swamp,"an area that had lots of muddy water, low hanging trees, and crocodiles, wetlands"
cef0fec366,Here,"where you are, at present, your location"
cef0fec366,Luck,"weather good or bad something you tend to have,"
cef0fec366,Toothpaste,a thick substance that you put on a toothbrush to clean your teeth.
b605293af4,Below,"is an adjective, is a direction, is downward, is beneath"
b605293af4,Swamp,"is wet, is where gators live, is muddy, is where frogs live"
b605293af4,Here,"is where you are, is immediate, is an adjective"
b605293af4,Luck,"is positive, helps good things happen, helps you win things"
b605293af4,Toothpaste,"is minty, cleans your teeth, comes in a tube, is healthy"
2f2d675e23,Below,"In or to a place that is lower.
EX-See below for further discussion."
2f2d675e23,Swamp,"A situation fraught with difficulties and imponderables.
EX-He was trapped in a medical swamp"
2f2d675e23,Here,"Identified with a place.
EX-I work here."
2f2d675e23,Luck,"An unknown and unpredictable phenomenon that leads to a favorable outcome.
EX-Bad luck caused his downfall."
2f2d675e23,Toothpaste,"A paste, normally used with a toothbrush, for cleaning the teeth"
fd1a1cbbc3,Below,"on a lower floor, at a lower place, infra, below, under, beneath, to a lower place, downstairs, down the stairs"
fd1a1cbbc3,Swamp,"swamp, swampland"
fd1a1cbbc3,Here,"there, absent, in that location, at that place, thither"
fd1a1cbbc3,Luck,"tidy sum, fortune, fate, peck, mint, band, plenty, lot, batch, raft, quite a little, passel, portion, parcel, dowry, spate, muckle, mass, constituent, pile, share, good deal, stack, chance, luck, destiny, deal, serving, dowery, dower, percentage, caboodle, hazard, wad, flock, hatful, mickle, component, slew, heap, mess, part, bunch, sight, circumstances, mountain, draw, helping, component part, set, great deal, pot, circle"
fd1a1cbbc3,Toothpaste,a dentifrice in the form of a paste
2622f61522,Below,"at a lower place, beneath, to a lower place,downstairs, on a lower floor, infra, under"
2622f61522,Swamp,"flood, inundate, drench"
2622f61522,Here,"hither, Here and there"
2622f61522,Luck,"chance, fortune, hazard, circumstances, destiny, fate, lot,"
2622f61522,Toothpaste,"White teeth, morning, daily used thing"
934c167e80,Below,"BENEATH,UNDER,UNDERNEATH,LOWER POSITION THAN SOMETHING EXPRESSED,"
934c167e80,Swamp,"WET SPONGY LAND SATURATED SOMETIMES PARTIALY COVERED WITH WATER,BAYGALL,BOG,FEN,MARSH,MARSHLAND,MIRE,MORASS,QUAGMIRE,SLOUGH."
934c167e80,Here,"HITHERTO,THE PLACE WHERE WE ARE OR PRESENT,SPECIFICATION OF PLACE WHERE THEY ARE PRESENT"
934c167e80,Luck,"FORTUNE,CHANCE,HAZARD,OPPORTUNITY,ADVANTAGE,FLUKE,GODSEND,KISMET,WEAL,HAP,FAVOURABLE."
934c167e80,Toothpaste,"PASTE FOR CLEANING TEETH,PASTE TO BRUSH THE TEETH TO KEEP IT HYGIENIC,"
af2803583c,Below,beneath
af2803583c,Swamp,A seasonally flooded bottomland with more woody plants than a marsh and better drainage than a bog.
af2803583c,Here,At or in this place
af2803583c,Luck,Leaving it to chance
af2803583c,Toothpaste,"A paste used for cleaning the teeth, applied with a toothbrush."
b245d0513e,Below,underneath
b245d0513e,Swamp,water logged area
b245d0513e,Here,on hand
b245d0513e,Luck,fruit of labor
b245d0513e,Toothpaste,start of the day
8f659dbf2f,Below,under beneath
8f659dbf2f,Swamp,mangrove marsh bog squelchy watery slimy
8f659dbf2f,Here,place in time
8f659dbf2f,Luck,chance lottery dice roll fortune
8f659dbf2f,Toothpaste,peppermint stripes tooth cleanser
24a08f9d6b,Egg,"A female gamete; an ovum,The oval, thin-shelled reproductive body of a bird, especially that of a hen, used as food."
24a08f9d6b,Superman,"A man with more than human powers.An ideal superior man who, according to Nietzsche, forgoes transient pleasure, exercises creative power, lives at a level of experience beyond standards of good and evil, and is the goal of human evolution."
24a08f9d6b,Driver,"One that drives, as the operator of a motor vehicle.A tool, such as a screwdriver or hammer, that is used for imparting forceful pressure on another object.A machine part that transmits motion or power to another part.a person who drives a vehicle."
24a08f9d6b,Promise,"A declaration assuring that one will or will not do something; a vow.Something promised.Indication of something favorable to come; expectation,To commit oneself by a promise to do or give; pledge: left but promised to return."
24a08f9d6b,Plant,"To breathe rapidly in short gasps, as after exertion,To beat loudly or heavily; throb or pulsate,A short labored breath; a gasp,To give off loud puffs, especially while moving."
430445fa7c,Egg,"chicken, chicks, yolk, egg white, easter, bunny, colors, rooster, dozen, scrambled, farm,"
430445fa7c,Superman,"super hero, flies, glasses, in disguise, saver, super girl, cape, red and blue, kryptonite, movies,"
430445fa7c,Driver,"car, road, bad driver, distracted, on cellphone, accident, passenger,"
430445fa7c,Promise,"agreement, covenant, guarantee, pinky promise, swear, obligation, pact, bond"
430445fa7c,Plant,"flower, soil, sun, water, tree, rose, leaf, gardening, taking care of, nurturing, bush, green, colors,"
d6fbaf0859,Egg,a fertilized ovum.
d6fbaf0859,Superman,"a person with super powers, and capabilities"
d6fbaf0859,Driver,the one in charge or maneuvering a vehicle
d6fbaf0859,Promise,"pledge,"
d6fbaf0859,Plant,a living thing. green.. survived through the process of photosynthesis
b6763f7c1d,Egg,"A female gamete; an ovum. Also called egg cell.

The round or oval female reproductive body of various animals

lay an egg Informal.

    To fail, especially in a public performance.
To encourage or incite to action"
b6763f7c1d,Superman,"A man with more than human powers.
street name for lysergic acid diethylamide"
b6763f7c1d,Driver,"the operator of a motor vehicle

 someone who drives animals that pull a vehicle

 a golfer who hits the golf ball with a driver
a program that determines how a computer will communicate with a peripheral device
a golf club (a wood) with a near vertical face that is used for hitting long shots from the tee
A tool, such as a screwdriver or hammer, that is used for imparting forceful pressure on another object
something that creates and fuels activity, or gives force or impetus
any man of apparently superhuman powers"
b6763f7c1d,Promise,"a declaration that something will or will not be done, given,
an express assurance on which expectation is to be based
something that has the effect of an express assurance; indication of what may be expected. 
indication of future excellence or achievement 
to engage or undertake by promise 
to engage to join in marriage, word, pledge, covenant, agree."
b6763f7c1d,Plant,"Any of various photosynthetic, eukaryotic, multicellular organisms of the kingdom Plantae characteristically producing embryos, containing chloroplasts, having cellulose cell walls, and lacking the power of locomotion.
A plant having no permanent woody stem; an herb.
A building or group of buildings for the manufacture of a product; a factory.
To introduce (an animal) into an area.
To establish; found:"
f9b35c4d4f,Egg,"Food,source of proteins,keeps the cycle running"
f9b35c4d4f,Superman,"Exists only in stories,worth watching actions,mood swinger"
f9b35c4d4f,Driver,"Drives the car,reliable,trustworthy"
f9b35c4d4f,Promise,are meant to be broken
f9b35c4d4f,Plant,Life
f8169409ab,Egg,"chicken, hens, breakfast, fried, boil, fried,"
f8169409ab,Superman,"super hero, xray vision, super power, flying, daily planet"
f8169409ab,Driver,"taxi driver, bus driver, delivery drives, ups driver."
f8169409ab,Promise,"word of mouth, a plead, sincere juster,"
f8169409ab,Plant,"florals, water, sunlight,"
86dc19ebbd,Egg,"produced by female living things, hen egg, duck egg, birds give birth through eggs."
86dc19ebbd,Superman,"brave man hero, champion, a cartoon character"
86dc19ebbd,Driver,"One who drives, bus driver, car driver, pilot"
86dc19ebbd,Promise,"assure, swear, undertake, guarantee, agree"
86dc19ebbd,Plant,"place, fix, stand,set"
2cfb3bdbcd,Egg,testis
2cfb3bdbcd,Superman,battery-acid
2cfb3bdbcd,Driver,the operator of a motor vehicle
2cfb3bdbcd,Promise,trust
2cfb3bdbcd,Plant,flora
91939a1d03,Egg,round shaped.
91939a1d03,Superman,the man having more power
91939a1d03,Driver,who control the vehicle
91939a1d03,Promise,giving surety
91939a1d03,Plant,the one which give the needs of food
059682c8ca,Egg,"is oval or round shaped, reproductive housing for many animals"
059682c8ca,Superman,"strong, powerful, charming, handsome, flies"
059682c8ca,Driver,"operator of an automobile, concentrates on road and traffic, maneuvers in and around traffic"
059682c8ca,Promise,"vow, pledge, hope, trust"
059682c8ca,Plant,"creates its own energy with the use of water, sun, and carbon dioxide, is not mobile"
0da623e05b,Egg,"1.
the roundish reproductive body produced by the female of certain animals, as birds and most reptiles, consisting of an ovum and its envelope of albumen, jelly, membranes, egg case,  or shell, according to species.
2.
such a body produced by a domestic bird, especially the hen.
3.
the contents of an egg or eggs: raw egg; fried eggs.
4.
anything resembling a hen's egg.
5.
Also called egg cell. the female gamete; ovum"
0da623e05b,Superman,"1.
a person of extraordinary or superhuman powers.
2.
an ideal superior being conceived by Nietzsche who attains happiness, dominance, and creativity.
3.
a superior being conceived as the product of human evolution.
4.
one who prevails by virtue of being a ruthless egoist of superior strength, cunning, and force of will."
0da623e05b,Driver,"1.
a person or thing that drives.
2.
a person who drives a vehicle; coachman, chauffeur, etc.
3.
a person who drives an animal or animals, as a drover or cowboy.
4.
Also called number one wood. Golf . a club with a wooden head whose face has almost no slope, for hitting long, low drives from the tee.
5.
Machinery .
a.
a part that transmits force or motion.
b.
the member of a pair of connected pulleys, gears, etc., that is nearer to the power source."
0da623e05b,Promise,"1.
a declaration that something will or will not be done, given, etc., by one: unkept political promises.
2.
an express assurance on which expectation is to be based: promises that an enemy will not win.
3.
something that has the effect of an express assurance; indication of what may be expected.
4.
indication of future excellence or achievement: a writer who shows promise.
5.
something that is promised"
0da623e05b,Plant,"1.
any member of the kingdom Plantae, comprising multicellular organisms that typically produce their own food from inorganic matter by the process of photosynthesis and that have more or less rigid cell walls containing cellulose, including vascular plants, mosses, liverworts, and hornworts: some classification schemes may include fungi, algae, bacteria, blue-green algae, and certain single-celled eukaryotes that have plantlike qualities, as rigid cell walls or photosynthesis.
2.
an herb or other small vegetable growth, in contrast with a tree or a shrub.
3.
a seedling or a growing slip, especially one ready for transplanting.
4.
the equipment, including the fixtures, machinery, tools, etc., and often the buildings, necessary to carry on any industrial business: a manufacturing plant.
5.
the complete equipment or apparatus for a particular mechanical process or operation: the heating plant for a home."
2486e8fbec,Egg,"ova, generator, food, nutrient source"
2486e8fbec,Superman,"unbelievable man, can do anything, alien, powerful"
2486e8fbec,Driver,"carrier, guider, pathfinder"
2486e8fbec,Promise,"oath, confirm, honest, definite"
2486e8fbec,Plant,"creature, life, greenish,"
3ef0f47986,Egg,An egg is an organic vessel in which an embryo first begins to develop
3ef0f47986,Superman,Superman is a fictional comic book superhero
3ef0f47986,Driver,Who drives four wheeler
3ef0f47986,Promise,commitment
3ef0f47986,Plant,living organisms
2b15616b23,Egg,a kind of food
2b15616b23,Superman,a super hero
2b15616b23,Driver,who drives the vehicle
2b15616b23,Promise,making a strong belief
2b15616b23,Plant,a living thing which takes water as food
3bc66f1eb9,Egg,mprove. Implantation means that the egg inbeds itself into the blood lining of the uterus. ..
3bc66f1eb9,Superman,when you ejaculate on a girls back then put a blanket on her so when she stands up the blanket sticks therefore making her look like she has a cape.
3bc66f1eb9,Driver,"Long a holdout, Broadcom has begun to ship Linux drivers for its wireless gear. Will the company start a driver rush among vendors on the ...First I'll give a brief description of what most of the useful T/S parameters mean and later how you can use them to evaluate drivers for ..."
3bc66f1eb9,Promise,"But once you break them, sorry means nothing - Promises mean everything . But once you break them , sorry means nothing .You'll never see the courage I know . Its colors' richness won't appear within your view . I'll never glow - the way that you glow . Your presence dominates the ..."
3bc66f1eb9,Plant,"A company asset that is vital to business operations but cannot be easily liquidated However, it has been defined to mean the accidental melting of the core of a ... Alternately, in a reactor plant such as the RBMK-1000, an external fire may .."
1531461bec,Egg,"a nutritional food, layed by hen, source of protein, used in brekfast, used for makinf cakes."
1531461bec,Superman,"a comic character, powerful, can fly, saves the world, a hero, loved by children."
1531461bec,Driver,"a professional who drives cars, buses or any vehicle, a person with driving skills, a perfectionist in driving."
1531461bec,Promise,"a kind of committment, not supposed to be broken, to fulfil what is said."
1531461bec,Plant,"part of ecology, green in color, some are poisonous, some are used for medicines, keeps surroundings green."
d2238a631b,Egg,"The oval or roundish body laid by domestic poultry and other birds, tortoises, etc. It consists of a yolk, usually surrounded by the ""white"" or albumen, and inclosed in a shell or strong membrane."
d2238a631b,Superman,a person with great powers and abilities
d2238a631b,Driver,"One who, or that which, drives; the person or thing that urges or compels anything else to move onward."
d2238a631b,Promise,"In general, a declaration, written or verbal, made by one person to another, which binds the person who makes it to do, or to forbear to do, a specified act; a declaration which gives to the person to whom it is made a right to expect or to claim the performance or forbearance of a specified act."
d2238a631b,Plant,"A vegetable; an organized living being, generally without feeling and voluntary motion, and having, when complete, a root, stem, and leaves, though consisting sometimes only of a single leafy expansion, or a series of cellules, or even a single cellule."
5cb1bcd4fa,Egg,"contains proteins,contains choline,used in cookery"
5cb1bcd4fa,Superman,"is comic book superhero,figured as a man with supernatural abilities,created by an American writer"
5cb1bcd4fa,Driver,"can be a man who drives vehicle,can be a software that controls a device"
5cb1bcd4fa,Promise,"is a commitment,done in oath taking,is a manifestation of intension"
5cb1bcd4fa,Plant,"are living organisms,obtain energy from sunlight,is having green colour"
fd1a1cbbc3,Egg,"eggs, testis, testicle, nut, orchis, bollock, ball, ballock"
fd1a1cbbc3,Superman,"back breaker, superman, dot, battery-acid, paneling, window glass, sexually transmitted disease, venereal infection, social disease, venereal disease, pane, panelling, window pane, dosage, dose, acid, pane of glass, point, demigod, loony toons, dit"
fd1a1cbbc3,Driver,"device driver, number one wood"
fd1a1cbbc3,Promise,"predict, reassure, ascertain, control, promise, forebode, assure, guarantee, call, prognosticate, anticipate, check, see to it, foretell, insure, tell, ensure, secure, see"
fd1a1cbbc3,Plant,"whole kit and boodle, whole kit and caboodle, whole shebang, flora, plant, works, industrial plant, whole caboodle, plant life, whole works, workings, full treatment, deeds, whole kit, kit and caboodle, kit and boodle"
6be52007c6,Egg,"- urge on; cause to act; ""The other children egged the boy on, but he did not want to throw the stone through the window""
prod, incite
goose - prod into action
halloo - urge on with shouts; ""halloo the dogs in a hunt""
goad - urge with or as if with a goad"
6be52007c6,Superman,"(Philosophy) (in the philosophy of Nietzsche) an ideal man who through integrity and creativity would rise above good and evil and who represents the goal of human evolution
2. any man of apparently superhuman powers"
6be52007c6,Driver,"[noun] the operator of a motor vehicle

[noun] someone who drives animals that pull a vehicle

[noun] a golfer who hits the golf ball with a driver

[noun] (computer science) a program that determines how a computer will communicate with a peripheral device
Synonyms: device

[noun] a golf club (a wood) with a near vertical face that is used for hitting long shots from the tee
Synonyms: number one wood"
6be52007c6,Promise,"A declaration assuring that one will or will not do something; a vow.
b. Something promised.
2. Indication of something favorable to come; expectation: a promise of spring in the air.
3. Indication of future excellence or success: a player of great promise.
v. prom·ised, prom·is·ing, prom·is·es
v.tr.
1. To commit oneself by a promise to do or give; pledge: left but promised to return.
2. To afford a basis for expecting: thunderclouds that promise rain."
6be52007c6,Plant,"Any of various photosynthetic, eukaryotic, multicellular organisms of the kingdom Plantae characteristically producing embryos, containing chloroplasts, having cellulose cell walls, and lacking the power of locomotion.
b. A plant having no permanent woody stem; an herb.
2.
a. A building or group of buildings for the manufacture of a product; a factory.
b. The equipment, including machinery, tools, instruments, and fixtures and the buildings containing them, necessary for an industrial or manufacturing operation.
3. The buildings, equipment, and fixtures of an institution: the entire plant of a university.
4. A person or thing put into place in order to mislead or function secretly, especially:
a. A person placed in a group of spectators to influence behavior.
b. A person stationed in a given location as a spy or observer.
c. A misleading piece of evidence placed so as to be discovered.
d. A remark or action in a play or narrative that becomes important later.
5. Slang A scheming trick; a swindle."
e01ef2fec0,Egg,Egg
e01ef2fec0,Superman,Superman
e01ef2fec0,Driver,Driver
e01ef2fec0,Promise,Promise
e01ef2fec0,Plant,Plant
2773fc01ba,Egg,"hen,birds, mammals,breakfast,meal, protein,health"
2773fc01ba,Superman,"hero, savior,survivor,fiction, character,good,helpful,friendly"
2773fc01ba,Driver,"car,truck,road,long distance,far away,places"
2773fc01ba,Promise,"love,relation,mending mistakes,oath,staying,needing"
2773fc01ba,Plant,"green,life, environment,fruit,leave,roots"
7cf403bfc3,Egg,"a body produced by females of birds,insects,etc.and capable of developing into a new individual,egg of the domestic hen,used for food"
7cf403bfc3,Superman,colloq.man of exceptional strength or ability
7cf403bfc3,Driver,person who drives a vehicle
7cf403bfc3,Promise,assurance that one will or will not undertake a certain action etc.
7cf403bfc3,Plant,"a organism usu,containing chlorophyll enabling it to live wholly on inorganic substances,and lacking the power of voluntary movement."
a878e75949,Egg,"breakfast food, has yolk, egg white, in recipes, healthy, high in protein"
a878e75949,Superman,"superhero, kryptonite, Clark Kent, Lois Lane, Marvel Comics, movies, cartoon"
a878e75949,Driver,"leader, golf club, pilot, taking lead, transporter"
a878e75949,Promise,"covenant, vow, trust, security"
a878e75949,Plant,"vegetable, garden, grow, laying seed, flowers, idea, office building"
7a0b7cea54,Egg,"bird egg, white, brown, biology , born"
7a0b7cea54,Superman,"Ideal Man, Great Man, up normal man"
7a0b7cea54,Driver,"Car People , Donald driver, co-driver , driving licence"
7a0b7cea54,Promise,"Election Promise, Faith, Oath"
7a0b7cea54,Plant,"Living organisms, Flowers, trees, sunlight"
79dc741969,Egg,"is white or brown, is fragile, is edible, hatches birds, has a yolk"
79dc741969,Superman,"is american, is strong, flies, has a red cape, has a blue spandex suit"
79dc741969,Driver,"is an employee, is tired, has a uniform, grabs a car wheel"
79dc741969,Promise,"is broken, is about the future, is kept, is important"
79dc741969,Plant,"is green, is alive, it grows, it withers, needs water, gives oxygen"
f89618c03c,Egg,"Oval reproductive body of a fowl.
One of the two male reproductive glands."
f89618c03c,Superman,A person with great powers and abilities.
f89618c03c,Driver,"The operator of a motor vehicle.
Someone who drives animals that pull a vehicle."
f89618c03c,Promise,A verbal commitment by one person to another agreeing to do (or not to do) something in the future.
f89618c03c,Plant,"Buildings for carrying on industrial labor.
A living organism lacking the power of locomotion."
af2803583c,Egg,hatches up to give young ones
af2803583c,Superman,A man with more than human powers.
af2803583c,Driver,"One that drives, as the operator of a motor vehicle"
af2803583c,Promise,"In general, a declaration, written or verbal, made by one person to another, which binds the person who makes it to do."
af2803583c,Plant,"As, to plant a garden, an orchard, or a forest."
dcf44e6284,Egg,"1.the roundish reproductive body produced by the female of certain animals, as birds and most reptiles, consisting of an ovum and its envelope of albumen, jelly, membranes, egg case,  or shell, according to species.
2.
such a body produced by a domestic bird, especially the hen.
3.
the contents of an egg or eggs: raw egg; fried eggs.
4.
anything resembling a hen's egg.
5.
Also called egg cell. the female gamete; ovum."
dcf44e6284,Superman,"1.
a person of extraordinary or superhuman powers.
2.
an ideal superior being conceived by Nietzsche who attains happiness, dominance, and creativity.
3.
a superior being conceived as the product of human evolution.
4.
one who prevails by virtue of being a ruthless egoist of superior strength, cunning, and force of will."
dcf44e6284,Driver,"1.
a person or thing that drives.
2.
a person who drives a vehicle; coachman, chauffeur, etc.
3.
a person who drives an animal or animals, as a drover or cowboy.
4.
Also called number one wood"
dcf44e6284,Promise,"n
1.
a declaration that something will or will not be done, given, etc., by one: unkept political promises.
2.
an express assurance on which expectation is to be based: promises that an enemy will not win.
3.
something that has the effect of an express assurance; indication of what may be expected.
4.
indication of future excellence or achievement: a writer who shows promise.
5.
something that is promised."
dcf44e6284,Plant,"1.
any member of the kingdom Plantae, comprising multicellular organisms that typically produce their own food from inorganic matter by the process of photosynthesis and that have more or less rigid cell walls containing cellulose, including vascular plants, mosses, liverworts, and hornworts: some classification schemes may include fungi, algae, bacteria, blue-green algae, and certain single-celled eukaryote s that have plantlike qualities, as rigid cell walls or photosynthesis.
2.
an herb or other small vegetable growth, in contrast with a tree or a shrub.
3.
a seedling or a growing slip, especially one ready for transplanting.
4.
the equipment, including the fixtures, machinery, tools, etc., and often the buildings, necessary to carry on any industrial business: a manufacturing plant.
5.
the complete equipment or apparatus for a particular mechanical process or operation: the heating plant for a home."
4baffedf4f,Egg,egg
4baffedf4f,Superman,df
4baffedf4f,Driver,rider
4baffedf4f,Promise,peomise
4baffedf4f,Plant,tree
de23fe1cfc,Egg,"edible, reddish thing produced by the females of certain animals"
de23fe1cfc,Superman,a person with extraordinary abilities
de23fe1cfc,Driver,"a person who drives, vehicles, ect."
de23fe1cfc,Promise,"an expression of assurance, something will be done"
de23fe1cfc,Plant,any member of the kingdom plantae
ea9e170cdb,Egg,"is what a hen lays, contains yolk, comes from a hen, used in preparation, used in cakes."
ea9e170cdb,Superman,"is a comic character, is a favorite of children, liked by all children, a character made into a movie, produced in Hollywood"
ea9e170cdb,Driver,"one who rides a vehicle, owner of a car, owner of a vehicle, who manages a vehicle on the road, who knows the art of driving a vehicle"
ea9e170cdb,Promise,"an oath, a word given to someone, a word expected to be kept up, words, an action of truth"
ea9e170cdb,Plant,"a living thing, fauna, the young one of a tree, found in a garden, that which grows in a pot"
8fdbb82f66,Egg,"yellow, white, can eat it, scrambled, over easy, comes from chicken"
8fdbb82f66,Superman,"wears costume, strong, save the day, hero"
8fdbb82f66,Driver,"uses a car, sits, steers, pays attention, uses a truck"
8fdbb82f66,Promise,"deliver, believe"
8fdbb82f66,Plant,"is green, grows in the sun, needs water"
43135d06e2,Egg,"food, healthy protein, laid by hen, yoke with white cover, delicious food foe everyone."
43135d06e2,Superman,"superhero,blue,red and yellow costumed character, distinctive and iconic character, born on krypton."
43135d06e2,Driver,"person engaged in driving, laurie driver, license holder for driving, permit provided for a person to drive any vehicle."
43135d06e2,Promise,"oath, affirmation, guarantee, vow, commitment"
43135d06e2,Plant,"shrub, living organisms, green algae"
ce58ffe106,Egg,"nucleus, spawn, ovum, roe, oospore, seed cell, bud, embryo of an animal"
ce58ffe106,Superman,"a person with extraordinary or superhuman powers, a superior being , dominance, creativity"
ce58ffe106,Driver,"autoist, coach person, motorist operator, trainer, lead foot, jockey, handler, person who engineers vehicle"
ce58ffe106,Promise,"affirmation, assurance, bond, compact, guarantee, obligation, oath, pledge,  pact, earnest"
ce58ffe106,Plant,"flower, annual, bush, greenery, perennial, shrub, weed, animal, shoot, slip, sprout"
4f6ad7ae7e,Egg,"Is oval shaped, white in color, aid from hen, contains yolk inside it, yolk stinks, can be eaten by people, gives strength, nourishes hair."
4f6ad7ae7e,Superman,"Loved by children, can be watched in movies, saves people, swings in air, jumps from buildings to the other, does stunts."
4f6ad7ae7e,Driver,"drives vehicles, knows rules on road, does not do anything else while driving, holds staring."
4f6ad7ae7e,Promise,"oath, mandatory to complete the job, put by humans, broken by humans."
4f6ad7ae7e,Plant,"grows in sunlight, requires water, gives carbon-di-oxide, flowers, used by humans, medicinal values,food for herbivorous animals."
cd4699ed74,Egg,breakfast food
cd4699ed74,Superman,made up character
cd4699ed74,Driver,operator of a vehicle or vessil
cd4699ed74,Promise,give someone your word
cd4699ed74,Plant,put in the ground
6535a83758,Egg,"good source of protein,used for making omelette,laid by female birds,good for health"
6535a83758,Superman,"super hero, comic book,fictional character,wears a blue,red, and yellow outfit and  a red cape,"
6535a83758,Driver,"drives a car, wears a uniform,needs a driving licence, a small piece of software"
6535a83758,Promise,"a verbal commitment,guarantee,assurance,word of honour"
6535a83758,Plant,"grows in soil, has flowers, has leaves, bears fruit, obtains energy from sunlight,"
1f454eeade,Egg,"allergy, nutrition, cake, easy to make, vegetarian, poor mother, delicate, bad smell, hair pack ingredient, aunty's egg curry"
1f454eeade,Superman,"my son, movie, his dress, his hair style, fantasies, underwear out side pants, powerful, Hollywood, comics"
1f454eeade,Driver,"help, extra expenses, uniform, should be reliable, save accident,"
1f454eeade,Promise,"tooth paste, should never make, fight with husband, do not expect much, not to be broken,"
1f454eeade,Plant,"environment, food, oxygen, carbon di oxide, ozone, green house effect, gets, rain, shelter for birds, fruits, wood, we get furniture."
018a063855,Egg,"comes from chickens and other poultry, round to oval in shape, can be eaten by humans, produces baby poultry, staple in American breakfast"
018a063855,Superman,"leaps tall buildings at a single bound, susceptible to kryptonite, loved by Lois Lane, played mostly by Christopher Reeve, strong, can fly"
018a063855,Driver,"golf club, chauffeur, provides a service, deals with traffic so I don't have to, can be male or female, usually wears suit or uniform, doesn't talk much"
018a063855,Promise,"a vow you intend to keep, a form of ring symbolizing love, something not to be broken, between 2 people"
018a063855,Plant,"edible, green, to put seed in the ground for crops, first step in growing crops for food, main diet of vegetarians"
7242ce95a4,Egg,chicken lays
7242ce95a4,Superman,A superpower character
7242ce95a4,Driver,one who rides
7242ce95a4,Promise,do something in future
7242ce95a4,Plant,living thing
a7dca11140,Egg,"nest,birds,food"
a7dca11140,Superman,"hero,fly,helpful"
a7dca11140,Driver,"travel,vehicle, controller"
a7dca11140,Promise,"give word,pledge,oath"
a7dca11140,Plant,"crop,greenery,food"
8f1e39414a,Egg,"comes from ovary, has a yolk, hens lay, smooth and oval, easily broken, breakfast food, scrambled, poached, over easy"
8f1e39414a,Superman,"boyfriend to Lois Lane, super hero, handsome and rugged, super strong, flies through the air"
8f1e39414a,Driver,"Chauffeur, limousine, navigates roads and highways, uses a map"
8f1e39414a,Promise,"Vow, made with a handshake, a contract, should not be broken"
8f1e39414a,Plant,"Perform photosynthesis, is green, has leaves, grows in the earth, necessary for life, makes oxygen"
a99eff3ef7,Egg,"the oval or round body laid by a female bird, fish, reptile, insect, etc., containing a supply of nutrients, a protective membrane, and, when fertilized, the embryo of a new individual"
a99eff3ef7,Superman,a man having apparently superhuman powers
a99eff3ef7,Driver,one who drives an automobile
a99eff3ef7,Promise,A promise is a statement given by someone that he will do as he said or it can refer to a person's potential
a99eff3ef7,Plant,A plant is a living organism that grows out of the ground
9fb171be25,Egg,"A female gamete; an ovum. Also called egg cell. The oval, thin-shelled reproductive body of a bird, especially that of a hen, used as food."
9fb171be25,Superman,"A man with more than human powers.forgoes transient pleasure, exercises creative power, lives at a level of experience beyond standards of good and evil, and is the goal of human evolution. Also called overman."
9fb171be25,Driver,"One that drives, as the operator of a motor vehicle.  Computer Science A piece of software that enables a computer to communicate with a peripheral device.A tool,
hammer."
9fb171be25,Promise,"A declaration assuring that one will or will not do something;  Something promised
Indication of future excellence or success"
9fb171be25,Plant,"Any of various photosynthetic, eukaryotic, multicellular organisms of the kingdom Plantae characteristically producing embryos, containing chloroplasts, having cellulose cell walls, and lacking the power of locomotion."
b245d0513e,Egg,new life
b245d0513e,Superman,amazing adventures
b245d0513e,Driver,car
b245d0513e,Promise,will come tomorrow
b245d0513e,Plant,trees
2622f61522,Egg,"ball, breakfast, protein."
2622f61522,Superman,"ubermensch, he man. a man who fly"
2622f61522,Driver,"device driver, taxi driver, screw driver"
2622f61522,Promise,"assure, keeping words, love promise"
2622f61522,Plant,"industrial plant, works, implant, flora, small tree"
8c3b70ef5d,Egg,boiled egg
8c3b70ef5d,Superman,ram is a superman
8c3b70ef5d,Driver,drive the car
8c3b70ef5d,Promise,truth
8c3b70ef5d,Plant,rose plant
eb09612a37,Egg,Hen lays
eb09612a37,Superman,Powerfull
eb09612a37,Driver,guidence
eb09612a37,Promise,Truthness
eb09612a37,Plant,pretty plant
6b2ac0ef88,Egg,food
6b2ac0ef88,Superman,a man with super powers
6b2ac0ef88,Driver,person who drives a vehicle
6b2ac0ef88,Promise,vow
6b2ac0ef88,Plant,sow
19431af03e,Egg,"The oval or roundish body laid by domestic poultry and other birds, tortoises, etc. It consists of a yolk, usually surrounded by the ""white"" or albumen, and inclosed in a shell or strong membrane."
19431af03e,Superman,"A man with more than human powers. An ideal superior man who, according to Nietzsche, forgoes transient pleasure, exercises creative power, lives at a level of experience beyond standards of good and evil, and is the goal of human evolution. Also called overman."
19431af03e,Driver,"One that drives, as the operator of a motor vehicle. A tool, such as a screwdriver or hammer, that is used for imparting forceful pressure on another object."
19431af03e,Promise,"In general, a declaration, written or verbal, made by one person to another, which binds the person who makes it to do, or to forbear to do."
19431af03e,Plant,"A vegetable; an organized living being, generally without feeling and voluntary motion, and having, when complete, a root, stem, and leaves, though consisting sometimes only of a single leafy expansion, or a series of cellules, or even a single cellule."
0253fcbf92,Egg,"ostrich,bird,swift-footed,2-toed,largestof existing bird in Africa and weights 300 pounds."
0253fcbf92,Superman,"person,male, strong and brave."
0253fcbf92,Driver,"person,male or female,able to handle traffic,operate motor vechile."
0253fcbf92,Promise,able to do something that is specified. to keep your word.
0253fcbf92,Plant,"organism with cellulose cells,soft stems,various color,varies sizes,can be for inside or outside."
02a0a9701a,Egg,"Egg:Is a foodstuff,laid by female of different species,meat, nutritiousness,oval shaped,surrounded thin shell."
02a0a9701a,Superman,"superman:Is fictional,comic,supernatural and stylish character,superhero,adventures,appearance distinctive,blue-red-yellow costume."
02a0a9701a,Driver,Driver:drives vehicle
02a0a9701a,Promise,"Promise:is commitment, enforceable,expectation,a vow"
02a0a9701a,Plant,"Plant:are living organisms,belongs plantae,green color,prepare foods,process photosynthesis occurs."
1f1a1cdd9f,Egg,"has a shell,oval or round,yolk,albumen,is edible,tasty,can be fried,boiled,cracks,embryo,laid by animals"
1f1a1cdd9f,Superman,"superhero,powerful,strong,life saver,good nature,helpful,able to fly,fighter,fictional,fascinating,inspiring"
1f1a1cdd9f,Driver,"occupation,drives,travel,picks up,drops,owns a license,has to obey traffic rules"
1f1a1cdd9f,Promise,"a word given to someone,commitment,oath,affirmation,promiser,promisee"
1f1a1cdd9f,Plant,"green,life,oxygen,has leaves,has roots,bears flowers,bears fruits,can be planted,grows from a seed"
29a0b9bfbe,Egg,A barer of a body given by birds and other creatures.
29a0b9bfbe,Superman,A figment of someones imangment when a guy can do something no one else can like lifting a car.
29a0b9bfbe,Driver,A person who takes control of a car.
29a0b9bfbe,Promise,When someone says they will do something they don't want to.
29a0b9bfbe,Plant,A living organism which lives in the dirt.
d2ad3c02a0,Egg,"a breakfast dish, come from chickens, how animals give birth"
d2ad3c02a0,Superman,"a hero, Clark Kent, Lois, works at a newspaper, movies, tv shows"
d2ad3c02a0,Driver,"competitive, has a license, can drive to and from places, isn't intoxicated"
d2ad3c02a0,Promise,"a vow to someone, something that cannot be broken, a pinky promise, aiming to help someone"
d2ad3c02a0,Plant,"green, foodstuff, carbon based material, provide oxygen, photosynthesis"
b9538e2d86,Egg,"Has a shell, edible, protein, has two parts : white and yolk, laid by birds, reptiles, amphibians and fish."
b9538e2d86,Superman,"Fictional comic book character, superhero, from Krypton, superhuman strength, speed, freeze breath, x-ray vision, Alter ego : Clark Kent, Kansas."
b9538e2d86,Driver,"Person who operates a motor vehicle, chauffeur, a tool like screw driver or hammer,"
b9538e2d86,Promise,"A commitment made by someone to do something, vow, contract."
b9538e2d86,Plant,"Living thing, source of food, nature, increases oxygen, inclused bushes, ferns, grasses, mosses, weeds, flowers, vines and trees, Types : Land plants and Water Plants"
95e2618c28,Egg,"A female gamete; an ovum,The round or oval female reproductive body of various animals, including birds"
95e2618c28,Superman,"A man with more than human powers.,An ideal superior man who, according to Nietzsche, forgoes transient pleasure, exercises creative power, lives at a level of experience beyond standards of good and evil, and is the goal of human evolution"
95e2618c28,Driver,"One that drives, as the operator of a motor vehicle,A tool, such as a screwdriver or hammer, that is used for imparting forceful pressure on another object"
95e2618c28,Promise,"declaration assuring that one will or will not do something,Indication of something favorable to come; expectation,Indication of future excellence or success"
95e2618c28,Plant,"Any of various photosynthetic, eukaryotic, multicellular organisms of the kingdom Plantae characteristically producing embryos, containing chloroplasts, having cellulose cell walls, and lacking the power of locomotion., A plant having no permanent woody stem"
a965363f80,Egg,"hard shelled object laid by birds, amphibians etc, animal reproductive structure, used as food, egg head- an idiot, oval shaped, high in protein, easily breakable"
a965363f80,Superman,"exceptional man, hero, brave man, champion, idol, conqueror, can fly, very fast, never gets hurt, everybody loves."
a965363f80,Driver,"somebody who can drive, chauffeur, transporter, club with wooden head, tool that applies pressure, electronic circuit, controlling software, strong force"
a965363f80,Promise,"vow, pledge something, has strong meaning and binding, assure or warn, affiance somebody"
a965363f80,Plant,"vegetable organism, smaller ones, cutting or seedling, factory, equipment and machinery, something dishonestly hidden, putting something to grow, unit area of growing plants, put something firmly, put idea in someone's mind"
2a6566d746,Egg,"such a body produced by a domestic bird, especially the hen,the roundish reproductive body produced by the female of certain animals, as birds and most reptiles, consisting of an ovum and its envelope of albumen, jelly, membranes, egg case,  or shell, according to species.."
2a6566d746,Superman,"a person of extraordinary or superhuman powers,one who prevails by virtue of being a ruthless egoist of superior strength, cunning, and force of will,an ideal superior being conceived by Nietzsche who attains happiness, dominance, and creativity.."
2a6566d746,Driver,"a person who drives an animal or animals, as a drover or cowboy,a person who drives a vehicle; coachman, chauffeur, etc:a person or thing that drives."
2a6566d746,Promise,"to afford ground for expecting,indication of future excellence or achievement,something that has the effect of an express assurance; indication of what may be expected,a declaration that something will or will not be done, given, etc.."
2a6566d746,Plant,"an herb or other small vegetable growth, in contrast with a tree or a shrub,the equipment, including the fixtures, machinery, tools, etc., and often the buildings, necessary to carry on any industrial business,the complete equipment or apparatus for a particular mechanical process or operation,a seedling or a growing slip, especially one ready for transplanting.."
92ea18c297,Egg,a round object laid by female bird
92ea18c297,Superman,a man with superior strength
92ea18c297,Driver,who drives the vehicles.
92ea18c297,Promise,hope or based on trust
92ea18c297,Plant,Herbs
cdf81c2126,Egg,such a body produced by a domestic bird
cdf81c2126,Superman,a person of extraordinary or superhuman powers
cdf81c2126,Driver,a person or thing that drives.
cdf81c2126,Promise,something that has the effect of an express assurance
cdf81c2126,Plant,"a seedling or a growing slip, especially one ready for transplanting"
92ea18c297,Winter,The coldest season of the year
92ea18c297,Care,Feel concern
92ea18c297,Purse,Pouch or handbag
92ea18c297,Bad,Vicious
92ea18c297,Proof,Evidence
b3a42eeac2,Winter,"Winter is a season, usually cold, snowfall is a characteristic of it, water freezes in this season"
b3a42eeac2,Care,"Care is the love show by one on another at times of need, parental care is the longest with human beings"
b3a42eeac2,Purse,"Purses are used to carry money, keys and id cards, it is usually small and handy, they are also signs of fashions."
b3a42eeac2,Bad,"Bad is classified by nature of human beings,bad always causes some or the other adverse effects to someone somewhere."
b3a42eeac2,Proof,"Proof is required for proving facts. Mathematically theorems are proved with proofs, the proof that the land belonging to a person is by means of registration certificates, proof is required at the courts to prove innocence."
a99eff3ef7,Winter,a year as reckoned by this season
a99eff3ef7,Care,Care is close attention or a concern for another
a99eff3ef7,Purse,a small bag or pouch for carrying money
a99eff3ef7,Bad,"Bad describes something that is wrong in some way, something that is not working properly, or has negative qualities"
a99eff3ef7,Proof,"anything serving or tending to establish the truth of something, or to convince one of its truth"
19431af03e,Winter,"The usually coldest season of the year, occurring between autumn and spring, extending in the Northern Hemisphere from the winter solstice to the vernal equinox, and popularly considered to be constituted by December, January, and February."
19431af03e,Care,". A burdened state of mind, as that arising from heavy responsibilities; worry, An object or source of worry, attention, or solicitude."
19431af03e,Purse,"A woman's bag for carrying keys, a wallet, and other personal items; a handbag.A small bag or pouch for carrying money.Something that resembles a bag or pouch."
19431af03e,Bad,"Not achieving an adequate standard; poor, Evil; sinful."
19431af03e,Proof,The evidence or argument that compels the mind to accept an assertion as true.
1e695ef57f,Winter,"season, often cold, has short days, has long nights, not green, associated with storms and snow, has gray days"
1e695ef57f,Care,"description of attentiveness, empathatic state, assistive state, concern, consideration, empathy"
1e695ef57f,Purse,"carried by women, contains things, may be a fashion statement, has straps, has snap or zipper, has compartments, may be matched with other items"
1e695ef57f,Bad,"not good, state, negative situation, can be improved, not desirable, not approved, is a judgment, generally is negative"
1e695ef57f,Proof,"convinces something, confirms something, is a conclusion, is objective, is spelled out, in writing or numbers, is rational"
cdf81c2126,Winter,cold weather
cdf81c2126,Care,a state of mind in which one is troubled
cdf81c2126,Purse,"a small bag, pouch, or case for carrying money"
cdf81c2126,Bad,not good in any manner
cdf81c2126,Proof,the establishment of the truth of anything
a7dca11140,Winter,"season,cold,rain"
a7dca11140,Care,"love,affection,secure"
a7dca11140,Purse,"money,travel,to keep safe"
a7dca11140,Bad,"negative,ugly,poor"
a7dca11140,Proof,"search,mistakes, reading,checking"
4baffedf4f,Winter,cool
4baffedf4f,Care,worry
4baffedf4f,Purse,valote
4baffedf4f,Bad,not good
4baffedf4f,Proof,witness
26c834f70e,Winter,"is a season, is cold, is snowy, can be harsh, some animals hibernate during"
26c834f70e,Care,"to protect, to have feelings for, concern for something"
26c834f70e,Purse,"a woman' accessory, a place to put things, allows a person to carry more than they could with two hands, is private, most have a strap, can be handmade or by machine, can be made a number of different materials"
26c834f70e,Bad,"Evil, not something desirable, something for which you may be punished, the alternative to good"
26c834f70e,Proof,"something for which there is verifiable evidence, can be used to confirm or deny an alibi, to ""proof"" a text is to check for errors"
f4798126d4,Winter,"cold, snow, ice, accidents, blizzards,freezing"
f4798126d4,Care,"helping, helpful, compassionate, loving"
f4798126d4,Purse,"handbag, pocketbook, hobo, wallet"
f4798126d4,Bad,"malicious, evil, nasty, devilish, dangerous"
f4798126d4,Proof,"substantiate, evidence, contraband"
6be52007c6,Winter,"Winter \wi(n)-ter\ as a girl's name (also used as boy's name Winter), is pronounced WIN-ter. It is of Old English origin. Season name. Spring, Summer, and Autumn are the other season names."
6be52007c6,Care,"[noun] the work of caring for or attending to someone or something; ""no medical care was required""; ""the old car needed constant attention""
Synonyms: attention, aid, tending

[noun] judiciousness in avoiding harm or danger; ""he exercised caution in opening the door""; ""he handled the vase with care""
Synonyms: caution, precaution, forethought

[noun] an anxious feeling; ""care had aged him""; ""they hushed it up out of fear of public reaction""
Synonyms: concern, fear"
6be52007c6,Purse,"1. A woman's bag for carrying keys, a wallet, and other personal items; a handbag.
2. A small bag or pouch for carrying money.
3. Something that resembles a bag or pouch.
4. Available wealth or resources; money."
6be52007c6,Bad,"Definition: Wanting good qualities, whether physical or moral; injurious, hurtful, inconvenient, offensive, painful, unfavorable, or defective, either physically or morally; evil; vicious; wicked; the opposite of good; as, a bad man; bad conduct; bad habits; bad soil; bad health; bad crop; bad ne"
6be52007c6,Proof,"[noun] any factual evidence that helps to establish the truth of something; ""if you have any proof for what you say, now is the time to produce it""
Synonyms: cogent evidence

[noun] a formal series of statements showing that if one thing is true something else necessarily follows from it

[noun] a measure of alcoholic strength expressed as an integer twice the percentage of alcohol present (by volume)

[noun] (printing) an impression made to check for errors
Synonyms: test copy, trial impression"
cc0fd23c05,Winter,"winter:-jacket,cold,mist,keeping fire,smoking cigarette,wearing sweater,"
cc0fd23c05,Care,"care:-baby,pets,children,hospital,people,"
cc0fd23c05,Purse,"Purse :-bag,lady,hand purse, money,keeping card in a purse,"
cc0fd23c05,Bad,"bad:-drinking the alcohol,speaking bad words,scolding the other persons,smoking cigarette ."
cc0fd23c05,Proof,"proof:- licence,paper proof,identity proof,"
fe5a703d9c,Winter,"season,cold season, last month of the year"
fe5a703d9c,Care,"worried,protect,caution"
fe5a703d9c,Purse,"small bag to carry money,safe to carry money, small hand bag"
fe5a703d9c,Bad,"opposite of good, not nice, not good"
fe5a703d9c,Proof,"evidence, some thing to prove"
de23fe1cfc,Winter,the cold season between Autumn and Spring
de23fe1cfc,Care,a cause or object of worry
de23fe1cfc,Purse,"a woman's handbag, small bag or pouch"
de23fe1cfc,Bad,"not good in any way, evil character, horrible"
de23fe1cfc,Proof,anything serving as evidence
0a7858ea02,Winter,"season, snow, white, solstice, coats, gloves, skiing, snowboarding, hats, scarves, snowmen, Christmas, ice, snowflakes"
0a7858ea02,Care,"nurse, health, feelings, aide, affection, concern"
0a7858ea02,Purse,"woman, bag, wallet, keys, holder"
0a7858ea02,Bad,"not good, evil, rotten, poor quality, gross, awful"
0a7858ea02,Proof,"evidence, copy, argument, authentication"
370cf94663,Winter,sex
370cf94663,Care,mother
370cf94663,Purse,girlfriend
370cf94663,Bad,wife
370cf94663,Proof,love
86dc19ebbd,Winter,"wintry season, cold climate, chill, wear sweaters"
86dc19ebbd,Care,"mind, concerned, think about, bothered"
86dc19ebbd,Purse,"takings, wallet, place to keep your belongings, small bag"
86dc19ebbd,Bad,"awful, unpleasant, not good, terrific, horrific"
86dc19ebbd,Proof,"evidence, verification, confirmation, testimony"
f89618c03c,Winter,The coldest season of the year.
f89618c03c,Care,The work of caring for or attending to someone or something.
f89618c03c,Purse,A bag used for carrying money and small personal items or accessories (especially by women).
f89618c03c,Bad,That which is below standard or expectations as of ethics or decency.
f89618c03c,Proof,Any factual evidence that helps to establish the truth of something.
86b3e23f9c,Winter,time of the year where sunshines in a more oblique manner characerterised by early sunset and decrease in temperature relative to position on the earth
86b3e23f9c,Care,to show affection and help
86b3e23f9c,Purse,a small bag or a pouch used to carry money or other personal items
86b3e23f9c,Bad,lack of good qualities
86b3e23f9c,Proof,a action to establish truth
b98951c546,Winter,"Winter is the coldest season of the year in temperate climates, between autumn and spring. At the winter solstice, the days are shortest and the nights are longest, with days lengthening as the season progresses after the solstice."
b98951c546,Care,"Care is a symbol and an integral part of a relationship between 12 or more living things. It symbolizes love, attention, feelings one can have towards a person one loves."
b98951c546,Purse,"is a small money bag or pouch, similar to a wallet, but typically used by women and include a compartment for coins.[citation needed] In some countries, it is known simply as a purse.[citation needed] In other countries, such as the United States, the term purse refers to a handbag."
b98951c546,Bad,It symbolizes feelings and expressions that generally hurt and result in unpleasant outcomes.
b98951c546,Proof,"A proof is sufficient evidence or argument for the truth of a proposition.[1][2][3][4]

The concept arises in a variety of areas, with both the nature of the evidence or justification and the criteria for sufficiency being area-dependent. In the area of oral and written communication such as conversation, dialog, rhetoric, etc., a proof is a persuasive perlocutionary speech act, which demonstrates the truth of a proposition.[5] In any area of mathematics defined by its assumptions or axioms, a proof is an argument establishing a theorem of that area via accepted rules of inference starting from those axioms and other previously established theorems.[6] The subject of logic, in particular proof theory, formalizes and studies the notion of formal proof.[7] In the areas of epistemology and theology, the notion of justification plays approximately the role of proof,[8] while in jurisprudence the corresponding term is evidence,[9] with burden of proof as a concept common to both philosophy and law."
55db87867f,Winter,"to hibernate,coldest season of the year,old age, death"
55db87867f,Care,"source of worry, attention,grief."
55db87867f,Purse,"a woman's handbag,money offered as a prize, case for carrying money."
55db87867f,Bad,"wicked,evil,not good, inferior quality"
55db87867f,Proof,"a test.trial,effort to discover truth"
d2238a631b,Winter,The season of the year in which the sun shines most obliquely upon any region; the coldest season of the year.
d2238a631b,Care,a troubled state of mind; worry or concern.
d2238a631b,Purse,"A small bag or pouch, the opening of which is made to draw together closely, used to carry money in; by extension, any receptacle for money carried on the person; a wallet; a pocketbook; a portemonnaie."
d2238a631b,Bad,not good in any manner or degree.
d2238a631b,Proof,"Any effort, process, or operation designed to establish or discover a fact or truth; an act of testing; a test; a trial."
6b2ac0ef88,Winter,season
6b2ac0ef88,Care,responsibility
6b2ac0ef88,Purse,a small bag
6b2ac0ef88,Bad,something which is not good
6b2ac0ef88,Proof,evidence
b245d0513e,Winter,cold
b245d0513e,Care,home
b245d0513e,Purse,money
b245d0513e,Bad,foul smelling
b245d0513e,Proof,identification
3dcbf90da5,Winter,"snowy season, One of four seasons"
3dcbf90da5,Care,"concern, help, aid"
3dcbf90da5,Purse,"handbag, clutch, satchel"
3dcbf90da5,Bad,"terrible, aweful, evil"
3dcbf90da5,Proof,"Evidence, to scan for errors"
d95ded937a,Winter,"coldest season, between autumn and spring, the days are shortest and the nights are longest, Accumulations of snow and ice"
d95ded937a,Care,"secular relief, humanitarian"
d95ded937a,Purse,"small bag,Coin purse, Handbag, Money bag, Wallet"
d95ded937a,Bad,"Cruel, Unfair, irregular, Person who misbehaves, untruthful"
d95ded937a,Proof,"Evidence, Truth"
af2803583c,Winter,"It is cold and often long, bleak and dreary, and is often linked to cold season."
af2803583c,Care,A burdensome sense of responsibility.
af2803583c,Purse,"A small bag or pouch, the opening of which is made to draw together closely, used to carry money in."
af2803583c,Bad,it is in reference to that which is lacking in moral qualities or is actually vicious and reprehensible.
af2803583c,Proof,"Any effort, process, or operation designed to establish or discover a fact or truth"
1c7639828f,Winter,"a season, which  depends upon the earth position with respect to the  sun, the fourth of the four seasons"
1c7639828f,Care,"considering, will get from others, special attention"
1c7639828f,Purse,"pouch, handbag , pocketbook, small bag ,case for carrying money"
1c7639828f,Bad,"not good in any manner, having a wicked or evil character,morally reprehensible"
1c7639828f,Proof,"The evidence, establish the truth of something, the validation"
2ece3f8886,Winter,"season, snow, cold, last season of year, cool, december, hills, kashmir"
2ece3f8886,Care,"worry, anxiety, caution, protection, careful, attention, cause of this, looking"
2ece3f8886,Purse,"pouch, handbag, cloth, box, money, cards, account, funds"
2ece3f8886,Bad,"wrong, worse, worst, defective, harmful, mistake, naughty, decayed, unpleasant"
2ece3f8886,Proof,"facts, evidence, reason, establish, test, trial, demonstration, resolution"
2eed982424,Winter,Cold climate
2eed982424,Care,Given at hospital
2eed982424,Purse,To keep money
2eed982424,Bad,Stealing is bad
2eed982424,Proof,Needed for passport
fd1a1cbbc3,Winter,"winter, wintertime"
fd1a1cbbc3,Care,"assist, attending, financial aid, aid, tending, upkeep, assistance, precaution, forethought, caution, concern, help, charge, economic aid, tutelage, guardianship, maintenance, attention, care, fear"
fd1a1cbbc3,Purse,"travelling bag, old bag, bag, dish, cup of tea, udder, wallet, pocket edition, base, pocketbook, purse, billfold, notecase, bagful, pocket book, grip, traveling bag, handbag, suitcase"
fd1a1cbbc3,Bad,"spoilt, tough, speculative, unsound, sorry, uncollectible, regretful, forged, unfit, risky, defective, high-risk, spoiled, big"
fd1a1cbbc3,Proof,"trial impression, validation, substantiation, proof, test copy, cogent evidence"
5dbaf97ab9,Winter,"Cold, snow, December, Christmas, fireplace, hot chocolate, scarves, coats, shivering."
5dbaf97ab9,Care,"Babysitting, someone who is nice, patience, teddy bears."
5dbaf97ab9,Purse,"Handbag, expensive, designer."
5dbaf97ab9,Bad,"Time out, jail, gross, a U2 song, getting in trouble."
5dbaf97ab9,Proof,"Evidence, facts, support, truth."
a3c176fff2,Winter,"a season of the year, it snows sometimes, between november and march, you can ski, slide, and make snowmen, christmas is during the winter."
a3c176fff2,Care,"love, concern for someones needs, nurses provide it for patients,"
a3c176fff2,Purse,"a bag used to carry items, sometimes made of leather, carries your wallet, you put your keys in it, has a strap"
a3c176fff2,Bad,"opposite of good, breaking the law, sins, food that isnt edible, rotten"
a3c176fff2,Proof,"showing evidence of the truth, documents that prove facts, legal documents, receipts show proof of purchase"
c47930ce18,Winter,"- Traditionally the fourth of the four seasons. typically regarded as being from December 21 to March 20. It is the time when the sun is lowest in the sky, resulting in short days, and the time of year with the lowest atmospheric temperatures for the region. Winter is the coldest season of the year in temperate climates, between autumn and spring."
c47930ce18,Care,"close attention, concern or responsibility, worry, ]maintenance, upkeep, treatment of those in need, state of being cared for, to be concerned about, ]to look after, to be mindful of."
c47930ce18,Purse,A small bag for carrying money.  A small bag usually used by women for carrying various small personal items.
c47930ce18,Bad,A small bag for carrying money.  A small bag usually used by women for carrying various small personal items.
c47930ce18,Proof,"used in proving or testing, any effort, process, or operation designed to establish or discover a fact or truth, the degree of evidence which convinces the mind of any truth or fact, and produces belief"
0da623e05b,Winter,"1.
the cold season between autumn and spring in northern latitudes (in the Northern Hemisphere from the winter solstice  to the vernal equinox; in the Southern Hemisphere from the summer solstice to the autumnal equinox).
2.
the months of December, January, and February in the U.S., and of November, December, and January in Great Britain.
3.
cold weather: a touch of winter in northern Florida.
4.
the colder half of the year ( opposed to summer).
5.
a whole year as represented by this season: a man of sixty winters."
0da623e05b,Care,"1.
a state of mind in which one is troubled; worry, anxiety, or concern: He was never free from care.
2.
a cause or object of worry, anxiety, concern, etc.: Their son has always been a great care to them.
3.
serious attention; solicitude; heed; caution: She devotes great care to her work.
4.
protection; charge: He is under the care of a doctor.
5.
temporary keeping, as for the benefit of or until claimed by the owner: He left his valuables in the care of friends. Address my mail in care of the American Embassy."
0da623e05b,Purse,"1.
a woman's handbag or pocketbook.
2.
a small bag, pouch, or case for carrying money.
3.
anything resembling a purse in appearance, use, etc.
4.
a sum of money offered as a prize or reward.
5.
a sum of money collected as a present or the like."
0da623e05b,Bad,"1.
not good in any manner or degree.
2.
having a wicked or evil character; morally reprehensible: There is no such thing as a bad boy.
3.
of poor or inferior quality; defective; deficient: a bad diamond; a bad spark plug.
4.
inadequate or below standard; not satisfactory for use: bad heating; Living conditions in some areas are very bad.
5.
inaccurate, incorrect, or faulty: a bad guess."
0da623e05b,Proof,"1.
evidence sufficient to establish a thing as true, or to produce belief in its truth.
2.
anything serving as such evidence: What proof do you have?
3.
the act of testing or making trial of anything; test; trial: to put a thing to the proof.
4.
the establishment of the truth of anything; demonstration.
5.
Law . (in judicial proceedings) evidence having probative weight."
a47ba37efc,Winter,coolest part of the year
a47ba37efc,Care,to be concerned
a47ba37efc,Purse,small handbag
a47ba37efc,Bad,not good
a47ba37efc,Proof,supporting documents as evidence
01dfb8e8be,Winter,"season, Cold, after summer, few months in a year, autumn, climate, cool, freeze, icy, short days, long nights, need fire, christmas"
01dfb8e8be,Care,"look after, speacial interest, acting accordingly, monitering the action, giving comfort,"
01dfb8e8be,Purse,"bag, carry cash, small money bag, handy bag, Accessories, Carry,"
01dfb8e8be,Bad,"not good, wrong, unacceptable,"
01dfb8e8be,Proof,"explaination, assumption, sample, copy, witness, sense, judgement, observation"
7bc1fcb47b,Winter,"Winter : It is the last season of the year, and it is also the coldest season of the year"
7bc1fcb47b,Care,Care : Things to be done or taken care of
7bc1fcb47b,Purse,Purse :Small pouch to cary money in a person
7bc1fcb47b,Bad,Bad : Something that is not good or has an inadequate defect
7bc1fcb47b,Proof,Proof : Evidence establishing or helping to establish a fact
88f83ba7a8,Winter,"WINTER IS A SEASON. COLD, RAINY, WHICH WE FEEL CUTELY AND SHINEY."
88f83ba7a8,Care,"CARE MEANS TO SAVE FROM SOMEBODY, SAVE, PROTECTION, CAREFULLY, SAFE"
88f83ba7a8,Purse,"PURSE IS WHICH MONEY  CAN KEEP SAFE, SOME PAPER KEEP SAFE. KEEP IN POCKET"
88f83ba7a8,Bad,"BAD MEANS LOOKS UGLY, HARMFULLY, UNEXPECTED HAPPEN, UNHAPPY,"
88f83ba7a8,Proof,"PROOF MEANS SOMETHING THAT IS LOOK LIKE ORIGINAL, SAME COPY,SOFT COPY,"
a878e75949,Winter,"Cold weather, season, snow, Christmas, icy, frigid temperatures, dark, short days, darkness"
a878e75949,Care,"provide for, love, tend to, feeling"
a878e75949,Purse,"handbag, organizer, to move ones lips, clutch"
a878e75949,Bad,"wrong, rotten, evil, not good, hurt others"
a878e75949,Proof,"evidence, read over, pictures, to show"
faf23b8d13,Winter,"Winter: is a cool, is an rainy, season need shouter, like ice"
faf23b8d13,Care,"Care: your property, your child, is good habit, everybody"
faf23b8d13,Purse,"Purse: is easy to carry money, use safely, is important"
faf23b8d13,Bad,"Bad: thief, habit, man, boy"
faf23b8d13,Proof,"Proof: passport, Pan Card, Driving license,"
2486e8fbec,Winter,"season, cool, chill"
2486e8fbec,Care,"protect, save, store, guard"
2486e8fbec,Purse,"bag, valet, store"
2486e8fbec,Bad,"evil, unpleasant, worst"
2486e8fbec,Proof,"identity, evidence, con formative, Guarantee"
bee7f2ab27,Winter,weather
bee7f2ab27,Care,"precaution, attention watchfulness, vigilance, regard"
bee7f2ab27,Purse,"moneybag,  handbag, wallet, pouch"
bee7f2ab27,Bad,"not good, poor, awful,  dreadful,  below standard useless,  unfit"
bee7f2ab27,Proof,"conclusive evidence, documentation, conformation, verification"
dcf44e6284,Winter,"a place or region as marked by this distance,freedom from narrow restrictions; freedom of action, opinion, etc"
dcf44e6284,Care,"a state of mind in which one is troubled; worry, anxiety, or concern
serious attention; solicitude; heed; caution,protection; charge"
dcf44e6284,Purse,"a woman's handbag or pocketbook,a small bag, pouch, or case for carrying money,anything resembling a purse in appearance, use, etc,a sum of money offered as a prize or reward,a sum of money collected as a present or the like."
dcf44e6284,Bad,"not good in any manner or degree,having a wicked or evil character,of poor or inferior quality; defective; deficient,inadequate or below standard; not satisfactory for use,inaccurate, incorrect, or faulty"
dcf44e6284,Proof,"evidence sufficient to establish a thing as true, or to produce belief in its truth,anything serving as such evidence,the act of testing or making trial of anything,the establishment of the truth of anything; demonstration"
2fa272bcaa,Winter,Winter is the coldest season
2fa272bcaa,Care,Care your pet
2fa272bcaa,Purse,Purse contains money.
2fa272bcaa,Bad,Bad things can happen.
2fa272bcaa,Proof,Proof of Identity is important.
d6fbaf0859,Winter,one of the four season. described by snow and cold weather
d6fbaf0859,Care,affection or concern for someone
d6fbaf0859,Purse,"a small pouch , where you put your money or coins"
d6fbaf0859,Bad,oppsite of good. evil.
d6fbaf0859,Proof,"evidence,, the"
7272f16288,Winter,"a season, cold, snowy, November through February in the northern hemisphere, June through August in the southern hemisphere, rainy, causes trees to lose leaves, dark, shorter days"
7272f16288,Care,"to deal with something, to provide for someone's needs, to have an opinion about something, carefulness, meticulousness"
7272f16288,Purse,"a small bag, a bag for holding money, made of fabric, to draw one's lips in"
7272f16288,Bad,"not good, evil, hardcore, unhealthy, damaging"
7272f16288,Proof,"evidence, a sample of photography, reasoning that shows something is true"
7cf403bfc3,Winter,coldest and last season of the year
7cf403bfc3,Care,"worry,anxiety"
7cf403bfc3,Purse,small pouch for carrying money on the person
7cf403bfc3,Bad,"inadequate,defective"
7cf403bfc3,Proof,"facts,evidence,reasoning,etc..establishing or helping to establish a fact"
9fb171be25,Winter,"winter is the season,between autumn and spring, days are short and nights are 
longest,snow and ice are mostly associated with winter"
9fb171be25,Care,"mental suffering,grief,close attention,solicitude, painstaking application"
9fb171be25,Purse,"a small bag,a pouch for carrying money,,a  wallet ,and other personal items,
a container"
9fb171be25,Bad,"poor, unfavorable,,unpleasant ,severe ,intense full of exhibiting faults"
9fb171be25,Proof,"the evidence,convincing demonstration,mind to accept an assertion,a trial sheet of printed material"
5c88d6dd6c,Winter,"cold and often long, bleak and dreary, The coldest season of a year, The period of decay."
5c88d6dd6c,Care,"A burdensome sense of responsibility, attention or heed, heed fulness, watchfulness."
5c88d6dd6c,Purse,"women,s hands bag, pocket book, a small bag or pouch for carrying money"
5c88d6dd6c,Bad,"wasted, vulgar or obscene, not fresh, rotten or spoiled, having no validity."
5c88d6dd6c,Proof,"An impression made to check for errors, a trial photographic  print from a negative, The act of validating, finding or testing the truth of something."
ce58ffe106,Winter,"cold season of the year, chill, wintertime, frost, chill, cold"
ce58ffe106,Care,"guardianship, protection, supervision, ward, tutelage, trust, management, aegis"
ce58ffe106,Purse,"attache' carryall, gear, gear, knapsack, briefcase, poke, satchel, tote,"
ce58ffe106,Bad,"poor quality, awful, careless, cheap, crummy, cruddy, defective, dreadful, inadequate, junky, substandard, unacceptable, poor, sad, unsatisfactory"
ce58ffe106,Proof,"evidence, case, confirmation, certification, credentials, criterion, demonstration, validation, record"
95e2618c28,Winter,"Winter is the coldest season,it is  between autumn and spring"
95e2618c28,Care,"Close attention,Watchful oversight"
95e2618c28,Purse,"A small bag or pouch for carrying money,it is a bag for carrying keys, a wallet, and other personal items"
95e2618c28,Bad,"Evil,Vulgar or obscene,Unfavorable"
95e2618c28,Proof,"Convincing or persuasive demonstration, Determination of the quality of something by testing"
2cfb3bdbcd,Winter,the coldest season
2cfb3bdbcd,Care,love
2cfb3bdbcd,Purse,money
2cfb3bdbcd,Bad,worst
2cfb3bdbcd,Proof,evidence
cf8ffe2059,Winter,"season, period"
cf8ffe2059,Care,"importance, priority"
cf8ffe2059,Purse,"money, small"
cf8ffe2059,Bad,"worst, not good"
cf8ffe2059,Proof,"real, fact"
7242ce95a4,Winter,season
7242ce95a4,Care,protect
7242ce95a4,Purse,pouch
7242ce95a4,Bad,doing wrong
7242ce95a4,Proof,identity
932ad1fc41,Winter,"cold,breeze,fruit,food,season."
932ad1fc41,Care,"carefree,careless,about,like."
932ad1fc41,Purse,"vallet,money holder,lady purse,fancy purse."
932ad1fc41,Bad,"weather,food,person,road,accident,leather."
932ad1fc41,Proof,"ID,passport,paper,court proof."
33cd6db15a,Winter,"Ono of the four season ,Cold season,Trees shedding leaves,Bare trees and white covered ground,christmas season.Hibernation and rest."
33cd6db15a,Care,"Protect, defend,look after,give attention,love and care,feeling of comfort and safety."
33cd6db15a,Purse,"Money bag ,Carry bag ,travel bag, fashion statement,travel accessory. Made of leather, cloth or fabric."
33cd6db15a,Bad,"Not good,not edible,inferior,low quality,substandard."
33cd6db15a,Proof,"Identity,Show support document, truthful,valid,accepted,real."
cef0fec366,Winter,"season of a very cold time of year, Christmas time, snowy and cold weather"
cef0fec366,Care,to have [positive feeling for someone or something
cef0fec366,Purse,something a women carries her items in. something fashionable and/or with function
cef0fec366,Bad,"not good, wrong"
cef0fec366,Proof,having evidence
2622f61522,Winter,"Cool, cold, sweater, use fire"
2622f61522,Care,"Maintenance, parents and children care"
2622f61522,Purse,"Wallet, money, Keep in poket"
2622f61522,Bad,"Ugly, not good, hate"
2622f61522,Proof,"Validate, used in court, important things,"
2a6566d746,Winter,"cold weather,the months of December, January, and February in india,a whole year as represented by this season."
2a6566d746,Care,"protection,temporary keeping,a cause or object of worry, anxiety, concern, etc,serious attention,a state of mind in which one is troubled,worry,anxiety."
2a6566d746,Purse,"a woman's handbag or pocketbook,a small bag, pouch, or case for carrying money,anything resembling a purse in appearance, use, etc ,a sum of money offered as a prize or reward, a sum of money collected as a present or the like."
2a6566d746,Bad,"not good in any manner or degree,inaccurate, incorrect, or faulty,having a wicked or evil character,of poor or inferior quality."
2a6566d746,Proof,"the establishment of the truth of anything,anything serving as such evidence,evidence sufficient to establish a thing as true,the act of testing or making trial of anything."
c284e4a997,Winter,"A climate,cold,shivering,wear wollen,catch cold and fever."
c284e4a997,Care,"Take attention,mother care,body care,family care."
c284e4a997,Purse,"A vallet,small in size,keeps money,cards etc.holder of things."
c284e4a997,Bad,"Worse,black,negative for goodness,not an auspious."
c284e4a997,Proof,"A show,identification,means warranty also."
0e8f9dbd37,Easy,"simple,understood,completed"
0e8f9dbd37,Company,"a large organization,group of friends"
0e8f9dbd37,Behind,"at the back,"
0e8f9dbd37,Ghost,"soul,invisible part of a dead person"
0e8f9dbd37,Conservative,not ready to change
24a08f9d6b,Easy,"posing no difficulty: an easy victory; an easy problem,Affording comfort or relief; soothing,Prosperous; well-off,Relaxed in attitude; easygoing: an easy disposition."
24a08f9d6b,Company,"A group of persons,A business enterprise; a firm.A partner or partners not specifically named in a firm's title."
24a08f9d6b,Behind,"In or to a position further back than; at the rear of; at the back of,late according to; not keeping up with running behind schedule.in or to a position further back; following,in debt; in arrears."
24a08f9d6b,Ghost,"A demon or spirit,The center of spiritual life; the soul.A faint, false image."
24a08f9d6b,Conservative,Favoring traditional views and values; tending to oppose change.Traditional or restrained in style: a conservative dark suit.Moderate; cautious: a conservative estimate.
2622f61522,Easy,"ight, loose, promiscuous, sluttish, wanton, gentle, soft, easygoing,"
2622f61522,Company,"ship's company, party, caller, companionship, fellowship, society, accompany, companion, keep company"
2622f61522,Behind,"backside, bottom, bum, buns, butt, buttocks, can, derriere, fanny, fundament, hind end, hindquarters"
2622f61522,Ghost,"ghostwriter, ghostwrite, haunt, obsess"
2622f61522,Conservative,"conservativist, bourgeois, materialistic, button-down, buttoned-down, cautious"
82f10f982d,Easy,finish without stress. can understand in a short time. can remember without difficulty
82f10f982d,Company,the place where we work. the circle of friends we have
82f10f982d,Behind,opposite of in front of
82f10f982d,Ghost,life after death
82f10f982d,Conservative,who believes in traditional values. denies to accept the new life style
6a26af6ef5,Easy,"Not hard,simple,not challenging, quick to do"
6a26af6ef5,Company,"business,organisation,large,profit,selling,products,staff,administration,office,commission,opening hours,managers,company car,benefits,salary,meetings,conference,project"
6a26af6ef5,Behind,"back,not in front,in the past, walking behind you, turn back"
6a26af6ef5,Ghost,"spirit,passed person,haunting,scary,poltergeist,dead,spooky"
6a26af6ef5,Conservative,"labour,politician,party,government,elections,votes"
9dcb3cb661,Easy,"Not difficult, not hard to do or complete."
9dcb3cb661,Company,"business organization, official, legal person."
9dcb3cb661,Behind,In back of something.
9dcb3cb661,Ghost,"Spirit, dead, white, ephemeral."
9dcb3cb661,Conservative,"Opposite of liberal, stern."
eb09612a37,Easy,FREE WORK
eb09612a37,Company,JOB WORLD
eb09612a37,Behind,BACK
eb09612a37,Ghost,TREMBLE
eb09612a37,Conservative,DARKNESS
f89618c03c,Easy,"Posing no difficulty; requiring little effort.
Free from worry or anxiety."
f89618c03c,Company,"An institution created to conduct business.
The state of being with someone."
f89618c03c,Behind,Remaining in a place or condition that has been left or departed from.
f89618c03c,Ghost,"The visible disembodied soul of a dead person.
A mental representation of some haunting experience."
f89618c03c,Conservative,A person who has conservative ideas or opinions.
fd1a1cbbc3,Easy,"well-situated, loose, gentle, prosperous, easygoing, sluttish, soft, leisurely, well-off, light, wanton, well-heeled, promiscuous, comfortable, well-to-do, well-fixed"
fd1a1cbbc3,Company,"troupe, companionship, society, party, fellowship, ship's company, caller"
fd1a1cbbc3,Behind,"slow, in arrears, behindhand,easy, slowly, behind, tardily, slow, in arrears, behindhand"
fd1a1cbbc3,Ghost,"phantasma, phantom, wraith, shade, shadowiness, shadiness, touch, weirdo, weirdy, nuance, weirdie, specter, ghost, tincture, ghostwriter, tint, nicety, apparition, trace, phantasm, tad, spectre, spook, subtlety, tone, creep, fantasm, refinement"
fd1a1cbbc3,Conservative,"conservativist,bourgeois, materialistic, button-down, buttoned-down, conservative, cautious"
9abdd2e7cc,Easy,"the opposite of hard, not difficult"
9abdd2e7cc,Company,"Guest, a bussiness,"
9abdd2e7cc,Behind,"the opppiste of in front, in the back"
9abdd2e7cc,Ghost,"the dead, when something is no longer alive."
9abdd2e7cc,Conservative,"it be weary of something, cautious"
1c7639828f,Easy,"without great effort, presenting few difficulties, Be careful,  simple"
1c7639828f,Company,"Associate with, keep company with, A commercial business, firm"
1c7639828f,Behind,"back side of something, following, backwards,"
1c7639828f,Ghost,"nebulous image, create fear, representation of dead person"
1c7639828f,Conservative,"Holding to traditional attitudes , 	
A person who is averse to change and holds to traditional values and attitude, Favoring traditional views and values"
a878e75949,Easy,"simple, not difficult, carefree, child-like"
a878e75949,Company,"corporation, family, friends, business"
a878e75949,Behind,"in back of, bottom, not in front, after, losing"
a878e75949,Ghost,"spirit, Casper, haunted, Halloween, superstitious"
a878e75949,Conservative,"saver, politics, high morals, low-key, penny pincher, less government, watches money, wise"
95e2618c28,Easy,"Capable of being accomplished or acquired with ease,posing no difficulty,Requiring or exhibiting little effort or endeavor"
95e2618c28,Company,"A group of persons,One's companions or associates"
95e2618c28,Behind,"In, to, or toward the rear,In a place or condition that has been passed or left"
95e2618c28,Ghost,"The spirit of a dead person, especially one believed to appear in bodily likeness to living persons or to haunt former habitats,he center of spiritual life; the soul"
95e2618c28,Conservative,"Favoring traditional views and values; tending to oppose change, Traditional or restrained in style"
ce58ffe106,Easy,"not difficult, accessible, snap, simple, manifest, done, evident, light, child's play, nothing to it, manageable"
ce58ffe106,Company,"crowd of people, throng, party, muster, group, corps., community, club, assembly, zoo, gang, convention"
ce58ffe106,Behind,"backside, bottom, posterior, fanny, tush, tail, rear, breech, seat, rump, in the wake, afterwards, back of"
ce58ffe106,Ghost,"spirit of the dead, haunt, phantom,  spook, visitor, shadow, poltergeist, ethereal being, daemon, zombie"
ce58ffe106,Conservative,"cautious, constant, guarded, not extreme, quiet, sober, steady, traditional, unchanging, old guard, obstinate"
566a95bad9,Easy,"Free from care, responsibility, discontent, and the like, not anxious, tranquil; as, an easy mind, Not causing, or attended with, pain or disquiet, or much exertion; affording ease or rest; as, an easy carriage; a ship having an easy motion; easy movements, as in dancing."
566a95bad9,Company,"a number of people gathered together; assembly,the fact of being with someone; companionship ,a social visitor or visitors; guest or guests,a unit of around 100 troops, usually comprising two or more platoons"
566a95bad9,Behind,"In, to, or toward the rear, In a place or condition that has been passed or left,At the back of or in the rear of,Later than,Hidden or concealed by, In pursuit of"
566a95bad9,Ghost,"The spirit of a dead person, especially one believed to appear in bodily likeness to living persons or to haunt former habitats,The center of spiritual life; the soul,A demon or spirit."
566a95bad9,Conservative,"Favoring traditional views and values; tending to oppose change,Traditional or restrained in style,Moderate; cautious"
80a1c46dbd,Easy,"simple, crossword puzzles, directions, simplicity"
80a1c46dbd,Company,"owner, manager, workers, manufacturing, steel industry, woodworking, going out of business, group, incorporated, start-up"
80a1c46dbd,Behind,"lagging, in back of, in arrears, bottom, body part, rear end, lower rank"
80a1c46dbd,Ghost,"spirit creature, demon, wicked, Halloween, witch, goblin, devil, seance, Ouiji board, divination, palm reading, fortune telling,"
80a1c46dbd,Conservative,"strict, opinion, one-way, opinionated to a certain degree, saves on water, environment, protects"
a47ba37efc,Easy,not difficult
a47ba37efc,Company,where we used to work
a47ba37efc,Behind,at the back of us
a47ba37efc,Ghost,horror object
a47ba37efc,Conservative,not interested to accommodate new ideology
7cf403bfc3,Easy,not difficult;not requiring great effort
7cf403bfc3,Company,"a number of people assembled,guest"
7cf403bfc3,Behind,"prep,a in or to the rear of,on the far side of,hidden or implied by"
7cf403bfc3,Ghost,supposed apparition of a dead person or animal;disembodied spirit
7cf403bfc3,Conservative,"a averse to rapid change,moderate,avoiding extremes"
26c834f70e,Easy,"not hard, piece of cake, not difficult"
26c834f70e,Company,"Place of work, employer, good or service, corporation"
26c834f70e,Behind,"Lagging, late, overdue"
26c834f70e,Ghost,"Scary, eerie, pale, white, cemetery, fright"
26c834f70e,Conservative,"Modest, right wing, low taxes, small government"
45805844ee,Easy,"simple, not hard, tasks, carefree"
45805844ee,Company,"work, money, friends, career"
45805844ee,Behind,"rear, not in front, lagging, slow"
45805844ee,Ghost,"spooky, dead, haunting, pale"
45805844ee,Conservative,"reserved, old fashioned, demure"
92ea18c297,Easy,Simple
92ea18c297,Company,Firm
92ea18c297,Behind,Backwards
92ea18c297,Ghost,A Spirit or An Evil
92ea18c297,Conservative,Typically in religion
6b2ac0ef88,Easy,not difficult
6b2ac0ef88,Company,firm
6b2ac0ef88,Behind,at the back
6b2ac0ef88,Ghost,spirit of dead person
6b2ac0ef88,Conservative,cautious
41e63f1eda,Easy,"OPPOSITE OF HARD,TASKS MAY BE EASY OR HARD,LIFE IS EASY WITH JOY,EASY QUESTIONS NEED TO ANSWERED FIRST,EASY WAY OF DOING THE THINGS,EASY MAY NOT BE SAFE ALWAYS,EASY PLAY GAMES FOR CHILD."
41e63f1eda,Company,"OF FRIENDS MAY BE GOOD OR BAD,AN ENTITY HAVING ENDURING LIFE,PRIVATE OR PUBLIC,WITH LIMITED BY LIABILITY ,LIMITED BY SHARES,COMPANY IS GIVEN FOR SHARING THOUGHTS,HAPPINESS."
41e63f1eda,Behind,"BEHIND THE BARS FOR LIFE,BEHIND THE WALL,BEHIND THE CRIME HANDS OF PEOPLE,BEHIND THE POLITICAL PARTY,BEHIND THE POLICY,BEHIND THE SUCCESS,BEHIND THE RELIGIOUS THOUGHTS."
41e63f1eda,Ghost,"GHOST SURPRISING,CAN'T SEEN BY EVERYONE, NATURAL SUPERPOWER,NONSENSE,BELIEFS & THOUGHTS BELIEVABLE OR NOT,GHOST RIDER.GHOST IN FILMS."
41e63f1eda,Conservative,"PLANS FOR FUTURES,WATER & NATURAL  RESOURCES SCRACE & LIMITED ,APPROACH BEHIND THERAPY,WAY OF LIVING,WATER TREATMENT PLANTS."
6c7df926ad,Easy,"simple, smooth, attractives, allways doing, all mens main ambition on easyway"
6c7df926ad,Company,"a group, a group of members, it gives social good, it gives works"
6c7df926ad,Ghost,"jinnu, simpal of unsence, gives sad,"
6c7df926ad,Conservative,attractive
383fdfe4b2,Easy,"not difficult,consenting readily to sex,illuminate,comfortable,Free from worry,Not hurried or forced,simple,facile,effortless,posing no difficulty."
383fdfe4b2,Company,"A business enterprise,A group of persons,A unit of firefighters,a band of people associated temporarily in some activity,an institution created to conduct business."
383fdfe4b2,Behind,"In, to, or toward the rear, At the back of or in the rear of, backing or supporting, at the rear of, at the back of, on the other side of, on the far side of, at the heels of."
383fdfe4b2,Ghost,"The spirit of a dead person,A demon or spirit,the disembodied spirit of a dead person, supposed to haunt the living as a pale or shadowy vision,the visible disembodied soul of a dead person."
383fdfe4b2,Conservative,"Favoring traditional views and values,avouring the preservation of established customs, values,a person who is reluctant to accept changes and new ideas,resistant to change."
1e695ef57f,Easy,"not hard, state of action, assessment of difficulty, rating, for novices, not challenging, for white belts, simple"
1e695ef57f,Company,"corporation, business, firm, client, band, alliance, common purpose"
1e695ef57f,Behind,"in the rear, losing, not ahead, not even, at the end, rear guard, not forward, backside"
1e695ef57f,Ghost,"a spook, not alive, dead, haunting, white, floating, moaning, scary, transparent"
1e695ef57f,Conservative,"party, affiliation, not liberal, not progressive, cautious, sceptical, close, stingy, right wing, Republican,"
4792a552bb,Easy,"EASY (computer language), a scripting language
Enhanced Avionics System (EASy), an avionics suite used on Dassault Falcon business jets
Easy, a 2003 film starring Marguerite Moreau
A low difficulty level in video games
A brand of the UK company easyGroup, including easyJet
Easy (store) a South American home improvement chain
Easy, a Swedish studio focused on free online games.
EASY Card (South Florida), a transport payment card in Florida, United States"
4792a552bb,Company,"A company is a form of business organization. It is an association or collection of individual real persons and/or other companies, who each provide some form of capital. This group has a common purpose or focus and an aim of gaining profits. This collection, group or association of persons can be made to exist in law and then a company is itself considered a ""legal person"". The name company arose because, at least originally, it represented or was owned by more than one real or legal person."
4792a552bb,Behind,"The laws of Australian football describe the rules of the game of Australian rules football as they have evolved and adapted, with the same underlying core rules, since 1859."
4792a552bb,Ghost,"In traditional belief and fiction, a ghost is the soul or spirit of a deceased person or animal that can appear, in visible form or other manifestation, to the living. Descriptions of the apparition of ghosts vary widely from an invisible presence to translucent or barely visible wispy shapes, to realistic, life-like visions. The deliberate attempt to contact the spirit of a deceased person is known as necromancy, or in spiritism as a séance."
4792a552bb,Conservative,"Conservatism (Latin: conservare, ""to preserve"")[1] is a political and social philosophy that promotes the maintenance of traditional institutions and supports, at the most, minimal and gradual change in society. Some conservatives seek to preserve things as they are, emphasizing stability and continuity, while others oppose modernism and seek a return to the way things were.[2][3] The first established use of the term in a political context was by François-René de Chateaubriand in 1819, following the French Revolution.[4] The term has since been used to describe a wide range of views."
8f659dbf2f,Easy,"effortless, uncomplicated, relaxed"
8f659dbf2f,Company,"organisation, corporation, group of friends"
8f659dbf2f,Behind,"Aft, backward, rear, last"
8f659dbf2f,Ghost,"phantom, wraith, spirit . banshee, haunting ethereal"
8f659dbf2f,Conservative,"reserved, right wing, traditional, classical"
87348fcf13,Easy,"can be done quickly, does not require much thought,"
87348fcf13,Company,"a place to work, pays people, provides services,"
87348fcf13,Behind,"slow, late, at or near the end of something in comparison to others"
87348fcf13,Ghost,"scary, dead, restless, cannot be seen, haunts places/people"
87348fcf13,Conservative,"modest, not flashy, reserved in dress, appearance and behavior"
a4153f408b,Easy,"not difficult,"
a4153f408b,Company,"business, work, employer,"
a4153f408b,Behind,"opposite of front, rear"
a4153f408b,Ghost,"shadow, not natural"
a4153f408b,Conservative,"saving , relaxed"
2cfb3bdbcd,Easy,clear
2cfb3bdbcd,Company,aggregation
2cfb3bdbcd,Behind,after
2cfb3bdbcd,Ghost,devil
2cfb3bdbcd,Conservative,moderate
430445fa7c,Easy,"simple, fast, quick, non-hard, task, no difficulty"
430445fa7c,Company,"business, work, organization, sellers, busy, building, employees,unity, group"
430445fa7c,Behind,"hidden, unseeable, in back of,"
430445fa7c,Ghost,"scary, horror, haunted, death, cementary, grave, body, stories, transperent, don't touch the floor,halloween,"
430445fa7c,Conservative,"shy, keep to self, private, non social, calm, republican, organized"
2f2d675e23,Easy,"Posing no difficulty; requiring little effort.
EX-An easy walk around the block."
2f2d675e23,Company,"An institution created to conduct business.
EX-He started the company in his garage."
2f2d675e23,Behind,"Remaining in a place or condition that has been left or departed from.
EX-The final runners were far behind."
2f2d675e23,Ghost,"A mental representation of some haunting experience.
EX-He detected a ghost of a smile on her face."
2f2d675e23,Conservative,Conforming to the standards and conventions of the middle class.
d2238a631b,Easy,"Free from pain, distress, toil, exertion, and the like; quiet; as, the patient is easy"
d2238a631b,Company,a number of individuals assembled or associated together; group of people.
d2238a631b,Behind,"On the side opposite the front or nearest part; on the back side of; at the back of; on the other side of; as, behind a door; behind a hill."
d2238a631b,Ghost,"the soul of a dead person, a disembodied spirit imagined as wandering, often in vague or evanescent form, among the living and sometimes haunting them; wraith."
d2238a631b,Conservative,"Having power to preserve in a safe of entire state, or from loss, waste, or injury; preservative."
a7dca11140,Easy,"simple,freely,smooth"
a7dca11140,Company,"production,labor,manufacturing"
a7dca11140,Behind,"back,last,failure"
a7dca11140,Ghost,"evil, cemetery,duplicate"
a7dca11140,Conservative,"political party, election,govern"
86dc19ebbd,Easy,"simple, trouble free, straighforward,effortless"
86dc19ebbd,Company,"organisation,institution, group, party"
86dc19ebbd,Behind,"at the back, following, last, after"
86dc19ebbd,Ghost,"scary, bad spirit, dracula, dead ones"
86dc19ebbd,Conservative,"traditional, conventional, old fashioned"
fe5a703d9c,Easy,"not difficult, no high effort to do something"
fe5a703d9c,Company,"place where work done by number of people, number of people assembled"
fe5a703d9c,Behind,"in or to the rear, back of some where"
fe5a703d9c,Ghost,"dead persons spirit,"
fe5a703d9c,Conservative,"averse to rapid change, moderate"
de23fe1cfc,Easy,"something doable, not hard at all"
de23fe1cfc,Company,"individuals assembled or associated together, group of people, guests"
de23fe1cfc,Behind,"at or toward the rear, not keeping up with something,"
de23fe1cfc,Ghost,the soul of a dead person
de23fe1cfc,Conservative,"cautiously moderate, traditional in style or manner"
d6fbaf0859,Easy,"without any hardship, alright"
d6fbaf0859,Company,to be included in a group of organization
d6fbaf0859,Behind,"from the back, layback"
d6fbaf0859,Ghost,referring to the spirit of a dead person
d6fbaf0859,Conservative,not modern. old fashioned
cdf81c2126,Easy,simple
cdf81c2126,Company,an assemblage of persons for social purposes
cdf81c2126,Behind,supporting
cdf81c2126,Ghost,spirit
cdf81c2126,Conservative,cautiously moderate
9fb171be25,Easy,"Capable of being accomplished or acquired with ease; posing no difficulty
. Causing little hardship or distress, Light; gentle"
9fb171be25,Company,"A business enterprise; a firm. One's companions 
A ship's crew and officers"
9fb171be25,Behind,"At the back of or in the rear of: In a place or time that has been passed or left by , In a place or condition that has been passed or left:"
9fb171be25,Ghost,"The spirit of a dead person, especially one believed to appear in bodily likeness to living persons or to haunt former habitats,  A returning or haunting memory or image."
9fb171be25,Conservative,"Favoring traditional views and values; tending to oppose change. Moderate; cautious , Traditional or restrained in style"
199052e39b,Easy,"simple, quick , uncomplicated , not hard"
199052e39b,Company,"group , friends , help , associates"
199052e39b,Behind,"in back of , not as good ,"
199052e39b,Ghost,"scary , deceased person , someone on the other side"
199052e39b,Conservative,"strict , prudish . not open"
a99eff3ef7,Easy,"Easy describes something that can be done with ease, is not hurried, is not difficult, is free from anxiety or is comfortable"
a99eff3ef7,Company,Company is a guest or a group of people associated with each other.
a99eff3ef7,Behind,in or to the rear or back
a99eff3ef7,Ghost,the spirit or soul
a99eff3ef7,Conservative,"The definition of conservative is favoring older, known traditions and resisting any changes"
10d4f79779,Easy,"posing no difficulty, Relaxed in attitude; easygoing, With little effort; easily, Without much hardship or cost."
10d4f79779,Company,"""company"" means a company formed and registered under the Companies Act, 1956 or an existing company,"
10d4f79779,Behind,"not keeping up with, later than; after, in a place, state, or stage already passed,"
10d4f79779,Ghost,"A demon or spirit, A slight or faint trace, A returning or haunting memory or image, The center of spiritual life; the soul."
10d4f79779,Conservative,"cautiously moderate or purposefully low, traditional in style or manner; avoiding novelty or showiness, disposed to preserve existing conditions, institutions, etc., or to restore traditional ones, and to limit change."
e01ef2fec0,Easy,Easy
e01ef2fec0,Company,Company
e01ef2fec0,Behind,Behind
e01ef2fec0,Ghost,Ghost
e01ef2fec0,Conservative,Conservative
01dfb8e8be,Easy,"not difficult, understand, capable,"
01dfb8e8be,Company,"with, organization, business, person, association, partnership, engage, collection"
01dfb8e8be,Behind,"back of, direction, not front, indirect,"
01dfb8e8be,Ghost,"Devil, dead person, spiritual,"
01dfb8e8be,Conservative,"cautious, Favoring traditional views, oppose change, restrained in style, Traditional, adjective"
98e8b229d5,Easy,"well-situated, loose, gentle, prosperous, easygoing, sluttish, soft, leisurely, well-off, light, wanton, well-heeled, promiscuous, comfortable, well-to-do, well-fixed, cushy, promiscuous"
98e8b229d5,Company,"troupe, companionship, society, party, fellowship, ship's company, caller, social club, guild, caller, company, order, lodge ,association, bring in, come along"
98e8b229d5,Behind,"buttocks, nates, arse, butt, backside, bum, buns, can, fundament, hindquarters, hind end, keister, posterior, prat, rear, rear end, rump, stern, seat, tail, tail end, slow, in arrears, behindhand"
98e8b229d5,Ghost,"phantasma, phantom, wraith, shade, shadowiness, shadiness, touch, weirdo, weirdy, nuance, weirdie, specter, ghost, tincture, ghostwriter, tint, nicety, apparition, trace, phantasm, tad, spectre, spook, subtlety, tone, creep, fantasm, refinement, ghostwriter"
98e8b229d5,Conservative,"conservativist,liberal, progressive, welfarist, center, socialised, neoliberal,upper class, lower class,immoderate"
4baffedf4f,Easy,simple
4baffedf4f,Company,plant
4baffedf4f,Behind,back
4baffedf4f,Ghost,devil
4baffedf4f,Conservative,shy
b245d0513e,Easy,not difficult
b245d0513e,Company,group of people
b245d0513e,Behind,at your rear
b245d0513e,Ghost,spirit
b245d0513e,Conservative,guarded
0da623e05b,Easy,"not hard or difficult; requiring no great labor or effort: a book that is easy to read; an easy victory.
free from pain, discomfort, worry, or care: He led an easy life.
providing or conducive to ease or comfort; comfortable: an easy stance; an easy relationship.
fond of or given to ease; easygoing: an easy disposition.
not harsh or strict; lenient: an easy master."
0da623e05b,Company,"a number of individuals assembled or associated together; group of people.
a guest or guests: We're having company for dinner.
an assemblage of persons for social purposes.
companionship; fellowship; association: I always enjoy her company.
one's usual companions: I don't like the company he keeps."
0da623e05b,Behind,"at or toward the rear of: Look behind the house.
not keeping up with, later than; after: behind schedule.
in the state of making less progress than: We can't afford to fall behind our competitors.
on the farther side of; beyond: behind the mountain.
originating, supporting, or promoting: Who's behind this program?"
0da623e05b,Ghost,"the soul of a dead person, a disembodied spirit imagined, usually as a vague, shadowy or evanescent form, as wandering among or haunting living persons.
a mere shadow or semblance; a trace: He's a ghost of his former self.
a remote possibility: He hasn't a ghost of a chance.
( sometimes initial capital letter ) a spiritual being.
the principle of life; soul; spirit."
0da623e05b,Conservative,"disposed to preserve existing conditions, institutions, etc., or to restore traditional ones, and to limit change.
cautiously moderate or purposefully low: a conservative estimate.
traditional in style or manner; avoiding novelty or showiness: conservative suit.
( often initial capital letter ) of or pertaining to the Conservative party.
( initial capital letter ) of, pertaining to, or characteristic of Conservative Jews or Conservative Judaism."
6aec55ff6d,Easy,easy is a word. It means a thing that can be do fast. It also means that a thing or an action that is possible. It means an action without stress.
6aec55ff6d,Company,It an organization. Its a group of workers. It has a head officer and it has subordinates. Its a separate entity in the society. It is profit motive.
6aec55ff6d,Behind,Behind means back view. It also means backside. It can also said to be the past happens. It means the processing of every actions.
6aec55ff6d,Ghost,Ghost is a hypothetical element. It is created by human beings. It is a believes. It is also considered as a customary believes. It can be created and destroyed.
6aec55ff6d,Conservative,It is word that means very low mingled. And it also means that the present situation. And also it got a meaning that the political view of Britain. It means that low mingled mind and feelings.
0aca162d17,Easy,achieved without great effort
0aca162d17,Company,a commercial business
0aca162d17,Behind,at or to the back
0aca162d17,Ghost,a faint trace
0aca162d17,Conservative,opposed to change
cd99a04ede,Easy,"simple, straightforward, not difficult, slow, backwards"
cd99a04ede,Company,"place of work, organisation, friends & family"
cd99a04ede,Behind,"lagging, in last place, at the rear"
cd99a04ede,Ghost,"spectre, ghoul, spirit, graveyard, horror film"
cd99a04ede,Conservative,"boring, politician, right wing, non risk taker"
cd4699ed74,Easy,without difficulty
cd4699ed74,Company,a business
cd4699ed74,Behind,back
cd4699ed74,Ghost,casper
cd4699ed74,Conservative,reserved
2b15616b23,Easy,means simple
2b15616b23,Company,is a business enterprise
2b15616b23,Behind,means at the back
2b15616b23,Ghost,a evil spirit
2b15616b23,Conservative,means traditional
af2803583c,Easy,posing no difficulty.
af2803583c,Company,The state of being a companion or companions.
af2803583c,Behind,In a place or condition that has been passed or left.
af2803583c,Ghost,The spirit of a dead person.
af2803583c,Conservative,"Having power to preserve in a safe of entire state, or from loss, waste, or injury; preservative."
c57efba744,Easy,"comfortable,take it easy, easy circumstances,free from pain ,constraint,furnishing comfort"
c57efba744,Company,"proprietership,partnership, the act of accompanying, any entity engaging in business"
c57efba744,Behind,"on the backside of, at the back of, on the other side of, behind a door, behind a hill"
c57efba744,Ghost,"devil, evil, the spirit of a dead person, a spirit appearing after death, an apparition"
c57efba744,Conservative,"resisting change,  desiring to preserve traditions,cautious,  Traditional or restrained in style"
86b3e23f9c,Easy,requires little effort
86b3e23f9c,Company,"business organisation which can be a partnership, proprietorship or a corporation"
86b3e23f9c,Behind,placed in rear
86b3e23f9c,Ghost,spirit or apparition of dead person
86b3e23f9c,Conservative,being skeptical towards change
19431af03e,Easy,Capable of being accomplished or acquired with ease; posing no difficulty: Requiring or exhibiting little effort or endeavor; undemanding.
19431af03e,Company,"A group of persons, a number of people gathered together; assembly."
19431af03e,Behind,"In a place or condition that has been passed or left,Below the standard level; in or into an inferior position."
19431af03e,Ghost,"The spirit of a dead person, especially one believed to appear in bodily likeness to living persons or to haunt former habitats."
19431af03e,Conservative,"Favoring traditional views and values; tending to oppose change,Traditional or restrained in style."
2486e8fbec,Easy,"simple, quick, fast, more"
2486e8fbec,Company,"joint,group, individuals"
2486e8fbec,Behind,"back, anterior, drag,"
2486e8fbec,Ghost,"horrified,terror, evil"
2486e8fbec,Conservative,"save, preserve, store, keep"
