subject_id,word,answer
9fbbce61dd,Boxer,"game player, martial  arts player, fist with fight game"
9fbbce61dd,Dancer,"body movement, artist, body movable in a  particular  style,teacher, master,professional"
9fbbce61dd,Map,"atlas, world  geographical limits, miniature of  earth ,globe"
9fbbce61dd,Plain,"white,equal place, plain  area, , earth"
9fbbce61dd,Town,"city,bazar,center of  a   district, urban area, corporation area,"
46db8237d3,Boxer,"mohamed ali,wwe,famous sports"
46db8237d3,Dancer,"michael jackson,shakira,carnatic,western"
46db8237d3,Map,"world map,geographical,location,mapping"
46db8237d3,Plain,"without any other matters,simple"
46db8237d3,Town,"rural,city,vienna,mumbai,chennai"
f433c3fbfe,Boxer,Fighter
f433c3fbfe,Dancer,performer
f433c3fbfe,Map,plan
f433c3fbfe,Plain,natural
f433c3fbfe,Town,urban
33f9438463,Boxer,"a person who fights as a sport, usually with gloved fists, according to set rules; prize-fighter; pugilist. one of a German breed of medium-sized, stocky, short-haired, pug-faced dogs having a brindled or tan coat with white markings. a person or thing that packs items into boxes. boxers. boxer shorts. a person who boxes, either professionally or as a hobby; pugilist; a medium-sized smooth-haired breed of dog with a short nose and a docked tail"
33f9438463,Dancer,"a person who dances; a person who dances professionally, as on the stage. a person who dances; a person who dances professionally, as on the stage."
33f9438463,Map,"a representation, usually on a flat surface, as of the features of an area of the earth or a portion of the heavens, showing them in their respective forms, sizes; a maplike delineation, representation, or reflection of anything: The old man's face is a map of time; Mathematics: function.
5. Genetics . genetic map."
33f9438463,Plain,"clear or distinct to the eye or ear: a plain trail to the river; to stand in plain view; clear to the mind; evident, manifest, or obvious: to make one's meaning plain; conveying the meaning clearly and simply; easily understood: plain talk; downright; sheer; utter; self-evident: plain folly; plain stupidity; free from ambiguity or evasion; candid; outspoken: the plain truth of the matter."
33f9438463,Town,"a thickly populated area, usually smaller than a city and larger than a village, having fixed boundaries and certain local powers of government; a densely populated area of considerable size, as a city or borough; (especially in New England) a municipal corporation with less elaborate organization and powers than a city; (in most U.S. states except those of New England) a township; any urban area, as contrasted with its surrounding countryside."
95e2618c28,Boxer,A member of a secret society in China that unsuccessfully attempted in 1900 to drive foreigners from the country by violence and force Chinese Christians to renounce their religion.
95e2618c28,Dancer,"To move rhythmically usually to music, using prescribed or improvised steps and gestures,To engage in or perform"
95e2618c28,Map,"A representation, usually on a plane surface, of a region of the earth or heavens."
95e2618c28,Plain,"Free from obstructions; open; clear,Obvious to the mind"
95e2618c28,Town,"A population center that is larger than a village and smaller than a city,An area that is more densely populated or developed than the surrounding area: going into town to shop"
99822f0efe,Boxer,"Fighter, dog, packager, prize"
99822f0efe,Dancer,"Choreography, steps, moves,music, rhythms"
99822f0efe,Map,"Atlas, globe, travel, vacation, location"
99822f0efe,Plain,"Unadorned, basic, simple, undecorated"
99822f0efe,Town,"Village, city, zip code, hall, municipal"
bdf550a047,Boxer,"who plays boxing,have strong muscles,they give punches,based on punches they got marks"
bdf550a047,Dancer,"it is a art,move their body parts in a rhythamic way,series of steps,have expressions"
bdf550a047,Map,"a plan,diagram,shows physical features of an area,consists of roads,places,cities as points"
bdf550a047,Plain,"simple,ordinary,easy to see,not attractive,informal,ordinary clothes"
bdf550a047,Town,"settlement larger than village,have all facilities,well developed area,can get all needed things"
fbcc6f1973,Boxer,pushing one another
fbcc6f1973,Dancer,dancing a person
fbcc6f1973,Map,overall film
fbcc6f1973,Plain,place
fbcc6f1973,Town,city
ab266a6b3c,Boxer,"a kind of sport, punching is done in sports, gloves are worn before boxing"
ab266a6b3c,Dancer,"move in rhythm, an exercise, related to music,"
ab266a6b3c,Map,"flat representation of ground, details of earth are covered, has various scales, diagram showing representation of an area"
ab266a6b3c,Plain,"flat, no undulations,clear, evident"
ab266a6b3c,Town,"populated area between city and village,people live in a town, fairly good facilities are available"
1b56e84bfa,Boxer,"A Fighter, Likes Fighting, Likes Violence, body builder, wrestler, likes punching people, hardcore man"
1b56e84bfa,Dancer,"music lover, athletic, energetic person, flexible, fun loving person, party man"
1b56e84bfa,Map,"graphical view of a place, shows borders of countries and states, shows railway lines, river lines, mining's, road tracks, lakes, mountains"
1b56e84bfa,Plain,"Field, open ground, space for cultivation, farm,"
1b56e84bfa,Town,"more number of people live in a group, bigger than village smaller than city, place where basic needs get easily compare to village, good standard of living compare to village"
5cf41e6737,Boxer,player
5cf41e6737,Dancer,"activist, entertrainer"
5cf41e6737,Map,overall view
5cf41e6737,Plain,clear
5cf41e6737,Town,area
075bbbca89,Boxer,noun a member of a fiercely nationalistic Chinese secret society which flourished in the 19th century.
075bbbca89,Dancer,noun a system of aerobic exercise using dance movements.
075bbbca89,Map,"a diagrammatic representation of an area of land or sea showing physical features, cities, roads, etc."
075bbbca89,Plain,not decorated or elaborate; simple or ordinary. without a pattern; in only one colour. unmarked; without identification: a plain envelope.
075bbbca89,Town,"a built-up area with a name, defined boundaries, and local government, that is larger than a village and generally smaller than a city. ØBritish dated the chief city or town of a region."
eb09612a37,Dancer,dancing
eb09612a37,Map,world design
eb09612a37,Plain,empty
eb09612a37,Town,city
6e487b9cb7,Boxer,sport of fighting with the fists.
6e487b9cb7,Dancer,move rhythmically usually to music.
6e487b9cb7,Map,Which shows the correct direction for a place.
6e487b9cb7,Plain,arge area of level .
6e487b9cb7,Town,human settlement larger than a village but smaller than a city.
153fbbab45,Boxer,"someone who takes part in the sport of  boxing 
    He was a  heavyweight  boxer before he became an actor."
153fbbab45,Dancer,I never knew you were such a good dancer.
153fbbab45,Map,a  road  map
153fbbab45,Plain,He prefers plain food - nothing too fancy.
153fbbab45,Town,a fishing/mining town
e180b38ede,Boxer,"Who fights for money,"
e180b38ede,Dancer,"who dances for the music played, who puts different posters/mudras in hands and legs."
e180b38ede,Map,diagrammatic representation of an area or place.
e180b38ede,Plain,flat surface
e180b38ede,Town,a place where people live together
22062e1402,Boxer,"is a person who wrestles,has a strong fist,has a firm body."
22062e1402,Dancer,"is a person who could dance,maintains his/her body in a perfect shape."
22062e1402,Map,"is a pictorial representation of places,is portable,is accurate,is adjustable and cheaply available."
22062e1402,Plain,"is a greenish area,attracts everyone,have a gentle breeze."
22062e1402,Town,"is a place where the people live in,crowded,densely populated."
b0af56c46c,Boxer,"sport, one who know boxing"
b0af56c46c,Dancer,one who dance
b0af56c46c,Map,router
b0af56c46c,Plain,smooth
b0af56c46c,Town,locality
e97ff5f954,Boxer,a kind of dog/a person who boxes/a kind of underwear for men
e97ff5f954,Dancer,a professional who moves to music in a rhythmic way
e97ff5f954,Map,"a guide showing the location of things, places, etc/to make a plan before executing"
e97ff5f954,Plain,not designed/without any pattern/simple/boring
e97ff5f954,Town,"a place that is occupied by many people and offers many facilities like schools, hospitals etc."
6c04a7f4c1,Boxer,He is the player
6c04a7f4c1,Dancer,he is the dancer  western or clasical
6c04a7f4c1,Map,which indicates the structure of the world
6c04a7f4c1,Plain,which is used to travel in air
6c04a7f4c1,Town,where the location of the place
d6fbaf0859,Boxer,a person engaged in boxing
d6fbaf0859,Dancer,a person moving gracefully in sync with the music
d6fbaf0859,Map,"locator,"
d6fbaf0859,Plain,simple
d6fbaf0859,Town,"residential place, collection of houses on a particular place"
0da623e05b,Boxer,a person who fights
0da623e05b,Dancer,a person who dance
0da623e05b,Map,route
0da623e05b,Plain,leveled area
0da623e05b,Town,a densely populated area of considerable size
3ffa10e4f4,Boxer,"sport,gloves,ring,fighter."
3ffa10e4f4,Dancer,"art,moving,rhythm,man moving acording to the music."
3ffa10e4f4,Map,"paper,used for finding place,geography."
3ffa10e4f4,Plain,"wings,flies,traveling,pilots."
3ffa10e4f4,Town,"smaller than sity,houses,people,bridges."
5f6fadae3f,Boxer,"person who boxes,fighter,sports"
5f6fadae3f,Dancer,"person who dance, act of dancing,movements,"
5f6fadae3f,Map,"representation,plan, outline, diagram,surfaces, areas"
5f6fadae3f,Plain,"understandable, intelligible, unmistakable, apparent,frank"
5f6fadae3f,Town,"area, smaller than city, place,urban area"
92eebfc9ab,Boxer,"fighter, body builder, has strength, has stamina, wears gloves, sweats,moves quickly, wins matches, wears shorts"
92eebfc9ab,Dancer,"mover, glider, agile, likes music, coordinated, flows,moves with partner"
92eebfc9ab,Map,"plan, route, has lines, has scale, directs, for navigation"
92eebfc9ab,Plain,"unadorned, empty, basic, simple, clear, obvious"
92eebfc9ab,Town,"community, city, municipality, has buildings, has people, has a boundry,has area"
c01f6613c1,Boxer,this is a name of the participants in the game of boxing. it is also the name of the profession of the person as a boxer who play boxing.
c01f6613c1,Dancer,this is the name of the profession who perform some art forms. every country and the state has the traditional dances and the person who perform this dance is called the dancer.
c01f6613c1,Map,map is the drawing of the land scape and geographical locations for the easy identification of earth surfaces.
c01f6613c1,Plain,this is the type of land scape formed with relatively low relief.
c01f6613c1,Town,this is the name of the space for human settlement larger than the village and smaller than the city.
6b2ac0ef88,Boxer,player in boxing
6b2ac0ef88,Dancer,one who dances
6b2ac0ef88,Map,diagram which shows route
6b2ac0ef88,Plain,clear
6b2ac0ef88,Town,populated area less than a city
d785cac356,Boxer,Boxer is the sport game where person fight with opponent by wearing glouse on hand. its hand to hand fight
d785cac356,Dancer,"Dancer is the person Who Dance for entertainment, for food and living"
d785cac356,Map,Map is the for  represention of surface of the earth
d785cac356,Plain,Plain means which is flat and stright
d785cac356,Town,Town is the place where people make their house and stay there.
3427bc5a20,Boxer,pugilism
3427bc5a20,Dancer,nonverbal communication
3427bc5a20,Map,map is a visual representation of an area—a symbolic depiction
3427bc5a20,Plain,is land with relatively low relief
3427bc5a20,Town,is a human settlement
7bc1fcb47b,Boxer,Boxer : A person who boxes.
7bc1fcb47b,Dancer,Dancer : A person who dances.
7bc1fcb47b,Map,Map : It is a flat representation of the earth's surface or a part of it.
7bc1fcb47b,Plain,Plain : Its something that can be readily understood.
7bc1fcb47b,Town,Town : It is a densely populated built up area between the city and the village.
7c3ee16479,Boxer,person who takes part in sport of boxing
7c3ee16479,Dancer,someone who dances either as a job or for pleasure
7c3ee16479,Map,drawing that gives you particular type of information about a particular area
7c3ee16479,Plain,with nothing added
7c3ee16479,Town,"a place where people live and work which contains many houses, buildings etc"
f47f14d9f5,Boxer,"A Boxer is a person of immense strength and willpower. Bravery, rewards and pains can be attributed to the characteristic features of a boxer."
f47f14d9f5,Dancer,"Dancer performs stage shows,beautiful movements,harwork, Immense practice, soft natured"
f47f14d9f5,Map,"A map is one which helps in difficulties, identifying routes, key in unknown routes, helps during times of needs"
f47f14d9f5,Plain,"Plain can be attributed to empty fields in respect of land, paper, clean.Plain word is incomplete with out specification"
f47f14d9f5,Town,"Town is a place of people residing from rural areas, ponds, lakes, ancient temples, farms, poultry, farming, tension less life, lovable nature"
3c34df1213,Boxer,"is human, is fighter, is Hitter, is stronger,is player,is Competitor"
3c34df1213,Dancer,"is entertainer, is happy maker"
3c34df1213,Map,"is guide, is path, is plan"
3c34df1213,Plain,"is land,is empty, is clean"
3c34df1213,Town,"is place, is native"
2cfb3bdbcd,Boxer,strong
2cfb3bdbcd,Dancer,terpsichorean
2cfb3bdbcd,Map,way
2cfb3bdbcd,Plain,empty
2cfb3bdbcd,Town,city
92cfd37e76,Boxer,"pugalist, dog, barking, boxing ring, fighting, trainer, biting, spectators, judges, bell, rounds, ropes, corner, seconds, pail of water, sponge, doctor"
92cfd37e76,Dancer,"ballerina, stage, Nureyev, Pavlova, tutu, leotards, ballet shoes, Nutcracker, Swan Lake"
92cfd37e76,Map,"World, continents, places, street names, treasure, pirates, islands"
92cfd37e76,Plain,"flat, ordinary, grasslands"
92cfd37e76,Town,"city, dwellings, people, cars, shops, municipal hall, roads"
1c7639828f,Boxer,"fighter, fighting with arms, fight at close range"
1c7639828f,Dancer,"performes a form of art, moves accoring to the music, who dances"
1c7639828f,Map,"way, route, visual representation"
1c7639828f,Plain,"flat, Free from obstruction, clear to the mind"
1c7639828f,Town,"busy area, large township,"
698904a657,Boxer,"fighter, ring, gloves, bruise, batter, rounds"
698904a657,Dancer,"ballet, elegant, stage, graceful"
698904a657,Map,"plot, plan out, route, directions"
698904a657,Plain,"simple, unadorned, not fancy, boring"
698904a657,Town,"city, small, people, center"
ab6d427bc7,Boxer,Boxer: A person who takes part in boxing.
ab6d427bc7,Dancer,Dancer: A person who dances or whose profession is dancing.
ab6d427bc7,Map,"Map: A diagrammatic representation of an area of land or sea showing physical features, cities, roads, etc: ""a street map""."
ab6d427bc7,Plain,Plain: A large area of flat land with few trees.
ab6d427bc7,Town,"Town: An urban area that has a name, defined boundaries, and local government, and that is larger than a village and generally smaller than a city"
0952df59a8,Boxer,"Boxer:is a person who boxes,name of a dog."
0952df59a8,Dancer,"Dancer:is a person who dances,person performing an art form."
0952df59a8,Map,"Map:flat representation of earth's surface,diagram of a routes,railways etc."
0952df59a8,Plain,"Plain:is a flat land,fertile land,enables farming and vegetation."
0952df59a8,Town,"Town:is a densely populated area,town house,town hall."
4d213992b5,Boxer,"FIGHTING, MOMHAMED ALI, SILVER STALLION, ROCKY, MIKE TYSON,KILLING GAME,HORRIBLE ,NO GURANTEE FOR LIFE,NEED HUGE SACRIFICE,LOSE OR VICTORY."
4d213992b5,Dancer,"STAGE SHOW,EXERCISE ,STREET DANCE ,HIP HOP,BHARATHANATIYAM,JAZZ,SKATIONG DANCE,MOVEMENTS,CHEMISTRY,LOVE"
4d213992b5,Map,"ROUTE,COUNTRY,WORLD,STATE,BUS,POINT TO POINT,HELPS TO FIND THE PLACE,EASY TO REACH LANDMARK,HELPS TO DISCOVER THE WORLD."
4d213992b5,Plain,"LANDSCAPE,DOSA,SMOOTH,MADE OF SAND,USED TO BUILD THE HOME ,PART OF THE EARTH"
4d213992b5,Town,"CINEMA,ENTERTAINMENT,PARKS,GIRLS,BUSINESS AREA,POLLUTION,MADE OF BUILDING AND COMMERCIAL PLACES,LIVING PLACES,PART OF EARTH"
cdf81c2126,Boxer,"a person who fights as a sport, usually with gloved fists, according to set rules"
cdf81c2126,Dancer,a person who dances for money
cdf81c2126,Map,a chart representing a geographical features
cdf81c2126,Plain,clear to the mind
cdf81c2126,Town,any urban area
96824489d6,Boxer,"fight,two,stage,danger,hit, referee,fist,dog"
96824489d6,Dancer,"dancing,talent,variety,gracefulness,choreographer,steps,flexible"
96824489d6,Map,"places,location,way,visual representation,paper,highlight"
96824489d6,Plain,"open,clear,low land"
96824489d6,Town,"busy,urban,township,chairman,medium population"
b51378192c,Boxer,"Boxer:a person or thing that packs items into boxes,Boxer puppies,Boxer dogs,Boxer rescue,Boxer rebellion,Boxer breeders"
b51378192c,Dancer,"Dancer:is danby,danccier,dancciest,dance,dance air"
b51378192c,Map,"map:map collection,map key,map legend,india map"
b51378192c,Plain,"Plain:is Great plains,Coastal plain,Abyssal plain,Serengeti plain,North china ,plain,Flood plain"
b51378192c,Town,"Town:is Small town,Cartoon town,Old town,Usa towns,The town movie"
bee7f2ab27,Boxer,"fighter,  striker,  slapper"
bee7f2ab27,Dancer,twister
bee7f2ab27,Map,graph  diagram  plan  plot
bee7f2ab27,Plain,legible  visible   simple clear
bee7f2ab27,Town,large village  small city  population centre
ebc4f95447,Boxer,player
ebc4f95447,Dancer,dancing
ebc4f95447,Map,world outline sketch
ebc4f95447,Plain,empty
ebc4f95447,Town,city
8298f6c5c0,Boxer,A person who professionally fights using gloves
8298f6c5c0,Dancer,someone who expresses themselves by moving their body
8298f6c5c0,Map,An atlas or a tool used for driving directions so you accurately reach your destination
8298f6c5c0,Plain,when something is bland
8298f6c5c0,Town,a city of a state
2622f61522,Boxer,"pugilist, bagger, packer"
2622f61522,Dancer,"professional dancer, terpsichorean, social dancer"
2622f61522,Map,"function, mapping, mathematical function, single-valued function, represent, map out"
2622f61522,Plain,"knit, knit stitch, plain stitch, champaign, field, complain, kick, kvetch,"
2622f61522,Town,"townsfolk, townspeople, township, ithiel town"
fd1a1cbbc3,Boxer,"pugilist, bagger, packer, meat packer, boxer, backpacker"
fd1a1cbbc3,Dancer,"professional dancer, social dancer, terpsichorean, dancer"
fd1a1cbbc3,Map,"routine, map, single-valued function, social function, use, chromosome mapping, procedure, mathematical function, subroutine, role, affair, part, subprogram, occasion, office, function, purpose, social occasion, mapping"
fd1a1cbbc3,Plain,"plain stitch, sphere, field of study, champaign, knit stitch, battlefield, flying field, subject area, study, playing area, area, force field, subject, theater of operations, field of operation, knit, theatre of operations, field of honor, bailiwick, field of view, theatre, battleground, subject field, airfield, playing field, theater, field of force, athletic field, plain, discipline, landing field, field of operations, domain, line of business, arena, field, field of battle, orbit"
fd1a1cbbc3,Town,"townspeople, township, townsfolk"
24a08f9d6b,Boxer,a person who fights;pugilist.a member of a Chinese secret society;a person who boxes.
24a08f9d6b,Dancer,a person who dances. who dances  professionally;Hip hop dancer;Belly dancer;to move the feet and body rhythmically.
24a08f9d6b,Map,to sketch;plan;off the map;put on the map;to bring into the public eye; make known.
24a08f9d6b,Plain,"evident, manifest,Coastal plain,Air plain,Flood plain,clearly and simply."
24a08f9d6b,Town,"Small town,Ghost towns,Old town,a thickly populated area,smaller than a city,larger than a village."
ab68220f32,Boxer,"is someone who fights in the ring with an opponent, someone who wears a boxing glove, the most famous boxer nowadays is manny pacquiao"
ab68220f32,Dancer,"someone who performs infront of other people to entertain, someone who wears costume to create a great dance presentation, someone who practices before the actual performance"
ab68220f32,Map,"could be a piece of paper that contains geographical location of places, nowadays map could be found on devices such as computers and mobile devices like mobile phone and tablet computer."
ab68220f32,Plain,"is simple, not extravagant"
ab68220f32,Town,"is a place where people live, almost similar to province"
4722c98540,Boxer,"Fighter, Risk, Blood, Time & Strong."
4722c98540,Dancer,"Artist, Teacher, Waves, Difficult Steps, Costumes & Perfection"
4722c98540,Map,"World Map, Continents, Names, Measurement, Round"
4722c98540,Plain,"Visiting cards, Cake, Bottle, Water, Paper"
4722c98540,Town,"Town House, Places, Animals, Agriculture, Grass"
bba2068b29,Boxer,someone who fights with his fists for sport
bba2068b29,Dancer,a performer who dances professionally
bba2068b29,Map,diagrammatic representation of the earth's surface (or part of it)
bba2068b29,Plain,clearly revealed to the mind or the senses or judgment
bba2068b29,Town,an urban area with a fixed boundary that is smaller than a city
3c84e2112e,Boxer,"do boxing,shorts, gloves, player, punches, boxing-ring, championship"
3c84e2112e,Dancer,"do dancing, disco dancer, michael jackson, hip hop, b boing, moon walk, earth walk"
3c84e2112e,Map,"is a model of place, political map, railway map, shows routes,"
3c84e2112e,Plain,"plain is opposite of mountains, plain area, open area, geographical region,"
3c84e2112e,Town,"town is populated region, city, home town, rural and urban"
f6cb1a6c92,Boxer,"is a sport,a fight,conducted inside a ring,between two people,conducted by referee"
f6cb1a6c92,Dancer,"lively person, entertains,wears a attractive dress,dances,co-ordinates with music"
f6cb1a6c92,Map,"boundary of a country is shown,colourful,rivers and water bodies are seen,out line map,political map,physical map."
f6cb1a6c92,Plain,"flat surface,no ups and downs,regular surface without any high or low changes"
f6cb1a6c92,Town,"a place, developed area,many people live,shops around,people meet,markets ,important place for people around"
eaecffb8af,Boxer,"fighter,stage,game,sports"
eaecffb8af,Dancer,"movement,music,stage"
eaecffb8af,Map,"route,location,layout of country"
eaecffb8af,Plain,"flat,smooth,straight"
eaecffb8af,Town,"city,area"
6df9f24be3,Boxer,A boxer is a trained fighter who fights with other people in a boxing ring. They wear big gloves and are officiated. It is a popular sport.
6df9f24be3,Dancer,Someone who moves to the beats of music. Sometimes dances have specific patterns or steps.
6df9f24be3,Map,A visual of a given location including land features and landmarks that distinguish it.
6df9f24be3,Plain,uncorrupted by other things. Simple and undecorated.
6df9f24be3,Town,A large community of people within established and known area.
a99eff3ef7,Boxer,one who boxes
a99eff3ef7,Dancer,"to move the body and feet in rhythm, ordinarily to music"
a99eff3ef7,Map,A map is a representation of a particular land
a99eff3ef7,Plain,"Plain means clearly understood, obvious, simple or not complicated"
a99eff3ef7,Town,"a more or less concentrated group of houses and private and public buildings, larger than a village but smaller than a city"
cc0fd23c05,Boxer,"pugilist, bagger, packer, meat packer, boxer, backpacker"
cc0fd23c05,Dancer,"professional dancer, social dancer, terpsichorean, dancer"
cc0fd23c05,Map,"routine, map, single-valued function, social function, use, chromosome mapping, procedure, mathematical function, subroutine"
cc0fd23c05,Plain,"plain stitch, sphere, field of study, champaign, knit stitch, battlefield, flying field,"
cc0fd23c05,Town,"townspeople, township, townsfolk, town"
3ea23b6b86,Boxer,"is a fighter, is a packager, wears boxing gloves, fights for money, fights in a ring, is strong"
3ea23b6b86,Dancer,"is a person, moves to music, moves to a beat, has rhythm"
3ea23b6b86,Map,"is a paper with the world, helps with directions"
3ea23b6b86,Plain,"is a field, is grass"
3ea23b6b86,Town,"is an area of buildings, is full of people"
86dc19ebbd,Boxer,"Fighter,wrestler, warrior, rebel"
86dc19ebbd,Dancer,"performer, artist"
86dc19ebbd,Map,"chart, plan, drawing, diagram"
86dc19ebbd,Plain,"simple, basic, natural"
86dc19ebbd,Town,"township, urban, city,"
73f3c0f74f,Boxer,"Punch, high stamina,Game"
73f3c0f74f,Dancer,"A skill, bounded with music, Colorful dress"
73f3c0f74f,Map,"Showing a geographical area, can see it in books or on net, most colorful"
73f3c0f74f,Plain,"Blank, Smooth , Land without hills"
73f3c0f74f,Town,"Lots of houses, many people , crowded."
5146be6c32,Boxer,"Boxing, also called pugilism and is a combat sport in which two people fight each other using their fists"
5146be6c32,Dancer,"Dance is an art form that generally refers to movement of the body, usually rhythmic and to music"
5146be6c32,Map,A map is a visual representation of an area
5146be6c32,Plain,"a plain is land with relatively low relief, that is flat or gently rolling"
5146be6c32,Town,A town is a human settlement larger than a village but smaller than a city
f8dccd5f66,Boxer,"Could be a type of dog, animal ,barks  or a human fighter, fights in a boxing ring, uses boxing  gloves"
f8dccd5f66,Dancer,"moves in rhythum to music, different types,ballet tap street."
f8dccd5f66,Map,"directions, street placement, on paper oe electroniacally"
f8dccd5f66,Plain,no flavour or pattern
f8dccd5f66,Town,"A centre, shops , people"
73f3c0f74f,April,"Fools day, 4th month, spring season"
73f3c0f74f,First,"position , studies, school, subject, standard, grade"
73f3c0f74f,Kidnap,"Movies, bargain, violence"
73f3c0f74f,Specific,"To the point, something precise"
73f3c0f74f,Time,"Clock, keeping time, 24 hours"
b47f4dafbe,April,"a month, fourth month of english year,all fools month"
b47f4dafbe,First,"top place,beginning,order chief,earliest,foremost,rank ,former"
b47f4dafbe,Kidnap,"abduct,snatch,taking something away to a disclosed position,criminal offence,seize,run away with"
b47f4dafbe,Specific,"pointed,definite,precise,belonging to certain kind,special remedy"
b47f4dafbe,Time,"an interval period,point of a period,oppurtunity,an occasion"
b71a0177ea,April,"april fool day, spring, planting time, fourth month"
b71a0177ea,First,"Earliest in order, ahead, beginning, early, front, fundamental, head, initial, leading, opening, original, primary,"
b71a0177ea,Kidnap,"abduct, hold for ransom, capture, grab, hijack, pirate, snatch, steal, run away with. seize, arrest, catch, trap, occupy"
b71a0177ea,Specific,"particular, definite, different, distinct, absolute, ambiguous, certain, special, reserved, peculiar, precise, exact, special, unique"
b71a0177ea,Time,"clock, age, date, day duration,era, eternity, extent, future, generation, hour, past, point, present, season, second,stage, week, while, year"
5146be6c32,April,the fourth month of the Gregorian calendar
5146be6c32,First,"First or 1st is the ordinal form of the number one andpreceding all others in time, order, or importance"
5146be6c32,Kidnap,to seize and detain or carry away by unlawful force or fraud and often with a demand for ransom
5146be6c32,Specific,sharing or being those properties of something that allow it to be referred to a particular category
5146be6c32,Time,"the measured or measurable period during which an action, process, or condition exists or continues"
e97ff5f954,April,The month after March and before May/the month to make play tricks on people/the 4th month of the year
e97ff5f954,First,initial/not second
e97ff5f954,Kidnap,take control  and imprison a person on the sly and without their permission
e97ff5f954,Specific,particular/exact
e97ff5f954,Time,"the total of seconds, minutes, hours/a fun-filled experience"
6be52007c6,April,"The ""Days of April""  is a name appropriated in French history to a series of insurrections at Lyons .April is the fourth month of the year"
6be52007c6,First,coming before all others in times
6be52007c6,Kidnap,take someone by force and hold them captive in order to obtain money for their release
6be52007c6,Specific,"1.
having a special application, bearing, or reference; specifying, explicit, or definite: to state one's specific purpose.
2.
specified, precise, or particular: a specific sum of money.
3.
peculiar or proper to somebody or something, as qualities, characteristics, effects, etc.: His specific problems got him into trouble.
4.
of a special or particular kind.
5.
concerned specifically with the item or subject named (used in combination): The Secretary addressed himself to crop-specific problem"
6be52007c6,Time,"a period,the unlimited continued progress of existence and events in the past,past and future."
7c3ee16479,April,fourth month of the year
7c3ee16479,First,coming before all others
7c3ee16479,Kidnap,take a person away illegally by force
7c3ee16479,Specific,relating to one thing
7c3ee16479,Time,"part of existence which is measured in seconds, minutes, hours etc"
86dc19ebbd,April,4th month
86dc19ebbd,First,"priomary, initial, foremost"
86dc19ebbd,Kidnap,"abduct, capture, snatch"
86dc19ebbd,Specific,"exact, explicit, definite"
86dc19ebbd,Time,"moment, point. era"
95e2618c28,April,The fourth month of the year in the Gregorian calendar
95e2618c28,First,"The ordinal number matching the number one in a series,The one coming, occurring, or ranking before or above all others"
95e2618c28,Kidnap,"To seize and detain unlawfully and usually for ransom.,to carry off (a person) by force, often demanding money in exchange for his safe return"
95e2618c28,Specific,"Explicitly set forth; definite,Relating to, characterizing, or distinguishing a species"
95e2618c28,Time,A nonspatial continuum in which events occur in apparently irreversible succession from the past through the present to the future
d6fbaf0859,April,4th month in the lunar calendar.
d6fbaf0859,First,"number one, leading"
d6fbaf0859,Kidnap,"to abduct,"
d6fbaf0859,Specific,"to be certain, to be sure, to point out"
d6fbaf0859,Time,"a period  expressed in seconds and minutes, hours, day, weeks and months"
0a7858ea02,April,"The fourth month on a twelve year calendar, the month with the most rain showers, springtime, the month of Easter, a 30 day period during the year"
0a7858ea02,First,"Premiere, the beginning, the original, one"
0a7858ea02,Kidnap,"When another being takes another being, to steal a being, to take a person that does not belong to you against their will, a crime"
0a7858ea02,Specific,"a certain type, very precise specifications"
0a7858ea02,Time,"hours, minutes, seconds, numbers on the clock, how long something takes, AM or PM"
cdf81c2126,April,a month
cdf81c2126,First,earlier
cdf81c2126,Kidnap,under custody with force
cdf81c2126,Specific,particular
cdf81c2126,Time,shows the state of the day
8185c30f69,April,"month,fool,vacation"
8185c30f69,First,"topper,success,achieve"
8185c30f69,Kidnap,"take away, asking money, life threatening, sorrow, missing our dear ones"
8185c30f69,Specific,"accurate, correct, particular"
8185c30f69,Time,"clock,hours,minutes,seconds,punctuality"
5a97554418,April,"A 30 day spring month with the Easter holiday, usually rainy season,"
5a97554418,First,"Initial, leader, top, can refer to birth order- first, Jr, Sr. Premier, the start of a series"
5a97554418,Kidnap,"To take someone and hold them captive against thier will, sometimes for money"
5a97554418,Specific,"Exact, precise, particular. A detail that is not general and doesn't apply to many things"
5a97554418,Time,Measurement used to for organizing our days and measuring our lives. Also can be about counting occurences - it happened one time.
84d66f35f1,April,"month, spring, girl's name, rain"
84d66f35f1,First,"foremost, best, in front, number one, top"
84d66f35f1,Kidnap,"abduct, forced captivity, ransom, blackmail, money"
84d66f35f1,Specific,"precise, limited, narrow, targetted, separate"
84d66f35f1,Time,"period, seconds, days, years, months, centuries, millenia, recording duration,"
fd1a1cbbc3,April,the month following March and preceding May
fd1a1cbbc3,First,"beginning, outset, number one, first, showtime, starting time, low gear, first-class honours degree, first base, commencement, start, get-go, kickoff, number 1, first gear, offset, low"
fd1a1cbbc3,Kidnap,"scam, hornswoggle, snatch up, cabbage, filch, con, kidnap, rook, abduct, swindle, bunco, snarf, purloin, pinch, nobble, gyp, goldbrick, victimize, mulct, hook, lift, diddle, gip, short-change, snatch, swipe, defraud, pilfer, sneak, snap, abstract"
fd1a1cbbc3,Specific,"particular proposition, item, specific, particular, detail"
fd1a1cbbc3,Time,"magazine, clip, snip, clipping, metre, sentence, prison term, fourth dimension, time, cartridge holder, meter, cartridge clip, clock time"
b0af56c46c,April,month
b0af56c46c,First,leading
b0af56c46c,Kidnap,abduction
b0af56c46c,Specific,particular
b0af56c46c,Time,duration
6764bded40,April,"spring,easter, cleaning, before summer"
6764bded40,First,"before second, ahead of"
6764bded40,Kidnap,"to take, to steal, break the law, to remove"
6764bded40,Specific,"exact, on point"
6764bded40,Time,"past, present, future, events, ongoing forever"
db8c2d1bc3,April,"fourth month of the year, a month with 30 days, he spring,  the diamond,the fool's day, Easter,Earth Day,  the daisy,"
db8c2d1bc3,First,"one, primary, foremost, starting, beginning, the best, the earliest, the floor of a building, a child, love, the preceding one, in front of,  in advance of,  Most eminent,  most excellent, chief, highest"
db8c2d1bc3,Kidnap,"seize, detain unlawfully,  take away, extract ransom, napping,  abduct, snatch, spirit away,"
db8c2d1bc3,Specific,"Explicitly set forth, definite,Relating to, characterizing,  distinguishing, 
Special, distinctive, or unique,  a particular thing, Clearly, fully, emphatically expressed


Read more: http://www.answers.com/topic/specific#ixzz1fpLaAxtE"
db8c2d1bc3,Time,"An interval, a moment, a season, An appointed, an instance, One's lifetime, a specific period, a certain occasion, A term of service,"
eece1523fc,April,"month,name,Aphrodite's month,Open."
eece1523fc,First,"rudimentary,first-class,outstanding,predominant,fundamental,primordial,antecedent."
eece1523fc,Kidnap,"capture,impress,entice,pirate,remove,seduce,snatch."
eece1523fc,Specific,"characteristic,specialized,unambiguous,unequivocal,definitive,individual, restricted."
eece1523fc,Time,"generation,allotment,duration,eternity,infinity,instance,interval."
0da623e05b,April,a month
0da623e05b,First,being before all others
0da623e05b,Kidnap,"to steal, carry off"
0da623e05b,Specific,special to give importance
0da623e05b,Time,duration regarded as belonging to the present life
7b5feaf707,April,A month in a year
7b5feaf707,First,Beginning
7b5feaf707,Kidnap,To carry of a person by force
7b5feaf707,Specific,an unique or special thing
7b5feaf707,Time,Duration of level
96824489d6,April,"fourth month,30 days,month"
96824489d6,First,"start,one,leading,destinction"
96824489d6,Kidnap,"child,thief,black mail,crime,seizing, carrying away"
96824489d6,Specific,"particular,focused,precise"
96824489d6,Time,"punctual,24hours,clock,non stop,zones"
4de718ef4b,April,"Month,girlfriends birthday, Sachin's birthday"
4de718ef4b,First,"Rank, beginning of month, salary on first"
4de718ef4b,Kidnap,Child kidnapping.
4de718ef4b,Specific,"to the point, accurate."
4de718ef4b,Time,"watch, alarm, allotted duration for examination."
77f68a6327,April,"fourth month,center of may and march,containing 30 days,april fool,"
77f68a6327,First,"respect to time, order, rank, importance,ordinal number of 1,event,first place,number,first gear,series"
77f68a6327,Kidnap,"take,fear,force,hidden,carry,love,"
77f68a6327,Specific,"reference,explicit,specified,particular,effects,quality"
77f68a6327,Time,"watch,duration,interval,round shape,everyday,"
6c04a7f4c1,April,which is th emonth occurs in 4th in the year
6c04a7f4c1,First,which is the number one
6c04a7f4c1,Kidnap,with force intake
6c04a7f4c1,Specific,particular
6c04a7f4c1,Time,latitude and longitute
a99eff3ef7,April,the fourth month of the year having 30 days
a99eff3ef7,First,preceding all others in a series
a99eff3ef7,Kidnap,to steal
a99eff3ef7,Specific,"Specific describes someone or something unique, distinctive or definite"
a99eff3ef7,Time,Time is the duration in which all things happen or a precise instant that something happens
075bbbca89,April,noun the fourth month of the year.
075bbbca89,First,"ordinal number 
1	coming before all others in time or order; earliest; 1st.before doing something else. 
2	foremost in position, rank, or importance. British a place in the top grade in an examination for a degree. 
3	for the first time. informal something never previously occurring or done."
075bbbca89,Kidnap,"verb (kidnaps, kidnapping, kidnapped; United States also kidnaps, kidnaping, kidnaped) abduct and hold captive, typically to obtain a ransom. 
n	noun an instance of kidnapping."
075bbbca89,Specific,"1	clearly defined or identified. precise and clear: when ordering goods be specific. relating uniquely to a particular subject. 
2	Biology relating to or connected with species or a species. 
3	(of a duty or a tax) levied at a fixed rate per physical unit of the thing taxed, regardless of its price."
075bbbca89,Time,"1	the indefinite continued progress of existence and events in the past, present, and future, regarded as a whole. 
2	a point of time as measured in hours and minutes past midnight or noon. the favourable or appropriate moment to do something: it was time to go. (a time) an indefinite period. (also times) a period characterized by particular events or circumstances:"
eaecffb8af,April,"month,fool,30 days"
eaecffb8af,First,"top,number,leader"
eaecffb8af,Kidnap,"illegal,hurt"
eaecffb8af,Specific,"unique,mention something"
eaecffb8af,Time,"clock,12 hours,watch"
9c486e2322,April,"The fourth month in the calendar, comes after March and before May, has 30 days, Easter usually falls in it"
9c486e2322,First,"Comes before the second, is the begining, the start, counts as the number one, also top of a list"
9c486e2322,Kidnap,"Taking somebody away against their will, abducting, snatching"
9c486e2322,Specific,"Precise, concise, to the point"
9c486e2322,Time,"The passing of cycles taking us from the past, through the present, and into the future. A measurement of that passing."
eb09612a37,April,MONTH
eb09612a37,First,BEGIN
eb09612a37,Kidnap,ESCAPE
eb09612a37,Specific,PARTICULAR
eb09612a37,Time,CLOCK
b51378192c,April,"April:April is the fourth month of the year in the Julian and Gregorian calendars, and one of four months with a length of 30 days. April was originally the second month of the Roman calendar, before January and February were added by King Numa Pompilius about 700 BC. It became the fourth month of the calendar year (the year when twelve months are displayed in order) during the time of the decemvirs about 450 BC, when it also was given 29 days. The derivation of the name is uncertain. The traditional etymology is from the Latin aperire"
b51378192c,First,"First:First or 1st is the ordinal form of the number one.All pages beginning with ""First"" All pages with titles containing ""First"".
Book:FIRST"
b51378192c,Kidnap,"Kidnap:In criminal law, kidnapping is the taking away or transportation of a person against that person's will, usually to hold the person in false imprisonment, a confinement without legal authority. This may be done for ransom or in furtherance of another crime, or in connection with a child custody dispute."
b51378192c,Specific,"Specific:Specificity Specific, a cure or therapy for a specific illness
Law .Specific deterrence, focussed on an individual"
b51378192c,Time,"Time:Time is a part of the measuring system used to sequence events, to compare the durations of events and the intervals between them, and to quantify rates of change such as the motions of objects"
1c7639828f,April,"a month,  4 th month, containing 30 days"
1c7639828f,First,"before all others, top, first one"
1c7639828f,Kidnap,"to steal, carry off, abduct by force"
1c7639828f,Specific,"particular, having special application, precise"
1c7639828f,Time,"period, any event at past present or fucture"
fbcc6f1973,April,is a month in a year
fbcc6f1973,First,priliminary
fbcc6f1973,Kidnap,lost
fbcc6f1973,Specific,special
fbcc6f1973,Time,clock
4722c98540,April,"Fools, Month, Season, Time & Hot"
4722c98540,First,"Grade, Child, Marriage, Rank, Visit & Salary"
4722c98540,Kidnap,"Thief, Money, FIR, Risk & Bad human"
4722c98540,Specific,"Time, Place, Person, Movies"
4722c98540,Time,"Precious, Time pass, Hobbies, Watch, Wall clock"
3c84e2112e,April,"month after march, april fool, have 30 days, exam time,"
3c84e2112e,First,"one, highest ranked, on the top, most important"
3c84e2112e,Kidnap,"crime, demanding money, taken, hijack persons"
3c84e2112e,Specific,"particular, accurate, exactly, to define clearly, to make clear statement."
3c84e2112e,Time,"waits never, minute, hours,  days, never waste, very precious,"
5f6fadae3f,April,"month, 30 days, fourth month"
5f6fadae3f,First,"coming, occurring, positioning,location, outstanding, fundamental"
5f6fadae3f,Kidnap,"seize, nobble, abduct, snatch"
5f6fadae3f,Specific,"particular,proper,unique"
5f6fadae3f,Time,"quantify, measure, period, duration"
2b15616b23,April,one of the month name
2b15616b23,First,means to the top
2b15616b23,Kidnap,to carry off a person with force
2b15616b23,Specific,something particular
2b15616b23,Time,representing of day passing in numeric way
5cf41e6737,April,month
5cf41e6737,First,no. one
5cf41e6737,Kidnap,pick up
5cf41e6737,Specific,particular
5cf41e6737,Time,answer of when
f433c3fbfe,April,month
f433c3fbfe,First,opening
f433c3fbfe,Kidnap,hijack
f433c3fbfe,Specific,exact
f433c3fbfe,Time,occation
ab266a6b3c,April,"4th month of a year, has 30 days"
ab266a6b3c,First,"number one, first digit of counting"
ab266a6b3c,Kidnap,"to abduct, to make hostage, to earn ransom, a crime"
ab266a6b3c,Specific,"particular, related to some one, accurate,"
ab266a6b3c,Time,"related to watch, an entity, measured in smallest unit of seconds"
99822f0efe,April,"Spring, month, showers, taxes, Easter"
99822f0efe,First,"Winner, number one, front, beginning, initial"
99822f0efe,Kidnap,"Take, steal, threaten, ransom"
99822f0efe,Specific,"Exact, precise, not random, intended"
99822f0efe,Time,"Clock, minutes ,hours, seconds, watch, wastes, tick"
a6e6f7b984,April,The fourth month.
a6e6f7b984,First,"Coming before all others in time,order,or importance,before doing something else,at the biginning,first aid emergency medical help given before full treatment."
a6e6f7b984,Kidnap,"Take by force and hold captive for a ransom,an act of kidnapping."
a6e6f7b984,Specific,"Clearly defined or identified,precise and clear,precise details."
a6e6f7b984,Time,"The continuing progress of existence and events in the past,present,andfuture,a period of time,a point of time measured in hours and minutes."
46db8237d3,April,"a month,fool day,my friend birthday"
46db8237d3,First,"everyone likes to be ,ancestor of second,prime number,odd number"
46db8237d3,Kidnap,"a crime,sin,naping  a kid,a caution to kids"
46db8237d3,Specific,"special thing,unique,extrordinary"
46db8237d3,Time,"now 5:21 am, like a platinum ,not able to recollect once wasted"
9fbbce61dd,April,"month, fourth month, fool's month ,  New finance year  for  banks"
9fbbce61dd,First,"number one, second number  from   zero"
9fbbce61dd,Kidnap,"keep  a  person in undisclosed place, crime,used to  demand money  or  something  as illegal work"
9fbbce61dd,Specific,"particularly, specially, precision only ,"
9fbbce61dd,Time,"never wait, valuable, event occasions,punctuality"
6b2ac0ef88,April,a month
6b2ac0ef88,First,coming in number one
6b2ac0ef88,Kidnap,seize unlawfully for ransom
6b2ac0ef88,Specific,accurate
6b2ac0ef88,Time,an interval
153fbbab45,April,This has been one of the driest Aprils for years.
153fbbab45,First,This is my first visit to New York
153fbbab45,Kidnap,The wife of a businessman has been kidnapped from her home in Surrey
153fbbab45,Specific,The virus attacks specific cells in the brain.
153fbbab45,Time,He wants to  spend  more time with his family.
2622f61522,April,apr. month
2622f61522,First,"first base, first gear, low, low gear, first-class honours degree, number 1,"
2622f61522,Kidnap,"abduct, nobble, snatch"
2622f61522,Specific,particular
2622f61522,Time,"meter, metre, clip, clock time, fourth dimension, prison term, sentence, clock"
5228dbabd5,April,"The fourth calendar month, month of spring, month of rain, when seeds germinate"
5228dbabd5,First,"The beginning, initial, primary, introduction, is the earliest"
5228dbabd5,Kidnap,"To take unlawfully, To grab unbeknownst to the owner, carry off, captured"
5228dbabd5,Specific,"exact, non-ambiguous, assured, unquestionable, clear, definite, explicit"
5228dbabd5,Time,"measured with a watch, scientifically debatable topic, is considered to be equal to money by some, never stops"
1515274e77,April,"the fourth month, a name."
1515274e77,First,"to start with, most important."
1515274e77,Kidnap,"to take a child hostage, to abduct."
1515274e77,Specific,"a particular item, catagory, or person ."
1515274e77,Time,"the measure of a period, a duration."
bba2068b29,April,a month after march and before may
bba2068b29,First,ranking above all others
bba2068b29,Kidnap,take away to an undisclosed location against their will and usually in order to extract a ransom
bba2068b29,Specific,a fact about some part
bba2068b29,Time,an instance or single occasion for some event
32d9d483a3,April,"a month in the calendar, good friday , sunny days."
32d9d483a3,First,"number one in order,"
32d9d483a3,Kidnap,"taking kids or elders away from their parents, a crime, brutal"
32d9d483a3,Specific,"being sure about what some one means or want, being choosey"
32d9d483a3,Time,"something which keep on going, brings nite and days,"
ebc4f95447,April,month
ebc4f95447,First,topper
ebc4f95447,Kidnap,escape
ebc4f95447,Specific,perticular
ebc4f95447,Time,clock
cc0fd23c05,April,"april fool  day ,a priori  apron , apron string"
cc0fd23c05,First,"beginning, outset, number one, first, showtime, starting time, low gear, first-class honours degree, first base, commencement, start, get"
cc0fd23c05,Kidnap,"scam, hornswoggle, snatch up, cabbage, filch, con, kidnap, rook, abduct, swindle, bunco, snarf, purloin, pinch, nobble, gyp, goldbrick, victimize, mulct, hook, lift, diddle, gip, short-change, snatch, swipe, defraud, pilfer, sneak, snap, abstract"
cc0fd23c05,Specific,"particular proposition, item, specific, particular, detail"
cc0fd23c05,Time,"magazine, clip, snip, clipping, metre, sentence, prison term, fourth dimension, time, cartridge holder, meter, cartridge clip, clock time"
6aa5416096,April,"is a Month, is a Name, is a time of year."
6aa5416096,First,"Is generally the number one person, born first, first is line, finished first.  It can also be a date, or a birthdate."
6aa5416096,Kidnap,"When a child, adult or animal is taken without desire."
6aa5416096,Specific,Refers to a preference or desired item or need.
6aa5416096,Time,"Generally means a time of day, night, or meeting."
b7820bc19c,April,is a month; fourth month of Gregorian calendar; month preceding May; month following March; has 30 solar days
b7820bc19c,First,primary; initial unit in a sequence of units; original
b7820bc19c,Kidnap,forced possession of human being; forced removal of human being from regular social/cultural surroundings
b7820bc19c,Specific,clearly-defined; particular
b7820bc19c,Time,organization of events; quantification of duration of natural/social events
2cfb3bdbcd,April,month
2cfb3bdbcd,First,begin
2cfb3bdbcd,Kidnap,escape
2cfb3bdbcd,Specific,particular
2cfb3bdbcd,Time,accurate
a7cece6cf4,April,"Fools, 4th month, Season, Year"
a7cece6cf4,First,"Grade, Class, Place, Memories & Child"
a7cece6cf4,Kidnap,"Stealing, Blackmail, Thief, money & Jail"
a7cece6cf4,Specific,"Time, Place, Person & Reason"
a7cece6cf4,Time,"Good time, Non-stoppable, Memories, Watch, Wall clock"
c0ab885973,April,One of the month
c0ab885973,First,priority
c0ab885973,Kidnap,child abuse
c0ab885973,Specific,something particular
c0ab885973,Time,Life watch
6c7df926ad,April,"a month, my birthday on april"
6c7df926ad,First,"iam the first student of this class, one"
6c7df926ad,Kidnap,"i am kidnap on my lover,"
6c7df926ad,Specific,"this is a specific matter, sure"
6c7df926ad,Time,"this always running, i am arrivedat 10th clock"
3427bc5a20,April,is the fourth month of the year
3427bc5a20,First,the ordinal of one
3427bc5a20,Kidnap,s the taking away
3427bc5a20,Specific,focussed
3427bc5a20,Time,Time is a part of the measuring system
8298f6c5c0,April,the easter month
8298f6c5c0,First,primary
8298f6c5c0,Kidnap,to harbor
8298f6c5c0,Specific,to be particular
8298f6c5c0,Time,what shows on a clock
186db71701,April,"The fourth month of the year,having 30 days ,a feminine name like avril,planting time,fourth month,month of rain,the cruelest moonth,spring time,"
186db71701,First,"preceding all others in the series ;before any other,earliest,ranking before all others,for the first time,the beginning ,start,primary,initial,virgin,front,head,prime"
186db71701,Kidnap,"to steal(a child) ,to seize and carry off(a person)against that person will ,by force or fraud,often for ransom.carry off,carry away,ravish,capture,steal,rape,grab,remove,waylay"
186db71701,Specific,"specific describes some or someone unique,distinctive or definite.someone or something that is specially suited for purpose or need.particular,distinct,explicit,special."
186db71701,Time,"time is the duration in which all things happen or a precise instant that something happens,age,era,second,minute,hour,day,week,month,year,term,decade,generation,work period,shift"
ebc4f95447,Back,back side
ebc4f95447,Eggs,yearn hens
ebc4f95447,Monster,in our state
ebc4f95447,Square,shape
ebc4f95447,Stair,stay
3cbb3a43cc,Back,"A rear region of beast, the hinder region of humans, support, in or into the past, at a distance, backward, in return, in or into an earlier normal position or condition,withdraw ones claim,"
3cbb3a43cc,Eggs,"An oval shaped object laid by birds, ovum, incite, urge, person or thing qualified in some or the other way, made to look foolish, see motivate, seed, used for food preparations and also eat directly,"
3cbb3a43cc,Monster,"A horrible looking person, an extremely wicked person, imaginary creature, unhumanly cruel person, large, usually, ugly or misshapen animal or thing, huge, beast, giant dragon,brute"
3cbb3a43cc,Square,"Having four equal sides and right angles, honest, fair, large open space in the middle of the town, product of a number multiplied by itself, suit pay what one owes,"
3cbb3a43cc,Stair,"Step or series of steps for ascending, part of a building containing steps, the inclined blocks or steep blocks used to move up and down"
153fbbab45,Back,"When you take the scissors, remember to put them back."
153fbbab45,Eggs,scrambled eggs on toast
153fbbab45,Monster,prehistoric monsters
153fbbab45,Square,First draw a square.
153fbbab45,Stair,Go up the stairs and her office is on the right.
075bbbca89,Back,"1	the rear surface of the human body from the shoulders to the hips. the corresponding upper surface of an animal's body. the spine. the main structure of a ship's hull or an aircraft's fuselage. 
2	the side or part of something away from the spectator or from the direction in which it moves or faces. the side or part of an object opposed to the one that is normally seen or used. the part of a chair against which the sitter's back rests. 
3	a player in a team game who plays in a defensive position behind the forwards."
075bbbca89,Eggs,"noun any of a number of plants with yellow flowers marked with orange, red, or brown, supposedly suggestive of eggs and bacon, especially bird's-foot trefoil."
075bbbca89,Monster,"1	a large, ugly, and frightening imaginary creature. an inhumanly cruel or wicked person. humorous a rude or badly behaved child. 
2	a congenitally malformed or mutant animal or plant. 
3	[as modifier] informal extraordinarily large."
075bbbca89,Square,"1	a plane figure with four equal straight sides and four right angles. something that is the shape of a square or a cube. historical a body of infantry drawn up in rectangular form. 
2	an open, typically four-sided, area surrounded by buildings. Cricket a closer-cut area at the center of a ground, any strip of which may be prepared as a wicket. an area within a military barracks or camp used for drill. United States a block of buildings bounded by four streets. 
3	the product of a number multiplied by itself."
075bbbca89,Stair,noun each of a set of fixed steps. (stairs) a set of such steps leading from one floor of a building to another.
6e487b9cb7,Back,Opposite of front.
6e487b9cb7,Eggs,Layed By Birds
6e487b9cb7,Monster,unnatural size and shape which gives fear
6e487b9cb7,Square,Four Equal sizes
6e487b9cb7,Stair,Steps which is used to climb up
8298f6c5c0,Back,"Before, previous, or the actual part of your body"
8298f6c5c0,Eggs,What chickens release during birth.
8298f6c5c0,Monster,A fictional character that imposes evil
8298f6c5c0,Square,a shape that resembles a box
8298f6c5c0,Stair,steps
6c7df926ad,Back,"go back, i am back on  my friend"
6c7df926ad,Eggs,"egg gives energe, i am daily eat on egg"
6c7df926ad,Square,"six on square leg, 4 side same"
6c7df926ad,Stair,"stairecase ,"
9cf0c83f8e,Back,"the rear side of an object, behind, could be a human spine"
9cf0c83f8e,Eggs,"laid by hens, edible, can cause illness if not cooked properly or eaten raw, have delicate white shells, have yellow yolks, carry baby chickens inside"
9cf0c83f8e,Monster,"scary creatures, children are often afraid of them in closets or under beds, big, evil, bad"
9cf0c83f8e,Square,"a rectangle with 4 congruent sides, a basic shape"
9cf0c83f8e,Stair,"people walk up or down them to go up or down, consist of several steps, can be spiral or go straight up"
50ebbb4a1d,Back,"spine, not front, position in football, anatomical part"
50ebbb4a1d,Eggs,"yolk, eat for breakfast, birds, reptiles, hatching, caviar"
50ebbb4a1d,Monster,"scary, killer, Vampire, Mummy, Wolfman, frequently imaginary, hides under the bed"
50ebbb4a1d,Square,"equilateral, ninety-degree angle, geometrical figure"
50ebbb4a1d,Stair,"wood or metal, way between floors, grouped in flights"
7b5feaf707,Back,a part of the area for front
7b5feaf707,Eggs,A food with high protein
7b5feaf707,Monster,A strange creature
7b5feaf707,Square,a four side area
7b5feaf707,Stair,steps for going upwards
a7cd587df0,Back,"part of body, back of, backward, behind, reverse"
a7cd587df0,Eggs,"bud, cackle, gem, nucleus, chicken fruit,"
a7cd587df0,Monster,"abnormality, demon, beast, villain, creature,"
a7cd587df0,Square,"conservative, old-fashioned, decent, equal"
a7cd587df0,Stair,"amount, amplitude, interval, lenghth, ratio"
bdf550a047,Back,"Position or state,rear surface of a person's body,it is a part of the body,opposite part of front"
bdf550a047,Eggs,"round object laid by a female bird,white in color,round in shape,we can eat this by making omlet or curry"
bdf550a047,Monster,"frightening imaginary creature,very cruel person,very large"
bdf550a047,Square,"a plane figure with four equal sides,open area surrounded by buildings,parallel or level"
bdf550a047,Stair,"each of a set of fixed steps,helps to reach one place to another"
da957b79fd,Back,"to return to somewhere, to go in reverse, the part of a body opposite the front"
da957b79fd,Eggs,"food source from the unfertilized embryo of a chicken, the means by which many non mammals reproduce"
da957b79fd,Monster,a fictional scary creature that is considered evil or dangerous
da957b79fd,Square,a shape containing four ninety degree angles and four equivalent lengths
da957b79fd,Stair,"a step, a raised piece of floor used to go higher in a building"
32d9d483a3,Back,"opposite side of front, something which is behind, ass."
32d9d483a3,Eggs,"chicken eggs or duck eggs, a way of delivery used by animals to produce offsprings"
32d9d483a3,Monster,"some thing which is coming out from old fairy tales , big in size, frightening"
32d9d483a3,Square,"a figure which got four sides, landscape which got four sides as boundary"
32d9d483a3,Stair,"something which is used to climb upstairs, looking awkwardly at something"
5cf41e6737,Back,opposite to front
5cf41e6737,Eggs,food
5cf41e6737,Monster,character
5cf41e6737,Square,shape
5cf41e6737,Stair,steps
e65093a651,Back,"Behind, failure, giveup, support, pain"
e65093a651,Eggs,"omlete, boiled, born, protein, handle with care"
e65093a651,Monster,"Horror, ugly, i hate, cinema, my friend"
e65093a651,Square,"rectangle, back to same place, debate,"
e65093a651,Stair,"Move up, climb, careful"
6b2ac0ef88,Back,opposite of front
6b2ac0ef88,Eggs,fertility
6b2ac0ef88,Monster,something which is very large
6b2ac0ef88,Square,four sides are equal
6b2ac0ef88,Stair,steps
1c7639828f,Back,"the rear part , the other side which can not see, backward"
1c7639828f,Eggs,"round in shape, reproductive body produced by females, half part of a  featus"
1c7639828f,Monster,"animal combining features of animal and human, gigantic, fictional creature"
1c7639828f,Square,"having four sides, may be plain or block, equal sides"
1c7639828f,Stair,"steps for climb, steps going from one level to another, collection of steps"
ab6d427bc7,Back,Back: The rear surface of the human body from the shoulders to the hips.
ab6d427bc7,Eggs,"Eggs: An oval or round object laid by a female bird, reptile, fish, or invertebrate, usually containing a developing embryo. The eggs of birds..."
ab6d427bc7,Monster,"Monster: An imaginary creature that is typically large, ugly, and frightening."
ab6d427bc7,Square,Square: A plane figure with four equal straight sides and four right angles.
ab6d427bc7,Stair,"Stair: A set of steps leading from one floor of a building to another, typically inside the building: ""he came up the stairs""."
9fbbce61dd,Back,"Browser's  back button, Movement, behind, moving back"
9fbbce61dd,Eggs,"eatable, new born stage, non  eatable items,  creatures  which  has  no  ears out side, it  is  giving eggs only"
9fbbce61dd,Monster,"Dangerous  animals, cartoon, huge thing"
9fbbce61dd,Square,"shape,design,pattern, box"
9fbbce61dd,Stair,"up stairs, down  stairs, accelerators stairs,"
95e2618c28,Back,"The posterior portion of the trunk of the human body between the neck and the pelvis; the dorsum,The reverse side"
95e2618c28,Eggs,A female gamete; an ovum. Also called egg cell
95e2618c28,Monster,"An imaginary or legendary creature, such as a centaur or Harpy, that combines parts from various animal or human forms,A creature having a strange or frightening appearance"
95e2618c28,Square,A plane figure having four equal sides
95e2618c28,Stair,A series or flight of steps; a staircase. Often used in the plural
cdf81c2126,Back,the rear part of the human body
cdf81c2126,Eggs,such a body produced by a domestic bird
cdf81c2126,Monster,any creature so ugly or monstrous as to frighten people
cdf81c2126,Square,a rectangle having all four sides of equal length
cdf81c2126,Stair,a series or flight of steps
6c04a7f4c1,Back,direction of the side
6c04a7f4c1,Eggs,which is the chicken item
6c04a7f4c1,Monster,to cllection of information
6c04a7f4c1,Square,which has 4 sides in closed  shape
6c04a7f4c1,Stair,upside of the bilding
2622f61522,Back,"backrest, binding, book binding, cover, rear, dorsum, backbone, rachis, spinal column, spine, vertebral column"
2622f61522,Eggs,"ball, ballock, bollock, nut, orchis, testicle, testis, eggs"
2622f61522,Monster,"teras, freak, lusus naturae, monstrosity, behemoth, colossus, giant,"
2622f61522,Square,"public square, square toes, lame, second power, foursquare, square up, feather, straight, straightforward, hearty"
2622f61522,Stair,"step, upstairs, downstairs."
0a7858ea02,Back,"behind, to return to where you came from, opposite of front"
0a7858ea02,Eggs,"offspring, a breakfast food"
0a7858ea02,Monster,"a scary creature, a mythological creature"
0a7858ea02,Square,"a geometric shape with four sides, a shape with four even sides"
0a7858ea02,Stair,"a series of ascending steps, a means to get from one level to another"
46db8237d3,Back,"back side,buttocks,long back,history"
46db8237d3,Eggs,"oval,white,brittle,life"
46db8237d3,Monster,"alien,extra terrestrial,harmful"
46db8237d3,Square,"square feet,square root,with rules,four edges"
46db8237d3,Stair,"steps,like ladder,bring us up and down"
3056da8904,Back,TURN
3056da8904,Eggs,BALL
3056da8904,Monster,GOOST
3056da8904,Square,SHAPES
3056da8904,Stair,CASE
c1ebafd71f,Back,"opposite part of human body
opposite part of animal
opposite side"
c1ebafd71f,Square,it's a shape
bba9e20558,Back,"The hinder Part of the human body,extending from the neck to the end of the spine,to support as with authority ,influence or money,lying or being behind away from the front portion"
bba9e20558,Eggs,"oval shaped,edible,rich protein,good for health,cheaper cost,many varieties for example HEN,DUCK etc...,produced by birds,the female reproductive cell"
bba9e20558,Monster,"Evil person,huge thing,improperly formed fetus,ugly terrifying being,offensive term,harass somebody"
bba9e20558,Square,"mathematical term,four equal sides,power of a number or quantity,drawing instrument,same as square meal"
bba9e20558,Stair,"set of step,a step in a series"
6be52007c6,Back,the rear portion of any part of the body:
6be52007c6,Eggs,an oval or round object laid by a female bird
6be52007c6,Monster,"an imaginary creature usually having various human and animal parts
2. someone or something that is abnormally large and powerful
3. a person or animal that is markedly unusual or deformed
4. a cruel wicked and inhuman person
5. (medicine) a grossly malformed and usually nonviable fetus"
6be52007c6,Square,a rectangle having all four sides of equal length.
6be52007c6,Stair,"one of a flight or series of steps for going from one level to another, as in a building."
a99eff3ef7,Back,Back means to support or to move in a backward motion
a99eff3ef7,Eggs,a roundish body produced by birds and from which the young ones emerge
a99eff3ef7,Monster,any plant or animal of abnormal shape or structure
a99eff3ef7,Square,A square is a shape with four sides of equal length
a99eff3ef7,Stair,"a single step, especially one of a series forming a stairway"
2b15616b23,Back,behind
2b15616b23,Eggs,a kind of eatable
2b15616b23,Monster,means big
2b15616b23,Square,a box with all sides equal
2b15616b23,Stair,a continuos steps
a6e6f7b984,Back,"The rear surface of a person's body or the upper part of an animals's body,the side or part furthest from the front,a defending player in a team game,at or towards the rear,in or into a previous time position or state,in return."
a6e6f7b984,Eggs,"An oval or round object laid by a femail bird,reptile etc,and containing a cell which can develop in to a new organism,an ovum."
a6e6f7b984,Monster,"A large frightening imaginary creature,a very cruel person."
a6e6f7b984,Square,"A plane figure with for equal straight sides and four right angles,an open area surrounded by buildings,the product of a number multiplied by itself,an instument for testing right angles."
a6e6f7b984,Stair,"Each of set of fixed steps,"
bee7f2ab27,Back,"REAR END, REAR PART OF THE BODY, REVERSE SIDE"
bee7f2ab27,Eggs,OVAL BODY PRODUCED BY FEMALE BIRDS
bee7f2ab27,Monster,"FREAK,  VILLAIN,"
bee7f2ab27,Square,"QUADRANGLE,  BUILDING"
bee7f2ab27,Stair,STEPS TO CLIMB
0da623e05b,Back,the rear portion of any part of the body
0da623e05b,Eggs,end product of reproduction in viviparous animals
0da623e05b,Monster,any creature so ugly or monstrous
0da623e05b,Square,a shape which having all sides equal
0da623e05b,Stair,a series or flight of steps
5b7dc6df61,Back,body part rear behind
5b7dc6df61,Eggs,food from a mammal shell
5b7dc6df61,Monster,scary strange menacing
5b7dc6df61,Square,four sided shape
5b7dc6df61,Stair,steps to go up
af2803583c,Back,The posterior portion of the trunk of the human body between the neck and the pelvis
af2803583c,Eggs,A female gamete; an ovum. Also called egg cell.
af2803583c,Monster,"Something of unnatural size, shape, or quality"
af2803583c,Square,"The corner, or angle, of a figure."
af2803583c,Stair,A series or flight of steps
7c3ee16479,Back,in return
7c3ee16479,Eggs,from which birds are born
7c3ee16479,Monster,an imaginary frieghtening creature
7c3ee16479,Square,a flat shape with four equal sides
7c3ee16479,Stair,set of steps
d2c13c7eae,Back,"backbone, rearmost, hind, behind, in return"
d2c13c7eae,Eggs,"Oval, laid by birds, hard coating, white or brown color, contains liquid or semisolid"
d2c13c7eae,Monster,"Huge, giant, massive, mammoth"
d2c13c7eae,Square,"Four-sided, Right-angled, fair, honest, ethical"
d2c13c7eae,Stair,"step, tread, rung, high"
5146be6c32,Back,"The posterior portion of the trunk of the human body between the neck and the pelvis, the dorsum."
5146be6c32,Eggs,"an organic vessel in which an embryo first begins to develop
and Ovum, a female egg cell"
5146be6c32,Monster,"A monster is any fictional creature, usually found in legends or horror fiction, that is somewhat hideous and may produce physical harm or mental fear by either its appearance or its actions"
5146be6c32,Square,A regular quadrilateral with four equal sides and four right angles
5146be6c32,Stair,"A series or flight of steps, a staircase and Often used in the plural."
bba2068b29,Back,in or to or toward an original condition
bba2068b29,Eggs,oval reproductive body of a fowl (especially a hen) used as food
bba2068b29,Monster,an imaginary creature usually having various human and animal parts
bba2068b29,Square,having four equal sides and four right angles or forming a right angle
bba2068b29,Stair,support consisting of a place to rest the foot while ascending or descending a stairway
2cfb3bdbcd,Back,after
2cfb3bdbcd,Eggs,ovul
2cfb3bdbcd,Monster,giant
2cfb3bdbcd,Square,box
2cfb3bdbcd,Stair,measure
4722c98540,Back,"Biting, Turn, Behind, Butt & Bones"
4722c98540,Eggs,"York, White, Round, Calcium & Omelet"
4722c98540,Monster,"Horror, Halloween, Dark, Red & Horns"
4722c98540,Square,"Four side, Box, Math, Calculation & Inches"
4722c98540,Stair,"Case, Upstairs, Climb, Bricks & Cement"
e86d1aa114,Back,"Back: is the rear part of the body, has the spine, is the rear part of an object, indicates a rearward direction, indicates something that was previous to the current situation/place"
e86d1aa114,Eggs,"Eggs: have shells, are laid by birds, are edible, are cells which combine with sperm to form embryos"
e86d1aa114,Monster,"Monster: is a scary non-existent being, is something that is very large, is an adjective which means large"
e86d1aa114,Square,"Square: a shape with four equal sides, an uncool person."
e86d1aa114,Stair,Stair: a part of a series of rectangular-shaped cubes which enable one to go higher
eaecffb8af,Back,"color,dark,night"
eaecffb8af,Eggs,"an oval,ovum,round shape"
eaecffb8af,Monster,"alien,horror,danger"
eaecffb8af,Square,"four sides,equal length"
eaecffb8af,Stair,"set of steps,shaft"
86b808eb12,Back,"The rear part of the human body from the neck to the end of the spine, also the rear part of an animal"
86b808eb12,Eggs,"A reproductive body produced by a chicken; it has a shell and a membrane,and a yoke; it is used for food; capable of reproducing"
86b808eb12,Monster,"An animal or plant of abnormal form or structure,terrifying shape; a person of unnatural deformity or cruelty"
86b808eb12,Square,A rectangle with all four sides equal
86b808eb12,Stair,A series of steps for passing from one level to another
fd1a1cbbc3,Back,"cover, dorsum, rear, spine, backbone, spinal column, back, vertebral column, binding, backrest, rachis, book binding"
fd1a1cbbc3,Eggs,"eggs, testis, testicle, nut, egg, orchis, bollock, ball, ballock"
fd1a1cbbc3,Monster,"teras, giant, lusus naturae, devil, fiend, colossus, ogre, goliath, demon, freak, behemoth, monstrosity"
fd1a1cbbc3,Square,"foursquare, square toes, square, public square, second power, lame"
fd1a1cbbc3,Stair,"measure, tone, dance step, footprint, footstep, pace, footfall, stone's throw, footmark, whole tone, stride, step, stair, gradation, whole step"
b0af56c46c,Back,return
b0af56c46c,Eggs,embryo
b0af56c46c,Monster,huge
b0af56c46c,Square,shape
b0af56c46c,Stair,steps
8a0d8d344b,Back,"Back :behind things, antonym of front , hip part is called Back."
8a0d8d344b,Eggs,"Eggs: Fertilization of the Ovum, Oviparous animals, birds and fishes lays eggs, hen lays small eggs, ostrich lays big eggs."
8a0d8d344b,Monster,"Monster : Creature of the imagination of human being after death like myth or fiction, non-human or devil."
8a0d8d344b,Square,"Square : Shape, exact four corners, measured by length, in maths called root."
8a0d8d344b,Stair,"Stair : step, support things things to up, vertical part riser"
fb2bad5950,Back,the other side of anything a living or non living thing is known as back.
fb2bad5950,Eggs,apart from mammals most of the living organisms give birth to their young ones through eggs. eggs are a oval shaped structure made up of calcium. it contains the  albumen the white portion and yolk  the yellow portion.
fb2bad5950,Monster,"a non existence creature which is said to be  ferocious in nature and has the abilities to kill , and which looks very dangerous in its appearance  is known as monster."
fb2bad5950,Square,a four sided geometrical shape in which all the four sides are equal is known as square.
fb2bad5950,Stair,it is type of construction which is used in buildings it is built in a vertical fashion inclined upwards it is further divided into smaller vertical portions so that it is easy for climbing up and down.
1398dc46e5,Back,"behind, pass, area of the body with the is divided by the vertebral collum"
1398dc46e5,Eggs,"laid by birds, located in the female orvery"
1398dc46e5,Monster,made up animalistic cretures for others to fear
1398dc46e5,Square,"a four sided shape with equal sides, a person that not in touch with reality"
1398dc46e5,Stair,"a step, a rise in the ground from flat to rised"
86dc19ebbd,Back,"rear, rverse, backside"
86dc19ebbd,Eggs,"spawn, seed, offspring"
86dc19ebbd,Monster,"fiend, huge, enormous"
86dc19ebbd,Square,"four sided figure, quadrangle"
86dc19ebbd,Stair,"step, tread, staircase"
d6fbaf0859,Back,"opposite of front, behind"
d6fbaf0859,Eggs,food or harvest from chicken
d6fbaf0859,Monster,horrifrying entity
d6fbaf0859,Square,four equal side
d6fbaf0859,Stair,ladder
cc0fd23c05,Back,"cover, dorsum, rear, spine, backbone, spinal column, back, vertebral column, binding, backrest, rachis, book binding"
cc0fd23c05,Eggs,"eggs, testis, testicle, nut, egg, orchis, bollock, ball, ballock 

 
 eggs, testis, testicle, nut, egg, orchis, bollock, ball, ballock 

 

 
 eggs, testis, testicle, nut, egg, orchis, bollock, ball, ballock"
cc0fd23c05,Monster,"devil, demon, monster, lusus naturae, teras, goliath, colossus, whale, titan, monstrosity, fiend, giant, giant star, hulk, heavyweight, behemoth, ogre, freak"
cc0fd23c05,Square,"foursquare, square toes, square, public square, second power, lame"
cc0fd23c05,Stair,"measure, tone, dance step, footprint, footstep, pace, footfall, stone's throw, footmark, whole tone, stride, step, stair, gradation, whole step"
a7cece6cf4,Back,"Turn, Bones, Past, Memories & Butt"
a7cece6cf4,Eggs,"Hen lays Eggs, White in color, Rich in Vitamins & omelets & Boiled"
a7cece6cf4,Monster,"Devil, Scary, Red horns, Bad omen, Horror movies"
a7cece6cf4,Square,"Shape, it has four corners, Blocks, use in math"
a7cece6cf4,Stair,"Case, Up stairs, To climb up, Bricks & Cement"
73f3c0f74f,Back,"Board, Hair, Night"
73f3c0f74f,Eggs,"Hens, mostly white in color, used to make omelets"
73f3c0f74f,Monster,"Scary,Horror, Imaginary"
73f3c0f74f,Square,"A part of square, name of place,A window"
73f3c0f74f,Stair,"Steps, climb up, come down"
eb09612a37,Back,LAST
eb09612a37,Eggs,YEARN HENS
eb09612a37,Monster,STATE
eb09612a37,Square,SHAPE
eb09612a37,Stair,WAIT
b51378192c,Back,"Back: is return, recall, withdraw, recede, retreat, reverse,rear,backward,back up, backing, behind, endorse."
b51378192c,Eggs,"Eggs: is incubate, spawn, brood, nest, oology,roe,caviar, ova, scramblers"
b51378192c,Monster,"Monster:is  chimera, leviathan, minotaur , frankenstein, hydra, ogre, monstrosity."
b51378192c,Square,"Square:is  quadrate , acre, are ,brigantine, piazza, squarely, foursquare"
b51378192c,Stair,"Stair: is step, riser, steps, degree, corbel step, corbie-step, crow step"
fbcc6f1973,Back,one by one
fbcc6f1973,Eggs,all birds have eggs
fbcc6f1973,Monster,a company
fbcc6f1973,Square,four side
fbcc6f1973,Stair,up
3ffa10e4f4,Back,"oposite of forward,used for the past."
3ffa10e4f4,Eggs,"product od chicken,for eating."
3ffa10e4f4,Monster,"scary,killer,not human."
3ffa10e4f4,Square,"beautifull place full of people in big city,parks,cars."
3ffa10e4f4,Stair,"made of stone,metal.for going to the upper floors."
5f6fadae3f,Back,"backbone, spine, rear, move backward"
5f6fadae3f,Eggs,"female gamete,an ovum, egg cell, round or oval"
5f6fadae3f,Monster,"imaginary creature, frightening appearance, animal, plant,large size"
5f6fadae3f,Square,"shape, four equal sides, rectangular, unit"
5f6fadae3f,Stair,"staircase, steps, access"
99822f0efe,Back,"Door, yard, alley, porch, not front, rear"
99822f0efe,Eggs,"Chickens, shells, yolks , fried, scrambled, laid, baking, deviled, boiled, dozen"
99822f0efe,Monster,"Scary, cookie, Sesame Street, furry, frighten, under my bed"
99822f0efe,Square,"Not round, corners, nerd, block"
99822f0efe,Stair,"Step, basement, climb, exercise"
a99eff3ef7,Clear,"Clear describes a sky that is free from clouds, something that is easily seen through or an area that is empty or free of clutter"
a99eff3ef7,FALSE,untruthful
a99eff3ef7,Indoors,in or into a house or other building
a99eff3ef7,Name,"A name is a word or phrase that labels a person, place or thing"
a99eff3ef7,Tart,sharp in taste
0952df59a8,Clear,"Clear:means easily understood,free from dirt,unobstructed."
0952df59a8,FALSE,"False:means wrong,unfaithful,untrue,incorrect."
0952df59a8,Indoors,Indoors:means into the building.
0952df59a8,Name,"Name:word given to specify something,to identify something etc."
0952df59a8,Tart,Tart:is sharp or pie with a fruit or other sweet filling.
74a82eb356,Clear,Easy to perceive
74a82eb356,FALSE,incorrect
74a82eb356,Indoors,within a building
74a82eb356,Name,person or product
74a82eb356,Tart,Sharp or acid in taste
ab266a6b3c,Clear,"pure, neat, without haze, clean, weather is clear"
ab266a6b3c,FALSE,"fake, wrong, illegal"
ab266a6b3c,Indoors,"inside a house or a room, indoor games,within a compound"
ab266a6b3c,Name,"identity, name of a person, used to identify humans, pets may also be named,"
ab266a6b3c,Tart,"pastry, fruit pie, is edible,sweet in taste"
b0af56c46c,Clear,visible
b0af56c46c,FALSE,wrong
b0af56c46c,Indoors,with in doors
b0af56c46c,Name,identification
b0af56c46c,Tart,"food, flavor"
b71a0177ea,Clear,"cloudless, bright, crystal, fair, fine, cloudless, bright,crystal, fair, fine,light, luminous, pleasant, rainless, shining, shiny, sunny, transparent"
b71a0177ea,FALSE,"wrong,dishonest, distorted, faulty, fictitious, fishy, inaccurate, incorrect,  inexact, invalid, lying, , misleading, unreal, untrue"
b71a0177ea,Indoors,"inside, in a building, in a house, interiors,  under a roof, under cover, within doors, within walls, inward"
b71a0177ea,Name,"title given to something, someone, alias, brand, head, nickname, label, sign, signature, style, tag, term"
b71a0177ea,Tart,"bitter, sour in taste,acetose, acid,harsh,nasty,pungent,tangy, vinegary"
5146be6c32,Clear,. A state of Clear is reached when a person becomes free of the influence of engrams
5146be6c32,FALSE,"Lie or falsehood, a type of deception in the form of an untruthful statement"
5146be6c32,Indoors,A house is a building or structure that has the ability to be occupied for dwelling by human beings or other creatures.
5146be6c32,Name,A name is a word or term used for identification
5146be6c32,Tart,A tart is a baked dish consisting of a filling over a pastry base with an open top not covered with pastry.
2b15616b23,Clear,remove
2b15616b23,FALSE,wrong
2b15616b23,Indoors,inside the place
2b15616b23,Name,noun
2b15616b23,Tart,a prostitute
bba2068b29,Clear,affording free passage or view
bba2068b29,FALSE,arising from error
bba2068b29,Indoors,within a building
bba2068b29,Name,by the sanction or authority of
bba2068b29,Tart,asting sour like a lemon
cdf81c2126,Clear,brightly visible
cdf81c2126,FALSE,a wrong thing
cdf81c2126,Indoors,within house
cdf81c2126,Name,title
cdf81c2126,Tart,sour
2cfb3bdbcd,Clear,perfect
2cfb3bdbcd,FALSE,wrong
2cfb3bdbcd,Indoors,inside
2cfb3bdbcd,Name,person
2cfb3bdbcd,Tart,prostitute
d6fbaf0859,Clear,"white,without stain"
d6fbaf0859,FALSE,"untrue, wrong"
d6fbaf0859,Indoors,inside
d6fbaf0859,Name,to identify one from the other
d6fbaf0859,Tart,pastry topped with jelly or fruit
7c3ee16479,Clear,easy to undestand
7c3ee16479,FALSE,not real
7c3ee16479,Indoors,inside a building
7c3ee16479,Name,the word that a person is known by
7c3ee16479,Tart,"an open pastry case with a filling, usually of something sweet"
cc0fd23c05,Clear,"open air, out-of-doors,, open, surface, outdoors"
cc0fd23c05,FALSE,"off-key, mistaken, simulated, imitation, faux, untrue, assumed, delusive, sham, put on, pretended, sour, fake, fictitious, fictive"
cc0fd23c05,Indoors,"inside, at bottom, in spite of appearance, deep down, indoors, inwardly, at heart, within"
cc0fd23c05,Name,"gens, epithet, public figure, figure"
cc0fd23c05,Tart,"prostitute, lady of pleasure, cyprian, whore, bawd, woman of the street, tart, fancy woman, cocotte, kept woman, working girl, sporting lady, mistress, harlot"
8298f6c5c0,Clear,when something is translucent
8298f6c5c0,FALSE,when something is not correct
8298f6c5c0,Indoors,When an activity takes place inside rather than outside
8298f6c5c0,Name,Someone's title or birthname
8298f6c5c0,Tart,very sour
eaecffb8af,Clear,"pure,clean,without dust, perfect."
eaecffb8af,FALSE,"unfaithful,not true,fake,disloyal, not a figure."
eaecffb8af,Indoors,"done, inside, situated, inside house, come inside"
eaecffb8af,Name,"identification, word,something,person's identification."
eaecffb8af,Tart,"prostitute,beautiful appearance,informal."
46db8237d3,Clear,"colourless,purity,tidy,clarity"
46db8237d3,FALSE,"irrelavant,wrong,incorrect,untrue,sin,mistake"
46db8237d3,Indoors,"home,under shade,inside"
46db8237d3,Name,"my name musfi,identity,introducing us"
46db8237d3,Tart,"for sweets,pastry,for keeping cake,we keep edible foods"
a4da035c8e,Clear,"easy to understand, transparent, free from something."
a4da035c8e,FALSE,"opposite of true, illusory, something which is wrong."
a4da035c8e,Indoors,"related to indoor games, remaining inside,"
a4da035c8e,Name,"ones identity, to address somebody using his name, can be famous person."
a4da035c8e,Tart,"which contains a pastry, a prostitute, sharp object."
99822f0efe,Clear,"Transparent, glass, not cloudy"
99822f0efe,FALSE,"Not true, fiction, lie"
99822f0efe,Indoors,"House, office, school, not outdoors"
99822f0efe,Name,"Signature, identification, birth certificate"
99822f0efe,Tart,"Sour, not sweet, pucker"
6be52007c6,Clear,"free from darkness, obscurity, or cloudiness:
bright; shining:
distinctly perceptible to the ear; easily heard
without discoloration, defect, or blemish:"
6be52007c6,FALSE,". not in accordance with the fact or reality or actuality
2. arising from error
3. erroneous and usually accidental
4. deliberately deceptive
5. inappropriate to reality or facts
6. not genuine or real; being an imitation of the genuine article
7. designed to deceive
8. inaccurate in pitch
9. adopted in order to deceive
10. (used especially of persons) not dependable in devotion or affection; unfaithful"
6be52007c6,Indoors,"used inside the building, into or inside the building."
6be52007c6,Name,word or words which someones or something is known.
6be52007c6,Tart,"spark or acid in taste,sharp or hurtful"
fd1a1cbbc3,Clear,"the state of being free of suspicion 
 open"
fd1a1cbbc3,FALSE,"off-key, mistaken, simulated, imitation, faux, untrue, assumed, delusive, sham, put on, pretended, sour, fake, fictitious, fictive"
fd1a1cbbc3,Indoors,"inside, at bottom, in spite of appearance, deep down, indoors, inwardly, at heart, within"
fd1a1cbbc3,Name,"gens, epithet, public figure, figure"
fd1a1cbbc3,Tart,"prostitute, lady of pleasure, cyprian, whore, bawd, woman of the street, tart, fancy woman, cocotte, kept woman, working girl, sporting lady, mistress, harlot"
fbcc6f1973,Clear,neatly
fbcc6f1973,FALSE,not correct
fbcc6f1973,Indoors,not outdoors
fbcc6f1973,Name,identirty
fbcc6f1973,Tart,place
33f9438463,Clear,"free from darkness, obscurity, or cloudiness; light: a clear day; transparent; pellucid: clear water; without discoloration, defect, or blemish: a clear complexion; a clear pane of glass; of a pure, even color: a clear yellow; sily seen; sharply defined: a clear outline."
33f9438463,FALSE,not true or correct; erroneous: a false statement; uttering or declaring what is untrue: a false witness; not faithful or loyal; treacherous: a false friend; tending to deceive or mislead; deceptive: a false impression; not genuine; counterfeit.
33f9438463,Indoors,in or into a house or building: We stayed indoors during the storm.inside or into a house or other building
33f9438463,Name,"a word or a combination of words by which a person, place, or thing, a body or class, or any object of thought is designated, called, or known; mere designation, as distinguished from fact: He was a king in name only; an appellation, title, or epithet, applied descriptively, in honor, abuse, etc. 
a reputation of a particular kind given by common opinion: to protect one's good name; a distinguished, famous, or great reputation; fame: to make a name for oneself;"
33f9438463,Tart,"sharp to the taste; sour or acid: Tart apples are best for pie; astringent, acrid, piquant; sharp in character, spirit, or expression; cutting; biting: a tart remark; sarcastic, barbed, caustic, acerbic, acrimonious; a small pie filled with cooked fruit or other sweetened preparation, usually having no top crust; a covered pie containing fruit or the like."
765fa69c5c,Clear,"clean,well defined"
765fa69c5c,FALSE,"untrue,mistaken,disloyal and faithless manner"
765fa69c5c,Indoors,"within a building,inside"
765fa69c5c,Name,"identity,call,figure"
765fa69c5c,Tart,"woman of the street,sharp,prostitute"
5c88d6dd6c,Clear,"pure, transparent, sure,doubtless"
5c88d6dd6c,FALSE,"wrong, incorrect, not true,lying,unfounded"
5c88d6dd6c,Indoors,"inside a house,indoor games,used within a building"
5c88d6dd6c,Name,"That by which a person or a thing called,designation, fame,a celebrity"
5c88d6dd6c,Tart,"sharp in taste,bitter,a kind of pie or pastry,"
f433c3fbfe,Clear,plain
f433c3fbfe,FALSE,fake
f433c3fbfe,Indoors,inside
f433c3fbfe,Name,firstname
f433c3fbfe,Tart,sharp
c602294c0a,Clear,transparent
c602294c0a,FALSE,wrong
c602294c0a,Indoors,inside the house
c602294c0a,Name,the word which can be used to call a person
c602294c0a,Tart,sour in taste
eece1523fc,Clear,"incontrovertible,straightforward,comprehensible,uncomplicated,intelligible,perceptible,disencumber."
eece1523fc,FALSE,"mistaken,uncorrect,wrong,untrue,lying,untrustworthy,unscurpulous,duplicitous,artificial."
eece1523fc,Indoors,"situated in,interior of a building,located,indicator."
eece1523fc,Name,"nickname,choose,commission,reputation,designation,appellation,personality,nomenclature,characterize."
eece1523fc,Tart,"cutting,caustic,acerbic,pungent,piquant,trenchant,acrimonious."
6c7df926ad,Clear,"clean, neat, clean gives special happy"
6c7df926ad,FALSE,"wrong, opposite true,"
6c7df926ad,Indoors,opposite outdoor
6c7df926ad,Name,"my names is subi,"
c57efba744,Clear,rub
c57efba744,FALSE,"wrong, mistake"
c57efba744,Indoors,"inside, indoor games"
c57efba744,Name,refers to a person
c57efba744,Tart,"sour, a kind of taste"
a7cece6cf4,Clear,"Picture, Clean, Skin, Mirror & Hands"
a7cece6cf4,FALSE,"Fake, Not true, Lie, Wrong"
a7cece6cf4,Indoors,"Games, Furniture, Home, Music & Entertainment"
a7cece6cf4,Name,"Words, English, A Person's Identity, Alphabets & Meanings"
a7cece6cf4,Tart,"Prostitute, bitch, sour, bitter in nature"
ca7db722df,Clear,"see through, not opaque, concise, easy to understand"
ca7db722df,FALSE,"untrue, lie, not true"
ca7db722df,Indoors,"inside, in a house or building, not outdoors,"
ca7db722df,Name,"moniker, calling, what people call you, what people call something"
ca7db722df,Tart,"pastry, small pastry made of dough with edible filling. harlot, floozy"
d2ee442783,Clear,"Clear - Is a verb.  Something we are not understanding then we can ask please clear the matter or clarify the matter,  the snap is not clear, what you are saying is not clear"
d2ee442783,FALSE,False - Opposite word True.  The sentence is false.  False information
d2ee442783,Indoors,"Indoors - All in-house programs, games, something doing inside the building"
d2ee442783,Name,"Name - A person/place name, a gentleman keep his name always right"
d2ee442783,Tart,"Tart - Bad character lady, no top covering"
4d213992b5,Clear,"make clean, sky clear, understood,neat,word"
4d213992b5,FALSE,"bad,crime,wrong,"
4d213992b5,Indoors,"carrom board,table tennis,billiards,chess,house doors,lockers"
4d213992b5,Name,"used by human,helps to call,used to differentiate humans,"
4d213992b5,Tart,"Fibbergibbet, gadgets,lemon,tang,origin from english"
6b2ac0ef88,Clear,free from obstruction
6b2ac0ef88,FALSE,which is not true
6b2ac0ef88,Indoors,inside the house
6b2ac0ef88,Name,a word which is used to describe
6b2ac0ef88,Tart,sharp
b51378192c,Clear,"Clear:Clear, Alaska is an unincorporated community in Denali Borough, Alaska, United States"
b51378192c,FALSE,"False:False (logic) Lie or falsehood, a type of deception in the form of an untruthful statement Falsity or falsehood, in law, deceitfulness by one party that results in damage to another Falsies padding for use in a brassiere to create the appearance of larger breasts FALSE, a programming language"
b51378192c,Indoors,"Indoors:is A house is a building or structure that has the ability to be occupied for dwelling by human beings or other creatures. The term house includes many kinds of different dwellings ranging from rudimentary huts of nomadic tribes to free standing individual structures.[1] In some contexts, ""house"" may mean the same as dwelling, residence, home, abode, lodging, accommodation, or housing, among other meanings."
b51378192c,Name,"Name:A name is a word or term used for identification. Names can identify a class or category of things, or a single thing, either uniquely, or within a given context. A personal name identifies a specific unique and identifiable individual person, and may or may not include a middle name."
b51378192c,Tart,"Tart:A tart is a baked dish consisting of a filling over a pastry base with an open top not covered with pastry. The pastry is usually shortcrust pastry; the filling may be sweet or savoury, though modern tarts are usually fruit-based, sometimes with custard."
e97ff5f954,Clear,without a stain/without danger
e97ff5f954,FALSE,not true/incorrect/error
e97ff5f954,Indoors,not outdoors/within a building
e97ff5f954,Name,identity/noun
e97ff5f954,Tart,a kind of sweet/a cheap woman
95e2618c28,Clear,"Free from clouds, mist, or haze"
95e2618c28,FALSE,"Contrary to fact or truth,Deliberately untrue"
95e2618c28,Indoors,"In or into a house or building, inside or into a house or other building
,"
95e2618c28,Name,"A word or words by which an entity is designated and distinguished from others,A word or group of words used to describe or evaluate, often disparagingly"
95e2618c28,Tart,"Having a sharp pungent taste; sour, Sharp or bitter in tone or meaning; cutting"
88f44b5024,Clear,free from unwanted works
88f44b5024,FALSE,"wrong statement,wrong thing"
88f44b5024,Indoors,inside the house
88f44b5024,Name,word or text used for identification
88f44b5024,Tart,pastry or cake
3c84e2112e,Clear,"straight forward, having no dirt, easy to understand, clean, not complicated"
3c84e2112e,FALSE,"unacceptable, forbidden, unreasonable, not true, against the rules,"
3c84e2112e,Indoors,"means under the roof, enclosed, hidden, indoor games, indoor facilities"
3c84e2112e,Name,"a tag for u, u are called with that, an official tag, nick name, original name, brand name"
3c84e2112e,Tart,"unpleasant, bitter, not liked by people, causes irritation, hated by people, accerbic"
44b784f1d9,Clear,"clear is an adjective,adverb,noun.it means free from darkness,dirt,obstacles,pure, to remove people or objects, to clean, to go away"
44b784f1d9,FALSE,"false means not correct,not faithful or loyal, not genuine, implies intent to deceive"
44b784f1d9,Indoors,Indoors means inside of house or building
44b784f1d9,Name,"Name is the term used for identification, can identify individuals or groups or subgroups."
44b784f1d9,Tart,"Tart is a baked dish with open top, also means prostitute,sharp to taste, sharp expression."
a6e6f7b984,Clear,"Easy to see,hear or understand,leaving or feeling no doubt,transparent,free of obstructions or anything unwanted,make or become clear."
a6e6f7b984,FALSE,"Not true or correct,fake,artificial,mistaken."
a6e6f7b984,Indoors,"Situated,done or used inside a building,into or inside the building."
a6e6f7b984,Name,"A word or words by which someone or something is known,a famous person ,a reputation,identify by name,a person or a thing with the same name as another."
a6e6f7b984,Tart,"An open pastry case with a filling,informal a prostitute."
8f659dbf2f,Clear,"transparent, obvious, precise, accurate"
8f659dbf2f,FALSE,"dishonest, not true"
8f659dbf2f,Indoors,"inside, within a building, not outside"
8f659dbf2f,Name,a unique identifier for a person or object
8f659dbf2f,Tart,"a pastry dish that is edible often fruit based in small sizes or large sizes, a sour taste, a woman of little virtue"
eb09612a37,Clear,PERFECT
eb09612a37,FALSE,TRUE LESS
eb09612a37,Indoors,INSIDE
eb09612a37,Name,PERSON IDENTIFICATION
eb09612a37,Tart,THINK
3575814b03,Clear,"without discoloration ,free from darkness,easily seen"
3575814b03,FALSE,"not true,"
3575814b03,Indoors,in to a house or building
3575814b03,Name,combination of word with person or place
3575814b03,Tart,sharp to the taste
86dc19ebbd,Clear,"obvious, lucid, understandable"
86dc19ebbd,FALSE,"fake, bogus, phony"
86dc19ebbd,Indoors,"inside, within, at home"
86dc19ebbd,Name,"persons name, family name, nick name"
86dc19ebbd,Tart,"pie, pastry"
5cf41e6737,Clear,opposite of nonclear
5cf41e6737,FALSE,which is not true
5cf41e6737,Indoors,outside of outdoor
5cf41e6737,Name,identification
5cf41e6737,Tart,food
2622f61522,Clear,"open, clear up, unclutter, crystalise,"
2622f61522,FALSE,"untrue, mistaken, assumed, fictitious, fictive, pretended,"
2622f61522,Indoors,inside
2622f61522,Name,"epithet, gens, figure, public figure, diagnose, describe, discover, distinguish, identify, key, key out, list, advert,"
2622f61522,Tart,"bawd, cocotte, cyprian, fancy woman, harlot, lady of pleasure, prostitute,"
24a08f9d6b,Clear,"Free from clouds, mist, or haze: a clear day;Free from guilt; untroubled;a clear conscience;Easily seen through; transparent;clear water;Free from charges or deductions; net; a clear profit."
24a08f9d6b,FALSE,False Christ;Not genuine or real: false teeth; false documents;Arising from mistaken ideas: false hopes ;Unwise; imprudent;untrue.
24a08f9d6b,Indoors,Indoor Plants;Indoor games;inside;indoor garden.
24a08f9d6b,Name,word or words by which an entity is designated and distinguished from others;a bad name;baby names;To give a name to;name something;To specify or fix.
24a08f9d6b,Tart,"Having a sharp pungent taste; sour;Peach tart;Chiefly British;A pie;A pastry shell with shallow sides, no top crust,any of various filling."
92cfd37e76,Clear,"glass, view, sky, road, lens, thinking"
92cfd37e76,FALSE,"untrue, negative, no, incorrect"
92cfd37e76,Indoors,"rooms, roof, swimming pool, light, activity, sports"
92cfd37e76,Name,"place, what person is called by, streets"
92cfd37e76,Tart,"apple, sweets, sour, female, eat, strawberry, pecan"
96824489d6,Clear,"visible,can hear,can see,neat"
96824489d6,FALSE,"mistake,blunder,wrong,misunderstanding"
96824489d6,Indoors,"games,inside the house, carom,"
96824489d6,Name,"person,particular,specific,identify, recognize"
96824489d6,Tart,"food,tasty,pastry item,filling"
6c04a7f4c1,Clear,no doubts
6c04a7f4c1,FALSE,opposite of true
6c04a7f4c1,Indoors,which in inside i.e  opp outdoors
6c04a7f4c1,Name,callling indication of something
6c04a7f4c1,Tart,oppostion of maitaing something
9a0973bddb,Clear,clean
9a0973bddb,FALSE,wrong
9a0973bddb,Indoors,inside
9a0973bddb,Name,person call
9a0973bddb,Tart,cake
ebc4f95447,Clear,clean
ebc4f95447,FALSE,lie
ebc4f95447,Indoors,inside
ebc4f95447,Name,person identification
ebc4f95447,Tart,toy
0da623e05b,Clear,transparent
0da623e05b,FALSE,wrong
0da623e05b,Indoors,"inside, inside the house"
0da623e05b,Name,a thing to identify a person
0da623e05b,Tart,sharp in character
84d66f35f1,Clear,"clean, free of flaws or blemishes, unobstructed, transparent, see-through"
84d66f35f1,FALSE,"untrue, traitorous, not genuine, lies, deception"
84d66f35f1,Indoors,"inside, walls, ceiling, houses, buildings, caves, underground structures"
84d66f35f1,Name,"noun, what you call someone or something, variable"
84d66f35f1,Tart,"fruit or meat pastry, woman or girl with too much makeup"
075bbbca89,Clear,"1	easy to perceive or understand. leaving or feeling no doubt: it was clear that they were in a trap. 
2	transparent; unclouded. free of mist; having good visibility. (of a person's skin) free from blemishes. (of a color) pure and intense."
075bbbca89,FALSE,"1	not according with truth or fact. invalid or illegal: false imprisonment. 
2	deliberately intended to deceive. artificial. 
3	not actually so; illusory. used in names of plants, animals, and gems that superficially resemble the thing properly so called, e.g. false scorpion. 
4	disloyal."
075bbbca89,Indoors,"adverb into or within a building. 
	noun the area or space inside a building."
075bbbca89,Name,"1	a word or set of words by which someone or something is known, addressed, or referred to. 
2	a famous person. a reputation, especially a good one. 
3	(in the UK) an insurance underwriter belonging to a Loyd's syndicate."
075bbbca89,Tart,noun an open pastry case containing a sweet or savory filling.
5f6fadae3f,Clear,"clouds, mist, transparent, blemish, impurity"
5f6fadae3f,FALSE,"mistake, wrong, incorrect, not real, not genuine"
5f6fadae3f,Indoors,"within doors, within a house, domestic, indoor work"
5f6fadae3f,Name,"identity, group of words, mention, specify"
5f6fadae3f,Tart,"sour, taste, bitter, cutting"
43a5962bc7,Clear,Clarity; transparent; see-through; like glass; could be clear as in meaning or clear as in water.
43a5962bc7,FALSE,Incorrect; untrue; a lie.
43a5962bc7,Indoors,Inside; in a house; opposite of outdoors.
43a5962bc7,Name,Identifier; unique to a person; shows a person's identity; noun; could be the name of an object rather than a person.
43a5962bc7,Tart,Food; made from pie crust with a filling; often fruit filling such as apple or cherry; or a cream filling such as a portuguese custard tart; usually a sweet pie rather than a savoury pie; or slang for a prostitute.
1c7639828f,Clear,"neat, free from darkness, most visible"
1c7639828f,FALSE,"wrong, not true, incorrect"
1c7639828f,Indoors,"inside a  house, situated in, within the doors"
1c7639828f,Name,"designation, identification, may be  a single or comination of words"
1c7639828f,Tart,"sour, sharp in taste, type of taste"
687a64124e,Clear,"To clear anything or to clear any doubt.
it mean to remove."
687a64124e,FALSE,Any thing wrong is obtained to be false.or wrong.
687a64124e,Indoors,"used, done etc inside a building"
687a64124e,Name,"One of the things that all people and places have in common is (NAMES). Have you ever asked yourself, ""What does my name mean?"". Most people have some idea of their name meaning or where their name came from. This site has been set up as a free etymology and onomastics resource to look up the history and meaning of names. Browse through name meaning, rankings, other people's comments, ratings, and other statistics in addition to the name meanings."
687a64124e,Tart,Sharp or bitter in tone or meaning; cutting.
7b5feaf707,Clear,Clear means fine
7b5feaf707,FALSE,opposite of true
7b5feaf707,Indoors,it represents the games
7b5feaf707,Name,"It represents a person, object etc"
7b5feaf707,Tart,It means bitter
0a7858ea02,Clear,"transparent, a quality of a material, see-through, unfogged, unhazed, an adjective"
0a7858ea02,FALSE,"not true, the opposite of truth, a lie"
0a7858ea02,Indoors,"not outside, inside a building"
0a7858ea02,Name,"a word given to something to identify it, one's identifying word, a proper noun"
0a7858ea02,Tart,"a little bit sour, not sweet, a certain taste, a way to describe how something tastes"
153fbbab45,Clear,Our new television has a very clear picture.
153fbbab45,FALSE,"ot real, but made to look or seem real 
  false  eyelashes/teeth"
153fbbab45,Indoors,Spring bulbs can be grown indoors.
153fbbab45,Name,What's the name of that mountain in the distance?
153fbbab45,Tart,apple/strawberry/custard tart
a4da035c8e,America,"country, also known as usa, white people and black people living together."
a4da035c8e,Desert,"sand, hot place, less water, cactus."
a4da035c8e,Honest,"sign of good human being, truthful, virtuous."
a4da035c8e,Shape,"size, object, thing covering area."
a4da035c8e,Way,"road, style, manner"
c602294c0a,America,its a country
c602294c0a,Desert,sweet dish
c602294c0a,Honest,truthfulness
c602294c0a,Shape,description of outline
c602294c0a,Way,route
faed1af4c3,America,"A country, very developed, very large, multi-cultural, democracy"
faed1af4c3,Desert,"sweet, high in calories, has sugar, is edible"
faed1af4c3,Honest,"a trait, a quality, truth"
faed1af4c3,Shape,"a form, takes form,"
faed1af4c3,Way,"passage, direction, make space"
fd1a1cbbc3,America,"United States, United States of America, America, the States, US, U.S., USA, U.S.A."
fd1a1cbbc3,Desert,"waste, devastate, give up, desert, lay waste to, abandon, vacate, scourge, empty, depopulate, defect, forsake, ravage, desolate"
fd1a1cbbc3,Honest,"fair, respectable, dependable, true(p), good, ethical, honest, honorable, honourable, estimable, reliable"
fd1a1cbbc3,Shape,"shape, form, configuration, contour, conformation 
any spatial attributes (especially as defined by outline)"
fd1a1cbbc3,Way,"modal value, modality, fashion, manner, mode, vogue, panache, way, mood, path, elbow room, style, direction, agency, trend, expressive style, way of life, stylus, personal manner, means, elan, musical mode, flair, dash, room"
03163d3aa8,America,"Country, U.S.A., Christianity, twin towers, Liberty Statue, Niagara, Obama, Wall street, Wal-Mart, World Bank, IMF"
03163d3aa8,Desert,"Sand, Hot Place, Camel, Oasis, Scarcity Of Water, Thirsty, dune, Sand storm, Sahara, Thar"
03163d3aa8,Honest,"noble, truth, genuine, fair, correct, sincere, respectable"
03163d3aa8,Shape,"Define, size, outline, characteristics, perfect, mold, pattern, regular, area"
03163d3aa8,Way,"path, road, clear, route, destination, track, travelling, specific direction"
bba2068b29,America,North American republic containing 50 states - 48 conterminous states in North America plus Alaska in northwest North America and the Hawaiian Islands in the Pacific Ocean; achieved independence in 1776
bba2068b29,Desert,leave someone who needs or counts on you; leave in the lurch
bba2068b29,Honest,marked by truth
bba2068b29,Shape,the visual appearance of something or someone
bba2068b29,Way,a line leading to a place or point
0952df59a8,America,"America: is a continent,North America,South America,discovered by Columbus."
0952df59a8,Desert,"Desert:is an arid region,low rainfall,scanty vegetation,extreme temperature."
0952df59a8,Honest,"Honest:means speaking truth,fair,just,sincere and untruthfulness."
0952df59a8,Shape,"Shape:is external appearance,square,rectangle,circle,pentagon,hexagon and octagon."
0952df59a8,Way,"Way:is a path,track,travelling distance,route for passing along."
645dedc6c5,America,It is a continent
645dedc6c5,Desert,It is a dry and sandy place
645dedc6c5,Honest,To be truthful
645dedc6c5,Shape,it denoted the outline of  afigure
645dedc6c5,Way,a path.
da957b79fd,America,"a landmass containing Canada, the United States, and Mexico.  to the west is the Pacific and to the east is the Atlantic ocean"
da957b79fd,Desert,"a dry arid environment, famous for sand and cacti.  Contains animal species like tortoises, desert foxes, rodents, and birds."
da957b79fd,Honest,"a characteristic describing someone who does not lie, who always tells the truth"
da957b79fd,Shape,"the physical description of an object, for example square, triangle, circle"
da957b79fd,Way,"a direction, can be abstract or more concrete, for example ""her way"" or ""go this way"""
fbcc6f1973,America,is a country
fbcc6f1973,Desert,plateu
fbcc6f1973,Honest,truthful
fbcc6f1973,Shape,sides
fbcc6f1973,Way,road
b71a0177ea,America,"north america, south america, white,indo- american"
b71a0177ea,Desert,"Bare, lonely, Infertile, waste, wild, beach, uninhabited, untilled, unproductive, arid, desolate, camels"
b71a0177ea,Honest,"authentic, decent, ethical, fair, frank, genuine, honorable, impartial, prpoer, real, sincere, straighforward, virtuous, upright, dishonest"
b71a0177ea,Shape,"appearance, architecture, aspect, body, build, configuration, construction, format, figure, frame, model, mold, assemble, fashion, prepare, sculpture, sketch"
b71a0177ea,Way,"approach, plan, plot, policy, vehicle, process, connection, route, path, door, entrance, entry, passage"
1515274e77,America,"A country, filled with states, free."
1515274e77,Desert,"deserted, dry, sandy, filled with cold blooded creatures."
1515274e77,Honest,to not lie.
1515274e77,Shape,"to form, round, square, rectangular, triangular."
1515274e77,Way,"a path, left, right, passage opening."
eb09612a37,America,COUNTRY
eb09612a37,Desert,SANDY AREA
eb09612a37,Honest,JANINE
eb09612a37,Shape,ROUND
eb09612a37,Way,ROUTE
d6fbaf0859,America,USA consists of diff states
d6fbaf0859,Desert,normally sweet eaten after a dinner or lunch
d6fbaf0859,Honest,"truthful , in good faith"
d6fbaf0859,Shape,visual representation of an object
d6fbaf0859,Way,the road to
153fbbab45,America,the US
153fbbab45,Desert,See picture desert
153fbbab45,Honest,I'd like you to give me an honest answer/your honest opinion.
153fbbab45,Shape,My bicycle wheel has got bent  out of  shape.
153fbbab45,Way,Do you know the way  to  the train station?
cc0fd23c05,America,american agave  americana  american alligator
cc0fd23c05,Desert,"waste, devastate, give up, desert, lay waste to, abandon, vacate, scourge, empty, depopulate, defect, forsake, ravage, desolate"
cc0fd23c05,Honest,"fair, respectable, dependable, true(p), good, ethical, honest, honorable, honourable, estimable, reliable"
cc0fd23c05,Shape,"course, figure, flesh, conformity, contour line, frame, shape, kind, conformation, word form, physical"
cc0fd23c05,Way,"modal value, modality, fashion, manner, mode, vogue, panache, way, mood, path, elbow room, style, direction, agency, trend, expressive style, way of life, stylus, personal manner, means, elan, musical mode, flair, dash, room"
4722c98540,America,"New York, White people, Flag, Obama, Nature"
4722c98540,Desert,"Ice Cream, Flavors, Starters, Cool, Melt."
4722c98540,Honest,"Friends, God, To Talk, Truth, Humble."
4722c98540,Shape,"Rectangle, Women, Drawings, Mathematics, Round."
4722c98540,Way,"Walk, Drive, Road, To Run, Shops."
1398dc46e5,America,"a country in North America, above Mexico and below Canada for the most part"
1398dc46e5,Desert,a food that one eats as a snack
1398dc46e5,Honest,truthful
1398dc46e5,Shape,three or more sides that is enclosed or a cirlce
1398dc46e5,Way,"path,"
eaecffb8af,America,richest country
eaecffb8af,Desert,"place for camel, waterless land"
eaecffb8af,Honest,"faith,resposibelity"
eaecffb8af,Shape,"figure,structure"
eaecffb8af,Way,"travel, is track"
c0ab885973,America,It is a big unites state
c0ab885973,Desert,A dry place
c0ab885973,Honest,faithful
c0ab885973,Shape,design of the elements
c0ab885973,Way,path
b51378192c,America,"America: is  short for the United States of America, it is Placename, American continent, including North, South, and Central America"
b51378192c,Desert,"Desert: it is barren, dry, waste, wild, empty, bare, lonely, solitary, desolate, arid, unproductive, infertile, uninhabited, uncultivated, unfruitful"
b51378192c,Honest,"Honest: is wealth honestly,Honestly, honest face,honest living."
b51378192c,Shape,"Shape:is form, affect, influence, make, produce, create, model, fashion, mould"
b51378192c,Way,"Way: is by the way,way of life,moving, in progress"
1f86e94a59,America,A country in North America
1f86e94a59,Desert,A large plot of land filled with sand and sometimes oasis's.
1f86e94a59,Honest,Someone who is telling the truth.
1f86e94a59,Shape,The form of something.
1f86e94a59,Way,A direction to go.
5cf41e6737,America,continent name
5cf41e6737,Desert,sand area
5cf41e6737,Honest,good people
5cf41e6737,Shape,size
5cf41e6737,Way,road
74a82eb356,America,one of the country
74a82eb356,Desert,surrounded by sail
74a82eb356,Honest,being true
74a82eb356,Shape,things with more than one dimentional
74a82eb356,Way,direction to go
2622f61522,America,"the states, u.s., u.s.a., united states, united states of america, us, usa"
2622f61522,Desert,"abandon, desolate, forsake, defect"
2622f61522,Honest,"fair, good, honorable, dependable, reliable, true"
2622f61522,Shape,"form, cast, configuration, conformation, contour, anatomy, bod, build,"
2622f61522,Way,"agency, means, path, way of life, fashion, manner, mode, style, direction, elbow room, room, right smart"
ab6d427bc7,America,America: A landmass in the western hemisphere that consists of the continents of North and South America joined by the Isthmus of Panama.
ab6d427bc7,Desert,"Desert: A dry, barren area of land, esp. one covered with sand."
ab6d427bc7,Honest,"Honest: Used to persuade someone of the truth of something: ""you'll like it when you get there, honest""."
ab6d427bc7,Shape,Shape:The external form or appearance of someone or something.
ab6d427bc7,Way,Way: At or to a considerable distance or extent; far
a99eff3ef7,America,America is the term most often used to refer to the United States
a99eff3ef7,Desert,"A desert is a dry, hot, sandy, usually barren and uninhabited area"
a99eff3ef7,Honest,Honest describes someone or something that is truthful
a99eff3ef7,Shape,A shape is a specific form
a99eff3ef7,Way,"a means of passing from one place to another, as a road, highway, street or path"
6c7df926ad,America,"a country, world is large wealth country"
6c7df926ad,Desert,eat a food after eating sweet
6c7df926ad,Honest,"a sweet item, tasty item"
6c7df926ad,Shape,"a body shape,"
6c7df926ad,Way,"walking way,coming and going way"
6764bded40,America,"a country, democracy, president, armed forces, freedom"
6764bded40,Desert,"food to eat after a meal, sweet, sour, cakes, pies, candy, and doughnuts."
6764bded40,Honest,"To tell the truth, not to lie, integrity"
6764bded40,Shape,"Form, to build something, an object with connecting lines and angles"
6764bded40,Way,"Street sign, path, road, street."
8298f6c5c0,America,"the united states, a country"
8298f6c5c0,Desert,a place where it is fiercely hot and surrounded by lands of sand
8298f6c5c0,Honest,to be truthful
8298f6c5c0,Shape,a form of an object
8298f6c5c0,Way,a style or the how a person acts
cb5656ed21,America,"big, capitalist society, high crime rate, no health care, high economic mobility"
cb5656ed21,Desert,"is dry, is sandy, is in the southwest US, is hot"
cb5656ed21,Honest,"is good, respectable, trustworthy"
cb5656ed21,Shape,"has mass, is a physical object, has a spatial orientation"
cb5656ed21,Way,"an option, a choice, a road"
ebc4f95447,America,country
ebc4f95447,Desert,sandy area
ebc4f95447,Honest,janine
ebc4f95447,Shape,round
ebc4f95447,Way,route
075bbbca89,America,"adjective relating to or characteristic of the United States. relating to the continents of America. 
	noun a native or inhabitant of the United States. a native or inhabitant of any of the countries of North, South, or Central America."
075bbbca89,Desert,"1	callously or treacherously abandon. 
2	[usually as adjective deserted] leave (a place), causing it to appear empty. 
3	illegally leave the armed forces."
075bbbca89,Honest,"1	free of deceit; truthful and sincere. earned fairly through hard work: an honest living. (of an action) well intentioned even if misguided: an honest mistake. 
2	simple and unpretentious: good honest food with no gimmicks. 
	adverb informal genuinely; really."
075bbbca89,Shape,"1	the external form, outline, or contours of someone or something. a specific form or guise assumed by someone or something: a fiend in human shape. 
2	a geometric figure such as a rectangle. a piece of material, paper, etc., made or cut in a particular form."
075bbbca89,Way,"1	a method, style, or manner of doing something. the typical manner in which someone behaves or in which something happens. formal or Scottish a person's occupation or line of business."
2b15616b23,America,It is one of the country.
2b15616b23,Desert,it is place where there will be high temperature and scarcity of water.
2b15616b23,Honest,To indicate person become genuine.
2b15616b23,Shape,It express particular thing.
2b15616b23,Way,means path.
95e2618c28,America,"The United States,Also called the Americas the American continent, including North, South, and Central America"
95e2618c28,Desert,"A barren or desolate area,An empty or forsaken place"
95e2618c28,Honest,"Marked by or displaying integrity; upright,Not deceptive or fraudulent; genuine"
95e2618c28,Shape,"The characteristic surface configuration of a thing; an outline or contour,Something distinguished from its surroundings by its outline"
95e2618c28,Way,"A road, path, or highway affording passage from one place to another"
e97ff5f954,America,a continent/the western continent
e97ff5f954,Desert,a dry and arid place devoid of water/to leave or abandon someone in the middle of a task
e97ff5f954,Honest,not a cheat/truthful
e97ff5f954,Shape,form of something or someone/to make something or create
e97ff5f954,Way,path/how something is done
0da623e05b,America,a great country
0da623e05b,Desert,a dehydrated area
0da623e05b,Honest,being a true man
0da623e05b,Shape,the outer bordering of anything
0da623e05b,Way,a path
5146be6c32,America,"The Americas, a landmass comprising North America and South America"
5146be6c32,Desert,"A desert is a landscape or region that receives an extremely low amount of precipitation, less than enough to support growth of most plants."
5146be6c32,Honest,"Honesty refers to a facet of moral character and denotes positive, virtuous attributes such as integrity, truthfulness, and straightforwardness along with the absence of lying"
5146be6c32,Shape,The shape of an object located in some space is a geometrical description of the part of that space occupied by the object.
5146be6c32,Way,"a road, path or pathway"
99822f0efe,America,"USA, pride, freedom, patriotic"
99822f0efe,Desert,"Sand, wind, dry, heat, cactus"
99822f0efe,Honest,"Truthful, integrity, trustworthy, not liar, true"
99822f0efe,Shape,"Lines, figure, mold, form"
99822f0efe,Way,"Sign, direction, instruction, how to"
186db71701,America,"America is the term most often used to refer to the united states ,when pluralized,American can refers to all of north,central and south America.one or both of continents  in western hemisphere.the united states of America.US"
186db71701,Desert,"Desert means to leave or abandon someone or something.a desert is dry,hot,sandy,usually barren and uninhabited area.waste,sand,Sahara,barren plains"
186db71701,Honest,"honest is someone or something that is truthful,trustworthy,genuine ,true,correct,exact,respectable,factual sound,respectable.worthy,legitimate.realistic,"
186db71701,Shape,"shape is a specific form,a particular condition,the outline of something you can see even when you cannot clearly make out what it is,or to a something cut out of a paper.configuration,appearance,pattern,mold"
186db71701,Way,"a means of passing one place to another ,as a road ,highway,street or path,room or space for passing,free area ,an opening,as in a crowd or traffic.manner or style,locality,"
f433c3fbfe,America,country
f433c3fbfe,Desert,wasteland
f433c3fbfe,Honest,frank
f433c3fbfe,Shape,profile
f433c3fbfe,Way,system
86dc19ebbd,America,"Continent, North America, South America, United States of America"
86dc19ebbd,Desert,"waste land, arid region"
86dc19ebbd,Honest,"truthful, sincere, frank"
86dc19ebbd,Shape,"form, figure, outline"
86dc19ebbd,Way,"method, means, mode"
6c04a7f4c1,America,which is one of the developed country
6c04a7f4c1,Desert,which doesnot contain water
6c04a7f4c1,Honest,truth
6c04a7f4c1,Shape,which  has particular features
6c04a7f4c1,Way,which  indiating direction
96824489d6,America,"country,financially stubborn,rich,barrack Obama,dollar"
96824489d6,Desert,"sand,dry,heat,camel,dates"
96824489d6,Honest,"truth,sincerity,one who is not telling lies,who is not cheating"
96824489d6,Shape,"geometrical figure,appearance,outer look, sphere,triangle,round"
96824489d6,Way,"path,road ,street,on the way,way of talking"
5f6fadae3f,America,"continent,americans, place,USA,land"
5f6fadae3f,Desert,"little rainfall, lifeless area,uncultivated,no water, dry"
5f6fadae3f,Honest,"fair,upright,good,respectable,truth"
5f6fadae3f,Shape,"surface,outline,pattern,figure"
5f6fadae3f,Way,"road,path,highway,action,space to proceed"
7c3ee16479,America,continent
7c3ee16479,Desert,area which is covered with sand and rocks where there is little rain and not many plants
7c3ee16479,Honest,telling the truth and able to be trusted
7c3ee16479,Shape,appearence of something
7c3ee16479,Way,direction
9a0973bddb,America,country name
9a0973bddb,Desert,place of sand
9a0973bddb,Honest,truly
9a0973bddb,Shape,design
9a0973bddb,Way,plan
cdf81c2126,America,a developed country
cdf81c2126,Desert,area full of sand and water scarcity.
cdf81c2126,Honest,true in nature
cdf81c2126,Shape,structure
cdf81c2126,Way,path
b0af56c46c,America,country
b0af56c46c,Desert,dry land
b0af56c46c,Honest,loyal
b0af56c46c,Shape,structure
b0af56c46c,Way,route
b193644de4,America,it is continent
b193644de4,Desert,waste land
b193644de4,Honest,pure
b193644de4,Shape,the Figre
b193644de4,Way,a road
a7cece6cf4,America,"Country, Bridge, People, Culture, White & Obama"
a7cece6cf4,Desert,"Ice cream, Flavors, Cool, Melt & Mechine"
a7cece6cf4,Honest,"Friends, Word, Truth & Mother"
a7cece6cf4,Shape,"Women, Rectangle, Art, Jewels & Bolts"
a7cece6cf4,Way,"To go, Pass by, To Walk, Park & Steps"
1c7639828f,America,"a country, may be north or south america, the peoples are known as americans"
1c7639828f,Desert,"dry land, contains sand, less water"
1c7639828f,Honest,"truly, with good principles, straightforward"
1c7639828f,Shape,"structure, outline, surface configaration"
1c7639828f,Way,"manner, path , mode"
2cfb3bdbcd,America,foreign
2cfb3bdbcd,Desert,sahara
2cfb3bdbcd,Honest,truth
2cfb3bdbcd,Shape,cicle
2cfb3bdbcd,Way,road
3ffa10e4f4,America,"discovered continent,rich country,hollywood,celebs."
3ffa10e4f4,Desert,"hot,sand,no water."
3ffa10e4f4,Honest,"way of living,working,feeling good in you consciousness."
3ffa10e4f4,Shape,"everything have shape.shape of circle,cube."
3ffa10e4f4,Way,"the way of living.way is used in many forms as ""the way i am"" or ""this way""."
0a7858ea02,America,"the United States of America, North American country, a democratic country in North America"
0a7858ea02,Desert,"A dryland, a expanse of land that is barren, an area of land that has no or very limited water, a very dry stretch of land with little rain fall"
0a7858ea02,Honest,"Truthful, not deceitful, does not tell lies, trustworthy"
0a7858ea02,Shape,"a geometric figure, the way something takes up space"
0a7858ea02,Way,"a direction, a word used to give direction"
ab266a6b3c,America,"has two continets, a country, obama is president,"
ab266a6b3c,Desert,"related to sandy area, sahara desert, shortage of water, temperature is high during day and cold at night"
ab266a6b3c,Honest,"a quality, is to charcater, a positive habbit, truth and honour"
ab266a6b3c,Shape,"figure, drawing related, physical appearance"
ab266a6b3c,Way,"path, way forward, a passage, used in relation to travel"
1e2a8c725e,America,"a country, also know as united states of america, it has 50 states, president is mr barack obama."
1e2a8c725e,Desert,"a big area filled with sand, usually very hot during the day and cold during the night, sahara desert"
1e2a8c725e,Honest,a person who does not speak the lie. he does not hide anything.
1e2a8c725e,Shape,"shapes could be different sizes, square,rectangle,circle."
1e2a8c725e,Way,giving space to somebody for the person to pass or to drive through.
7b5feaf707,America,It is a Country
7b5feaf707,Desert,Place of sand
7b5feaf707,Honest,A Person without cheating
7b5feaf707,Shape,a definite form
7b5feaf707,Way,path
5a97554418,America,"Country in North America, often considered the leader of the free world, country grown from thirteen original colonies."
5a97554418,Desert,"Arid land, with very hot climate, and little rain, sandy land with camels as a mode of transportation"
5a97554418,Honest,"Sincere, genuine, realistic and trust-wothy, believable, moral,"
5a97554418,Shape,"can refer to the condition of something- the car is in good shape. The form of an object and it's outline, to mold something - we shape the lives of our children"
5a97554418,Way,"a method of doing things, can be use to emphasize a thought - he eats way too much, a direction reference- go that way."
a6e6f7b984,America,"It is a place, America or USA"
a6e6f7b984,Desert,"Leave someone without help or support,leave a place,making it seem empty,illegally leave the armed forces,waterless,empty area of land with few plants."
a6e6f7b984,Honest,"Truthful and sincere,fairly earned,really."
a6e6f7b984,Shape,"The form of someething producted by its outline,a particular condition:in poor shape,well-defined structure or arrangement,give a shape to."
a6e6f7b984,Way,"Passage,road,path,distenced method of action."
6b2ac0ef88,America,a continent
6b2ac0ef88,Desert,where camel lives
6b2ac0ef88,Honest,truth
6b2ac0ef88,Shape,outline of a substance
6b2ac0ef88,Way,path
6e487b9cb7,Club,an association of two or more people .
6e487b9cb7,Encourage,"spirit, or confidence."
6e487b9cb7,Hands,Involving active participation.
6e487b9cb7,Newton,the name of many places in English-speaking  countries.
6e487b9cb7,There,at that point in an action.
2cfb3bdbcd,Club,unity
2cfb3bdbcd,Encourage,promote
2cfb3bdbcd,Hands,organ
2cfb3bdbcd,Newton,invention
2cfb3bdbcd,There,place
aab3023ba4,Club,"Exclusive, scandal, wealth, inclusive, holds meetings or offers services"
aab3023ba4,Encourage,"To make someone feel good about them selves, to offer support"
aab3023ba4,Hands,"Five fingers covered in skin, capable of performing many task, carry germs, washed frequently, some manicured weekly"
aab3023ba4,Newton,"a town south of McPherson, Kansas, Bethel College, a bedroom community for Wichita"
aab3023ba4,There,An area someone is describing. Not her but....
76d16651af,Club,"social place, open to public, place where people drink and dance, has bathrooms, fun, attracts young people."
76d16651af,Encourage,"praise, have confidence in, urge, have belief in, inspire,"
76d16651af,Hands,"extemities, touch, wave, hold, flexible,"
76d16651af,Newton,"Sir Isaac, fruit-filled cookes, physics, gravity"
76d16651af,There,"someplace else, different from here, location,"
95e2618c28,Club,"A stout heavy stick, usually thicker at one end, suitable for use as a weapon; a cudgel"
95e2618c28,Encourage,"To inspire with hope, courage, or confidence; hearten,To give support to; foster"
95e2618c28,Hands,"The terminal part of the human arm located below the forearm, used for grasping and holding and consisting of the wrist, palm, four fingers, and an opposable thumb."
95e2618c28,Newton,"English mathematician and scientist who invented differential calculus and formulated the theory of universal gravitation, a theory about the nature of light, and three laws of motion. His treatise on gravitation, presented in Principia Mathematica (1687), was supposedly inspired by the sight of a falling apple."
95e2618c28,There,"At or in that place,To, into, or toward that place"
ebbdf1c34a,Club,Recreation through the members in club.
ebbdf1c34a,Encourage,To give inspiration.
ebbdf1c34a,Hands,We use it in daily needs.
ebbdf1c34a,Newton,newton is a person who invented the Law of Gravity.
ebbdf1c34a,There,It is a  Pronoun.
eece1523fc,Club,"bludgeon,billy,association,society,batter,maul,cudgel,company,meeting,faction,affiliation"
eece1523fc,Encourage,"countenance,revitalize,strengthen,exhilarate,galvanize,instigate,reinforce,aid,help,embolden,support"
eece1523fc,Hands,"significant,indication,indicator,catalogue,evidence,formula,symptom,script,longhand,calligraphy"
eece1523fc,Newton,"rule,name of scientist,gravity"
eece1523fc,There,"here,their,place"
7bc1fcb47b,Club,"Club : Its an organization for social amenities,meals or temporary stay"
7bc1fcb47b,Encourage,Encourage : giving courage or confidence to someone
7bc1fcb47b,Hands,Hands : They are the end parts of humans arm beyond the wrist
7bc1fcb47b,Newton,Newton : It is the SI(System International) unit of force
7bc1fcb47b,There,"There :It refer to the position(in ,at) of something"
0412f0a396,Club,a place to party. plays music.
0412f0a396,Encourage,to tell a person that they can accomplish something.
0412f0a396,Hands,"a part of the body, an extremity, used to pick things up."
0412f0a396,Newton,a scientist
0412f0a396,There,a verb describing place.
cc0fd23c05,Club,"society, social club, ennead, nightclub, golf club, niner, nightspot, gild, club, cabaret, night club, clubhouse, golf-club, baseball club, guild, nine, ball"
cc0fd23c05,Encourage,"throw out, supercharge, bring forward, come along, pass on, get along, win, elevate, kick upstairs, progress, advertize, come on, make headway, advance, upgrade, encourage, hike, hike up, gain, pull ahead, foster, promote, boost, go on, gain ground"
cc0fd23c05,Hands,"detention, work force, detainment, workforce, custody, hands, manpower, men, hold"
cc0fd23c05,Newton,"northward, atomic number , newton, due north, north, normality, nitrogen"
cc0fd23c05,There,"thither, on that point, there, in that respect, in that location, at that place"
b71a0177ea,Club,"baton, billy, blackjack, business, convincer, cosh, cudgel, hammer, hickory, mace, mallet, nightstick, persuader, quarterstaff,"
b71a0177ea,Encourage,"applaud, boost, brighten, buck up,cheer up,energize,excite, praise, refresh, restore, revitalize,strengthen,"
b71a0177ea,Hands,"human arm,fin, fist, grasp, grip, ham, hold, hook, including fingers duke, palm, paw,help, aid, share, support"
b71a0177ea,Newton,"scientist, laws of motion, mathematician, physicist,measurements, conversions, net force"
b71a0177ea,There,direction
2622f61522,Club,"cabaret, night club, nightclub, nightspot, clubhouse, golf-club, golf club, ball club, baseball club, nine, gild, guild, lodge,"
2622f61522,Encourage,"advance, boost, further, promote"
2622f61522,Hands,"custody, manpower, men, work force, workforce"
2622f61522,Newton,Scientist. law of gravity
2622f61522,There,"at that place, in that location, thither, in that respect, on that point"
2dbd57eb87,Club,"Club means Party, get together, pub, late night parties, Non-Veg Foods, Time pass for home makers, Ladies Club used for Sharing many new things."
2dbd57eb87,Encourage,"Encourage means boosting mental energy, increasing confidence, giving positive spirit, kids needs more encourage to grow their knowledge."
2dbd57eb87,Hands,"Hands means - one part of human beings, used to lift any thing he/she can, usually human have 2 hands, each hand have 5 fingers, can write."
2dbd57eb87,Newton,"Newton means - Scientist, Newtons Law, Great man, roll model for many scientist."
2dbd57eb87,There,"""There"" is a English word to point something, its a speech, example:there is a man."
fd1a1cbbc3,Club,"baseball club, ball club, club, nine 
a team of professional baseball players who play and travel together"
fd1a1cbbc3,Encourage,"promote, advance, boost, further, encourage 
contribute to the progress or growth of"
fd1a1cbbc3,Hands,"hands, custody 
(with `in') guardianship over; in divorce cases it is the right to house and care for and discipline a child"
fd1a1cbbc3,Newton,"Newton, Isaac Newton, Sir Isaac Newton 
English mathematician and physicist; remembered for developing the calculus and for his law of gravitation and his three laws of motion (1642-1727)"
fd1a1cbbc3,There,a location other than here; that place
6b2ac0ef88,Club,a heavy stick
6b2ac0ef88,Encourage,opposite of discourage
6b2ac0ef88,Hands,a part of body
6b2ac0ef88,Newton,scientist who invented the three laws of motion
6b2ac0ef88,There,at that place
96824489d6,Club,"members,together,card game,golf,,social get together"
96824489d6,Encourage,"positive energy,support,give confidence"
96824489d6,Hands,"arm,fingers,palm,muscles,carry,work,body part"
96824489d6,Newton,"scientist,law,gravity force,apple,"
96824489d6,There,"grammar,that,particular"
5cf41e6737,Club,house for groups
5cf41e6737,Encourage,brave
5cf41e6737,Hands,body part
5cf41e6737,Newton,name of scintist
5cf41e6737,There,place
24a08f9d6b,Club,"Cricket club,night club,sports club,The building, room, or other facility used for the meetings of an organized group,to mix something."
24a08f9d6b,Encourage,"To inspire with hope, courage, give confidence; hearten;To give support to; foster;animate, cheer, embolden."
24a08f9d6b,Hands,"Helping hands,part of a human body,A pointer, as on a gauge or dial,a part ,consisting of the wrist, Praying Hands."
24a08f9d6b,Newton,"Sir Isaac Newton,A city of eastern Massachusetts,a mainly residential suburb of Boston, comprised of fourteen villages,Newton Motion."
24a08f9d6b,There,"Here and there ;At that stage, moment, or point,in, at, or to that place, point, case,used as a grammatical subject with some verbs."
eaecffb8af,Club,"group of people,organisation,nightclub"
eaecffb8af,Encourage,"improve,support,higher"
eaecffb8af,Hands,"part of body,fingers,arm,elbow"
eaecffb8af,Newton,"law,name,scientist,load"
eaecffb8af,There,"place,identification,here"
c602294c0a,Club,destination to enjoy
c602294c0a,Encourage,to inspire
c602294c0a,Hands,part of body
c602294c0a,Newton,has 3 laws related to science
c602294c0a,There,indication of place
8298f6c5c0,Club,could be another word for membership
8298f6c5c0,Encourage,To persistantly help someone to do something that could benfit them positively.
8298f6c5c0,Hands,A part of the body that have many uses. They have 5 fingers and nails on them. and
8298f6c5c0,Newton,I recall this word related to figs.
8298f6c5c0,There,an expression where you point at a direction
6c04a7f4c1,Club,which is used for playing games
6c04a7f4c1,Encourage,which is used to recouge the data
6c04a7f4c1,Hands,part of human body
6c04a7f4c1,Newton,"how is the scientist in science,newtons law"
6c04a7f4c1,There,to show the indication
bba2068b29,Club,a building that is occupied by a social club
bba2068b29,Encourage,contribute to the progress or growth of
bba2068b29,Hands,"rehensile part of the upper limb in humans and other primates, consisting of the wrist, metacarpal area, fingers, and thumb."
bba2068b29,Newton,English mathematician and physicist; remembered for developing the calculus and for his law of gravitation and his three laws of motion
bba2068b29,There,in or at that place
d6fbaf0859,Club,"organization, a group of people with a common cause"
d6fbaf0859,Encourage,"to convince , to stimulate"
d6fbaf0859,Hands,"part of the body for gasping, upper extremities"
d6fbaf0859,Newton,scientist
d6fbaf0859,There,pointing in a particular direction
9a0973bddb,Club,place to dance.
9a0973bddb,Encourage,increase confidence
9a0973bddb,Hands,arms
9a0973bddb,Newton,scientist
9a0973bddb,There,that
3c84e2112e,Club,"place to enjoy, a team, a group, a soccer club, a charity club,"
3c84e2112e,Encourage,"to aid, to support, to boost moral, to give confidence, encourage to do crime,"
3c84e2112e,Hands,"body part of human beings, two in number, one hand have five fingers , used for working"
3c84e2112e,Newton,"scientist, proposed laws of motion, noble prize winner, had sharp mind, proposed many theories, unit of force aswell."
3c84e2112e,There,"there counts no, there are many, there are few, helps count quantity,"
fbcc6f1973,Club,A social centre
fbcc6f1973,Encourage,to inspired
fbcc6f1973,Hands,it is necessary to living beings.That is allwork can be done hands
fbcc6f1973,Newton,He is a scientists
fbcc6f1973,There,That place
ebc4f95447,Club,meeting place
ebc4f95447,Encourage,energy up
ebc4f95447,Hands,in our hand
ebc4f95447,Newton,new
ebc4f95447,There,they
a99eff3ef7,Club,"a heavy stick, usually thinner at one end, used as a weapon"
a99eff3ef7,Encourage,"Encourage means to give someone hope, confidence or support"
a99eff3ef7,Hands,an unusual cleverness
a99eff3ef7,Newton,English mathematician and natural philosopher
a99eff3ef7,There,There means in or at that place
ab6d427bc7,Club,Club: An association dedicated to a particular interest or activity.
ab6d427bc7,Encourage,"Encourage: Give support, confidence, or hope to (someone): ""encouraging results""; ""I feel encouraged""."
ab6d427bc7,Hands,"Hands: The end part of a person's arm beyond the wrist, including the palm, fingers, and thumb."
ab6d427bc7,Newton,Newton: The SI unit of force. It is equal to the force that would give a mass of one kilogram an acceleration of one meter per second
ab6d427bc7,There,There: Used to focus attention on something and express satisfaction or annoyance at it
6c7df926ad,Club,"i am member on gods on country, the club gives self confidancy"
6c7df926ad,Encourage,"i am encourage on my sisters,iam give a small gift this gives encourage, motivate"
6c7df926ad,Hands,"this my hands, i am working on my hands"
6c7df926ad,Newton,"a famous scientiste,  newton pawer"
6c7df926ad,There,"there is a men ,"
55b2052223,Club,"a club is an establishment that a group of people belong to, people that have similar interest, wear a certain uniform, have secret handshake, phrase, motto."
55b2052223,Encourage,"to tell other people that they can do something, let another person know they are doing something well, helping them continue"
55b2052223,Hands,"Hands are the appendages at the end of your arms, you have two hands, five fingers on each hand, thumb, pointer, middle, ring, and pinky. Hands have lots of receptors that help you feel, cold, heat, pain, pressure."
55b2052223,Newton,"Newton was the man that wrote the theory of gravity, well known for an apple falling on his head."
55b2052223,There,identifying word describes location.
0da623e05b,Club,"a group of persons organized for a social, literary, athletic, political, or other purpose"
0da623e05b,Encourage,"support, appreciate"
0da623e05b,Hands,part of the forelimb in any of the higher vertebrates.
0da623e05b,Newton,the SI unit of force
0da623e05b,There,at that place
34c2ee4f5d,Club,club is an one of the forms of place were recreation and reading material available
34c2ee4f5d,Encourage,encourage means that  promoting a person do something do it
34c2ee4f5d,Hands,hands is a one organ of human being used for doing some work
34c2ee4f5d,Newton,this is an scientis term associated with an physics
34c2ee4f5d,There,this is the present tense of here.
adace55274,Club,"wooden stick, cavemans weapon, golf tool, to be swung, dance bar, crowds, loud music, group, legion, join"
adace55274,Encourage,"stimulate, push, nudge, praise, convince"
adace55274,Hands,"appendage, palm, fingers, thumbs, knuckles, used to touch, pick up, throw,"
adace55274,Newton,"physicist, scientist, laws of motion, fig bar, sweet"
adace55274,There,"away, further, opposite of here, place, a spot"
2d0fc5fa1f,Club,"a social group, a place where people dance, a place in which a sport activity takes place, many arts can be practiced in a specifies club. A club generally means a group of people obsessed with a certain interest."
2d0fc5fa1f,Encourage,"to boost one,s esteem when they are running low. It is a feeling, it is given by others it does not comes with in. U feel confident when you are encouraged. It otherwise means allowing something."
2d0fc5fa1f,Hands,"part of body, it is a long about 2feet structure. it has fingers and it has palm. It is a important body of structure."
2d0fc5fa1f,Newton,a unit of force. it is the name of physics scientist who found the gravity. he is a important scientist in the society.
2d0fc5fa1f,There,a prepositiion where a reletive distance can be shown by a hand or a piece of instruction.
eb09612a37,Club,MEETING SPORT
eb09612a37,Encourage,UP ENERGITIC
eb09612a37,Hands,IN OUR BODY
eb09612a37,Newton,SOME NEW
eb09612a37,There,SOME DISTANCE
99822f0efe,Club,"Group, activity, join, dues, country, exclusive, members"
99822f0efe,Encourage,"Support, advise, cheer on, challenge"
99822f0efe,Hands,"Fingers, nails, work, calloused, gloves"
99822f0efe,Newton,"Law of gravity, sir Isaac, fig"
99822f0efe,There,"Not here, beyond, over, location"
bee7f2ab27,Club,"stick, union, alliance"
bee7f2ab27,Encourage,"inspire, give confidence,  promote"
bee7f2ab27,Hands,"laborer,  hold,  helper"
bee7f2ab27,Newton,a name
bee7f2ab27,There,"that place,"
23177e4468,Club,a group of people with similar interests.  It is usually exclusive although sometimes not.  Sometimes you can join through a membership fee or by completing a task
23177e4468,Encourage,Make it known to someone that you think they should do a specified action.  The person doing the encouraging usually believes that the action is good for the person doing the task
23177e4468,Hands,"A part of the human anatomy at the end of the arm.  Can be a tool also, ""helping hands"".  Part of the body that you do the most creating with."
23177e4468,Newton,The guy who discovered the 3 laws of motion.  Famous for discovering gravity after an apple fell on his head.
23177e4468,There,Whole number between 2 and 4.
5f6fadae3f,Club,"building,room,join or combine people"
5f6fadae3f,Encourage,"inspire,hope,courage"
5f6fadae3f,Hands,"arms, part of human body, finger,wrist,palm"
5f6fadae3f,Newton,"person, name,physicist,gravity"
5f6fadae3f,There,"at,to,into,moment,point"
e180b38ede,Club,Where people gather together to enjoy.
e180b38ede,Encourage,to give support
e180b38ede,Hands,parts of the body
e180b38ede,Newton,scientist
e180b38ede,There,means go to that place
ab266a6b3c,Club,"has members, hiking club, group of people doing some activity"
ab266a6b3c,Encourage,"to ask someone to do something, is done to compell someone for something, one person to other"
ab266a6b3c,Hands,"part of body, has fingers, two hands for human"
ab266a6b3c,Newton,"a scientist, laws of motion by him"
ab266a6b3c,There,"at that place, to point to some place, to indicate"
c0ab885973,Club,Something for restaurant
c0ab885973,Encourage,to approved others action
c0ab885973,Hands,Part of the body
c0ab885973,Newton,Great scientist
c0ab885973,There,lot of members
0a7858ea02,Club,"A venue, a building, a bar, a place to dance, a social place to gather, a social group based on similar interests"
0a7858ea02,Encourage,"to egg on, to enthuse, to inspire, to motivate"
0a7858ea02,Hands,"Body part, have fingers attached,"
0a7858ea02,Newton,A scientist
0a7858ea02,There,"A description for a place, a location"
7c3ee16479,Club,organisation of people with common interest
7c3ee16479,Encourage,to make someone more likely to do something
7c3ee16479,Hands,a part of our body
7c3ee16479,Newton,a unit used to measure force
7c3ee16479,There,that place
b51378192c,Club,"Club:A club is an association of two or more people united by a common interest or goal. A service club, for example, exists for voluntary or charitable activities; there are clubs devoted to hobbies and sports, social activities clubs, political and religious clubs, and so forth."
b51378192c,Encourage,"Encourage:Courage International is an apostolate and Christian ministry of the Roman Catholic Church, which ministers to those with same-sex attractions."
b51378192c,Hands,"Hands:is  a prehensile, multi-fingered extremity located at the end of an arm or forelimb of primates such as humans, chimpanzees, monkeys, and lemurs. A few other vertebrates such as the koala (which has two opposable thumbs on each ""hand"" and fingerprints remarkably similar to human fingerprints) are often described as having either ""hands"" or ""paws"" on their front limbs."
b51378192c,Newton,"Newton:Newton is a contraction of ""New Town"", the name of many places in English-speaking countries."
b51378192c,There,"There: There (film), 2009 Turkish film (Turkish title: Orada)
There (Public Figure), Alias of Paul Bird.
There (novel), by Marie-Louise Fitzpatrick
There (virtual world)"
46db8237d3,Club,"A group of persons organized for a social,literary,athletic,political or other purpose."
46db8237d3,Encourage,"To stimulate by assistance,approval etc."
46db8237d3,Hands,The corresponding part of the forelimb in any of the higher vertebrates
46db8237d3,Newton,The SI unit of force.
46db8237d3,There,In or at that place (opposed to here)
b0af56c46c,Club,place for meeting/playing etc.
b0af56c46c,Encourage,to allow
b0af56c46c,Hands,organ of body
b0af56c46c,Newton,name of a person
b0af56c46c,There,available
2b15616b23,Club,a group people gathered for some purpose
2b15616b23,Encourage,to improve confident
2b15616b23,Hands,parts of the human body
2b15616b23,Newton,scientist
2b15616b23,There,means that place
fe5a703d9c,Club,"heavy stick with a thick end, place for recreation"
fe5a703d9c,Encourage,"giving confidence,diving courage to do something"
fe5a703d9c,Hands,"a part of our body,hands  help to do work and support to holding things"
fe5a703d9c,Newton,"unit of force, a scientist"
fe5a703d9c,There,"pointing a place, opposite of here"
5228dbabd5,Club,"a blunt stick, can be a weapon, can be made of many materials, used to threaten, used by police"
5228dbabd5,Encourage,"To embolden, to give courage, instigate, to animate, psych up, to strengthen"
5228dbabd5,Hands,"An appendage, an extremity, used to hold things, used for manipulation of objects, have fingers, used in climbing, are important in body language"
5228dbabd5,Newton,"Is the last name of an important scientist, formed three laws of motion, described gravitation, wrote important books, developed theory of color, studied sound"
5228dbabd5,There,"Not here, not present, somewhere else, descriptive of place,"
d2ee442783,Club,"Club - an association of persons meeting place, entertainment place, A professional players playing and traveling together. A team"
d2ee442783,Encourage,Encourage - To give the confidence to the other.  To give the person a top priority
d2ee442783,Hands,Hands - Both hands.  She is the culprit and my hand/presence is not in that matter.
d2ee442783,Newton,Newton - GREAT SCIENTIST SIR ISSAC NEWTON. A person's name
d2ee442783,There,There  - The thing you asked for is there.  She is there.  We can go there (particular place)
075bbbca89,Club,"1	an association dedicated to a particular interest or activity. an organization constituted to play matches in a particular sport. 
2	an organization offering members social amenities, meals, and temporary residence. 
3	a nightclub with dance music."
075bbbca89,Encourage,"verb give support, confidence, or hope to. help or stimulate the development of."
075bbbca89,Hands,noun & verb variant spelling of Hansel.
075bbbca89,Newton,"noun Physics the SI unit of force, equal to the force that would give a mass of one kilogram an acceleration of one meter per second per second."
075bbbca89,There,"1	in, at, or to that place or position. in that respect; on that issue. 
2	used in attracting attention to someone or something. 
3	(usually there is/are) used to indicate the fact or existence of something."
5146be6c32,Club,a heavy usually tapering staff especially of wood wielded as a weapon
5146be6c32,Encourage,"to inspire with courage, spirit or hope"
5146be6c32,Hands,"A hand  is a prehensile, multi-fingered extremity located at the end of an arm or forelimb of primates such as humans"
5146be6c32,Newton,the unit of force in the meter-kilogram-second system equal to the force required to impart an acceleration of one meter per second per second to a mass of one kilogram
5146be6c32,There,in or at that place often  and use to locate the object
1c7639828f,Club,"an association , united by a common interest or goal, a group of persons organized for a social activities"
1c7639828f,Encourage,"to inspire, increase confidence, give support"
1c7639828f,Hands,"human organ, the terminal, prehensile part of the upper limb"
1c7639828f,Newton,"name, a scientist, SI unit of force"
1c7639828f,There,"at that place, at that point, not here"
153fbbab45,Club,isitors must be accompanied by club  members .
153fbbab45,Encourage,The council is encouraging the development of the property for both employment and recreation.
153fbbab45,Hands,a hands free car phone
153fbbab45,Newton,"a unit used to measure force, equal to the force which moves a mass of one kilogram one metre in one second"
153fbbab45,There,Put the chair there.
c05417ff31,Club,"a stick, a place to eat and dance, a sports arena"
c05417ff31,Encourage,"to give support, to give confidence"
c05417ff31,Hands,"to give, body parts at the end of the arms, sets of cards in a card-game"
c05417ff31,Newton,"an English scientist, laws of motion, unit of force"
c05417ff31,There,"not here, yonder, at some place"
e97ff5f954,Club,a piece of wood to hit something or someone/a place to get together and have fun/a group of people
e97ff5f954,Encourage,to praise/to appreciate/offer accolades
e97ff5f954,Hands,natural parts of the body
e97ff5f954,Newton,A brainy person/a Physicist
e97ff5f954,There,not here/away from where someone or something is
ed12f022a1,Club,A gathering of people. Can be a club like an organization e.g. the boy scouts. Or a physical location like a dance club
ed12f022a1,Encourage,to motivate. give incentive
ed12f022a1,Hands,limbs used for grabbing and throwing things. attached to your wrists and arms. Have fingers on them.
ed12f022a1,Newton,A scientist known for his work in physics and study of gravitational forces
ed12f022a1,There,a location some distance away from where a person is describing it
cdf81c2126,Club,the building or rooms occupied by such a group
cdf81c2126,Encourage,"to stimulate by assistance, approval, etc"
cdf81c2126,Hands,the corresponding part of the forelimb in any of the higher vertebrates
cdf81c2126,Newton,the SI unit of force
cdf81c2126,There,in or at that place
7b5feaf707,Club,a place where we can play lot of games
7b5feaf707,Encourage,to give some support to a person
7b5feaf707,Hands,it is the part of the human body
7b5feaf707,Newton,"It is a name of the person, A law"
7b5feaf707,There,Specifying same place
1ab0f34a24,Club,"A stout heavy stick, usually thicker at one end, suitable for use as a weapon; a cudgel."
1ab0f34a24,Encourage,"To inspire with hope, courage, or confidence; hearten."
1ab0f34a24,Hands,"""Idioms with Hand"""
1ab0f34a24,Newton,"Newton Mearns is a suburban town in East Renfrewshire, Scotland. It lies 7 miles (11.3 km) southwest of Glasgow City Centre on the main road to Ayrshire, 410 feet (125.0 m) above sea level.[2] It has a population of approximately 22,637.[3]"
1ab0f34a24,There,in or at that place
86dc19ebbd,Club,"association, organization, union, society"
86dc19ebbd,Encourage,"support, cheer, give confidence"
86dc19ebbd,Hands,"give, hand over, offer"
86dc19ebbd,Newton,"a unit of measurement, Issac Newton,"
86dc19ebbd,There,"present, nearby"
cc0fd23c05,Cause,"causal agency, reason, lawsuit, movement, suit, crusade, drive, effort, causa, causal agent, grounds, campaign, case"
cc0fd23c05,Flowers,"smell,beautiful,lovely"
cc0fd23c05,Life,"sprightliness, life sentence, lifetime, life story, spirit, life-time, biography, lifespan, liveliness, living, life history, aliveness, animation"
cc0fd23c05,Raw,"meat, cooked, processed, saute, roasted, stewed, pancake-style, ready-cooked, wafer-like, burnt, braised, overdone, lyonnaise, barbecued"
cc0fd23c05,Unclear,"unreadable, undecipherable, indecipherable, ill-defined, unclear"
153fbbab45,Cause,I believe we have/there is  just  cause  (= a fair reason)   for  taking this action.
153fbbab45,Flowers,to pick flowers
153fbbab45,Life,Life's too short to worry about money!
153fbbab45,Raw,raw fish
153fbbab45,Unclear,It's unclear  wh ether he arrived before or after the shot was fired.
2622f61522,Cause,"causal agency, causal agent, campaign, crusade, drive, effort, movement,"
2622f61522,Flowers,"bloom, blossom, efflorescence, flush, heyday, peak, prime"
2622f61522,Life,"liveliness, spirit, sprightliness, living, biography, life history, life story,"
2622f61522,Raw,"altogether, birthday suit, crude, bare-ass, bare-assed, in the altogether,"
2622f61522,Unclear,"ill-defined, indecipherable, undecipherable, unreadable"
d6fbaf0859,Cause,reason behind
d6fbaf0859,Flowers,"ornamental,"
d6fbaf0859,Life,"being, beating heart"
d6fbaf0859,Raw,not cooked
d6fbaf0859,Unclear,blurred
1c7639828f,Cause,"reason, The producer of an effect,some specific thing happens as a result"
1c7639828f,Flowers,"reproductive structure of plants, have smell and colour;"
1c7639828f,Life,"a process to exist , causes growth, the physical and mental state of human beings"
1c7639828f,Raw,"not cooked, natural condition, not changed"
1c7639828f,Unclear,"vague, indefinite, unable to view easily"
a7cece6cf4,Cause,"Condition, Response, Dedication, Good Reason & Good results"
a7cece6cf4,Flowers,"Fragrance, beautiful, Fresh, Cute, Lilly, Leaf & Spray"
a7cece6cf4,Life,"Heartbeat, Mother, Sorrows, Memories, different character's, Good & evil"
a7cece6cf4,Raw,"Meat, Flesh, Sea food, Vegetables & Material"
a7cece6cf4,Unclear,"Unwashed, Dirty, Oily skin, unhealthy, Disease"
fd1a1cbbc3,Cause,"causal agency, reason, lawsuit, movement, suit, crusade, drive, effort, causa, causal agent, grounds, campaign, case"
fd1a1cbbc3,Flowers,"blossom, bloom, peak, flush, efflorescence, heyday, prime"
fd1a1cbbc3,Life,"sprightliness, life sentence, lifetime, life story, spirit, life-time, biography, lifespan, liveliness, living, life history, aliveness, animatio"
fd1a1cbbc3,Raw,"altogether, birthday suit, raw"
fd1a1cbbc3,Unclear,"unreadable, undecipherable, indecipherable, ill-defined"
99822f0efe,Cause,"Effect, reason, initiator, instigate"
99822f0efe,Flowers,"Grow, bud, vase, pick, colorful, garden"
99822f0efe,Life,"Not death, grow, change, thrive, exist"
99822f0efe,Raw,"Not cooked, organic, just picked, rough"
99822f0efe,Unclear,"Cloudy, opaque, diminished visibility , foggy, cOnfused,"
eaecffb8af,Cause,"spread,result,an effect,reason for doing something"
eaecffb8af,Flowers,"plant,smooth,beautiful,part of a plant"
eaecffb8af,Life,"aim,grow,people existence,meaningful"
eaecffb8af,Raw,"important,very hard,fighting,not cooked"
eaecffb8af,Unclear,"difficult to see,doubt,not transparent"
2e5cca2f77,Cause,"a reason for something, has an effect"
2e5cca2f77,Flowers,"blossom of a plant, reproductive part of a seed, has many colours, has no definite shape, some have natural aroma, used for decoration, used in cooking"
2e5cca2f77,Life,"stage between birth and dead, exitence, distinguishes between organisms and dead organisms, time until death"
2e5cca2f77,Raw,"uncooked, not processed or refined, has not been treated with heat"
2e5cca2f77,Unclear,"not understandable, cannot be deciphered, cannot be seen through"
33cd6db15a,Cause,"Reason,Make it work,Responsible for,The factor behind,The reason for the outcome,Perpetrator."
33cd6db15a,Flowers,"Plants bloom,Natures decorator,Nectar giver,Spring season Bounty,Floral Bonanza,An activity of trees and plants before producing fruits or seeds."
33cd6db15a,Life,"Birthing,Human or animal activity,Creature life span,Existence,Basis of growth."
33cd6db15a,Raw,"Naked,Green,Uncooked,Without experience,Not polished,Naive,Not healed."
33cd6db15a,Unclear,"Vague,Ambiguous,Not clear,Without clarity,Confusion,Haywire,No clear response,Doesn't know what to do,No proper direction,Vague instruction."
ab266a6b3c,Cause,"Reason, due to, by this"
ab266a6b3c,Flowers,"plants, sweet smell, multi coloured, fragrance,"
ab266a6b3c,Life,"to live, to grow, to nourish"
ab266a6b3c,Raw,"not pure, have impurities, chemical reaction required to make it pure, uncooked"
ab266a6b3c,Unclear,"not clean, hazy, not clearly visible"
1398dc46e5,Cause,"reason, why a peson does something"
1398dc46e5,Flowers,"plant, produce nector"
1398dc46e5,Life,"breathing, brain function, blood flow,"
1398dc46e5,Raw,"not cooked, sore, open, not defined"
1398dc46e5,Unclear,"not concreate, not set in stone"
32d9d483a3,Cause,a reason to do something for a person.
32d9d483a3,Flowers,"Beautiful gift from the nature to the world, which is a part of a plant , a plant sexual organ."
32d9d483a3,Life,Something which makes the feel of living to any animal or plant can be called as life
32d9d483a3,Raw,"The way of arranging anything in a horizontal line, or these days a raw sounds to me more related to our great Ms excel raws."
32d9d483a3,Unclear,"A state of  mind , which means somebody is not sure about what is going on"
2cfb3bdbcd,Cause,precaution
2cfb3bdbcd,Flowers,buds
2cfb3bdbcd,Life,enjoy
2cfb3bdbcd,Raw,hard
2cfb3bdbcd,Unclear,dirty
f5d0e4b4a2,Cause,it is reason.It is one type of solution for problems.It is expression of history
f5d0e4b4a2,Flowers,It is expression of love.It is thing of smell.It producing smell for freshnes.It is beautiful things.
f5d0e4b4a2,Life,It is full of relationship.It is feeling of relationship.It is understanding of relationship.it is love of relationship.it is moving of days .
f5d0e4b4a2,Raw,It is bulk of data.It means full.It is name.
f5d0e4b4a2,Unclear,It means not understanding.It is meaningless.It is thinking about another meaning.It is cyco person.It is memory accept nothing.
6c04a7f4c1,Cause,reason behind something
6c04a7f4c1,Flowers,which ued for frangance
6c04a7f4c1,Life,human beings or animals living
6c04a7f4c1,Raw,material used in bulk
6c04a7f4c1,Unclear,not in proper way
736a0e0050,Cause,"a reason -for a particular thing or issue to happen, like cause of fever is virus, unhygienic conditions and so on."
736a0e0050,Flowers,"beautiful ,sweet smelling, obtained from plants, various colours and smells,used in making garlands,some can be worn on hair, used in making bocquets."
736a0e0050,Life,"the most mysterious creation of god.. comes of it's own.. goes back without leaving a mark,  unexplainable, short for some ones long for many others. crucial part consists of happinness and sorrows"
736a0e0050,Raw,"uncooked, raw materials which has to be further processed to make it edible,;meat, fish and few vegetables has to be cooked before eating, sugar cane has to be proccessed to make sugar"
736a0e0050,Unclear,"which is not clear, a few information can be gathered from it, or the clarity is less because of poor eye sight or due to other environmental factors like fog or mist"
12ab915847,Cause,"scientific reason behind a thing, step towards development, is used to predict things."
12ab915847,Flowers,"give fragrance, are colorful, found in various varieties, grown on plants, attached with a stem, die after plucking from plant after few hours, made up of petals"
12ab915847,Life,"period before one dies, shows both good and bad time, given by god"
12ab915847,Raw,"unprocessed, used for making things, is used in industries and factories."
12ab915847,Unclear,"which is not clear, nothing can be seen through it clearly, opaque"
a99eff3ef7,Cause,A cause is anyone or anything that brings about a result
a99eff3ef7,Flowers,A flower is a part of plant that makes seed for reproduction
a99eff3ef7,Life,that property or quality of plants and animals that distinguishes them from inorganic matter or dead organisms
a99eff3ef7,Raw,in its natural condition
a99eff3ef7,Unclear,Liable to more than one interpretation
f561d68066,Cause,"Reason.,given about the explaination"
f561d68066,Flowers,"Colourful plants,it is exchange between lovers,beautiful plants."
f561d68066,Life,"It means everyone know why are born,searching for something."
f561d68066,Raw,"Being in a natural condition not processed or refined,not prepared by the action of heat."
f561d68066,Unclear,"Not understand,not looking clear,something disturb."
b193644de4,Cause,the producer of an effect
b193644de4,Flowers,the reproductive strcute of some seedbearing plants
b193644de4,Life,breath
b193644de4,Raw,immature
b193644de4,Unclear,bleary
b0af56c46c,Cause,leading to
b0af56c46c,Flowers,flora
b0af56c46c,Life,existence
b0af56c46c,Raw,uncooked
b0af56c46c,Unclear,blurred
aab3023ba4,Cause,"A reason for something happening, a precursor"
aab3023ba4,Flowers,"beauty, petals, stems, happiness, love"
aab3023ba4,Life,"an experience, pie in the sky, something constant"
aab3023ba4,Raw,"mushy, bloody, crispy, too fresh"
aab3023ba4,Unclear,"not able to be understood, foggy, confusion"
86dc19ebbd,Cause,"reason, source, root"
86dc19ebbd,Flowers,"blossom, flourish"
86dc19ebbd,Life,"existence, being, living"
86dc19ebbd,Raw,"uncooked, red"
86dc19ebbd,Unclear,"vague, undecided, uncertain"
6e487b9cb7,Cause,occur
6e487b9cb7,Flowers,A plant cultivated for its blooms or blossoms
6e487b9cb7,Life,mode of living
6e487b9cb7,Raw,used especially of commodities
6e487b9cb7,Unclear,Poorly stated
c0ab885973,Cause,legally acceptable
c0ab885973,Flowers,Beauty symbols
c0ab885973,Life,It is a true living
c0ab885973,Raw,something like material
c0ab885973,Unclear,uncertain
ebc4f95447,Cause,decay
ebc4f95447,Flowers,roses
ebc4f95447,Life,live
ebc4f95447,Raw,rough
ebc4f95447,Unclear,dirty
0030874b5f,Cause,"is a good effort, helping others,"
0030874b5f,Flowers,"can see in plants, will be in different colors, many variety, seasonal flowers, good smelling"
0030874b5f,Life,"starting when born, students life, life means , working, playing, marriage life,"
0030874b5f,Raw,"means a line of seats in theater, raw of vegetable in a shope"
0030874b5f,Unclear,"means a thing not understood, can't get the thing,"
1a7658079e,Cause,Cause: The reason for which certain things happen; may be direct or indirect
1a7658079e,Flowers,"Flowers: Are the beautiful part of many plants; botanically contain the plants sexual organs; often are white or brightly colored, sometimes fragrant"
1a7658079e,Life,Life: The state of being alive; controversy in humans whether life begins at birth or conception; can be long or short
1a7658079e,Raw,"Raw: uncooked, as in food; very cold and bitter, as in weather; unrefined or crude; painful or sore"
1a7658079e,Unclear,"Unclear: muddy, lacking clarity, unrefined, not well described or detailed"
7c3ee16479,Cause,reason why something happens
7c3ee16479,Flowers,a part of a plant which is brightly coloured with a pleasant smell
7c3ee16479,Life,period between death and birth
7c3ee16479,Raw,not cooked
7c3ee16479,Unclear,not obvious
eece1523fc,Cause,"effect,legal,reason,occasion,purpose"
eece1523fc,Flowers,"Smells,plant,blossom,organ,"
eece1523fc,Life,"growth,reproduction,birth,death,"
eece1523fc,Raw,"raw material,furniture,hurting"
eece1523fc,Unclear,"not explicit,indefinite,indistinct,can not find"
fbcc6f1973,Cause,reason
fbcc6f1973,Flowers,"rose, lilly"
fbcc6f1973,Life,life means persons lived together
fbcc6f1973,Raw,materials for a amnner
fbcc6f1973,Unclear,not clear
6ae501f0be,Cause,To be the impetus of something.
6ae501f0be,Flowers,Plants with often colorful blooms.
6ae501f0be,Life,The period of time between creation and death.
6ae501f0be,Raw,Something uncooked or not modified.
6ae501f0be,Unclear,Not making complete sense. Vague.
80c8b0d0b5,Cause,"Reason, cause of something, scientific reasons, cause of some disease"
80c8b0d0b5,Flowers,"smell, gives us fragrance, use for decoration, we can give flowers as a gift, symbol of love, use to make bouquets, use for hair dressing.."
80c8b0d0b5,Life,"Life of a human being or animals, existence, breath"
80c8b0d0b5,Raw,"not ripe, raw flesh, raw vegetables, uncooked,"
80c8b0d0b5,Unclear,"not clear, not understandable, doubtful, not specific"
5cf41e6737,Cause,reason
5cf41e6737,Flowers,rose
5cf41e6737,Life,god gift
5cf41e6737,Raw,unripe
5cf41e6737,Unclear,opposite of clear
88dfe9ed3b,Cause,problem
88dfe9ed3b,Flowers,colorful livingthings
88dfe9ed3b,Life,breath
88dfe9ed3b,Raw,rough
88dfe9ed3b,Unclear,not clear
9fbbce61dd,Cause,"reason,because of, so that"
9fbbce61dd,Flowers,"banquets, blooms"
9fbbce61dd,Life,"live,character , individual style,"
9fbbce61dd,Raw,"not  refinded, mixed things, not in  cleaning  process"
9fbbce61dd,Unclear,"not  understand,  not  confirmed,confused"
4686890da0,Cause,"A reason for something to happen, a precursor to the next event.. an explanation for such an action"
4686890da0,Flowers,"Beauty...Mother nature...Aroma..Living plants, organic and inorganic"
4686890da0,Life,"atoms spinning, breathing, enjoying, relaxing...discovering, exploring"
4686890da0,Raw,"uncooked, undone, unfinished..."
4686890da0,Unclear,"vague, not clear, misunderstood"
bba2068b29,Cause,events that provide the generative force that is the origin of something
bba2068b29,Flowers,plant cultivated for its blooms or blossoms
bba2068b29,Life,he period between birth and the present time
bba2068b29,Raw,brutally unfair or harsh
bba2068b29,Unclear,not clear to the mind
0ee58b349a,Cause,"reason, purpose, intention,"
0ee58b349a,Flowers,"pleasant, good smell, love, fresh, plant, thorns, color."
0ee58b349a,Life,"goal, ambition, small time to do things, precious, hardworking, become something, prove something."
0ee58b349a,Raw,"not cooked, crude, ready to use, rough,"
0ee58b349a,Unclear,"not able to understand, questions, difficult to remember."
24a08f9d6b,Cause,"The producer of an effect, result, consequence,Communist cause,inception, origination, origin."
24a08f9d6b,Flowers,Year of Flowers;blossom;mature;To develop naturally;To produce a flower.
24a08f9d6b,Life,The interval of time between birth and death;A particular segment of one's life;adolescent life;artistic life;marine life;plant life;A living being.
24a08f9d6b,Raw,Being in a natural condition; not processed ;Not finished;covered;raw wood;raw plaster;Inflamed; sore: a raw throat;Powerfully impressive; stark: raw beauty; raw talent.
24a08f9d6b,Unclear,"not clear to the mind;uncertain, unknown, doubtful, confused, vague, unsettled, in doubt, unsure, ambiguous, unresolved, in the balance, indefinite, debatable, up in the air."
1b6ef5838b,Cause,"ciggerate causes cancer,"
1b6ef5838b,Flowers,"symbol of love,rose,jasmine,plenty of colours,"
1b6ef5838b,Life,"human has an average life span of 71 in kerala,"
1b6ef5838b,Raw,"raw materials,charcoal,bismuth,alumina,silica"
1b6ef5838b,Unclear,"unclear window,book,sun,weather"
2b15616b23,Cause,doing something
2b15616b23,Flowers,a kind of beautiful thing with some smell
2b15616b23,Life,state olf living
2b15616b23,Raw,means unrefined state
2b15616b23,Unclear,not explicit
baf9377b39,Cause,short cut of because
baf9377b39,Flowers,smelly and colorful
baf9377b39,Life,happens once in a lifetime
baf9377b39,Raw,should not be eaten
baf9377b39,Unclear,undecided
6b2ac0ef88,Cause,reason
6b2ac0ef88,Flowers,a part of plant
6b2ac0ef88,Life,birth
6b2ac0ef88,Raw,one which is not ripe
6b2ac0ef88,Unclear,those which are not clear
e97ff5f954,Cause,make happen/the reason for something
e97ff5f954,Flowers,something beautiful and smells wonderful found on trees and shrubs/young children
e97ff5f954,Life,a state of being alive/not death
e97ff5f954,Raw,uncooked/untamed/in its original state or form
e97ff5f954,Unclear,not completely known
cdf81c2126,Cause,good or sufficient reason
cdf81c2126,Flowers,the blossom of a plant
cdf81c2126,Life,"a corresponding state, existence, or principle of existence conceived of as belonging to the soul"
cdf81c2126,Raw,"uncooked, as articles of food"
cdf81c2126,Unclear,transparent
075bbbca89,Cause,"a person or thing that gives rise to an action, phenomenon, or condition. reasonable grounds for a belief or action."
075bbbca89,Flowers,plural noun [treated as singular] Chemistry a fine yellow powdered form of sulphur produced by sublimation.
075bbbca89,Life,"the condition that distinguishes animals and plants from inorganic matter, including the capacity for growth, functional activity, and continual change preceding death. living things and their activity."
075bbbca89,Raw,"1	(of food) uncooked. 
2	(of a material or substance) in its natural state; not processed. (of data) not organized, analysed, or evaluated."
075bbbca89,Unclear,"1	not easy to see, hear, or understand. 
2	not obvious, definite, or certain."
2c163726f7,Cause,"is an necessity, a reason to do work."
2c163726f7,Flowers,Which grows on trees.
2c163726f7,Life,It's an interval between birth and death.
2c163726f7,Raw,"Mass, solid."
2c163726f7,Unclear,Not understandable.
6be52007c6,Cause,a thing that makes sth happen
6be52007c6,Flowers,"the general condition that distinguishes organisms from inorganic objects and dead organisms, being manifested by growth through metabolism, a means of reproduction, and internal regulation in response to the environment."
6be52007c6,Life,"the general condition that distinguishes organisms from inorganic objects and dead organisms, being manifested by growth through metabolism, a means of reproduction, and internal regulation in response to the environment."
6be52007c6,Raw,"(used especially of commodities) being unprocessed or manufactured using only simple or minimal processes
2. having the surface exposed and painful
3. not treated with heat to prepare it for eating
4. not processed or refined
5. devoid of elaboration or diminution or concealment; bare and pure
6. brutally unfair or harsh
7. not processed or subjected to analysis
8. untempered and unrefined"
6be52007c6,Unclear,Not clear to the mind
6c7df926ad,Cause,this is a simple cause
6c7df926ad,Flowers,"i love flowers, flower a simpal of love"
6c7df926ad,Life,"my life is beautiful, iam enjoyed on may life"
6c7df926ad,Raw,wwe raw
6c7df926ad,Unclear,"this is a unclear,opposite  clear"
5cee6644e6,Cause,May be a good one or not.
5cee6644e6,Flowers,Smells good
5cee6644e6,Life,Given by god
5cee6644e6,Raw,Have many proteins
5cee6644e6,Unclear,Blur
4722c98540,Cause,"Condition, Response, Dedication, Good Reason & Good results"
4722c98540,Flowers,"Fragrance, beautiful, Fresh, Cute, Lilly, Leaf & Spray"
4722c98540,Life,"Heartbeat, Mother, Sorrows, Memories, different character's, Good & evil"
4722c98540,Raw,"Meat, Flesh, Sea food, Vegetables & Material"
4722c98540,Unclear,"Unwashed, Dirty, Oily skin, unhealthy, Disease"
1ab0f34a24,Cause,"The producer of an effect, result, or consequence."
1ab0f34a24,Flowers,"For the indie pop band, see Language of Flowers (band). For the song written by the composer Edward Elgar, see The Language of Flowers."
1ab0f34a24,Life,Meaning of life (disambiguation).
1ab0f34a24,Raw,Unprotected Sex
1ab0f34a24,Unclear,not clear or definite; ambiguous
5146be6c32,Cause,"a person or thing that acts, happens, or exists in such a way that some specific thing happens as a result"
5146be6c32,Flowers,"A flower, sometimes known as a bloom or blossom, is the reproductive structure found in flowering plants"
5146be6c32,Life,Life is a characteristic that distinguishes objects that have signaling and self-sustaining processes from those that do not either because such functions have ceased
5146be6c32,Raw,a file type used to represent sound as pulse-code modulation data
5146be6c32,Unclear,Not clearly defined not explicit.
eb09612a37,Cause,ATTACK
eb09612a37,Flowers,ROSE
eb09612a37,Life,LIVE
eb09612a37,Raw,ROUGH
eb09612a37,Unclear,DIM
96824489d6,Cause,"create,happen,effects,exist"
96824489d6,Flowers,"smell,beautiful,colorful,soft,attractive"
96824489d6,Life,"enjoy,motion,oxygen,breathe,heart,insurance"
96824489d6,Raw,"natural state,unrefined,coal,harsh"
96824489d6,Unclear,"confuse,blurry,dim,misty"
ed12f022a1,Cause,something that begets something else. a purpose. to make happen
ed12f022a1,Flowers,"plants that have pollen usually, leaves, petals stems. People enjoy to look at them or smell them. Often brightly colored. can be given as gifts"
ed12f022a1,Life,"the opposite of death. burning energy, doing/experiencing things. biological not mechanical"
ed12f022a1,Raw,"uncooked or untainted. untouched. fresh usually. ""uncut"" in media. unedited."
ed12f022a1,Unclear,not understood. hazy
b51378192c,Cause,"Cause:any subject of discussion or debate,Cause of abortion,Cause and effect"
b51378192c,Flowers,"Flowers:is the blossom of a plant,Names of flowers,Wedding flowers,Flower guide,
Hawaiian flowers"
b51378192c,Life,"Life:Life quotes,List my neighbors,Life magazine,Mylife,Poems about life"
b51378192c,Raw,"Raw:Raw tube,painfully open, as a sore or wound,uncooked, as articles of food"
b51378192c,Unclear,"Unclear:it is uncleanliness,uncleansable,uncleansed,unclear,unclearest"
8298f6c5c0,Cause,the purpose of something happening
8298f6c5c0,Flowers,a natural deriving fragrant plant
8298f6c5c0,Life,the general term for everyday living
8298f6c5c0,Raw,when something is uncooked
8298f6c5c0,Unclear,"no clarity, cannot comprehend"
95e2618c28,Cause,"The producer of an effect, result, or consequence.,The one, such as a person, event, or condition, that is responsible for an action or result"
95e2618c28,Flowers,"The reproductive structure of some seed-bearing plants, characteristically having either specialized male or female organs or both male and female organs, such as stamens and a pistil, enclosed in an outer envelope of petals and sepals."
95e2618c28,Life,"The property or quality that distinguishes living organisms from dead organisms and inanimate matter, manifested in functions such as metabolism, growth, reproduction, and response to stimuli or adaptation to the environment originating from within the organism."
95e2618c28,Raw,"Being in a natural condition; not processed or refined,Untrained and inexperienced"
95e2618c28,Unclear,Not clearly defined; not explicit.
d2c13c7eae,Wool,"yarn, fabric, material, colourful, used for woollen cloths"
d2c13c7eae,Date,"day, time, year, age, period meeting, get together"
d2c13c7eae,Wife,"partner, spouse, helpmeet, cook, sweet, sexy, smart"
d2c13c7eae,Sexy,"erotic, sensual, stimulating, having good figure or physique"
d2c13c7eae,Vanish,"disappear, evaporate, fade, go"
c602294c0a,Wool,type of cloth
c602294c0a,Date,fruit
c602294c0a,Wife,life partner
c602294c0a,Sexy,attractive
c602294c0a,Vanish,disappear
6b2ac0ef88,Wool,coat of sheep
6b2ac0ef88,Date,a day
6b2ac0ef88,Wife,female spouse
6b2ac0ef88,Sexy,arousing sexual desire
6b2ac0ef88,Vanish,disappear
95e2618c28,Wool,"The dense, soft, often curly hair forming the coat of sheep and certain other mammals, such as the goat and alpaca, consisting of cylindrical fibers of keratin covered by minute overlapping scales and much valued as a textile fabric"
95e2618c28,Date,"Time stated in terms of the day, month, and year,A specified day of a month."
95e2618c28,Wife,A woman joined to another person in marriage; a female spouse
95e2618c28,Sexy,"Arousing or tending to arouse sexual desire or interest,Slang Highly appealing or interesting; attractive"
95e2618c28,Vanish,"To pass out of sight, especially quickly; disappear"
92cfd37e76,Wool,"sheep, jersey, cardigan, knitting, skeins, soft, warm, knitting needles"
92cfd37e76,Date,"calendar, year, numbers, anniversary, birthday"
92cfd37e76,Wife,"woman, husband, partner, spouse, mother"
92cfd37e76,Sexy,"woman, body, underwear, legs"
92cfd37e76,Vanish,"disappear, cannot see item, magician"
0a7858ea02,Wool,"a type of fabric, a warm material that comes from lambs/sheep"
0a7858ea02,Date,"a specific day on the calendar, to go out with another person"
0a7858ea02,Wife,"a female companion to a man, a woman who is married to a man"
0a7858ea02,Sexy,"appealing (sexually), sexually attractive"
0a7858ea02,Vanish,"to disappear, to quickly go away, to leave without a trace"
4722c98540,Wool,"Sweaters, Cold, Ice, Climate, Grandma."
4722c98540,Date,"Year, Month, Dating, Love, Sex."
4722c98540,Wife,"Sex, Couple, Child, Fuck, Milk."
4722c98540,Sexy,"Wife, Hips, Lips, Women, Shape."
4722c98540,Vanish,"Magic, Disappear, Fog, Magician, Detergent."
2622f61522,Wool,"fleece, woolen, woollen"
2622f61522,Date,"appointment, engagement, escort, day of the month, particular date, date stamp, go out, go steady, see"
2622f61522,Wife,married woman
2622f61522,Sexy,"aphrodisiac, aphrodisiacal"
2622f61522,Vanish,"fly, vaporize, disappear, go away, fell"
2b15616b23,Wool,It is used to make clothes.
2b15616b23,Date,To denote particular event.
2b15616b23,Wife,means female life partner.
2b15616b23,Sexy,to attract sexually.
2b15616b23,Vanish,To disappear.
7c3ee16479,Wool,a soft thick hair which grows on the body of a sheep
7c3ee16479,Date,"a particular day in a month with combination of name of the day, month and year"
7c3ee16479,Wife,a woman a man is married to
7c3ee16479,Sexy,sexually attractive
7c3ee16479,Vanish,to disappear
bba2068b29,Wool,a fabric made from the hair of sheep
bba2068b29,Date,a participant in a date
bba2068b29,Wife,a man's partner in marriage
bba2068b29,Sexy,marked by or tending to arouse sexual desire or interest
bba2068b29,Vanish,"get lost, as without warning or explanation"
96824489d6,Wool,"sheep,warm,sweater,fur,covering"
96824489d6,Date,"numbers,calender,time,change day by day"
96824489d6,Wife,"female,married,lovable,home maker,responsibility"
96824489d6,Sexy,"hot,actress,nude,naked"
96824489d6,Vanish,"disappear,rub,forget"
86b808eb12,Wool,"fleece, the soft undercoat of a sheep; a woven fabric"
86b808eb12,Date,A particular point in time in which an event occurs; the edible fruit of a palm; a social engagement between two people
86b808eb12,Wife,A married female
86b808eb12,Sexy,"erotic, appealing, stimulating"
86b808eb12,Vanish,"To cause to disappear, to pass quickly from sight, to dissipate like vapor"
5146be6c32,Wool,Wool is the textile fiber obtained from sheep and certain other animals
5146be6c32,Date,"a day on a calendar and date  a representation term or class associated with a data element and combination of day ,month and year."
5146be6c32,Wife,A wife is a female partner in a marriage
5146be6c32,Sexy,"Sexy is an adjective that describes sexual attraction in humans, and other species."
5146be6c32,Vanish,"To pass out of sight, especially quickly disappear."
eaecffb8af,Wool,"fabric,soft hair of sheep"
eaecffb8af,Date,"calender,number"
eaecffb8af,Wife,"married women,partner"
eaecffb8af,Sexy,"glamour,beauty"
eaecffb8af,Vanish,"clean,disappear"
d6fbaf0859,Wool,"type of textile used for making  shirts, jackets and blouses from the sheeps body covering"
d6fbaf0859,Date,means the number on the lunar calendar
d6fbaf0859,Wife,married tO husband
d6fbaf0859,Sexy,gorgeous
d6fbaf0859,Vanish,to disapear
ab266a6b3c,Wool,"fleece of sheep, hairy material, used to make winter clothes"
ab266a6b3c,Date,"day of the month, changes after 24 hours, appointment with a person of opposite sex"
ab266a6b3c,Wife,"female counterpart, antonym of husband, married woman"
ab266a6b3c,Sexy,"sexually attractive, arousing, seducing"
ab266a6b3c,Vanish,"to abolish, finish, destroy, leave no mark"
b0af56c46c,Wool,cloth
b0af56c46c,Date,meeting
b0af56c46c,Wife,spouse
b0af56c46c,Sexy,glamorous
b0af56c46c,Vanish,disappear
af2803583c,Wool,"The dense, soft, often curly hair forming the coat of sheep and certain other mammals, such as the goat and alpaca"
af2803583c,Date,"particular month, day, and year at which some event happened or will happen"
af2803583c,Wife,A woman joined to another person in marriage or a female spouse
af2803583c,Sexy,Arousing or tending to arouse sexual desire or interest
af2803583c,Vanish,"To pass out of sight, especially quickly or disappear."
b193644de4,Wool,garment made of hair
b193644de4,Date,a specified day of a month
b193644de4,Wife,a women jointed to another person in marriage
b193644de4,Sexy,arousing or tending to arouse sexual desire or interest
b193644de4,Vanish,disappear
a6e6f7b984,Wool,The soft hair from sheep or goats etc.
a6e6f7b984,Date,"The day of the month or year as specified by a number,the day or year of an event's occurrence,a social or romantic appoinment,a sweet dark brown fruit,mark with a date."
a6e6f7b984,Wife,A married woman in relation to her husband.
a6e6f7b984,Sexy,"Sexually attractive or exciting,sexually attractive or exciting,sexually aroused,informal exciting or interesting."
a6e6f7b984,Vanish,Disappear suddenly.
5cf41e6737,Wool,string
5cf41e6737,Date,the day
5cf41e6737,Wife,betterhalf
5cf41e6737,Sexy,sex appeals
5cf41e6737,Vanish,disappear
6e487b9cb7,Wool,The soft species of hair which grows on sheep or other animals.
6e487b9cb7,Date,a particular day specified as the time something will happen
6e487b9cb7,Wife,A wife is a female partner in a marriage
6e487b9cb7,Sexy,interest
6e487b9cb7,Vanish,To pass out of sigh
8298f6c5c0,Wool,a heavy fabric made from a sheep
8298f6c5c0,Date,"the day, year, and month"
8298f6c5c0,Wife,a female who is married
8298f6c5c0,Sexy,a person that is super attractive and desirable
8298f6c5c0,Vanish,to completely disappear
619c379252,Wool,"from a sheep, used for clothes, itchy"
619c379252,Date,"a meeting between two people, a certain day in the year"
619c379252,Wife,"a husband's significant other, marriage, couple, female who gets married"
619c379252,Sexy,"has sex appeal, attractive, pretty, attractive male or female"
619c379252,Vanish,to disappear
5f6fadae3f,Wool,"soft, goat, garment, yaks"
5f6fadae3f,Date,"time, month, year, period, point"
5f6fadae3f,Wife,"female partner, spouse, woman"
5f6fadae3f,Sexy,"desire, interest, excite, trendy"
5f6fadae3f,Vanish,"disappear, pass out of eyes, quickly"
50535a4e82,Wool,"Soft hair of sheep, make cloths, protect from cold"
50535a4e82,Date,"a fruit from palm tree, single seeded, brown color, tastes sweet, seen in desert areas"
50535a4e82,Wife,"better half of man, married woman, life partner of a man"
50535a4e82,Sexy,"anything that sexually appealing, attractive, stimulating"
50535a4e82,Vanish,"disappear, not visible,"
1c7639828f,Wool,"soft, made from sheep, hair of sheep"
1c7639828f,Date,"particular time, the time between sun rise and  set"
1c7639828f,Wife,"pair of a man, a women, female partner"
1c7639828f,Sexy,"excessively with sex, sexually interesting, Highly appealing"
1c7639828f,Vanish,"disappear, invisible, to go away"
88f44b5024,Wool,textile fiber obtained from sheep and other animals
88f44b5024,Date,a day on a calendar
88f44b5024,Wife,female partner in a marriage
88f44b5024,Sexy,sexual attraction
88f44b5024,Vanish,disappear
2cfb3bdbcd,Wool,fleece
2cfb3bdbcd,Date,daily
2cfb3bdbcd,Wife,woodbee
2cfb3bdbcd,Sexy,together
2cfb3bdbcd,Vanish,lapse
f62e2a0e07,Wool,"scratchy fabric, thick , keeps you warm"
f62e2a0e07,Date,"a couple going out, good time, dinner, movie"
f62e2a0e07,Wife,"the spouse of a husband, takes care of home"
f62e2a0e07,Sexy,"desired, red lipstick, showing of the leg, mystery"
f62e2a0e07,Vanish,"disappear, no longer seen"
cdf81c2126,Wool,"the fine, soft, curly hair that forms the fleece of sheep"
cdf81c2126,Date,the day of the month
cdf81c2126,Wife,a woman joined in marriage to a man
cdf81c2126,Sexy,excitingly appealing
cdf81c2126,Vanish,to disappear by ceasing to exist
408c124331,Wool,"fine soft hair from sheeps or goats etc., things resembling sheep's wool, use to make blankets, sweaters etc"
408c124331,Date,"day, month or year of a thing's occurence, period to which a thing belongs, appointment to meet socially."
408c124331,Wife,married woman in relation to her husband.
408c124331,Sexy,either of the two male and female into which living things are placed.
408c124331,Vanish,"disappear completely, to go away."
db11c49911,Wool,"clothing, couch covers, bedspreads, toilet covers, tablecloths"
db11c49911,Date,"Birth Date,Wedding Date,week,months"
db11c49911,Wife,"partner,childrens,"
db11c49911,Sexy,"girl,boy,cloths,Chicks,Hot,Cars"
db11c49911,Vanish,"disappear,be lost,become invisible,clear,dematerialize"
ebc4f95447,Wool,winter wear
ebc4f95447,Date,day
ebc4f95447,Wife,part of life
ebc4f95447,Sexy,adult
ebc4f95447,Vanish,strain
7a06ef9d81,Wool,WOOL is a material made from animal's.
7a06ef9d81,Date,date is aspecific time.
7a06ef9d81,Wife,A man's wife is the woman he is married to.
7a06ef9d81,Sexy,you can describe people  and things as sexy.
7a06ef9d81,Vanish,If someone or something vanishes they disappear suddenly.
a99eff3ef7,Wool,curly or crisp hair of sheep
a99eff3ef7,Date,Date means a particularly day of the month or day
a99eff3ef7,Wife,a woman in her relationship to her husband
a99eff3ef7,Sexy,Sexy describes someone or something that is considered pleasing in a sexual context
a99eff3ef7,Vanish,cosmetic cream quickly absorbed into the skin
66046579cd,Wool,"Soft and curled, or crisped, species fo hair which grows on sheep and some other animals, which in fineness sometimes approaches to fur, chiefly applied to the fleecy coat of the sheep, which constitutes a most essential material of clothing in all clod and temperate climates."
66046579cd,Date,"a time started in terms of the day, month and year, a statement of calendar time, a specified day of a month, a particular point or period of time at which something has happened or existed or is expected to happen, the years of someones birth or death, the time during which somethings lasts, the time or historical period to which something belongs, an appointment, an engagement to go out socially with another person, often out of romantic interest, ones companion on such an outing."
66046579cd,Wife,"A woman joined to another person in marriage; a female spouse, a man's partner in marriage, an archaic or dialect word for woman, consort, companion."
66046579cd,Sexy,"Provoking or intended to provoke sexual interest, feeling sexual interest, interesting,exciting, or trendy, arousing or tending to arouse sexual desire or interest."
66046579cd,Vanish,"To pass out of sight, especially quickly, to pass out of existence, disappear, evaporate,fade away, peter out, go, die out, become extinct,"
2eed982424,Wool,"Used for making sweaters, made from fur of sheep."
2eed982424,Date,"lady love, romantic relationship"
2eed982424,Wife,"Life partner, I can share my mind and body with her"
2eed982424,Sexy,"lady with fantastic vital statistics and curves, Willing to show cleaves,fashionable."
2eed982424,Vanish,"disappear, evaporate, fade away, become extinct."
a7cece6cf4,Wool,"Sweater, Cold, Chill, Ice & Skating"
a7cece6cf4,Date,"Dating, Affair, Love, Sex & Ditch"
a7cece6cf4,Wife,"Sexy, Fuck, Condom, Mother & Care taker"
a7cece6cf4,Sexy,"Wife, Climate, Actress, Videos & Women"
a7cece6cf4,Vanish,"Disappear, Magic, Fog, Magician & Devil"
e589849233,Wool,"sheep, coat, hat, scarf"
e589849233,Date,"Calendar, day, appointment, engagement"
e589849233,Wife,"spouse, lover, queen"
e589849233,Sexy,"legs, body, appeal"
e589849233,Vanish,"disappear, gone"
7b5feaf707,Wool,Hair of a sheep
7b5feaf707,Date,"a day of a month, a fruit"
7b5feaf707,Wife,Female spouse
7b5feaf707,Sexy,feeling sexual interest
7b5feaf707,Vanish,Disappear quickly
eece1523fc,Wool,"hair,dress,natural recovery, flax,soft."
eece1523fc,Date,"appointment,rendezvous,girlfriend,sweetheart,generation,interview,boyfriend,year,month,day."
eece1523fc,Wife,"companion,consort,partner,spouse,mate,marriage."
eece1523fc,Sexy,"flirtatious,provocative,suggestive,voluptuous,libidinous,seductive,sensuous."
eece1523fc,Vanish,"dissolve,clear,exit,fade,melt,die."
cc0fd23c05,Wool,"Wool:- woollen, fleece, sheep skin, woolen"
cc0fd23c05,Date,"Date:- appointment, escort, particular date,  engagement, day of the month"
cc0fd23c05,Wife,"Wife:- married woman, married partner"
cc0fd23c05,Sexy,"Sexy:- aphrodisiacal, aphrodisiac,attractive shape"
cc0fd23c05,Vanish,"Vanish:-  melt, disappear, vaporize, fly, evaporate, go forth, go,  fell, leave, go away, depart"
070f292d88,Wool,"makes clothing, comes from sheep,"
070f292d88,Date,"a point in time, marked on a calendar, when two people go out with each other,"
070f292d88,Wife,"has a husband, is a woman, marriage term"
070f292d88,Sexy,"sexual arousal, positive sexual adjective"
070f292d88,Vanish,"disappear, hide, go away, gone"
6c04a7f4c1,Wool,material used for clothes
6c04a7f4c1,Date,which indicated the future or past
6c04a7f4c1,Wife,betterhalf
6c04a7f4c1,Sexy,looking beauty
6c04a7f4c1,Vanish,how is seeing clean
ab6d427bc7,Wool,"Wool: he fine soft curly or wavy hair forming the coat of a sheep, goat, or similar animal, esp. when shorn and prepared for use in making."
ab6d427bc7,Date,Date: The day of the month or year as specified by a number.
ab6d427bc7,Wife,"Wife: The wife of a man with a specified occupation: ""a faculty wife"""
ab6d427bc7,Sexy,Sexy: Sexually attractive or exciting.
ab6d427bc7,Vanish,"Vanish: Disappear suddenly and completely: ""Mary vanished without trace""."
153fbbab45,Wool,The blankets are made from wool and the sheets from cotton.
153fbbab45,Date,What is your date  of birth ?
153fbbab45,Wife,I met Greg's wife for the first time.
153fbbab45,Sexy,He's very sexy.
153fbbab45,Vanish,The child vanished while on her way home from school.
075bbbca89,Wool,"noun the fine, soft curly or wavy hair forming the coat of a sheep, goat, or similar animal, especially when shorn and made into cloth or yarn. the soft underfur or down of some other mammals. a metal or mineral made into a mass of fine fibres: lead wool."
075bbbca89,Date,"1	the day of the month or year as specified by a number. 
2	a day or year when a given event occurred or will occur. (dates) the years of a person's birth and death or of the beginning and end of a period or event. the period of time to which something belongs. 
3	a social or romantic appointment."
075bbbca89,Wife,"noun (plural wives) a married woman considered in relation to her husband. archaic or dialect a woman, especially an old or uneducated one."
075bbbca89,Sexy,"1	sexually attractive or exciting. sexually aroused. 
2	informal very exciting or appealing."
075bbbca89,Vanish,"1	disappear suddenly and completely. gradually cease to exist. 
2	Mathematics become zero."
6935add000,Wool,"Wool is the textile fiber obtained from sheep and certain other animals, including cashmere from goats, mohair from goats, qiviut from muskoxen, vicuna, alpaca, camel from animals in the camel family, and angora from rabbits."
6935add000,Date,"a day on a calendar ,a representation term or class associated with a data element,a Unix command for displaying the current time and date,the fruit of the date palm"
6935add000,Wife,"A wife is a female partner in a marriage. The rights and obligations of the wife regarding her spouse(s) and others, and her status in the community and in law, varies between cultures and has varied over time."
6935add000,Sexy,"Sexy is an adjective that describes sexual attraction in humans, and other species, a 2011 episode from the series' second season,a populated place in Peru."
6935add000,Vanish,"To pass out of sight, especially quickly; disappear. See Synonyms at disappear,To pass out of existence."
a243b14dae,Wool,"is the hair of a sheep, that is shaved off,  used to make warm sweaters, blankets, socks."
a243b14dae,Date,"is a day on a calendar, when two or more people come together at a set time and place,"
a243b14dae,Wife,"the woman that a significant other has pledged their life to, your partner whom you trust the most, shares your home, money, and emotions"
a243b14dae,Sexy,"something that is very good looking, describes someone who is alluring, appealing, or a type of dress, a certain walk, a way of speaking"
a243b14dae,Vanish,"disappear, go away, taken"
186db71701,Wool,"The soft curly or crisp hair of sheep,the hair of some other animals as a goat,short,thick ,curly or crisp human hair,lamb's wool,angora wool,cloth made from wool,woolen,worsted,frieze,"
186db71701,Date,"date means a particularly day of the month or day,month and year or a social outing between two people.point in time,a specified period of time,era,generation,age,duration,season,an appointment."
186db71701,Wife,"a married women,a women in her relationship to her husband,spouse,lady.dame,madam,matron,housewife."
186db71701,Sexy,"sexy is someone or something that is considered pleasing in a sexual context.very attractive girl like a model,erotic,sexually attractive,suggestive,"
186db71701,Vanish,"to go or pass suddenly from sight,disappear,to become zero,fade,fade away,fade out,go away,dissolve,"
eb09612a37,Wool,winter wear
eb09612a37,Date,day
eb09612a37,Wife,householder
eb09612a37,Sexy,adult
eb09612a37,Vanish,shine
9a0973bddb,Wool,for cloth
9a0973bddb,Date,of birth
9a0973bddb,Wife,lover
9a0973bddb,Sexy,exotic
9a0973bddb,Vanish,cleans the tiles.
46db8237d3,Wool,"a soft,curly hair that forms the fleece of sheep"
46db8237d3,Date,"The day of the month,17/12/1989"
46db8237d3,Wife,"i am unmarried ,life partner"
46db8237d3,Sexy,everyone wish to look like
46db8237d3,Vanish,"To disappear from sight,quickly"
bee7f2ab27,Wool,"thick hair of sheep, material for shawl and blanket"
bee7f2ab27,Date,"partner, appointment, a period"
bee7f2ab27,Wife,"companion, life partner, better half"
bee7f2ab27,Sexy,"provocative,  erotic,"
bee7f2ab27,Vanish,"disappear,  pass away,  become invisible"
b47f4dafbe,Wool,"soft curly hair of the sheep, hair like substance,used to make clothes"
b47f4dafbe,Date,"a kind of palm tree,time of an event,age,era,a day of an month,identify a day"
b47f4dafbe,Wife,"a woman who a man has  married,take care of his husband,better half of an husband,look after the household,life partner"
b47f4dafbe,Sexy,"radiating sexuality,risque,sexually attractive,"
b47f4dafbe,Vanish,"disappear suddenly,the lost to view,to fade,to pass from visible to invisible state...."
99822f0efe,Wool,"Sheep, lamb, shear, felting, roving, sweaters, itchy"
99822f0efe,Date,"Calendar, number, time, day"
99822f0efe,Wife,"Married, husband, couple, partner, better half"
99822f0efe,Sexy,"Erotic, sensual, romantic"
99822f0efe,Vanish,"Disappear, remove, dissolve, take away, leave"
e97ff5f954,Wool,a natural fibre from an animal the like sheep/lies
e97ff5f954,Date,the day with the month and the year/a casual meeting between two people
e97ff5f954,Wife,not the husband/the female partner in a marriage
e97ff5f954,Sexy,attractive sexually
e97ff5f954,Vanish,disappear/not visual anymore
24411c15a5,Wool,"fibre,from sheep,warm clothing,used in textiles,durable."
24411c15a5,Date,"current local time and date,year,day,month,hour minute,second,today's date,format of date written."
24411c15a5,Wife,"home maker,femal partner."
24411c15a5,Sexy,"hot,seductive,gorgeous,stunning,lovely."
24411c15a5,Vanish,"disappear,invisible,not seen."
0da623e05b,Wool,a special type of cloth
0da623e05b,Date,to undergo sexual contact
0da623e05b,Wife,a life partner
0da623e05b,Sexy,looking very hot
0da623e05b,Vanish,disappear
fd1a1cbbc3,Wool,Date
fd1a1cbbc3,Date,"appointment, escort, particular date, date, engagement, day of the month"
fd1a1cbbc3,Wife,"married woman, wife"
fd1a1cbbc3,Sexy,"aphrodisiacal, aphrodisiac"
fd1a1cbbc3,Vanish,"melt, disappear, vaporize, fly, evaporate, go forth, go, vanish, fell, leave, go away, depart"
24411c15a5,Africa,"is a continent,a place surrounded by mediterranean sea and red sea,famous for african art,music,sports and dance,highest mountain peaks."
24411c15a5,Fiction,"short fiction,novels,narration and criticism, reviews,news,features,images,audio and video about fiction,intresting,available in library as best sellers."
24411c15a5,Illegal,"injustice,unlawful, something that is not authorised by law,forbidden by law."
24411c15a5,White,"pure,purity, color, symbolizes peace, something clean and clear,positive."
24411c15a5,Trick,"plot,prank,magic,tease"
cc0fd23c05,Africa,"african-american,  african-american music , african"
cc0fd23c05,Fiction,"lying, fictionalisation, fabrication, manufacturing, allegory, assembly, legend, parable, prevarication, apologue,"
cc0fd23c05,Illegal,"criminal, abominable, flagitious, immoral, sinful, vile, culpable, guilty, iniquitous, unlawful, wicked, felonious, illegal, nefarious, vicious, wrong"
cc0fd23c05,White,"whiteness, ovalbumin, albumen, flannel, tweed, gabardine, egg white"
cc0fd23c05,Trick,"deception, joke, trick, illusion, legerdemain, magic trick, caper, put-on, fast one, thaumaturgy, antic, prank, magic, whoremaster, john, conjuration, whoremonger, conjuring trick"
6c04a7f4c1,Africa,it is country
6c04a7f4c1,Fiction,reaction in medicine
6c04a7f4c1,Illegal,which is not good thing
6c04a7f4c1,White,color and opposite of balck
6c04a7f4c1,Trick,good idea
3c34df1213,Africa,"is country, part of world, is a diamond"
3c34df1213,Fiction,"is a part, is information"
3c34df1213,Illegal,"wrong, mistake"
3c34df1213,White,"pure, clean, silent, peace"
3c34df1213,Trick,"ideas, games"
9a0973bddb,Africa,is a large country
9a0973bddb,Fiction,movement
9a0973bddb,Illegal,unlawful
9a0973bddb,White,color
9a0973bddb,Trick,way
95e2618c28,Africa,"The second-largest continent, connected to Asia by the Isthmus of Suez and lying between the Mediterranean Sea and the Atlantic and Indian oceans."
95e2618c28,Fiction,An imaginative creation or a pretense that does not represent actuality but has been invented
95e2618c28,Illegal,"Prohibited by law,Prohibited by official rules"
95e2618c28,White,"The achromatic color of maximum lightness; the color of objects that reflect nearly all light of all visible wavelengths; the complement or antagonist of black, the other extreme of the neutral gray series. Although typically a response to maximum stimulation of the retina, the perception of white appears always to depend on contrast."
95e2618c28,Trick,"An act or procedure intended to achieve an end by deceptive or fraudulent means,A mischievous action"
8298f6c5c0,Africa,A South American country
8298f6c5c0,Fiction,when something you read is not true
8298f6c5c0,Illegal,when something is unlawful
8298f6c5c0,White,a solid color
8298f6c5c0,Trick,when someone pulls a prank on someone
fd1a1cbbc3,Africa,the second largest continent; located to the south of Europe and bordered to the west by the South Atlantic and to the east by the Indian Ocean
fd1a1cbbc3,Fiction,"fable, fabrication"
fd1a1cbbc3,Illegal,prohibited by law or by official or accepted rules
fd1a1cbbc3,White,"whiteness, ovalbumin, albumen, flannel, tweed, gabardine, egg white"
fd1a1cbbc3,Trick,"deception, joke, trick, illusion, legerdemain, magic trick, caper, put-on, fast one, thaumaturgy, antic, prank, magic, whoremaster, john, conjuration, whoremonger, conjuring trick"
ab6d427bc7,Africa,"Africa: he second largest continent (11.62 million square miles; 30.1 million sq km), a southward projection of the Old World landmass divided"
ab6d427bc7,Fiction,"Fiction: Prose literature, esp. short stories and novels, about imaginary events and people."
ab6d427bc7,Illegal,Illegal: An illegal immigrant.
ab6d427bc7,White,"White: White color or pigment: ""woodwork of an immaculate white""."
ab6d427bc7,Trick,Trick: A cunning or skillful act or scheme intended to deceive or outwit someone
2622f61522,Africa,"Country, Undeveloped country, Black People"
2622f61522,Fiction,"fable, fabrication"
2622f61522,Illegal,"Not legal, Prohibited, against law."
2622f61522,White,"flannel, gabardine, tweed, whiteness, albumen, egg white, ovalbumin, white river,"
2622f61522,Trick,"conjuration, conjuring trick, deception, illusion, legerdemain, magic, magic trick,"
7c3ee16479,Africa,a continent
7c3ee16479,Fiction,a type of book or story not based on real people
7c3ee16479,Illegal,against the law
7c3ee16479,White,a colour like that of snow and milk
7c3ee16479,Trick,an action which is intended to deceive
23177e4468,Africa,Continent below Europe.  Lots of 3rd world countries.  Lots of starving people.  It has lots of rainforests and deserts.  The Nile is in Africa.
23177e4468,Fiction,A story that is not true.  Sometimes could be true.  Other time it would be impossible for it to be true.
23177e4468,Illegal,"a rule that an Authority says is wrong and if a person does this they will be punished.  Usually by a fine, jail time, being fired, or having to sit in the corner for a time out."
23177e4468,White,The same color as snow.  Sometimes it refers to race.  It also can refer to purity.
23177e4468,Trick,"When someone encourages you to do an action and makes you think you should do it.  Sometimes a trick is friendly joking, other times it is something that violates your freedoms and or rights."
c05417ff31,Africa,"second largest continent after asia,  a song by Toto"
c05417ff31,Fiction,"not real, imaginary work of art, something made-up"
c05417ff31,Illegal,"not permitted by law, actions forbidden under legal system"
c05417ff31,White,"plain, clear, color which reflects all of sun's rays, mixture of all colors, pure"
c05417ff31,Trick,"deceive, illusion, a clever action"
92cfd37e76,Africa,"Continent, Sahara Desert, arabs, game reserves, zebras, lions, giraffs, South Africa, Zimbabwe, Table Mountain"
92cfd37e76,Fiction,"Make up stories, novels, books, imagination"
92cfd37e76,Illegal,"Breaking the law, wrong, unacceptable"
92cfd37e76,White,"colour, race, colourless, light"
92cfd37e76,Trick,"Halloween, play a joke on someone, funny, con, prank, drugs"
075bbbca89,Africa,"noun a person from Africa, especially a black person. 
	adjective relating to Africa or Africans."
075bbbca89,Fiction,"1	prose literature, especially novels, describing imaginary events and people. 
2	a thing that is invented or untrue. a false belief or statement, accepted as true because it is expedient to do so."
075bbbca89,Illegal,"adjective contrary to or forbidden by law. 
	noun chiefly North American an illegal immigrant."
075bbbca89,White,"1	of the color of milk or fresh snow, due to the reflection of all visible rays of light. very pale. British (of coffee or tea) served with milk. (of food such as bread or rice) light in color through having been refined. 
2	relating to or denoting a human group having light-colored skin, especially of European ancestry. 
3	morally or spiritually pure."
075bbbca89,Trick,"1	a cunning or skilful act or scheme intended to deceive or outwit someone. a mischievous practical joke. a skilful act performed for entertainment. an illusion: a trick of the light. [as modifier] intended to mystify or create an illusion: a trick question. 
2	a peculiar or characteristic habit or mannerism. 
3	(in bridge, whist, etc.) a sequence of cards forming a single round of play."
46db8237d3,Africa,"a continent,home of sahara,black peoples shines eveywhere,nelson mandela"
46db8237d3,Fiction,"scientific fiction,similar to rumour,innovative ideas,"
46db8237d3,Illegal,"against law ,punishable ,offence,crime,illicit,"
46db8237d3,White,"peace,dove,cleanliness,albinism,"
46db8237d3,Trick,"magicians ,intelligence,efficasy,"
a99eff3ef7,Africa,"second largest continent, situated in the Eastern Hemisphere"
a99eff3ef7,Fiction,Fiction is something that is not true
a99eff3ef7,Illegal,against the law
a99eff3ef7,White,having the color of pure snow or milk
a99eff3ef7,Trick,"an action or device designed to deceive, cheat, outwit, etc"
2cfb3bdbcd,Africa,place
2cfb3bdbcd,Fiction,imagination
2cfb3bdbcd,Illegal,against government
2cfb3bdbcd,White,color
2cfb3bdbcd,Trick,lead on
e97ff5f954,Africa,A continent of the underpriviledged/ the largest Continent
e97ff5f954,Fiction,Untrue/Makebelief
e97ff5f954,Illegal,Forbidden/Not allowed/ Not permitted
e97ff5f954,White,a color/pale
e97ff5f954,Trick,cheat/tease/game play
de9c20874e,Africa,"A Continent, The second largest continent, surrounded by the Mediterranean sea, highly populated."
de9c20874e,Fiction,"Not true or factual, a lie, a story, an imaginary tale, a make believe"
de9c20874e,Illegal,"Not legal, in violation, not lawful, against the law, criminal, breaking the law"
de9c20874e,White,"not black, color of a person, opaque, Caucasian, a color"
de9c20874e,Trick,"Cheat, crafty, sly, cunning,deceiving, mischievous"
f62e2a0e07,Africa,"large continent east of the Atlantic ocean, lots of 3rd world countries"
f62e2a0e07,Fiction,"made up writing, not true, creative writing"
f62e2a0e07,Illegal,"not legal, wrong, not approved of, against the law"
f62e2a0e07,White,"blanco, caucasion race"
f62e2a0e07,Trick,"game, fool someone"
153fbbab45,Africa,someone from Africa
153fbbab45,Fiction,a writer of children's fiction
153fbbab45,Illegal,Prostitution is illegal in some countries.
153fbbab45,White,white bread
153fbbab45,Trick,It's a bit of trick  photography  - she's meant to look like she's walking on water.
af2803583c,Africa,"Africa is the world's second largest and second most populous continent, after Asia"
af2803583c,Fiction,An imaginative creation or a pretense that does not represent actuality but has been invented.
af2803583c,Illegal,Prohibited by official rules
af2803583c,White,White is the color of purity
af2803583c,Trick,a cunning contrivance or  a prank.
1515274e77,Africa,"A continent, next to asia."
1515274e77,Fiction,"fake, not real, fantasy."
1515274e77,Illegal,"not allowed, law breaking, drugs."
1515274e77,White,"free from color, spotless, ethnicity."
1515274e77,Trick,"childish action, a prank, funny, an attractive woman."
ab266a6b3c,Africa,"a continent of the world, african nations , nile river in africa"
ab266a6b3c,Fiction,"concocted, fabricated, non factual, a fiction movie"
ab266a6b3c,Illegal,"not legal, related to crime, not covered under rules"
ab266a6b3c,White,"a color, reflects sunlight,europeans have white skin"
ab266a6b3c,Trick,"to decieve, to play fowl,to play offensive, to dodge, to evade"
6be52007c6,Africa,the second largest continent; located to the south of Europe and bordered to the west by the South Atlantic and to the east by the Indian Ocean
6be52007c6,Fiction,"works of this class, as novels or short stories."
6be52007c6,Illegal,prohibited by law or by official or accepted rules
6be52007c6,White,"is associated with light, goodness, innocence, purity, and virginity. It is considered to be the color of perfection.

White means safety, purity, and cleanliness. As opposed to black, white usually has a positive connotation. White can represent a successful beginning. In heraldry, white depicts faith and purity"
6be52007c6,Trick,"a crafty or underhanded device, maneuver, or stratagem intended to deceive or cheat; artifice; ruse."
96824489d6,Africa,"country,black people,nelson Mandela,continent"
96824489d6,Fiction,"tales,story, unbelievable,interesting"
96824489d6,Illegal,"not legal,crime,a child's birth before marriage,unlawful"
96824489d6,White,"color, purity,clear,innocent,plain,snow"
96824489d6,Trick,"idea,magic,cheated,maths trick"
bba2068b29,Africa,the second largest continent; located to the south of Europe and bordered to the west by the South Atlantic and to the east by the Indian Ocean
bba2068b29,Fiction,a literary work based on the imagination and not necessarily on fact
bba2068b29,Illegal,prohibited by law or by official or accepted rules
bba2068b29,White,having little or no hue owing to reflection of almost all incident light
bba2068b29,Trick,a cunning or deceitful action or device
86dc19ebbd,Africa,"a continent, dark continent,"
86dc19ebbd,Fiction,"narrative, novel, creative writing"
86dc19ebbd,Illegal,"unlawful, against the law, illicit"
86dc19ebbd,White,"a color, peace, fair, colorless"
86dc19ebbd,Trick,"swindle, trap, scam"
6e487b9cb7,Africa,the world's second largest and second most populous continent.
6e487b9cb7,Fiction,An imaginative creation.
6e487b9cb7,Illegal,Unlawful.
6e487b9cb7,White,Is a color.
6e487b9cb7,Trick,a cunning.
99822f0efe,Africa,"Continent, deserts, safari"
99822f0efe,Fiction,"False, book, made up, not true"
99822f0efe,Illegal,"Wrong,  law breaking, rules"
99822f0efe,White,"Absence of color, blank, pure,"
99822f0efe,Trick,"Magic, fool, hoodwink"
b0af56c46c,Africa,country
b0af56c46c,Fiction,not real
b0af56c46c,Illegal,wrong way
b0af56c46c,White,"pure, colour"
b0af56c46c,Trick,"play, magic"
eae46d2bd9,Africa,"is a country,divided into North Africa and South Africa,Sahara Desert is in Africa,Amazon river is in Africa,in Amazon,there are Anacondas"
eae46d2bd9,Fiction,"something which is not real,imaginary,supernatural,seen in stories,films"
eae46d2bd9,Illegal,"which is not legal,against the law,punishable,against conditions laid by organizations"
eae46d2bd9,White,"a colour,colour of milk,sky,the composition of all colours,not dark,visible"
eae46d2bd9,Trick,"something used to win in a competition,it is used in magic,comedy"
4b511fafa3,Africa,"south Africa, black men, cricket, is a nation, has animals,  jungle,"
4b511fafa3,Fiction,"is a kind of story, novels, books"
4b511fafa3,Illegal,"opposite to legal, property, is a wrong one"
4b511fafa3,White,"is a color, sky has white color. clod is a white color,"
4b511fafa3,Trick,"is Technic, magical, something different"
8f1e39414a,Africa,"continent, hot, arid, desert region, safari, filled with poverty"
8f1e39414a,Fiction,"novels, stories, not true, found in libraries, bookstores, written by authors"
8f1e39414a,Illegal,"drugs, marijuana, alien, feels wrong"
8f1e39414a,White,"color of snow, a swan, the belly of a whale, cold, people"
8f1e39414a,Trick,"magic, performed by a magician, goes with treat at Halloween"
0a7858ea02,Africa,"A continent, A continent near the equator"
0a7858ea02,Fiction,"A genre of literature and movies, opposite of nonfiction, a story based on non-factual events, a made-up story"
0a7858ea02,Illegal,"against the law, opposite of legal, a crime"
0a7858ea02,White,"a color, the absence of color"
0a7858ea02,Trick,"a prank played on somebody else, to fool somebody else, to deceive"
5cf41e6737,Africa,continent
5cf41e6737,Fiction,physics
5cf41e6737,Illegal,not legal
5cf41e6737,White,colour
5cf41e6737,Trick,item
5146be6c32,Africa,"continent of the eastern hemisphere S of the Mediterranean & adjoining Asia on NE area 11,677,239 square miles"
5146be6c32,Fiction,something invented by the imagination or feigned.
5146be6c32,Illegal,not according to or authorized by law
5146be6c32,White,free from color anb the color of new snow or milk.
5146be6c32,Trick,a crafty procedure or practice meant to deceive or defraud.
bee7f2ab27,Africa,a continent
bee7f2ab27,Fiction,"short novel,  imagination,  fantasy"
bee7f2ab27,Illegal,"unlawful,  not legal,  banned, criminal"
bee7f2ab27,White,"bleached, pure,   stainless,  innocent"
bee7f2ab27,Trick,"fraud,  imposture,  deceive,  mislead"
6c7df926ad,Africa,"south africa,"
6c7df926ad,Illegal,"opposite legal, your activity is illegal"
6c7df926ad,White,"white cement ,i am white man"
6c7df926ad,Trick,"idea, trick gives easy"
f1bad0df0c,Africa,is a continent in the Eastern Hemisphere of the world
f1bad0df0c,Fiction,is a story that is true
f1bad0df0c,Illegal,an activity that is not lawful or punishable by law
f1bad0df0c,White,is a color or pigment; may also refer to the Caucasian race
f1bad0df0c,Trick,an act intended to deceive someone
186db71701,Africa,"second largest continent ,situated in the eastern hemisphere ,south of Europe,the dark continent,land of Niger,equatorial Africa,land of Sahara,south of Sahara
."
186db71701,Fiction,"fiction is something that not true,an example of fiction is a false story,something invented or feigned.imaginative prose narrative,like novel,tale,romance"
186db71701,Illegal,"prohibited by law,against the law,illicit,not authorized,not sanctioned , unlawful,contraband,outside the law,not approved,smuggled,black market,unlicensed,interdicted,"
186db71701,White,"having the color of snow or milk.very blond.morally and spiritually pure,silvery,milky,pearly,colorless,clear,transparent,spotless,honorable,decent,good nature,"
186db71701,Trick,"an action or device designed to deceive,cheat,outwit like that,fraud,decoy,trap,falsehood,intrigue,double-dealing,forgery,fake,sham"
645dedc6c5,Africa,It is a continent
645dedc6c5,Fiction,It is a kind of  literature
645dedc6c5,Illegal,something that goes against law
645dedc6c5,White,Colour of peace
645dedc6c5,Trick,a game which involves cheating
5923ae5b82,Africa,pleasant
5923ae5b82,Fiction,An imaginative creation or a pretense that does not represent actuality but has been invented
5923ae5b82,Illegal,"Not according to, or authorized by, law; specif., contrary to, or in violation of, human law; unlawful; illicit; hence, immoral; as, an illegal act; illegal trade; illegal love."
5923ae5b82,White,"materials show colored stains and dirt very clearly, due to ue to the high contrast"
5923ae5b82,Trick,A mischievous action; a prank.
1c7639828f,Africa,"a country, second largest continent, peoples are black in colour"
1c7639828f,Fiction,"imagination, creative, not original"
1c7639828f,Illegal,"not legal, against low, prohibited"
1c7639828f,White,"a color, reflects other colors, light color"
1c7639828f,Trick,"cheat, deceive, A mischievous action"
66046579cd,Africa,"Dark continent,second largest continent,second most populous continent,wally,name of banu irfan from algeria,"
66046579cd,Fiction,"creative writing,literature,invented story,imaginary tale,narrative,novel,short story,invention,imagination,tale,illusion"
66046579cd,Illegal,"Against the law,unlawful,prohibited,banned,illegitimate,illicit,dishonest,criminal"
66046579cd,White,"fair,colorless,ashen,pasty,sallow,pallid,pure"
66046579cd,Trick,"Deception,ploy,ruse,hoax,swindle,trap,scam,joke,prant,stunt,caper,mischief,mislead,trap"
5228dbabd5,Africa,"A continent, Hot, wildlife diversity, Madagascar, earliest hominids discovery, slavery"
5228dbabd5,Fiction,"fake, made up, created, story book, imaginary, novel"
5228dbabd5,Illegal,"criminal, against rules, not accepted, unlawful, punishable"
5228dbabd5,White,"void of color, bright, reflective, end of spectrum"
5228dbabd5,Trick,"deception, fooling the senses, uncommon use, shortcut"
3c84e2112e,Africa,"continent, had problem of racism, countries like kenya and zimbawe are there,"
3c84e2112e,Fiction,"imaginative, out of reality, man made product, thought by man."
3c84e2112e,Illegal,"against the law , forbidden by law, crime, illegal activities leads to punishment."
3c84e2112e,White,"colour, colour indicating peace, formal colour, black and white video,"
3c84e2112e,Trick,"a clever action, way of doing thing, clever way usually, chess tricks, game plan   tricks."
ebc4f95447,Africa,country
ebc4f95447,Fiction,fix
ebc4f95447,Illegal,not properly
ebc4f95447,White,color
ebc4f95447,Trick,technics
1b6ef5838b,Africa,"condinent,black peoples,white elephant,south africa"
1b6ef5838b,Fiction,"false story,fake literature of romance,tales etc"
1b6ef5838b,Illegal,"not legal,black money,violation of government rules"
1b6ef5838b,White,"colour of peace,teeth is white"
1b6ef5838b,Trick,"carroms is tricky,"
fbcc6f1973,Africa,is a country
fbcc6f1973,Fiction,attempt
fbcc6f1973,Illegal,not legally
fbcc6f1973,White,a colour
fbcc6f1973,Trick,a persons says or worked trick matters
32d9d483a3,Africa,"A continent in the world , which is second largest among the continents. Most rich continent in terms of natural resources."
32d9d483a3,Fiction,A form of literature which is used to express unrealistic or imaginary concepts of  the writer.
32d9d483a3,Illegal,"An act which is against the law of the soil, which will lead to punishment if the authorities notice the ssame."
32d9d483a3,White,"A color among the seven colors, which always brings the picture of neatness in the mind."
32d9d483a3,Trick,An act which is used to fool the people to achieve or obtain something.
a7cece6cf4,Africa,"Dark people, African Elephants, Wild Animals, Forest, Food"
a7cece6cf4,Fiction,"Books, Long essays, Sylvia Plath, Gloomy, Dark"
a7cece6cf4,Illegal,"High Courts, Frauds, Marriages, Affairs, Murder"
a7cece6cf4,White,"Pure, Ducks, American people, Iceland, Clouds"
a7cece6cf4,Trick,"Magic, Magician, To pull one's leg, Tricky People"
b51378192c,Africa,"Africa: is a continent S of Europe and between the Atlantic and Indian oceans,Map of africa,Africa culture"
b51378192c,Fiction,"Fiction:is the act of feigning, inventing, or imagining,an imaginary thing or event, postulated for the purposes of argument or explanation"
b51378192c,Illegal,"Illegal:Illegal drugs,illegal alien,forbidden by law or statute"
b51378192c,White,"White:Color,color white,White pages,White background"
b51378192c,Trick,"Trick:a mean, foolish,childish action,Trick questions"
ed12f022a1,Africa,A very large continent. Many different cultures and languages throughout. Lots of varied climates
ed12f022a1,Fiction,"not the truth. can be a story used to entertain in a book, movie, tv show, ect"
ed12f022a1,Illegal,something that breaks laws or rules
ed12f022a1,White,all colors in the color spectrum. the opposite of black
ed12f022a1,Trick,a deception. A magic trick. or a scam of some sort
d6fbaf0859,Africa,large continent inhabited by black people
d6fbaf0859,Fiction,"story  which is a product of imagination, not real"
d6fbaf0859,Illegal,"haunted by the law, agaisnt the law"
d6fbaf0859,White,color that signifies purity and clearness
d6fbaf0859,Trick,magic
faed1af4c3,Africa,"a country, continent, divided into many countries"
faed1af4c3,Fiction,"a story, not reality"
faed1af4c3,Illegal,"against the law, crime, can be punished"
faed1af4c3,White,"a colour, a race of people"
faed1af4c3,Trick,"slight of hand, gimmick"
eb09612a37,Africa,country
eb09612a37,Fiction,fix
eb09612a37,Illegal,indesipline
eb09612a37,White,milkcolour
eb09612a37,Trick,ways
6b2ac0ef88,Africa,a continent
6b2ac0ef88,Fiction,imaginative creation
6b2ac0ef88,Illegal,which is not legal
6b2ac0ef88,White,opposite of black
6b2ac0ef88,Trick,prank
8db24b6026,Africa,a country
8db24b6026,Fiction,"something which is not true, lie,"
8db24b6026,Illegal,"not permitted, not allowed, should not do,"
8db24b6026,White,"plain color, a color, moon's color"
8db24b6026,Trick,"cheat, a game,"
eaecffb8af,Africa,"country,forest"
eaecffb8af,Fiction,"invented story,describing imaginary events"
eaecffb8af,Illegal,"against law,mistake"
eaecffb8af,White,"color,pure,day time"
eaecffb8af,Trick,"shortcut,illegal"
0412f0a396,Africa,a continent made up of several different countries
0412f0a396,Fiction,not true
0412f0a396,Illegal,something deemed not acceptable by soceity
0412f0a396,White,the absence of color
0412f0a396,Trick,to fool a person
61cf21f695,Beef,"is a complain, is a moan"
61cf21f695,Dictionary,"is a vocabulary, is a book that contain list of words with their meaning"
61cf21f695,Manners,"is a way to do things , is an aticates"
61cf21f695,Stain,"is a spot, is a soil"
61cf21f695,Turn,"is to taking back,is rotate, is spin"
ebc4f95447,Beef,flush
ebc4f95447,Dictionary,meanings
ebc4f95447,Manners,mankind
ebc4f95447,Stain,force
ebc4f95447,Turn,bend any side
ab266a6b3c,Beef,"meat, used to eat, cow's flesh"
ab266a6b3c,Dictionary,"a book, tells meaning of words, in different languages"
ab266a6b3c,Manners,"habbits, related to characters, taught by elders"
ab266a6b3c,Stain,"contrast, change of colour, discoloration, a chemical action"
ab266a6b3c,Turn,"to change, to come back, U turn for traffic"
3f4696a6a3,Beef,"Dead cow ready for consumption, meat, holy to Hindus while Muslims feast on it, scavenged by scavengers when a cow dies. 
Example: Beef meat is relished and brunched upon an occasion by Muslims."
3f4696a6a3,Dictionary,"A catalog of all words in any language, is always a direct translation in the same language or a different one,   
Example: I look up in a dictionary when I come across an unfamiliar word."
3f4696a6a3,Manners,"way of doing things, Behavior, different for different situations. 
Example: Mind your manners in front of elders."
3f4696a6a3,Stain,"Dirt, not good!, sticky, needs to be washed with a detergent to remove it. 
Example: This shirt is stained too much that I have to wash it right now."
3f4696a6a3,Turn,"change direction, chance, change of posture and sometimes position. 
Example one: Its your turn to play. 
Example two: Go straight and take a right, go on till the dead end, turn to the left, you will find the cyber center."
0a7858ea02,Beef,"a type of meat, meat from a cow"
0a7858ea02,Dictionary,"a book containing the definitions to words,"
0a7858ea02,Manners,"a set of morals/rules of which a society follows, etiquette"
0a7858ea02,Stain,"a permanent mark, unwashable spot"
0a7858ea02,Turn,"to rotate, to veer of a straight path"
b71a0177ea,Beef,"arm, brawn, flesh, force, heftiness, meat, might, muscle, physique, power, robustness, steam, strength, thew, vigor"
b71a0177ea,Dictionary,"book of word meanings,encyclopedia, glossary, language, reference, terminology, vocabulary, word index"
b71a0177ea,Manners,"person's behaviour, address, appearance, aspect, bearing, look, mannerism, presence, style, tone, way"
b71a0177ea,Stain,"spot of dirt, blot, blemish, blur, brand, color, discoloration, disgrace, dishonor, dye, shame, spot"
b71a0177ea,Turn,"revolution, curving, angle, bend, bias, bow, change, circle, corner, curve, direction, round, spin, swing"
5cee6644e6,Beef,Fat content is more
5cee6644e6,Dictionary,World in our hands
5cee6644e6,Manners,Good to have manners
5cee6644e6,Stain,Hard to remove
5cee6644e6,Turn,Rotate
6e487b9cb7,Beef,comes from cows is known as beef.
6e487b9cb7,Dictionary,Quickly find accurate definitions.
6e487b9cb7,Manners,the way in which a thing is done.
6e487b9cb7,Stain,Spotting.
6e487b9cb7,Turn,next.
3056da8904,Beef,ANIMAL
3056da8904,Dictionary,MEANING BOOK
3056da8904,Manners,DISICIPLINE
3056da8904,Stain,GERMS
3056da8904,Turn,BACK
a76780663a,Beef,"is a flesh got from cow, ate by human, is hard to bite, is tasty, can be roasted or fried."
a76780663a,Dictionary,"is a book full of synonyms, starts with a and ends with z, can be used to find out the meaning, nouns."
a76780663a,Manners,"is characteristic of humans, can be good or bad, justify a person, can be gained."
a76780663a,Stain,"is a dirt sticking on the clothes, is washable, changes the color, caused by chemical reaction."
a76780663a,Turn,"is a twist, move around, to open an object, rotate it"
3b7ea151f3,Beef,"meat, animal, food, non-vegeterian"
3b7ea151f3,Dictionary,"words, books, meanings, english"
3b7ea151f3,Manners,"etiquittes, attributes, behaviour, cod of conduct"
3b7ea151f3,Stain,"clothes, spot, washable, water"
3b7ea151f3,Turn,"over, to see next item, another, to change position"
153fbbab45,Beef,The spaghetti sauce is made with  UK      minced / US      ground  beef.
153fbbab45,Dictionary,"To check how a word is spelt, look it up in a dictionary."
153fbbab45,Manners,Don't they teach you table manners at school?
153fbbab45,Stain,Tomato sauce stains terribly - it's really difficult to get it out of clothes.
153fbbab45,Turn,Turn the steering wheel as quickly as you can.
50535a4e82,Beef,"meat of cow, Buffalo, edible, red in color"
50535a4e82,Dictionary,"a book for referring meaning of words, in different laguages,"
50535a4e82,Manners,"way of doing or saying things, humble or polite behaviour"
50535a4e82,Stain,"blemish, spot, discoloration on cloths or things"
50535a4e82,Turn,"move around, change of things or position chance to do or say,"
cc0fd23c05,Beef,"beef cattle, beef, kick, bitch, gripe, boeuf, squawk"
cc0fd23c05,Dictionary,"mental lexicon, vocabulary, dictionary, lexicon"
cc0fd23c05,Manners,"address, adroitness, discretion, manners, readiness, courtesy, ingenuity, politeness, tact, dexterity"
cc0fd23c05,Stain,"smear, discoloration, grease, dirt, spot, discolouration, grunge, blot, smirch, soil, mark, filth, stigma, grime, brand"
cc0fd23c05,Turn,"spin, felon, bend, routine, tour, outlaw, wind, bend dexter, turning, twist, crease, round, malefactor, whirl, bending, kink, braid"
5cf41e6737,Beef,pig meat
5cf41e6737,Dictionary,book of meanings
5cf41e6737,Manners,deceipline
5cf41e6737,Stain,dirty mark
5cf41e6737,Turn,moov back
6c04a7f4c1,Beef,meat  used for food
6c04a7f4c1,Dictionary,gathering correct meaning of the words
6c04a7f4c1,Manners,behaviour
6c04a7f4c1,Stain,brain stress
6c04a7f4c1,Turn,shifted to other way
3dc0788290,Beef,"juicy, rich food, animal cruelty, blood and animal pain, high cholesterol"
3dc0788290,Dictionary,"learn new words. discover the meaning, tedious, boring, heavy book"
3dc0788290,Manners,"good impression, lack of charm, charming person, social skills, positive conduct"
3dc0788290,Stain,"hard to wash, food mark, dinner accident, removable, careless, clumsy moment."
3dc0788290,Turn,"change of direction, take a different road, change side, stop, continue"
cc6d88c5ee,Beef,Meat of COW and BULL it is also called as RED meat in some part of the world. Tastes good but it is prohibited in some countries like India and Sri Lanka.
cc6d88c5ee,Dictionary,A book from which meaning of words are derived
cc6d88c5ee,Manners,The ethics for a Human and the way of behavior.
cc6d88c5ee,Stain,A dirt mark on any surface which may difficult to remove.
cc6d88c5ee,Turn,To go in another direction. (Change of One direction to another) is called as turn.
c602294c0a,Beef,bull
c602294c0a,Dictionary,contains meaning of words
c602294c0a,Manners,way of behaving
c602294c0a,Stain,color
c602294c0a,Turn,changing the way
6c7df926ad,Beef,"a meat,"
6c7df926ad,Dictionary,"i am using on dictionary, gives know"
6c7df926ad,Manners,"good is my manner,"
6c7df926ad,Stain,"my cloth is stain, stain the old iron ,sing etc"
6c7df926ad,Turn,"the first turn in my house, turn please extra careful drive"
a99eff3ef7,Beef,Beef is the flesh of a cow
a99eff3ef7,Dictionary,a dictionary is an printed resource that lists words in alphabetical order
a99eff3ef7,Manners,Personal behavior
a99eff3ef7,Stain,to spoil the appearance of by patches or streaks of color or dirt
a99eff3ef7,Turn,turn means to rotate in a circle or to change position or reverse
2b15616b23,Beef,cow's meat
2b15616b23,Dictionary,a kind of book which gives meaning for a unknown word
2b15616b23,Manners,a way of behaviour
2b15616b23,Stain,to experience pressure
2b15616b23,Turn,to move or rotate
cdf81c2126,Beef,meet of a buffalo
cdf81c2126,Dictionary,a book which provides meanings for different words.
cdf81c2126,Manners,dignity
cdf81c2126,Stain,unwanted marks
cdf81c2126,Turn,move apart
9a0973bddb,Beef,meat
9a0973bddb,Dictionary,book of words and meaning
9a0973bddb,Manners,quality
9a0973bddb,Stain,coloring of cloth
9a0973bddb,Turn,rotate
eb09612a37,Beef,NON-VEG
eb09612a37,Dictionary,MEANING
eb09612a37,Manners,MANKIND
eb09612a37,Stain,DILUTE
eb09612a37,Turn,BEND ANY SIDE
32d9d483a3,Beef,"meat of bull or cow, food, delicious food, red meat, not good for health"
32d9d483a3,Dictionary,"a book which contain meaning of words, thick book, oxford dictionary"
32d9d483a3,Manners,"behaviors which is acceptable in society, good manners , table manners, characteristics of gentleman"
32d9d483a3,Stain,"something on clothes which is very difficult to remove while washing, stain always reminds of school days and mother."
32d9d483a3,Turn,"going to the opposite side, u turn in the road, ignite feelings"
5f6fadae3f,Beef,"bull, ox, cow"
5f6fadae3f,Dictionary,"reference book, meaning, synonym, pronunciation"
5f6fadae3f,Manners,"act, doing something, happens, period"
5f6fadae3f,Stain,"discolor, soil, spot"
5f6fadae3f,Turn,"to move around an axis, center, cause to rotate, revolve"
2cfb3bdbcd,Beef,cow
2cfb3bdbcd,Dictionary,meaning
2cfb3bdbcd,Manners,vogue
2cfb3bdbcd,Stain,smear
2cfb3bdbcd,Turn,spin
075bbbca89,Beef,"1	the flesh of a cow, bull, or ox, used as food. (plural beeves ) Farming a cow, bull, or ox fattened for its meat. 
2	informal flesh with well-developed muscle. strength or power. the substance of a matter. 
3	(plural beefs) informal a complaint or grievance."
075bbbca89,Dictionary,"noun (plural dictionaries) a book that lists the words of a language in alphabetical order and gives their meaning, or their equivalent in a different language."
075bbbca89,Manners,"1	a way in which something is done or happens. 
2	a style in literature or art. 
3	(manner of) chiefly literary a kind or sort. 
4	a person's outward bearing or way of behaving towards others. 
5	(manners) polite or well-bred social behavior. social behavior or habits."
075bbbca89,Stain,"1	mark or discolor with something that is not easily removed. 
2	damage (someone's or something's reputation). 
3	color with a penetrative dye or chemical."
075bbbca89,Turn,"1	move in a circular direction wholly or partly around an axis. twist or sprain (an ankle). 
2	move into a different position, especially so as to face the opposite direction. change or cause to change direction. (of the tide) change from flood to ebb or vice avers. pass round (the flank or defensive lines of an army) so as to attack from the side or rear. archaic bend back (the edge of a blade) so as to make it blunt."
8298f6c5c0,Beef,meat from a cow
8298f6c5c0,Dictionary,A useful tool to look up a definition of a word
8298f6c5c0,Manners,to be proper
8298f6c5c0,Stain,"when something stays on your clothes and doesn't come off during the wash such as coffee, oil, makeup, and blood"
8298f6c5c0,Turn,when you shift into another side
7c3ee16479,Beef,flesh of cattle
7c3ee16479,Dictionary,a book that contains list of words in alphabetic order and its explained meaning
7c3ee16479,Manners,socially acceptable behaviour
7c3ee16479,Stain,to leave a mark on something which is difficult to remove
7c3ee16479,Turn,to move in a circle round a fixed point
f433c3fbfe,Beef,complain
f433c3fbfe,Dictionary,word list
f433c3fbfe,Manners,behaviour
f433c3fbfe,Stain,dirty
f433c3fbfe,Turn,rotate
74a82eb356,Beef,The flesh of a cow
74a82eb356,Dictionary,A book that lists the words of a language
74a82eb356,Manners,A way in which a thing is done
74a82eb356,Stain,A colored patch
74a82eb356,Turn,circular direction
a7cece6cf4,Beef,"Meat, Tasty, Food, Beer & Bones"
a7cece6cf4,Dictionary,"Words, Alphabets, Meanings, synonyms & English."
a7cece6cf4,Manners,"Humanitarianism, Respect, Teachers, & Elders"
a7cece6cf4,Stain,"Dirt, Ugly, Germs & Soap"
a7cece6cf4,Turn,"around, above, See & back"
b51378192c,Beef,"Beef:is Beef recipes,Beef stroganoff,Rap beef,the flesh of a cow, steer, or bull raised and killed for its meat."
b51378192c,Dictionary,"Dictionary:a book, optical disc, mobile device, or online lexical resource,containing a selection of the words of a language, giving information about their meanings"
b51378192c,Manners,"Manners:is the prevailing customs, ways of living, and habits of a people, class, period"
b51378192c,Stain,"stain:is a cause of reproach, stigma, blemish,a stain on one's reputation."
b51378192c,Turn,"Turn:is Turn around,U turn,Turn symmetry,Turn down,Turn away"
d6fbaf0859,Beef,meat from cow
d6fbaf0859,Dictionary,"a book  containing the meanings, syllabication and pronounciation of words"
d6fbaf0859,Manners,"etiquette, behavior"
d6fbaf0859,Stain,"a mark, dirt on a clean slate"
d6fbaf0859,Turn,chance
5146be6c32,Beef,"Beef is the culinary name for meat from bovines, especially domestic cattle"
5146be6c32,Dictionary,"Dictionary is a collection of words in one or more specific languages, often listed alphabetically"
5146be6c32,Manners,"manners are the unenforced standards of conduct which demonstrate that a person is proper, polite, and refined"
5146be6c32,Stain,"A stain is a discoloration that can be clearly distinguished from the surface, material, or medium it is found upon. Stains are caused by the chemical or physical interaction of two dissimilar materials"
5146be6c32,Turn,a sequence of several notes next to each other in the scale
b47f4dafbe,Beef,"a meat of cow or fox or bull,a fattened ox,informal term for objecting"
b47f4dafbe,Dictionary,"a reference book ,contains alaphabetical list of words with their meanings for a particular language"
b47f4dafbe,Manners,"behaviour in public,wav,mode,a way of doing something, a way of acting"
b47f4dafbe,Stain,"to discolor,to bring shame,a soiled or discoloured appearance,a mark ,a spot,disgrace"
b47f4dafbe,Turn,"bend,a twist,the act of turning,rotation,revolution,a short walk,oppurtunity to do work"
73f3c0f74f,Beef,"Cow, to eat, muscle, slaughter"
73f3c0f74f,Dictionary,"Big Book , lots of words, meaning of words"
73f3c0f74f,Manners,"Behavior, corporate, friends, professional"
73f3c0f74f,Stain,"Remains,tough,Soiled cloth, washing powder"
73f3c0f74f,Turn,"Indicator, end of street , steering wheel."
9fbbce61dd,Beef,"meet of  bigs,cattles  meet, non  veg"
9fbbce61dd,Dictionary,"book of  meanings,referral book, knowledge book"
9fbbce61dd,Manners,"behaviors,characters, descend"
9fbbce61dd,Stain,"liquid or  solid  die,  color, rust"
9fbbce61dd,Turn,"diversion, change  direction ,towards ,"
af2803583c,Beef,"A full-grown steer, bull, ox, or cow, especially one intended for use as meat."
af2803583c,Dictionary,the largest and most trusted meanings of different words found in one cook called dictionary
af2803583c,Manners,"A way of acting, bearing or behavior"
af2803583c,Stain,To discolor by the application of foreign matter
af2803583c,Turn,to give circular motion
4722c98540,Beef,"Tasty, Meat, Barbeque, Heat & Rough"
4722c98540,Dictionary,"Words, Alphabetical order, Everything, Meaningful & Vowels."
4722c98540,Manners,"Respect someone, Gentle, Principal, Good & Students."
4722c98540,Stain,"Dirty, Blood stain, Mud, Juice in shirt & Children."
4722c98540,Turn,"Back, To see someone, & Turn off the stove"
fd1a1cbbc3,Beef,"beef cattle, beef, kick, bitch, gripe, boeuf, squawk"
fd1a1cbbc3,Dictionary,"mental lexicon, vocabulary, dictionary, lexicon"
fd1a1cbbc3,Manners,"address, adroitness, discretion, manners, readiness, courtesy, ingenuity, politeness, tact, dexterity"
fd1a1cbbc3,Stain,"smear, discoloration, grease, dirt, spot, discolouration, grunge, blot, smirch, soil, stain, mark, filth, stigma, grime, brand"
fd1a1cbbc3,Turn,"spin, felon, bend, routine, tour, outlaw, wind, bend dexter, turning, twist, crease, round, malefactor, whirl, bending, kink, braid, bit, flexure, crimp, turn of events, act, wrench, crook, criminal, tress, pull, winding, plait, play, go, shepherd's crook, curve, number, construction, spell, good turn, fold, twirl, device, bout, plication, gimmick, turn, twisting, eddy"
7a0b7cea54,Beef,"Animal, Ground beef,  Cattle, Domestic Annimals"
7a0b7cea54,Dictionary,"Number of Meaning, Understanding work, Alphabetically, Book of word collection"
7a0b7cea54,Manners,"Quality, Good Conduct, Gentleman , Sociology"
7a0b7cea54,Stain,"Work Stain, Stained Glass, Biochemical Staining"
7a0b7cea54,Turn,"Rotation, Round, Back to position,"
698904a657,Beef,"cow, food, steak, fajitas, smoky, yummy"
698904a657,Dictionary,"resource, words, perspicacity, thesaurus"
698904a657,Manners,"polite, good-breeding, respect, cordial, civility"
698904a657,Stain,"mark, spot, dirty"
698904a657,Turn,"opportunity, wait, chance"
eaecffb8af,Beef,"cow flesh,bull flesh,rough"
eaecffb8af,Dictionary,"collection of word,meaning"
eaecffb8af,Manners,"happens,kind,behavior"
eaecffb8af,Stain,"pressure,deflection"
eaecffb8af,Turn,"change track,bend,direction"
2622f61522,Beef,"beef cattle, bitch, gripe, kick, squawk, boeuf, bellyache, crab, grouse, holler"
2622f61522,Dictionary,lexicon
2622f61522,Manners,"Behavior, good ethics."
2622f61522,Stain,"blot, smear, smirch, spot, discoloration, discolouration, brand, mark, stigma, dirt"
2622f61522,Turn,"twist, turning, play, good turn, act, bit, number, routine, turn of events,"
932ad1fc41,Beef,"cow,non-veg,flesh,food."
932ad1fc41,Dictionary,"meaning,words,oxford,helper."
932ad1fc41,Manners,"behaviour,sitting,standing,social."
932ad1fc41,Stain,"foul,spot,dye,discolour."
932ad1fc41,Turn,"around,table,cot,bed."
fbcc6f1973,Beef,meat
fbcc6f1973,Dictionary,all the words are inluded in a  book
fbcc6f1973,Manners,conduct
fbcc6f1973,Stain,harm
fbcc6f1973,Turn,divide
b193644de4,Beef,a full-grown steer
b193644de4,Dictionary,a reference book  containing an alphabetical list of words
b193644de4,Manners,a way of acting
b193644de4,Stain,to discolor
b193644de4,Turn,to cause to move around an axis
3cbb3a43cc,Beef,"Flesh of an ox or cow for eating, well developed male muscle, strengthen , complain , reinforce,  see protest, solid, especially when photographed and displayed for admiration"
3cbb3a43cc,Dictionary,"Book setting forth alphabetical order the words languages with their meaning, publication that lists and explains the words of a language or gives equivalents in another language."
3cbb3a43cc,Manners,"Fashion, social behavior, personal style of acting or beating custom, style of literature, art, etc., mode, technique, procedure, method, decorum, politeness"
3cbb3a43cc,Stain,"Blot, spot, disgrace, discolor , damage, color by a process other than painting or covering the surface, mark, blemish ,dyed  or colored glass"
3cbb3a43cc,Turn,"Act of moving round, winding, change, form, manner, good or bad act, give or receive a rotary motion, invert, reverse, back, take anew direction, hinge, convert, shape, alter, divert"
0da623e05b,Beef,the flesh of a cow
0da623e05b,Dictionary,used to refer meaning of words
0da623e05b,Manners,the way we behave
0da623e05b,Stain,the color which cannot be removed by simple washing
0da623e05b,Turn,turn left or right etc.
b0af56c46c,Beef,"non-vegetarian food, flesh of cow"
b0af56c46c,Dictionary,thesarus
b0af56c46c,Manners,"behavior, discipline,"
b0af56c46c,Stain,rubbish
b0af56c46c,Turn,"move, twist"
6b2ac0ef88,Beef,meat of cow
6b2ac0ef88,Dictionary,book which shows the meaning of words
6b2ac0ef88,Manners,behavior
6b2ac0ef88,Stain,discolor made by another object
6b2ac0ef88,Turn,changing of direction
72be7457a3,Beef,"edible,non vegetarian,used to sacrifice,has 4 legs,domestic animal,usually black in colour,"
72be7457a3,Dictionary,"reference book for meaning,found in all lanuages,has all meaning for words,pronunciation is also available."
72be7457a3,Manners,"good and bad manners ,a way a person behaves,it is positive as well as negative."
72be7457a3,Stain,"decoloration in clothes,removed using bleaches,metal stain, chemical stain"
72be7457a3,Turn,"to turn back,to see the next option, to twist"
e97ff5f954,Beef,Cow meat/Money
e97ff5f954,Dictionary,A book of words and related meanings.
e97ff5f954,Manners,behavior/culture
e97ff5f954,Stain,a mark/to dye
e97ff5f954,Turn,flip/change position
c1b2590f72,Beef,"Beef is the meat from cows, bulls and/ or calves. It is red in color and rather tough in texture. It is used to make minced meat for burgers as well as stakes or meat soup."
c1b2590f72,Dictionary,"A dictionary is a book listing words of a language with the correct pronunciation, derivatives as well as the explanation of the meaning of the word. A dictionary may also have the translation of a word in another language."
c1b2590f72,Manners,"Manners is the appropriate or inappropriate way of behaving in a certain situation. A strong example is the the manners we have at a dining table, whether we eat making noises or talk with our mouth full. Another example of manners is the way we speak and communicate with other people."
c1b2590f72,Stain,"A stain is a mark on a surface, such as clothing, which may not easily come off. Stains are usually made from food substainces."
c1b2590f72,Turn,"Turn is a verb used demonstrate a changing of direction. For example turn a page in a book, or turn your head in another direction. The verb turn used together with a preposition may give another meaning to the word, namely a phrasal verb, such as turn up which means make an appearance."
95e2618c28,Beef,"A full-grown steer, bull, ox, or cow, especially one intended for use as meat,The flesh of a slaughtered full-grown steer, bull, ox, or cow"
95e2618c28,Dictionary,"A reference book containing an alphabetical list of words, with information given for each word, usually including meaning, pronunciation, and etymology"
95e2618c28,Manners,"A way of doing something or the way in which a thing is done or happens, A way of acting; bearing or behavior"
95e2618c28,Stain,"To discolor, soil, or spot"
95e2618c28,Turn,To cause to move around an axis or center; cause to rotate or revolve.
d2ab4563df,Beef,"cow, meat, eat, dinner, roast, barbecue, meal, pot, oven"
d2ab4563df,Dictionary,"words, explanation, school, book, lookup, defintion"
d2ab4563df,Manners,"table, shake hands, eat properly, courteous,"
d2ab4563df,Stain,"tablecloth, dress, shirt, wine, blood, coffee, carpet, remove"
d2ab4563df,Turn,"look, car, around, head, table,"
1c7639828f,Beef,"meet, obtained from cow or ox, red in color"
1c7639828f,Dictionary,"will get meaning of words, a text, describes every words"
1c7639828f,Manners,"way of doing, mode of action, behavior"
1c7639828f,Stain,"a natural spot , a discoloration produced by foreign matter , to color"
1c7639828f,Turn,"move, move in an axis, chance"
99822f0efe,Beef,"Meat, cow, steak, hamburger"
99822f0efe,Dictionary,"Words, meaning, spelling, webster's"
99822f0efe,Manners,"Polite, excuse me, proper, refined, gentleman"
99822f0efe,Stain,"Spot, laundry, remover, scrub"
99822f0efe,Turn,"Twist, spin, directions, around"
bba2068b29,Beef,cattle that are reared for their meat
bba2068b29,Dictionary,a reference book containing an alphabetical list of words with information about them
bba2068b29,Manners,social deportment
bba2068b29,Stain,he state of being covered with unclean things
bba2068b29,Turn,a circular segment of a curve
86dc19ebbd,Asia,a continent
86dc19ebbd,Decay,"decompose, perish, fester"
86dc19ebbd,Math,"mathematics, arithematics, sum"
86dc19ebbd,Shop,"store, supermarket, shopping"
86dc19ebbd,Suffocate,"throttle, smother, choke"
6e487b9cb7,Asia,the world's largest and most populous continent.
6e487b9cb7,Decay,Science and technology.
6e487b9cb7,Math,mathematical study.
6e487b9cb7,Shop,a specialty department in a large store.
6e487b9cb7,Suffocate,To kill.
eb09612a37,Asia,COUNTRY
eb09612a37,Decay,FEAR
eb09612a37,Math,APPEAR
eb09612a37,Shop,PERCHASE
eb09612a37,Suffocate,SUFF
075bbbca89,Asia,noun a strong-flavored cow's milk cheese made in northern Italy.
075bbbca89,Decay,"1	rot or cause to rot through the action of bacteria and fungi; decompose. decline in quality or vigor; deteriorate. 
2	Physics (of a radioactive substance, particle, etc.) undergo change to a different form by emitting radiation."
075bbbca89,Math,noun North American mathematics.
075bbbca89,Shop,"1	a building or part of a building where goods or services are sold. Ø an act of going shopping. 
2	a place where things are manufactured or repaired; a workshop."
075bbbca89,Suffocate,verb die or cause to die from lack of air or inability to breathe. have or cause to have difficulty in breathing.
a99eff3ef7,Asia,"largest continent, situated in the Eastern Hemisphere, bounded by the Arctic, Pacific, and Indian oceans, and separated from N Europe by the Ural Mountains"
a99eff3ef7,Decay,"To decay is to rot, lose strength or deteriorate"
a99eff3ef7,Math,mathematical
a99eff3ef7,Shop,A shop is a store or the work area of a person in a trade
a99eff3ef7,Suffocate,"to kill by cutting off the supply of oxygen to the lungs, gills, etc"
2622f61522,Asia,"Lot of country in Asia, India and china and other countries."
2622f61522,Decay,"decomposition, decline, disintegration, radioactive decay, crumble, dilapidate, decompose, disintegrate"
2622f61522,Math,"mathematics, maths"
2622f61522,Shop,"shop class, store, workshop, betray, denounce, give away, grass, rat, shit, snitch, stag, tell on, browse, buy at, frequent, patronise, patronize, shop at, sponsor"
2622f61522,Suffocate,"choke, gag, strangle, asphyxiate, stifle, smother"
932ad1fc41,Asia,"pacific,continent,countries."
932ad1fc41,Decay,"teeth,vegetable,garbage,dentist."
932ad1fc41,Math,"mathematics,logic,interest,formula."
932ad1fc41,Shop,"grocery,vegetable,big,small,fruit,stationary."
932ad1fc41,Suffocate,"air,atmosphere,room."
3c84e2112e,Asia,"continent, people are asian, biggest continent, india is in asia, have"
3c84e2112e,Decay,"to decompose, to break into small parts , to get broken, to change in to manure, done by micro organisms,"
3c84e2112e,Math,"a subject of numbers, used for calculation, mathematics, algebra, geometry,"
3c84e2112e,Shop,"place for shopping, customers go there, usually in market place, shopkeeper, window shopping."
3c84e2112e,Suffocate,"supply stopped, choke, block of air, difficult to breathe, suffocation can cause death"
8298f6c5c0,Asia,a continent
8298f6c5c0,Decay,when something decomposes and rots
8298f6c5c0,Math,arithmetic
8298f6c5c0,Shop,the act of purchasing
8298f6c5c0,Suffocate,to restrict ones breathing
6c04a7f4c1,Asia,it is continent
6c04a7f4c1,Decay,10 years
6c04a7f4c1,Math,indicates the calculation
6c04a7f4c1,Shop,collection of things
6c04a7f4c1,Suffocate,exsorsed
5fc847fe34,Asia,"Continent, Oriental, China, Japan, Korea, Noodles, Rice."
5fc847fe34,Decay,"Rotting, Teeth, Black, Disease"
5fc847fe34,Math,"Numbers, Letters, Algebra, Pi"
5fc847fe34,Shop,"Store, food, shopping cart, check out"
5fc847fe34,Suffocate,"Smother, not breathing"
186db71701,Asia,"largest continent,situated in eastern hemisphere,bounded by the arctic,Pacific and Indian oceans ,and separated from north Europe by the Ural mountains:it includes,in-addition to the nations on the land mass ,japan,the Philippians ,Taiwan ,Malaysia and Indonesia"
186db71701,Decay,"to decay is to rot,lose strength or deteriorate,decline,collapse,downfall.decrease,consumption,corruption,breakdown,failure,reduction,wear and tear,falling off"
186db71701,Math,"short form of mathematical,mathematician,mathematics"
186db71701,Shop,"a shop is a store or work area of a person or trade.like local grocery store, store,retail store,dry goods store,work shop,"
186db71701,Suffocate,"to kill by cutting off the supply of oxygen to the lungs,strangle,"
95e2618c28,Asia,"(Placename) the largest of the continents, bordering on the Arctic Ocean, the Pacific Ocean, the Indian Ocean, and the Mediterranean and Red Seas in the west. It includes the large peninsulas of Asia Minor, India, Arabia, and Indochina and the island groups of Japan, Indonesia, the Philippines, and Ceylon (Sri Lanka); contains the mountain ranges of the Hindu Kush, Himalayas, Pamirs, Tian Shan, Urals, and Caucasus, the great plateaus of India, Iran, and Tibet, vast plains and deserts, and the valleys of many large rivers including the Mekong, Irrawaddy, Indus, Ganges, Tigris, and Euphrates"
95e2618c28,Decay,"Biology To break down into component parts,The destruction or decomposition of organic matter as a result of bacterial or fungal action"
95e2618c28,Math,(Mathematics) US and Canadian informal short for mathematics Brit equivalent maths
95e2618c28,Shop,"A small retail store or a specialty department in a large store, A place for manufacturing or repairing goods or machinery"
95e2618c28,Suffocate,"To kill or destroy by preventing access of air or oxygen,To impair the respiration of; asphyxiate"
6b2ac0ef88,Asia,a continent
6b2ac0ef88,Decay,decomposition
6b2ac0ef88,Math,mathematics
6b2ac0ef88,Shop,retail store
6b2ac0ef88,Suffocate,to die from lack of oxygen
32d9d483a3,Asia,"Biggest continent in the world , looks like only place where economy grows these days."
32d9d483a3,Decay,"become degraded from some things original form, spoil onself"
32d9d483a3,Math,"a method of calculation , numbers, geometry , percentages, boring"
32d9d483a3,Shop,"a place to buy stuffs, a way to spend money"
32d9d483a3,Suffocate,"become very difficult to breath, dense air, bad smell,"
af2803583c,Asia,the largest of the continents
af2803583c,Decay,the organic phenomenon of rotting
af2803583c,Math,"it is the study of quantity, space, structure, and change"
af2803583c,Shop,A small retail store or a specialty department in a large store
af2803583c,Suffocate,To kill or destroy by preventing access of air or oxygen.
b0af56c46c,Asia,country
b0af56c46c,Decay,dilapidation
b0af56c46c,Math,subject
b0af56c46c,Shop,place for buying things
b0af56c46c,Suffocate,breathless
0a7858ea02,Asia,"a continent in the Western part of the world, a continent with Asian countries in it."
0a7858ea02,Decay,"to rot, to break down"
0a7858ea02,Math,a subject of study dealing with numbers and geometry
0a7858ea02,Shop,"to buy things, to purchase, to go to a store with the intent to buy something"
0a7858ea02,Suffocate,"to affixiate, to run out of oxygen"
cc0fd23c05,Asia,asia minor  asian black grouse  asian coral snake
cc0fd23c05,Decay,"disintegration, fall, decay, downslope, descent, radioactive decay, decomposition, declension, decline, declivity, declination, diminution"
cc0fd23c05,Math,"mathematics, maths"
cc0fd23c05,Shop,"memory, stock, workshop, storehouse, store, entrepot, fund, shop, shop class, computer memory, computer storage, memory board, depot, storage"
cc0fd23c05,Suffocate,"choke, stifle, suffocate, asphyxiate, put out, strangle, repress, smother, surround, muffle, gag"
96824489d6,Asia,"continent,larger one,country"
96824489d6,Decay,"spoiled,old,bad smell,fertilizer"
96824489d6,Math,"sum,subject,numbers,calculation,add, subtract,multiplication, division"
96824489d6,Shop,"shop keeper,where things sell,stationery,store,mall,shopping cpmplex"
96824489d6,Suffocate,"unable to explain,impossible to respiration,difficult to breathe"
4722c98540,Asia,"India, Continent, People, Different, Culture."
4722c98540,Decay,"Food, Fungus, Scientist, Virus, Poison."
4722c98540,Math,"Mathematics, Calculation, Sums, Addition, Dividing."
4722c98540,Shop,"Accessories, Jewels, Foot Wear, Eatables, Noise."
4722c98540,Suffocate,"Lift, Closed Room, nose, Disease, Pillow."
4f01be5e49,Asia,"Country of the far east. foreign lands, where populaces speak another tongue, has another way of life."
4f01be5e49,Decay,"Similar to rot, waste away."
4f01be5e49,Math,"Computation,use of numbers, anything counted may be considered math"
4f01be5e49,Shop,"Peruse, to look at not belonging to one, and one  may exchange it for a cost, or for services rendered."
4f01be5e49,Suffocate,"To remove all the air, from the, cut off."
2a6566d746,Asia,"continent,largest of all continents."
2a6566d746,Decay,"becoming less powerful,rotten,loosing its powerful control."
2a6566d746,Math,branch of science dealing with quantities .
2a6566d746,Shop,"place where goods are sold out,place where things are manufactured or repaired,."
2a6566d746,Suffocate,"not feeling good,breathlessness, cant breathe properly ,lack of oxygen ."
23177e4468,Asia,"A continent East of Europe and contains Russia, China and India."
23177e4468,Decay,Usually refers to organic material rotting away.  Often times used as a figure of speech.
23177e4468,Math,The study of numbers.  Also the name of a class in school where you study numbers.
23177e4468,Shop,An action verb that describes what people do when they are buying product from various vendors.  A noun that describes a place where people do shopping.  Also can be a shed where people store and fix machines.
23177e4468,Suffocate,what happens if your air supply is cut off or you are drowning.  Used as a figure of speech also to describe being repressed.
c7a444cfae,Asia,"Asia is a continent , contains several countries , largest population,"
c7a444cfae,Decay,"Decay means destroy , damaging something , ugly"
c7a444cfae,Math,"Math is  a branch of science , contains numbers , formulas, essential for earth's exstence"
c7a444cfae,Shop,"shop is a place where we can buy things , in another means it is an action of purchasing something"
c7a444cfae,Suffocate,Suffocate is a situation which there is a difficulty to take the breath
ab6d427bc7,Asia,"Asia: The largest of the world's continents, constituting nearly one-third of the landmass, lying entirely north of the equator excep"
ab6d427bc7,Decay,Decay: Rot or decompose through the action of bacteria and fungi.
ab6d427bc7,Math,"Math:Many mathematical objects, such as sets of numbers and functions, exhibit internal structure as a consequence of operations or relations"
ab6d427bc7,Shop,Shop: A building or part of a building where goods or services are sold; a store.
ab6d427bc7,Suffocate,Suffocate: Die or cause to die from lack of air or inability to breath
9a0973bddb,Asia,is largest a continent of earth
9a0973bddb,Decay,dead remain part of plants and animal.
9a0973bddb,Math,calculation
9a0973bddb,Shop,"place where we can find everything like pen,pencil,etc.. for money"
9a0973bddb,Suffocate,discomfort in the surrounding
66046579cd,Asia,"Continent,place,group of countries,largest continent"
66046579cd,Decay,"decompose,rot,grow moldy,molder,fester,perish,crumble,corrosion,putrefaction,"
66046579cd,Math,"arithmetic,sums,mathematics,subject,science of globe,"
66046579cd,Shop,"supermarket,superstore,store,buying place,entertainment for family,"
66046579cd,Suffocate,"smother,choke,stifle,throttle,asphyxiate"
46db8237d3,Asia,"continent,india,asian games,"
46db8237d3,Decay,"soil decay,necrosis,due to microbial action"
46db8237d3,Math,"mathematics,"
46db8237d3,Shop,"place,goods available,things available,can be owned"
46db8237d3,Suffocate,"discomfort,difficult to breathe,due to poisonous gases"
eaecffb8af,Asia,"country,place,world's part,asian"
eaecffb8af,Decay,"damage,spoil"
eaecffb8af,Math,"mathematics,calculation,rules"
eaecffb8af,Shop,"marker,collection of materials,place of shopping"
eaecffb8af,Suffocate,"die,kill from lack of air"
c602294c0a,Asia,its a continent
c602294c0a,Decay,to rot
c602294c0a,Math,subject related to digits
c602294c0a,Shop,store for selling goods
c602294c0a,Suffocate,difficulty in breathing due to lack of oxygen
5146be6c32,Asia,"Asia is the world's largest and most populous continent, located primarily in the eastern and northern hemispheres"
5146be6c32,Decay,to decline from a sound or prosperous condition
5146be6c32,Math,"Mathematics is the study of quantity, space, structure and change"
5146be6c32,Shop,a building or room stocked with merchandise for sale
5146be6c32,Suffocate,to make uncomfortable by want of fresh air
a7cece6cf4,Asia,"Continent, India, Ocean, Culture, People"
a7cece6cf4,Decay,"Food, Poison, Virus, Stomach upset & allergy"
a7cece6cf4,Math,"Mathematics, Calculation, Calculator, Mobile & Sums"
a7cece6cf4,Shop,"Shopping, Accessories, Cloths, Sandals, restaurant"
a7cece6cf4,Suffocate,"Closed room, Health problems,"
74a82eb356,Asia,"asia:
The largest of the world's continents, constituting nearly one-third of the landmass, lying entirely north of the equator except for..."
74a82eb356,Decay,decay:(of organic matter) Rot or decompose through the action of bacteria and fungi.
74a82eb356,Math,Math:mathematics: a science (or group of related sciences) dealing with the logic of quantity and shape and arrangement
74a82eb356,Shop,"Shop:	
A building or part of a building where goods or services are sold; a store."
74a82eb356,Suffocate,Suffocate: Die or cause to die from lack of air or inability to breathe.
9fbbce61dd,Asia,"continent, powerful countries"
9fbbce61dd,Decay,"Infection,  disease, bad adore things , polluted  thing"
9fbbce61dd,Math,"calculating type lessons, alfa  decimals, subject,"
9fbbce61dd,Shop,"bazaar, collection of  house hold  things kept place,"
9fbbce61dd,Suffocate,"lack  of  air, breathing  problem"
bee7f2ab27,Asia,"a continent,"
bee7f2ab27,Decay,"spoil, decompose"
bee7f2ab27,Math,a name
bee7f2ab27,Shop,"store,  establishment"
bee7f2ab27,Suffocate,"breathing impossible, cutting supply of air"
99e53d7df1,Asia,"Asia is a continent, this is big and most populous continent in the world,"
99e53d7df1,Decay,"Decay is gradually destroyed by a natural process, when something such as a dead body, and a dead plant"
99e53d7df1,Math,"Math is the mathematics, we studied math in school, college, and we are using math in world fully"
99e53d7df1,Shop,"Shop is an one part of building where things are sold, we can buy food things, stationaries, many things, etc.,"
99e53d7df1,Suffocate,"Suffocate is ""there is no air to breathe"", then it is like ""They were suffocated as they slept."
5f6fadae3f,Asia,"continent, place name, place"
5f6fadae3f,Decay,"break down, decrease, destruction, decomposition"
5f6fadae3f,Math,"mathematics, calculation, group"
5f6fadae3f,Shop,"shoppe,retail store,department,large store,office"
5f6fadae3f,Suffocate,"kill,destroy,cause,suppress the development, imagination,"
7b5feaf707,Asia,A continent
7b5feaf707,Decay,decomposition
7b5feaf707,Math,A subject with lot of sums
7b5feaf707,Shop,Where we can get all sorts of products
7b5feaf707,Suffocate,Feel discomfort from lack of heat
e5ec491417,Asia,place
e5ec491417,Decay,affected
e5ec491417,Math,calculation
e5ec491417,Shop,retailers
e5ec491417,Suffocate,conjusted
bba2068b29,Asia,the largest continent with 60% of the earth's population; it is joined to Europe on the west to form Eurasia; it is the site of some of the world's earliest civilizations
bba2068b29,Decay,a gradual decrease; as of stored charge or current
bba2068b29,Math,a science (or group of related sciences) dealing with the logic of quantity and shape and arrangement
bba2068b29,Shop,a mercantile establishment for the retail sale of goods or services
bba2068b29,Suffocate,"become stultified, suppressed, or stifled"
c05417ff31,Asia,"largest continent in the world, most populated continent, contains china india russia countries"
c05417ff31,Decay,"to deteriorate, affect by bacteria, to rot or decompose"
c05417ff31,Math,"science of numbers, subject of study, algebra, geometry, arithmetic"
c05417ff31,Shop,"to buy goods, place were items are sold"
c05417ff31,Suffocate,"die due to lack of air, to have problem in inhaling and exhaling"
e6af31ccd0,Asia,"largest continent,eastern culture"
e6af31ccd0,Decay,"deteriorate,to diminish,perish,to be out of existence"
e6af31ccd0,Math,"step by step problem solving,arithmetic,numbers,operations,functions,equation"
e6af31ccd0,Shop,"market,goods,trade,buy,sell"
e6af31ccd0,Suffocate,"unable to breath,to be deprived with oxygen"
b47f4dafbe,Asia,a largest continent
b47f4dafbe,Decay,"wearing off , wasting away,decomposition ,decline"
b47f4dafbe,Math,"a science dealing with logic of quality,logic of shape,logic of arrangemant"
b47f4dafbe,Shop,"a place where things are sold,an institution,imprison,where workman carry on their occupation"
b47f4dafbe,Suffocate,"strangle,stifle,choke,to feel discomfort from lack of fresh air"
da957b79fd,Asia,"A very large country.  In the Pacific.  Contains many cultures, Japanese, Korean, Chinese."
da957b79fd,Decay,the rotting of something as it's being broken down by microorganisms
da957b79fd,Math,"formulas using numbers to prove ideas, or define the world quantitatively"
da957b79fd,Shop,a place where one can buy things.  or the verb used to describe the purchasing of goods
da957b79fd,Suffocate,to die by lack of oxygen.
d6fbaf0859,Asia,continent in which Philippines is a part of
d6fbaf0859,Decay,damaged
d6fbaf0859,Math,"subject, arithmetic"
d6fbaf0859,Shop,"store, a place to buy things"
d6fbaf0859,Suffocate,having a hard time breathing
fd1a1cbbc3,Asia,the largest continent with 60% of the earth's population; it is joined to Europe on the west to form Eurasia; it is the site of some of the world's earliest civilizations
fd1a1cbbc3,Decay,"disintegration, fall, decay, downslope, descent, radioactive decay, decomposition, declension, decline, declivity, declination, diminution"
fd1a1cbbc3,Math,"mathematics, maths, math"
fd1a1cbbc3,Shop,"memory, stock, workshop, storehouse, store, entrepot, fund, shop, shop class, computer memory, computer storage, memory board, depot, storage"
fd1a1cbbc3,Suffocate,"choke, stifle, suffocate, asphyxiate, put out, strangle, repress, smother, surround, muffle, gag"
84d66f35f1,Asia,"melting pot, chinese, malay, indian, hindu, muslim, buddhist, huge variety of food and cultures, conservative, traditional, materialistic, economic growth"
84d66f35f1,Decay,"death, dust, decomposition, neglect, corpse, maggots, breakdown"
84d66f35f1,Math,"numbers, equations, music of the spheres, precision, elegant beauty"
84d66f35f1,Shop,"store, retail, shopping, buying goods or services, trade, salespeople, pricetags, labels"
84d66f35f1,Suffocate,"asphyxiate, inability to breathe, choking, strangling, airless, lack of oxygen"
99822f0efe,Asia,"Continent, crowded, land, rice, eastern"
99822f0efe,Decay,"Rot, smell, die, decompose"
99822f0efe,Math,"Calculator, numbers, accounting"
99822f0efe,Shop,"Mall, spend, buy, choose, money, bags"
99822f0efe,Suffocate,"Stifle, choke, unable to breathe, smother"
0da623e05b,Asia,a continent
0da623e05b,Decay,to become decomposed
0da623e05b,Math,"maths, mathematics"
0da623e05b,Shop,a place for shopping
0da623e05b,Suffocate,get distressed due to lack of air
ab266a6b3c,Asia,"A continet, on earth, largest by population"
ab266a6b3c,Decay,"to breakdown, a chemical process, to rot"
ab266a6b3c,Math,"a subject, used in digits handling, counting is 1st step."
ab266a6b3c,Shop,"in market, place to buy commodities, contains miscellaneous things for selling"
ab266a6b3c,Suffocate,"difficulty in breathing, lack of oxygen, may lead to death"
a4da035c8e,Asia,"second largest continent, mixed race people live in asia."
a4da035c8e,Decay,"bacteria, fungus, decompose,"
a4da035c8e,Math,"subject related to numbers, relating to mathematics."
a4da035c8e,Shop,"part of building, buying goods, things manufactured."
a4da035c8e,Suffocate,"not able to breath, act of suffocation"
f62e2a0e07,Asia,large continent in the eastern world
f62e2a0e07,Decay,"dead body, wasting away, stench"
f62e2a0e07,Math,"use of numbers, tough subject"
f62e2a0e07,Shop,"small store, to buy things"
f62e2a0e07,Suffocate,"block breathing, stifle"
1cd41ce51b,Asia,"continent,is the biggest, has many countries,"
1cd41ce51b,Decay,"deteriorate, get destroyed, palnts and animals, useful to earth,"
1cd41ce51b,Math,"branch of study, addition, subtraction, multiply, division, numbers, integers,"
1cd41ce51b,Shop,"articles, buy, sell, bill, shopkeeper, tax,profit,loss, customer,"
1cd41ce51b,Suffocate,"loss of breath, uneasiness,"
73f3c0f74f,Asia,"A part of world, most populated, More developing countries"
73f3c0f74f,Decay,"Waste, soiling, not edible"
73f3c0f74f,Math,"Sum, multiply, divide, calculation"
73f3c0f74f,Shop,"To buy, online shops,selling things"
73f3c0f74f,Suffocate,"Getting out of oxygen, not able to breathe"
5cf41e6737,Asia,continents
5cf41e6737,Decay,spoil
5cf41e6737,Math,subject
5cf41e6737,Shop,room for selling things
5cf41e6737,Suffocate,no air passage
698904a657,Asia,"continent, east, Orient"
698904a657,Decay,"rot, fade away, go bad, spoil"
698904a657,Math,"calculate, numbers, algebra, logic, trig, statistics, calculus, cipher, figure"
698904a657,Shop,"buy, fun, mall, gifts"
698904a657,Suffocate,"choke, smother, breathe, air"
1c7639828f,Asia,"continent, the eastern and northern hemispheres, the largest continent"
1c7639828f,Decay,"decomposed, break down in to component parts,bad in smell"
1c7639828f,Math,"a subject, that include numbers, with lots of formulas"
1c7639828f,Shop,"place to buy things, a retail store, selling goods"
1c7639828f,Suffocate,"without air, kill by cutting supply of oxygen, discomfort without air"
7c3ee16479,Asia,a continent
7c3ee16479,Decay,to become gradually damaged
7c3ee16479,Math,short form of mathematics
7c3ee16479,Shop,to buy things
7c3ee16479,Suffocate,to die because of lack of oxygen
ebc4f95447,Asia,country
ebc4f95447,Decay,causes
ebc4f95447,Math,cover
ebc4f95447,Shop,selling things
ebc4f95447,Suffocate,suff
cdf81c2126,Asia,"a continent bounded by Europe and the Arctic, Pacific, and Indian oceans."
cdf81c2126,Decay,"to decline in excellence, prosperity, health, etc."
cdf81c2126,Math,the crop mowed
cdf81c2126,Shop,a retail store
cdf81c2126,Suffocate,to impede the respiration of
86b808eb12,Asia,A continent
86b808eb12,Decay,"disintegrate, wear away, gradually decline in health, decompose, ruin"
86b808eb12,Math,"The science of numbers, a course of study in school about quantity and magnitude of numbers"
86b808eb12,Shop,A small business or retail store stocked with merchandise for sale; an office
86b808eb12,Suffocate,"To kill by depriving oxygen, to die from being unable to breathe"
77f68a6327,Asia,"country,Lotus Temple,Pacific,four quarters,rivers ,Romans,Sanskrit"
77f68a6327,Decay,"health,prosperity,decomposition,satellite,phenomenon of rotting"
77f68a6327,Math,"calculation,subject,salvation,accurate,zero,mathematics,"
77f68a6327,Shop,"store,all things,department,selling,business,cage,shopping"
77f68a6327,Suffocate,"acces,discipline,lack ,cool air,respiration,oxygen"
cdf81c2126,Can'T,unable
cdf81c2126,Halloween,Allhallows Eve
cdf81c2126,Misunderstand,mistaken
cdf81c2126,Slut,not clean
cdf81c2126,States,a group of districts
eb09612a37,Can'T,CAN NOT
eb09612a37,Halloween,INTRADUCE
eb09612a37,Misunderstand,DON'T KNOW ANYTHING
eb09612a37,Slut,SLICE
eb09612a37,States,TAMIL NADU
932ad1fc41,Can'T,"obey,understand,talk,accept."
932ad1fc41,Halloween,"tube,house,road,ride."
932ad1fc41,Misunderstand,"talk,life,laugh,fight."
932ad1fc41,States,"country,world,cities,of life."
6e487b9cb7,Can'T,A colloquial contraction for can not.
6e487b9cb7,Halloween,which the day before Christian saints are honored.
6e487b9cb7,Misunderstand,Incorrectly or not understood properly.
6e487b9cb7,Slut,woman prostitute.
6e487b9cb7,States,"U.S. territory information including state symbols,USA"
a7cece6cf4,Can'T,"No, Never, can't do, demotivate, Discourage & lazy"
a7cece6cf4,Halloween,"Ghost, Evil spirit, Daring, Bad omen & Horror"
a7cece6cf4,Misunderstand,"Fast speech, Unclear voice, Network problem, Hearing Problem & Small fights between friends"
a7cece6cf4,Slut,"Servant, Untidy women, Dirty, Clumsy, Female dog"
a7cece6cf4,States,"Tamilnadu, World, Different Culture, Languages & People."
ed12f022a1,Can'T,cannot. the opposite of can. something that is not possible
ed12f022a1,Halloween,"a pagan holiday in the fall that people now celebrate by dressing up in costumes and going to parties, or passing out candy to costumed children"
ed12f022a1,Misunderstand,to not understand someone. to think a different meaning than what the speaker intended
ed12f022a1,Slut,a promiscuous girl. a woman who has sex with lots of men or other women for pleasure
ed12f022a1,States,a organized territory with defined boundaries that is accepted by the overall country. the united states of America has 50 of them.
9b49703872,Can'T,"Not Found, Not Possible."
9b49703872,Halloween,Allhallows eve.
9b49703872,Misunderstand,"Not Getting,Unable To Understand,misinterpret."
9b49703872,Slut,adulteress.
9b49703872,States,State Of Department.
95e2618c28,Can'T,"verb contraction of
cannot"
95e2618c28,Halloween,"(Christianity / Ecclesiastical Terms) the eve of All Saints' Day celebrated on Oct. 31 by masquerading; Allhallows Eve,"
95e2618c28,Misunderstand,To understand incorrectly; misinterpret
95e2618c28,Slut,"A person, especially a woman, considered sexually promiscuous,A woman prostitute."
95e2618c28,States,"A condition or mode of being, as with regard to circumstances, A condition of being in a stage or form, as of structure, growth, or development"
eaecffb8af,Can'T,"not done,not able"
eaecffb8af,Halloween,"festival,pumpkin,horror"
eaecffb8af,Misunderstand,"not like,not able to know,unknown"
eaecffb8af,Slut,"slovenly,promiscuous woman,sluttish"
eaecffb8af,States,"condition of something,country considered as organisation,area"
1cc946b86f,Can'T,"contraction, used for can not"
1cc946b86f,Halloween,"holiday,scary,involves treats"
1cc946b86f,Misunderstand,"not understand,confused"
1cc946b86f,Slut,"bad woman,bad word,sex with many men"
1cc946b86f,States,50 of these in USA
3f4696a6a3,Can'T,"Not possible, cannot, will not, short form of can not. 
Example: I can't walk on water because I will drown!"
3f4696a6a3,Halloween,"A festivity, weird costumes, relative eye liners, ghosts, Gothic, pumpkin, undead, scary, blood, celebrated usually when its dark. 
Example: I love Halloween because it gives me a chance to showcase my wackiness and dark side. Halloween is total fun!"
3f4696a6a3,Misunderstand,"Mistaken, Don't take me wrong, misinterpret, Falsify, wrong sense. 
Example: I kept asking my girlfriend not to misunderstand me, but she took me in the wrong sense and ditched me. :("
3f4696a6a3,Slut,"Prostitute, show of extreme sexuality, does this job to earn some money desperately, wears skimpy clothes, a distraction for straight men, might not necessarily have lost her virginity, sometimes touching when you look deep and find out how sad they really are when you look deep into their eyes. 
Example: I once saw a slut trying to woo a man in desperate need for money to feed herself."
3f4696a6a3,States,"Provinces in a country, when referring to a mind state, Shortly called states for United states of America, country divided in different territories, plural for state. 
Example: There are 29 states in India and 8 union territories."
b47f4dafbe,Can'T,"disagreeable,certainity of not doing something,negative sense of can"
b47f4dafbe,Halloween,"a christian festival,chilrens game playing day"
b47f4dafbe,Misunderstand,"to take in a wrong sense,fail to understand properly,misinterpret,misconcieve"
b47f4dafbe,Slut,"women of loose moral,a dirty ,untidy women,a slovenly women,a druge,a women prostitute"
b47f4dafbe,States,"a condition or mode of being,a mental or emotion condition,statistics,divided parts of a country,a nation"
42a3ae9685,Can'T,a way of refusing
42a3ae9685,Halloween,a holy day of christians
42a3ae9685,Misunderstand,getting wrong idea
42a3ae9685,Slut,a dirty women
42a3ae9685,States,a particular condition of mind
8298f6c5c0,Can'T,When you are incapable of performing something
8298f6c5c0,Halloween,On October 31 of every year is the day we trick or treat.
8298f6c5c0,Misunderstand,When someone takes something the wrong way
8298f6c5c0,Slut,A promiscuous person that has had many sexual partners
8298f6c5c0,States,When someone announces or says something
73f3c0f74f,Can'T,"Impossible, leave me , don't force"
73f3c0f74f,Halloween,"A festival, Ghosts, celebration"
73f3c0f74f,Misunderstand,"Quarrel, fights, breakups"
73f3c0f74f,Slut,Irritated of sex
73f3c0f74f,States,"To say , pointout"
a6e6f7b984,Can'T,"Insincere talk, the language of a particular group,can't-cannot."
a6e6f7b984,Halloween,"31 october,the eve of All Saints' Day."
a6e6f7b984,Misunderstand,Fail to understand correctly.
a6e6f7b984,Slut,Slovenly or promiscuous woman.
a6e6f7b984,States,"The condition of something at a particular time,a ciuntry consideredas an organized political unit,an area forming part of a federal republic,the government of a country."
24a08f9d6b,Can'T,"No,cant do,meaninglessness, nonsense, nonsensicality, bunk."
24a08f9d6b,Halloween,"a Christian festival,Decor Halloween,Halloween Tin,celebrated in the United States, Canada, and the British Isles by children going door to door while wearing costumes and begging treats and playing pranks."
24a08f9d6b,Misunderstand,"To understand incorrectly; misinterpret,misapprehend, misconceive, misconstrue, misinterpret,to take a wrong meaning."
24a08f9d6b,Slut,"A person, especially a woman, considered sexually,A slovenly woman; a slattern,A woman prostitute,sluttish ,adulteress, fornicatress, hussy, loose woman."
24a08f9d6b,States,"A body politic, especially one constituting a nation: the states of Eastern Europe,The sphere of supreme civil power within a given polity: matters of state,Ceremony; pomp."
2b15616b23,Can'T,means will not
2b15616b23,Halloween,a christmas festival
2b15616b23,Misunderstand,difference in opinion between two
2b15616b23,Slut,prostitue
2b15616b23,States,position
0da623e05b,Can'T,contraction of cannot
0da623e05b,Halloween,the evening  of October 31
0da623e05b,Misunderstand,understand wrongly
0da623e05b,Slut,"dirty,immoral women"
0da623e05b,States,different parts of a country
6c7df926ad,Can'T,"can, i can't this work"
6c7df926ad,Halloween,hallow
6c7df926ad,States,"this is a kerala state,"
bee7f2ab27,Can'T,"unable to do, deny to do"
bee7f2ab27,Halloween,meaningless
bee7f2ab27,Misunderstand,"misjudgement, dispute,  difference"
bee7f2ab27,Slut,bad woman
bee7f2ab27,States,"positions,  declares,  explains"
ebc4f95447,Can'T,can not
ebc4f95447,Halloween,intraduce
ebc4f95447,Misunderstand,not belive
ebc4f95447,Slut,slice
ebc4f95447,States,tamilnadu
7918935117,Can'T,Not capable to do
7918935117,Halloween,A sign to good
7918935117,Misunderstand,Wrongly Judged
7918935117,Slut,Dirty Thing
7918935117,States,A region in a big picture
5cf41e6737,Can'T,can not
5cf41e6737,Halloween,a day
5cf41e6737,Misunderstand,do not understand
5cf41e6737,Slut,deahj
5cf41e6737,States,area
a99eff3ef7,Can'T,cannot
a99eff3ef7,Halloween,to make holy
a99eff3ef7,Misunderstand,to fail to understand correctly
a99eff3ef7,Slut,a slut is a derogatory term used for a person usually a woman who engages in casual sexual behavior
a99eff3ef7,States,part of a country
f6cc27d9fb,Can'T,can not
f6cc27d9fb,Halloween,chattering
f6cc27d9fb,Misunderstand,not understand properly
f6cc27d9fb,Slut,prostitute
f6cc27d9fb,States,status
fd1a1cbbc3,Can'T,dont do
fd1a1cbbc3,Halloween,"Halloween, Hallowe'en, Allhallows Eve 
the evening before All Saints' Day; often devoted to pranks played by young people"
fd1a1cbbc3,Misunderstand,"misread, misunderstand, misapprehend, misconstrue, misinterpret, misconceive, be amiss"
fd1a1cbbc3,Slut,"strumpet, street girl, hustler, floozie, streetwalker, adulteress, slut, hooker, trollop, fornicatress, jade, slovenly woman, floozy, slattern, hussy, loose woman"
fd1a1cbbc3,States,"nation, country, state, responsibility, province, res publica, body politic, commonwealth, land, state of matter"
6be52007c6,Can'T,"It means the person claiming they “can’t” actually isn’t willing to, refuses to, or won’t even TRY to find out if they CAN"
6be52007c6,Halloween,"the night of 31 October,the eve of all Saint's Day."
6be52007c6,Misunderstand,unappreciated; misjudged.
6be52007c6,Slut,"A slut is a woman who is ""easy"" or who sleeps with many different partners."
6be52007c6,States,"status, rank, or position in life; statio"
33cd6db15a,Can'T,"Unable,Not agreeing,Not able to,Low confidence,More than you can carry,Negative."
33cd6db15a,Halloween,"Acting scary,Funny,Over dramatic,Trick and treat,Fancy parade, European custom, Mask to frighten."
33cd6db15a,Misunderstand,"Not clear,Ambiguous,Judge wrong,Criticize,Understand incorrectly,Wrong message,Faulty conclusion."
33cd6db15a,Slut,"Loose morals,Low esteem,Prostitute,Easy going, Without restraint, Sex worker,immoral,Characterless,Loose character,Wag abound."
33cd6db15a,States,"Say,Quote,Tell,Describe,Annotate,Emphasis,Facts told."
153fbbab45,Can'T,Speak up! I can't hear you.
153fbbab45,Halloween,the night of 31 October when children dress in special clothes and people try to frighten each other
153fbbab45,Misunderstand,"I told him I'd meet him here, but perhaps he misunderstood and went straight to the pub."
153fbbab45,Slut,slang    disapproving      a woman who has sexual relationships with a lot of men without any emotional involvement
153fbbab45,States,They drive a big American car.
7c3ee16479,Can'T,cannot
7c3ee16479,Halloween,the night of 31 october when children dress in special clothes and people try to frighten each other
7c3ee16479,Misunderstand,not correctly understood
7c3ee16479,Slut,a woman who have sexual relationship with lot of men without any emotional involvement
7c3ee16479,States,condition or way of being that exist at a particular time
7b5feaf707,Can'T,cannot do it
7b5feaf707,Halloween,It is a festival
7b5feaf707,Misunderstand,didn't understand properly
7b5feaf707,Slut,A prostitute woman
7b5feaf707,States,a nation have many states
96824489d6,Can'T,"unable,dis qualify,disable"
96824489d6,Halloween,"feast day, October 31,saint day,name"
96824489d6,Misunderstand,"quarrel,fight,enemy,absorb in the wrong way"
96824489d6,Slut,"women prostitute,slattern"
96824489d6,States,"united states,smaller than country, Tamil Nadu, Kerala"
af180e3be2,Can'T,"do not do,insincere,goodness,piety"
af180e3be2,Halloween,"evening,observed especially by children in costumes who solicit treats"
af180e3be2,Misunderstand,"to take words statements in wrong sense,understand wrongly,to fail to understand,behavior of"
af180e3be2,Slut,"a dirty,slovenly women,an immoral,dissolute women,prostitute"
af180e3be2,States,"constitution,phase,particular condition of mind or feeling"
3575814b03,Can'T,can not
3575814b03,Halloween,its a Festival
3575814b03,Misunderstand,"mis understanding , wrong assumption"
3575814b03,Slut,"a dirty, slovenly woman."
3575814b03,States,thing which respect to circumstances or attributes
3ffa10e4f4,Can'T,"oposite of can,its used for sayind that you are not able to do something."
3ffa10e4f4,Halloween,"american hollyday,where people are dressed scary."
3ffa10e4f4,Misunderstand,"oposite of understand,used when 2 or more are aguing."
3ffa10e4f4,Slut,"ugly word used for women,when she sleeps with other people."
3ffa10e4f4,States,"nations,people live there,governments,politicians."
4722c98540,Can'T,"Ghost, Evil spirit, Daring, Bad omen & Horror"
4722c98540,Halloween,"Ghost, Evil spirit, Daring, Bad omen & Horror"
4722c98540,Misunderstand,"Fast speech, Unclear voice, Network problem, Hearing Problem & Small fights between friends"
4722c98540,Slut,"Servant, Untidy women, Dirty, Clumsy, Female dog"
4722c98540,States,"United states, World, Different Culture, Languages & People."
b0af56c46c,Can'T,impossible
b0af56c46c,Halloween,festival
b0af56c46c,Misunderstand,wrong perception
b0af56c46c,Slut,prostitute
b0af56c46c,States,depicts
cc0fd23c05,Can'T,"cannot do, go,there"
cc0fd23c05,Halloween,"halloo , hallowed , hallowe'en"
cc0fd23c05,Misunderstand,"misread, , misapprehend, misconstrue, misinterpret, misconceive"
cc0fd23c05,Slut,"strumpet, street girl, hustler, floozie, streetwalker, adulteress, slut, hooker, trollop, fornicatress, jade, slovenly woman, floozy, slattern, hussy, loose woman"
cc0fd23c05,States,"nation,cochin,different"
3cbb3a43cc,Can'T,"Cannot, not able to, impossible, unable."
3cbb3a43cc,Halloween,"Eve of all saints day,October 31st, especially as celebrated by children dressing in costumes and collecting treats door to door."
3cbb3a43cc,Misunderstand,"Failure to  understand correctly, slight disagreement , quarrel,argument, misinterpretation, misapprehension, misreading, dispute,discord, controversy."
3cbb3a43cc,Slut,"Slovenly woman, prostitute, Call girl, fallen woman, strumpet, tramp, street walker, whore, lady of the evening,loose woman."
3cbb3a43cc,States,"Political community under the government,  part of a federal republic, civil government, the current stage of development of a practical or technological subject,"
9a0973bddb,Can'T,no
9a0973bddb,Halloween,wicked
9a0973bddb,Misunderstand,understand wrongly
9a0973bddb,Slut,horny
9a0973bddb,States,place
0a7858ea02,Can'T,"cannot, not able to"
0a7858ea02,Halloween,"a holiday on October 31st, the day of the dead, a holiday where kids dress up in costumes and go trick or treating"
0a7858ea02,Misunderstand,"to not understand, to miss the point of something"
0a7858ea02,Slut,"a whore, a concubine, a woman who sleeps around, a woman with a bad reputation, a hoe"
0a7858ea02,States,a sub-division of a country
6b2ac0ef88,Can'T,cannot
6b2ac0ef88,Halloween,a celebration of United States
6b2ac0ef88,Misunderstand,understand in a wrong way
6b2ac0ef88,Slut,a woman prostitute
6b2ac0ef88,States,United States
e180b38ede,Can'T,cannot
e180b38ede,Halloween,A festival of christians
e180b38ede,Misunderstand,understanding wrongly
e180b38ede,Slut,dirty
e180b38ede,States,states together forms country. Karnataka is a state in India.
50535a4e82,Can'T,not able to do or say
50535a4e82,Halloween,"day before all saints day, day to remember the people passed away"
50535a4e82,Misunderstand,"understand incorrectly a persons action or words, wrong meaning"
50535a4e82,Slut,"dirty, woman sleeps with everyone, no moral value"
50535a4e82,States,"part of a country, ruled by government"
5146be6c32,Can'T,can plus not is called can't and it is used to not accept the work.
5146be6c32,Halloween,Halloween is about the holiday
5146be6c32,Misunderstand,Misunderstand is to understand incorrectly
5146be6c32,Slut,Slut is a pejorative term applied to an individual who is considered to have loose sexual morals or who is sexually promiscuous.
5146be6c32,States,"State commonly refers to either the present condition of a system or entity, or to a governed entity"
1398dc46e5,Can'T,not able to
1398dc46e5,Halloween,a holiday where people dress up in costumes and go door to door to get candy
1398dc46e5,Misunderstand,did not get the meaning intened
1398dc46e5,Slut,someome that sleeps around alot
1398dc46e5,States,"areas of land divided my rivers, mountains, or man made lines"
86dc19ebbd,Can'T,"cannot, hypocrisy"
86dc19ebbd,Halloween,"a festival, dressing up in different dresses"
86dc19ebbd,Misunderstand,"mistake, misread, misinterpret"
86dc19ebbd,Slut,close
86dc19ebbd,States,small part of a country
bba2068b29,Can'T,contraction of cannot.
bba2068b29,Halloween,evening before All Saints' Day; often devoted to pranks played by young people
bba2068b29,Misunderstand,to interpret in the wrong way
bba2068b29,Slut,dirty untidy woman
bba2068b29,States,territory occupied by one of the constituent administrative districts of a nation
dc1e49be30,Can'T,a form of cannot
dc1e49be30,Halloween,the eve of All Saints' Day celebrated on Oct 31 by masquerading
dc1e49be30,Misunderstand,"to take (words, statements, etc.) in a wrong sense; understand wrongly."
dc1e49be30,Slut,"a dirty, slovenly woman"
dc1e49be30,States,"the condition of a person or thing, as with respect to circumstances or attributes: a state of health."
d6fbaf0859,Can'T,"means no, disagree"
d6fbaf0859,Halloween,celebrated every november 1st
d6fbaf0859,Misunderstand,"miscommunicate, to understand things differently"
d6fbaf0859,Slut,"whore,"
d6fbaf0859,States,a collection of cities in a partcular area
c602294c0a,Can'T,unable
c602294c0a,Halloween,reason of celebration
c602294c0a,Misunderstand,taking in wrong way
c602294c0a,Slut,dirty woman
c602294c0a,States,conditions
5a97554418,Can'T,"Unable to do something, unwilling, unprepared, contraction of can not."
5a97554418,Halloween,"holiday on october 31st, when people dress up in costumes and children often get candy"
5a97554418,Misunderstand,"not comprehend clearly, not hear something in the way that it was intended, be mistaken"
5a97554418,Slut,"refers to a girl who has many sexual partners, has become more slang as of recent to mean finicky about things, or not loyal to one thing"
5a97554418,States,"Says, speaks, the conditions of things - that slut is in a sorry state, locations within a country similar to provinces"
99822f0efe,Can'T,"Won't, fail, try, unable"
99822f0efe,Halloween,"Trick or treat, candy, costume , pumpkin"
99822f0efe,Misunderstand,"Confused, wrong, explain, clarify"
99822f0efe,Slut,"Whore, skank, easy, tramp"
99822f0efe,States,"Says, tells, announces, make up the USA"
bdf550a047,Can'T,"can not,not able to do,do not want to do"
bdf550a047,Halloween,"a great day,special day,the eve of All Saints Day,31 October"
bdf550a047,Misunderstand,"wrong opinion,fail to understand correctly,have wrong opinion about a correct person"
bdf550a047,Slut,"promiscuous women,obey the conditions,honest person,sacrificing mentality"
bdf550a047,States,"conditions of something at a particular time,the government of a country,positions of the matter"
075bbbca89,Can'T,"1	the first letter of the alphabet. 
2	denoting the first, best, or most important in a set. 
3	Music the sixth note of the diatonic scale of C major, having a standard frequency of 440 Hz. 
4	the human blood type (in the ABO system) containing the A antigen and lacking the B."
075bbbca89,Halloween,"noun the night of 31 October, the eve of All Saints' Day."
075bbbca89,Misunderstand,verb: (past and past participle misunderstood ) fail to understand correctly.
075bbbca89,Slut,noun: a slovenly or promiscuous woman.
075bbbca89,States,noun: British a school funded and controlled by the state.
24411c15a5,Can'T,"no,cannot,unable,will not be able to perform any given task,negative, dosent have the ability to."
24411c15a5,Halloween,"yearly holiday,celebrated all around the world,Oct 31,the night before all saints day,christian feast,costume parties,bonfire,playing pranks, telling and watching horror stories"
24411c15a5,Misunderstand,"incorrect,wrong,uderstand incorrectly,wrong sense,past simple"
24411c15a5,Slut,"lost sexual morals,sexual promiscous,sleeps with everyone,woman prostitute."
24411c15a5,States,"28 states in India,federal state in US,system or entity,province, region50federated states on US"
5f6fadae3f,Can'T,"not able, not, contradiction"
5f6fadae3f,Halloween,"function, pumpkin, celebration, hollow even"
5f6fadae3f,Misunderstand,"misinterpret, understand incorrectly, wrong decision"
5f6fadae3f,Slut,"woman,slattern,immoral woman,woman prostitute"
5f6fadae3f,States,"condition, situation, status, form, composition, structure"
2622f61522,Can'T,"Can not, not possible."
2622f61522,Halloween,"allhallows eve, hallowe'en"
2622f61522,Misunderstand,"be amiss, misapprehend, misconceive, misconstrue, misinterpret"
2622f61522,Slut,"adulteress, fornicatress, hussy, jade, loose woman, strumpet, trollop, slattern, slovenly woman"
2622f61522,States,"department of state, dos, state department, united states department of state, body politic, commonwealth, country, land, nation, res publica, province, state of matter, posit, put forward, submit, say, tell, express"
af2803583c,Can'T,A colloquial contraction for can not.
af2803583c,Halloween,"Halloween is believed to have roots in the ancient Celtic festival of Samhain, marking the last days of autumn.
The Halloween Deception"
af2803583c,Misunderstand,Incorrectly understood or interpreted.
af2803583c,Slut,A woman prostitute.
af2803583c,States,The bodies that constitute the legislature of a country
6c04a7f4c1,Can'T,which is uable to do
6c04a7f4c1,Halloween,it is palce name
6c04a7f4c1,Misunderstand,not properly understanding something
6c04a7f4c1,Slut,slient collection
6c04a7f4c1,States,indicates the places areas
9fbbce61dd,Can'T,"impossible, never,hopeless"
9fbbce61dd,Halloween,"festival day,  evening time,"
9fbbce61dd,Misunderstand,"wrong, not  right, not  correct"
9fbbce61dd,Slut,"pornography  professionals , ugly,dirty, not  cleanless"
9fbbce61dd,States,"categories, country places, territory"
c284e4a997,Bat,"An animal,a flyer,a cinema,with wings."
c284e4a997,Condom,"A loop, contraceptive,a protection for carrying."
c284e4a997,Major,"Aged,keeping in front,bigger."
c284e4a997,Sew,"Tailoring,stitching,embroidery"
c284e4a997,Thaw,"Melting,related with all metals."
96824489d6,Bat,"cricket,animal,tennis,baseball,wood,handle,hit,wings,hanging"
96824489d6,Condom,"control the birth,safety,moods,useful,prevent"
96824489d6,Major,"largely,majority,main,important,military officer"
96824489d6,Sew,"stitch,tailor,cloth,garment,sewing-machine"
96824489d6,Thaw,"losing stiffness,solid change into liquid,effect"
9cf0c83f8e,Bat,"can be used in baseball, usually wooden or metal, hard, used to hit a baseball, can be an animal, has wings, can fly, usually eats insects or fruit, sometimes live in caves, nocturnal animals"
9cf0c83f8e,Condom,"used to prevent sexually transmitted diseases or pregnancy during sexual intercourse, can be for both males and females"
9cf0c83f8e,Major,"important, a big factor of something, also an important military rank"
9cf0c83f8e,Sew,"to use a needle and thread to attach two pieces of fabric together, used to make clothing and blanket and more, can be done by hand or using a sewing machine, usually though of as a woman's activity"
9cf0c83f8e,Thaw,"to let something heat up very slightly after being frozen, normally used with frozen foods, can be done by leaving the object out in room temperature or by microwaving for a few seconds, just enough to melt the ice enough to make the food usable for whatever recipe you need it for"
fd1a1cbbc3,Bat,"bat, cricket bat, chiropteran, squash racket, at-bat, squash racquet"
fd1a1cbbc3,Condom,"condom, caoutchouc, base hit, preventive, safe, guard, arctic, safety, safety device, rubber, refuge, pencil eraser, golosh, preventative, rubber eraser, gumshoe, synthetic rubber, galosh, gum elastic, prophylactic, natural rubber"
fd1a1cbbc3,Major,a commissioned military officer in the United States Army or Air Force or Marines; below lieutenant colonel and above captain
fd1a1cbbc3,Sew,"sew, run up, sew together, stitch 
fasten by sewing; do needlework"
fd1a1cbbc3,Thaw,"thaw, melt, thawing, melting 
the process whereby heat changes something from a solid to a liquid"
d6fbaf0859,Bat,a mammal who lives on caves hanging invertedly
d6fbaf0859,Condom,way of contraception
d6fbaf0859,Major,"higher, main"
d6fbaf0859,Sew,to put together with a help of a needle and thread
d6fbaf0859,Thaw,"to  unfreeze,"
99822f0efe,Bat,"Hit, home run, slug, RBI, bases, switch hitter, ball"
99822f0efe,Condom,"Latex, rubber, protection, birth control"
99822f0efe,Major,"Big, not minor, high rank, area of study that college students frequently change, degree"
99822f0efe,Sew,"Stitch, thread, mend, pattern, clothing, fabric, machine, needle"
99822f0efe,Thaw,"Defrost, warm, unfreeze, melt, dissolve"
7b5feaf707,Bat,"A bird, A wooden stick"
7b5feaf707,Condom,Used for the birth control
7b5feaf707,Major,Important
7b5feaf707,Sew,Stitching
7b5feaf707,Thaw,melting from a solid
bee7f2ab27,Bat,"flying mamal at night, a shaped club"
bee7f2ab27,Condom,"contraceptive,"
bee7f2ab27,Major,"chief,   ranking,  important"
bee7f2ab27,Sew,fasten thread with needle
bee7f2ab27,Thaw,"melt,  dissolve,  make friendly"
6be52007c6,Bat,"Bat Mitzvah literally translates as ""daughter of commandment."" The word ""bat"" means ""daughter"" in Aramaic, which was the commonly spoken vernacular language of the Jewish people (and much of the Middle East) from around 500 B.C.E. to 400 C.E. The word ""mitzvah"" is Hebrew for ""commandment."" The term ""bat mitzvah"" refers to two things: it is used to describe a girl when she comes of age at 12-years-old and also refers to the religious ceremony in more liberal Jewish communities that accompanies a girl becoming a Bat Mitzvah. Often a celebratory party will follow the ceremony and that party is also called a bat mitzvah."
6be52007c6,Condom,"A condom is a device, usually made of latex, used to avoid pregnancy and/or sexually transmitted diseases such as gonorrhea, syphilis, and human immunodeficiency virus (HIV). Condoms are also known as prophylactics, as well as the popular slang term ""rubbers."" There are male and female versions of condoms."
6be52007c6,Major,"greater in size, extent, or amount
a commissioned military officer ranking below a lieutenant colonel and above a captain."
6be52007c6,Sew,"Sew - to fasten, attach or join (pieces of cloth or other materials) by usign a thread repeatedly inserted by a needle and drawn tight"
6be52007c6,Thaw,to pass or change from a frozen to a liquid or semiliquid state; melt
d2ee442783,Bat,"Bat - it can be a thing made from wood or plastic ( Playing bat like cricket bat or badminton bat),  a bird most probably seen in the night"
d2ee442783,Condom,Condom - safety articles made from rubber
d2ee442783,Major,"Major - Major from Army/Navy, majority, head of a team"
d2ee442783,Sew,"Sew - Dress sewed, or a button attached with dress, something closed"
d2ee442783,Thaw,"Thaw -Growing something gently, to make something soft"
2cfb3bdbcd,Bat,wood
2cfb3bdbcd,Condom,control
2cfb3bdbcd,Major,superior
2cfb3bdbcd,Sew,hoist
2cfb3bdbcd,Thaw,warming
86dc19ebbd,Bat,"strike, hit, an animal"
86dc19ebbd,Condom,"covering, prevention"
86dc19ebbd,Major,"main, chief, foremost"
86dc19ebbd,Sew,"stich, darn"
86dc19ebbd,Thaw,"melt, soften, defrost"
0da623e05b,Bat,"a heavy stick, club"
0da623e05b,Condom,a device to avoid pregnancy
0da623e05b,Major,most important
0da623e05b,Sew,"to make, repair"
0da623e05b,Thaw,"to become less formal, reserved"
3ffa10e4f4,Bat,"lives in the dark caves,its black,flies."
3ffa10e4f4,Condom,"rubber,used for self protection while having sex."
3ffa10e4f4,Major,"oposite of minor,its used in soccer like major leagues,like priority."
3ffa10e4f4,Sew,"its a work,for making clothes,"
3ffa10e4f4,Thaw,"warm,when the cold is disapearing."
af2803583c,Bat,"A piece of wood with one end thicker or broader than the other, used in playing baseball, cricket."
af2803583c,Condom,a barrier device most commonly used during sexual intercourse to reduce the probability of pregnancy and spreading sexually transmitted diseases
af2803583c,Major,a commissioned military officer
af2803583c,Sew,"To make, repair, or fasten by stitching, as with a needle and thread or a sewing machine"
af2803583c,Thaw,To change from a frozen solid to a liquid by gradual warming.
1b8550825f,Bat,"is a bird,is a animal,is a tool to play cricket,it flies,has wings,stay upside down o tress,live on trees,not edible."
1b8550825f,Condom,"is a precaution measure,people use it for safe sex,controls STDs,are of many types and flavours,must thing for safe sex."
1b8550825f,Major,"sufficiently large in size,use word for great,big,massive things,having great meaning or lasting effect."
1b8550825f,Sew,"to stitch,use to mend,patch,repair,cobblers sew to repair shoes,embrodiery."
1b8550825f,Thaw,"deliquesce, flux, fuse, melt, run, thaw"
075bbbca89,Bat,"1	an implement with a handle and a solid surface, used in sports such as cricket or baseball for hitting the ball. 
2	a slab on which pottery is formed, dried, or fired."
075bbbca89,Condom,noun a thin rubber sheath worn on the penis during sexual intercourse as a contraceptive or to protect against infection.
075bbbca89,Major,"1	important, serious, or significant. greater or more important; main. 
2	Music (of a scale) having intervals of a semitone between the third and fourth, and seventh and eighth degrees. Contrasted with minor. (of an interval) equivalent to that between the tonic and another note of a major scale, and greater by a semitone than the corresponding minor interval. [post positive] (of a key) based on a major scale: Prelude in G Major."
075bbbca89,Sew,"1	join, fasten, or repair by making stitches with a needle and thread or a sewing machine. 
2	(sew something up) informal bring something to a favorable state or conclusion."
075bbbca89,Thaw,"1	(of ice, snow, or a frozen thing) become liquid or soft as a result of warming up. (it thaws, it is thawing, etc.) the weather becomes warmer and causes snow and ice to melt. cause to thaw. 
2	(of a part of the body) become warm enough to stop feeling numb. 
3	make or become friendlier or more cordial."
2b15616b23,Bat,a cricket material made of wood to smash the ball
2b15616b23,Condom,it is used for safe sex
2b15616b23,Major,more
2b15616b23,Sew,to stitch
2b15616b23,Thaw,relaxation while in tension
9a0973bddb,Bat,fly in night.
9a0973bddb,Condom,made of rubber.
9a0973bddb,Major,in army.
9a0973bddb,Sew,the cloth.
9a0973bddb,Thaw,leaves.
699462afa3,Bat,"1. Nocturnal animal that lives in caves.
2. To hit something, to knock it out of the way.
3. Long, slender object used to hit something out of the way (i.e. ball, as in baseball)"
699462afa3,Condom,"A thin device used as a blockade, typically used on the male genitalia to prevent sperm from entering the female vagina"
699462afa3,Major,"The main thing, the biggest item, not small"
699462afa3,Sew,"To use needle and thread to attach two items together, stitching"
699462afa3,Thaw,"Melting, leaving a frozen item at room temperature, applying heat to a frozen item, sudden appearance of sun after many days of snow and ice"
95e2618c28,Bat,"A stout wooden stick,A blow, such as one delivered with a stick."
95e2618c28,Condom,"A flexible sheath, usually made of thin rubber or latex, designed to cover the penis during sexual intercourse for contraceptive purposes or as a means of preventing sexually transmitted diseases."
95e2618c28,Major,"Greater than others in importance or rank,Great in scope or effect"
95e2618c28,Sew,"To make, repair, or fasten by stitching, as with a needle and thread or a sewing machine"
95e2618c28,Thaw,"To change from a frozen solid to a liquid by gradual warming,To lose stiffness, numbness, or impermeability by being warmed"
ebc4f95447,Bat,beat boll stick
ebc4f95447,Condom,some use product
ebc4f95447,Major,to cross 18 years
ebc4f95447,Sew,see
ebc4f95447,Thaw,think
6e487b9cb7,Bat,piece of equipment used by batsmen.
6e487b9cb7,Condom,a barrier device most commonly used during sexual intercourse .
6e487b9cb7,Major,a rank of commissioned officer.
6e487b9cb7,Sew,stitching.
6e487b9cb7,Thaw,To grow gentle.
1c7639828f,Bat,"a piece of wood, used in cricket, a creature"
1c7639828f,Condom,"a prevention, used in sex to reduce pregnancy, usually thin rubber"
1c7639828f,Major,"important, main, a position in military"
1c7639828f,Sew,"to repair , needs needle and thread, an art"
1c7639828f,Thaw,"change from solid to liquid, by warming, change the state"
10ed79dda0,Bat,"an animal, nocturnal, eats fruits, lives in caves, animal that can fly, can see in darkness, has webbed wings"
10ed79dda0,Condom,"safety measure, made of polythene, thin, looks like a balloon, wore on male sex organ, prevents pregnancy, prevents VDs"
10ed79dda0,Major,"one who has crossed age of eighteen, a cadre in military, majority, main, chief"
10ed79dda0,Sew,"stitch together, join together, uses thread, uses needle, fastens"
10ed79dda0,Thaw,"melting of ice, attain room temperature, gets lightly heated up, absorption of heat, increase in temperature"
ab6d427bc7,Bat,"Bat: An implement with a handle and a solid surface, usually of wood, used for hitting the ball in games such as baseball, cricket, and table..."
ab6d427bc7,Condom,"Condom: 	
A thin rubber sheath worn on a man's penis during sexual intercourse as a contraceptive and/or as protection against infection."
ab6d427bc7,Major,Major: Specialize in (a particular subject) at a college or university:
ab6d427bc7,Sew,"Sew: Join, fasten, or repair (something) by making stitches with a needle and thread or a sewing machine: ""she sewed the seams""."
ab6d427bc7,Thaw,"Thaw: Become liquid or soft as a result of warming: ""the river thawed""."
c01f6613c1,Bat,"this is a tool used for many type of sports. cricket is the famous sports which is used by players to drive the ball. baseball, hockey etc are the other games which uses bats for playing."
c01f6613c1,Condom,"this is the type of elastic material used during sexual intercourse. condoms are used to cover the penis to prevent unwanted pregnancy, spread of diseases like AIDS etc."
c01f6613c1,Major,this is the rank of military officers who command the team of officers.
c01f6613c1,Sew,sew is the act of stitching or fastening cloths are some other flexible items with the use of needle or with the machine fitted with needle.
c01f6613c1,Thaw,this is the term used specially to refer weather. warm climate are often referred while using this term.
5146be6c32,Bat,a stout solid stick
5146be6c32,Condom,a sheath commonly of rubber worn over the penis
5146be6c32,Major,"greater in dignity, rank, importance, or interest"
5146be6c32,Sew,to unite or fasten by stitches
5146be6c32,Thaw,to become free of the effect
f433c3fbfe,Bat,hit
f433c3fbfe,Condom,it is a product used by male
f433c3fbfe,Major,main
f433c3fbfe,Sew,seam
f433c3fbfe,Thaw,soften
e97ff5f954,Bat,"not the ball/a wooden stick used in sports like hockey, cricket etc. to hit the ball/to close and open your eyes so that long eyelashes touch each other quickly in order to attract the opposite gender"
e97ff5f954,Condom,a protective rubber thing used on the male organ to prevent transmission of diseases and inadvertent pregnancy
e97ff5f954,Major,not minor/very important/of an adult age/main subject being studied
e97ff5f954,Sew,to stitch/to mend a tear
e97ff5f954,Thaw,to de-freeze/to let someone contemplate on their actions before interfering
c602294c0a,Bat,animal
c602294c0a,Condom,preventive measure
c602294c0a,Major,big
c602294c0a,Sew,stitch
c602294c0a,Thaw,causes to dissolve
eece1523fc,Bat,"strike,crack,knock,smack,bang,blow,slam."
eece1523fc,Condom,"protection,safe,rubber, raincoat,"
eece1523fc,Major,"considerable,influential,outstanding,significant,meaningful,preeminent,dangerous."
eece1523fc,Sew,"fasten,tailor,piece,bind,work."
eece1523fc,Thaw,"dissolve,mollify,soften,loosen,relax,flow,flux."
186db71701,Bat,"bat is a piece of equipment made by wood or metal,frequently used for hit a ball in sports,a club,used for cricket,"
186db71701,Condom,"a thin protective sheath for the  penis,generally of latex,used to prevent venereal infection and contraceptive.a thin,lubricated polyurethane sheath placed in vagina to prevent venereal infection or as the contraceptive."
186db71701,Major,"a major is a military officer of a high rank or the subject in which a person focuses his academic study and gets his degree.something that is greater,serious or important."
186db71701,Sew,"a join or fasten with stitches made with needle and thread.to make,mend ,enclosed,stitch,tailor,tack,embroider,bind"
186db71701,Thaw,"to become liquid or semi liquid,melt,snow,dissolve,flow,fuse,loosen"
6b2ac0ef88,Bat,a mammal which flies
6b2ac0ef88,Condom,thing which is used for birth control
6b2ac0ef88,Major,one who is over the age of 18
6b2ac0ef88,Sew,stitching with needle and thread
6b2ac0ef88,Thaw,reserved
b51378192c,Bat,"Bat:is the wooden club used in certain games, as baseball and cricket, to strike the ball,Baseball bat,Vampire bat,Types of bats"
b51378192c,Condom,"Condom:is a thin sheath, usually of very thin rubber, worn over the penis during sexual intercourse to prevent conception or sexually transmitted disease."
b51378192c,Major,"major: is one of superior rank, ability,in a specified class,a major interval, chord, scale"
b51378192c,Sew,"Sew:is to join or attach by stitches,to make, repair."
b51378192c,Thaw,"Thaw:is to pass or change from a frozen to a liquid or semiliquid state, melt,Defrosting ham,thaw out, thawless , thawy"
4722c98540,Bat,"Cricket, Wood, Playground, Umpire, Animal"
4722c98540,Condom,"Fuck, Rubber, Dustbin, Wife & Penis"
4722c98540,Major,"Girls, Above 18, Authority, Majority & Head"
4722c98540,Sew,"Needle, Stitch, Wool, machine & Tailor"
4722c98540,Thaw,"Dissolve, Frozen, Snow, Ice, gentle"
5cf41e6737,Bat,bird
5cf41e6737,Condom,product
5cf41e6737,Major,important
5cf41e6737,Sew,dusting seeds
5cf41e6737,Thaw,derefrigerete
6c7df926ad,Bat,"cricket bat,"
6c7df926ad,Condom,gives secure
6c7df926ad,Major,"this is a major problem, this is my major officer, i am major"
6c7df926ad,Sew,"this cloth is sew, sewing"
f1db9b1f6b,Bat,"IS A BIRD,IS AN ANIMAL,FLIES,"
f1db9b1f6b,Condom,"MAN USED,AVOID DISEASE"
f1db9b1f6b,Major,"BIG,LARGE,"
7c3ee16479,Bat,a specially shaped piece of wood used to hit ball in many games
7c3ee16479,Condom,a thin rubber covering that a man can wear on his penis during sex to stop a woman becoming pregnant
7c3ee16479,Major,more serious than others of same type
7c3ee16479,Sew,to join two pieces of clothes by  putting thread through them with a needle
7c3ee16479,Thaw,"to change from a solid, frozen state to a liquid or soft one because of increase in temperature"
0a7858ea02,Bat,"a tool used to hit a baseball, a mammal with wings, a black mammal that lives in caves and can fly"
0a7858ea02,Condom,a form of contraception
0a7858ea02,Major,"opposite of minor, a big deal, pro league"
0a7858ea02,Sew,"to stitch, to create something using thread"
0a7858ea02,Thaw,"to unfreeze, to let heat up, to melt ice"
a99eff3ef7,Bat,"Bat is a piece of equipment usually made of wood or metal, frequently used to hit a ball in sports or Bat is a mammal who flies with the use of wings, is active at night, eats insects"
a99eff3ef7,Condom,"a thin protective sheath for the penis, generally of latex, used to prevent venereal infection or as a contraceptive"
a99eff3ef7,Major,A major is a military officer of a high rank or the subject in which a person focuses his academic study and gets his degree
a99eff3ef7,Sew,to join or fasten with stitches made with needle and thread
a99eff3ef7,Thaw,to become liquid or semiliquid
5f6fadae3f,Bat,"wooden stick,cudgel, a blow"
5f6fadae3f,Condom,"contraceptive, sheath, rubber"
5f6fadae3f,Major,"Greater, important,rank, scope, size"
5f6fadae3f,Sew,"repair, stitching, needle, thread"
5f6fadae3f,Thaw,"stiffness, numbness, reserved, snow"
2622f61522,Bat,"at-bat, chiropteran, cricket bat, squash racket, squash racquet"
2622f61522,Condom,"prophylactic, rubber, safe, safety"
2622f61522,Major,"john major, john r. major, john roy major"
2622f61522,Sew,"run up, sew together, stitch, tailor, tailor-make"
2622f61522,Thaw,"thawing, warming, melt, melting, dethaw, dissolve, unfreeze, unthaw"
7af40d2804,Bat,"A mammal, its a only mammal that can fly using wings"
7af40d2804,Condom,A safety precaution used during sexual activities to avoid pregnancy.
7af40d2804,Major,A word used to represent something high or a big thing
7af40d2804,Sew,Stitching clothes or something with the help of a machine
7af40d2804,Thaw,Snow or ice that melts
a7cece6cf4,Bat,"Cricket, Wood, Playground, Umpire, Animal"
a7cece6cf4,Condom,"Fuck, Rubber, Dustbin, Wife & Penis"
a7cece6cf4,Major,"Girls, Above 18, Authority, Majority & Head"
a7cece6cf4,Sew,"Needle, Stitch, Wool, machine & Tailor"
a7cece6cf4,Thaw,"Dissolve, Frozen, Snow, Ice, gentle"
b47f4dafbe,Bat,"A BIRD LIKE CREATURE WHICH HANG UPSIDE DOWN ON TREES, A WOODEN MADE BAT USED TO PLAY CRICKET"
b47f4dafbe,Condom,A CONTRECEPTIVE METHOD FOR PROTECTIVE SEX...
b47f4dafbe,Major,"AN IMPORTANT,SOMETHING SERIOUS"
b47f4dafbe,Sew,"TO MAKE, REPAIR, TO STICH WITH NEEDLE"
b47f4dafbe,Thaw,"TO GROW SMOOTHER AND GENTLE,GRADUAL WARMING"
cc0fd23c05,Bat,"bat, cricket bat, chiropteran, squash racket, at-bat, squash racquet"
cc0fd23c05,Condom,"caoutchouc, base hit, preventive, safe, guard, arctic, safety, safety device, rubber, refuge, pencil eraser, golosh, preventative"
cc0fd23c05,Major,"secondary, underage, insignificant, nonaged, junior, minor, peanut"
cc0fd23c05,Sew,"tailor-make, sew, sew together, hoist, stitch, run up, chalk up, tailor"
cc0fd23c05,Thaw,"thawing, warming, thaw, melt, melting"
cdf81c2126,Bat,"the wooden club used in certain games, as baseball and cricket, to strike the ball."
cdf81c2126,Condom,"a thin sheath, usually of very thin rubber, worn over the penis during sexual intercourse to prevent conception or sexually transmitted disease."
cdf81c2126,Major,"one of superior rank, ability, etc., in a specified class"
cdf81c2126,Sew,to join or attach by stitches
cdf81c2126,Thaw,to pass or change from a frozen to a liquid or semiliquid state
b0af56c46c,Bat,mammal
b0af56c46c,Condom,cover
b0af56c46c,Major,"big, title"
b0af56c46c,Sew,stitch
b0af56c46c,Thaw,soften
5923ae5b82,Bat,a piece of wood with one end thicker or broader than the other
5923ae5b82,Condom,"A flexible sheath, usually made of thin rubber or latex, designed to cover the penis during sexual intercourse for contraceptive purposes."
5923ae5b82,Major,An officer next in rank above a captain and next below a lieutenant colonel; the lowest field officer
5923ae5b82,Sew,"To make, repair, or fasten by stitching, as with a needle"
5923ae5b82,Thaw,To grow gentle or genial
bba2068b29,Bat,a small racket with a long handle used for playing squash
bba2068b29,Condom,contraceptive device consisting of a sheath of thin rubber or latex that is worn over the penis during intercourse
bba2068b29,Major,of greater importance or stature or rank
bba2068b29,Sew,asten by sewing; do needlework
bba2068b29,Thaw,the process whereby heat changes something from a solid to a liquid
92cfd37e76,Bat,"baseball, cricket, softball, mammal, cave, sonar, upside down, ball, vampire, field, pitch, team, wood, varnish"
92cfd37e76,Condom,"sex, safe, male, climax"
92cfd37e76,Major,"minor, army, commands, big event, pips, decoration"
92cfd37e76,Sew,"material, machine, cotton, thread, pins, dresses, trousers, quilting, embroidery"
92cfd37e76,Thaw,"snow, refrigerator, ice, sludge, relationship"
df79b895c8,Bat,"Bats are mammals, is a bird, flies, wings, lives in trees, hunted by people."
df79b895c8,Condom,"Condoms are used to avoid pregnancy.  Condoms are different size, shape & flavours.  It helps to protect HIV s. There are two types male and female condoms"
df79b895c8,Major,"Major is a rank of an officer in various fields such as army, navy etc.,"
df79b895c8,Sew,Sew is an object that is attached in dress.  Helps in fastening the stitching with needle.
df79b895c8,Thaw,Thaw is known as events. culture.  It converts solid into liquid.
f62e2a0e07,Bat,"black bird like creature, flies at night, resembles a rat, lives in caves"
f62e2a0e07,Condom,used to protect against diseases and infection s during sex
f62e2a0e07,Major,"big, designated study in college, main"
f62e2a0e07,Sew,mend fabric
f62e2a0e07,Thaw,"to let melt, warm up"
eb09612a37,Bat,BEAT A BOLL
eb09612a37,Condom,USE SOME ACTION
eb09612a37,Major,CROSS 18 YEARS
eb09612a37,Sew,SEE
eb09612a37,Thaw,THROW
66046579cd,Bat,"strike,hit,whack,slug,flutter,wink, wooden piece,bird,"
66046579cd,Condom,"for safe sex,rubber, balloon type material,a barrier device, pregnancy preventer,flexible sheath"
66046579cd,Major,"main,chief,key,most important,foremost,great in number or quantity,"
66046579cd,Sew,"stich,seam,baste,hem,embroider,darn"
66046579cd,Thaw,"melt,defrost,soften,liquefy,to grow gentle,to change from frozen to liquid,to loose stiffness or numbness"
153fbbab45,Bat,a baseball/cricket/rounders/table tennis bat
153fbbab45,Condom,a thin rubber covering that a man can wear on his penis during sex to stop a woman becoming pregnant or to protect him or his partner against infectious diseases
153fbbab45,Major,Citrus fruits are a major source of vitamin C.
153fbbab45,Sew,He sewed the badge neatly  onto  his uniform.
153fbbab45,Thaw,The sun came out and thawed the ice.
108bd9653b,Bat,is a bird
108bd9653b,Condom,is used while making sex.
108bd9653b,Major,means big
108bd9653b,Sew,is used to join
108bd9653b,Thaw,is a part of body
eaecffb8af,Bat,"ball partner,hitter for ball,cricket,sports tool"
eaecffb8af,Condom,"safety sex,without danger,no baby."
eaecffb8af,Major,"important, main,leader,guide"
eaecffb8af,Sew,"join,thread,couple"
eaecffb8af,Thaw,"make unfrozen,friend,jolly type,happy"
dafc209355,Bat,"mammal ,ball striking stick"
dafc209355,Condom,"safety  sex , rubber couch,"
dafc209355,Major,"head of an team,leader,"
dafc209355,Sew,"joint,meshing,mingling"
dafc209355,Thaw,"friendly,sharing"
8298f6c5c0,Bat,A nocturnal creature that likes to fly at night
8298f6c5c0,Condom,A pregnancy deterrent that also protects from most STD's.
8298f6c5c0,Major,Indicates a big deal or the solid interest in a college education
8298f6c5c0,Sew,The act of using a needle to create or fix on clothing
8298f6c5c0,Thaw,When you defrost something from the freezer
6c04a7f4c1,Bat,it is used for playing
6c04a7f4c1,Condom,it is the medicine used for sex
6c04a7f4c1,Major,how is above 18 years
6c04a7f4c1,Sew,it is lieke a gum to strick any broken items
6c04a7f4c1,Thaw,it is sloid or liquid matterial
73f3c0f74f,Center,"Mid point, Point of attraction, Core"
73f3c0f74f,Frankenstein,An article
73f3c0f74f,Irritating,"Annoying someone, Frustrating"
73f3c0f74f,Record,"Documenting anything,Proof of a record,Ancient traces"
73f3c0f74f,TRUE,"To the heart,Accurate, To the point"
6b2ac0ef88,Center,a point
6b2ac0ef88,Frankenstein,"the creator, the destroyer"
6b2ac0ef88,Irritating,which causes irritation
6b2ac0ef88,Record,register
6b2ac0ef88,TRUE,which is not false
96824489d6,Center,"health center,center of the city,"
96824489d6,Frankenstein,"novel.movie,name"
96824489d6,Irritating,"discomfort,itching by allergy,impatience,anger"
96824489d6,Record,"file, Guinness,who who achieve a big thing, data where it stored"
96824489d6,TRUE,"honest,sincere,not telling lies, Gandhiji,"
e97ff5f954,Center,middle/important area
e97ff5f954,Frankenstein,monster/horrible person
e97ff5f954,Irritating,uncomfortable
e97ff5f954,Record,a disc/keep tabs on
e97ff5f954,TRUE,not fake/original/actual
b51378192c,Center,". Center: is Center Township,Centre Party,Central"
b51378192c,Frankenstein,"Frankenstein: is The Modern Prometheus ,Frankenstein's monster, Victor Frankenstein"
b51378192c,Irritating,"Irritating: is  exacerbation, biology , physiology"
b51378192c,Record,"Record: is collection of data, item, Gramophone record"
b51378192c,TRUE,"True: IS fact , reality,True self,Truth value"
b43e301c97,Center,"Core, is the focal point, middle, inmost, is the pinprick from which all other things branch out, the perfect point between all sides"
b43e301c97,Frankenstein,"monster, mythical, choice for metaphors in storytelling"
b43e301c97,Irritating,"like a single grain of sand under the skin, failing to resolve irritation results in obsession and fury, irksome, is beyond annoying but lacks the passion of rage, it lingers"
b43e301c97,Record,"copying music and sounds down into files, electronic mockery, is evidence and blackmail, makes wide distribution possible, as well as repeated enjoyment of sound"
b43e301c97,TRUE,"Fact, without question or lies, desirable, utmost, is solid, concrete, reliable, that off which we base all things, or we pursue, true is truth which is understanding which is peace"
cc6d88c5ee,Center,Middle of anything.
cc6d88c5ee,Frankenstein,It is a Name and a Novel written by Victor Frankenstein.
cc6d88c5ee,Irritating,Getting annoyed or something making angry.
cc6d88c5ee,Record,Something that is documented as a written report.
cc6d88c5ee,TRUE,Telling the fact or telling something that really happened..
0da623e05b,Center,"a point, pivot, axis"
0da623e05b,Frankenstein,a person who creates a monster
0da623e05b,Irritating,annoying; provoking
0da623e05b,Record,to set down or register in some permanent form
0da623e05b,TRUE,real; genuine; authentic
24a08f9d6b,Center,A point;place that is equally distant; from the sides; outer boundaries of something; the middle: the center of a stage;a core;Medical center.
24a08f9d6b,Frankenstein,a person who creates something that brings about his ruin;Frankenstein Pics;Frankenstein's monster ;
24a08f9d6b,Irritating,"To chafe ;inflame;To rouse to impatience; anger; annoy;bothersome, galling, nettlesome, pesky, pestering, plaguy, vexatious, vexing, plaguey, teasing, pestiferous."
24a08f9d6b,Record,To register ;indicate;Police record;Criminal records;stated in a public document;publicly known;off the record;preserving knowledge ;information about facts or events.
24a08f9d6b,TRUE,Truthful;Real; genuine;Reliable; accurate: a true prophecy;Rightful; legitimate: the true heir;true love.
54f34a7ab2,Center,important point of concentration
54f34a7ab2,Frankenstein,an agency
54f34a7ab2,Irritating,annoying
54f34a7ab2,Record,to register
54f34a7ab2,TRUE,fact or reality
95e2618c28,Center,"A point or place that is equally distant from the sides or outer boundaries of something; the middle,A point around which something rotates or revolves"
95e2618c28,Frankenstein,"An agency or creation that slips from the control of and ultimately destroys its creator,a person who creates something that brings about his ruin"
95e2618c28,Irritating,To rouse to impatience or anger; annoy
95e2618c28,Record,"To set down for preservation in writing or other permanent form,To register or indicate"
95e2618c28,TRUE,"Consistent with fact or reality; not false or erroneous, Real; genuine"
6764bded40,Center,"grounded, in the middle of, level"
6764bded40,Frankenstein,"monster, green skin, loud, tall, big shoes, wants to be loved"
6764bded40,Irritating,"relentless bothersome feelings, agitation, not comfotable"
6764bded40,Record,"33rpm, disk, musical format, old school, turntables, scratching dj, radio"
6764bded40,TRUE,"not false, absolute, non-fiction, real"
b47f4dafbe,Center,"midpoint,place of concentration,a area of dense population,a point around which something rotates or revovles"
b47f4dafbe,Frankenstein,"a monster that destroys its creator,a person who create a thing that ruin everthing.."
b47f4dafbe,Irritating,"annoying,make angry,provoke,to rouse to impatience,to inflame"
b47f4dafbe,Record,"a document,register,a plate with grooves capable of reproducing human voice"
b47f4dafbe,TRUE,"reality,contancy,accuracy in thoughts,fidelity,reliable,faithful"
2cfb3bdbcd,Center,middle
2cfb3bdbcd,Frankenstein,escapes control and destroys
2cfb3bdbcd,Irritating,tension
2cfb3bdbcd,Record,sound
2cfb3bdbcd,TRUE,believe
99822f0efe,Center,"Middle, surrounded"
99822f0efe,Frankenstein,"Monster, Halloween, bride of"
99822f0efe,Irritating,"Annoying, pestering, persistent"
99822f0efe,Record,"Document, sign, tape"
99822f0efe,TRUE,"Not false, verified, non fiction, honest"
2622f61522,Center,"centre, center field, centerfield, mall, plaza, shopping center, shopping centre,"
2622f61522,Frankenstein,Frank
2622f61522,Irritating,"annoying, bothersome, galling, nettlesome, pesky,"
2622f61522,Record,"track record, disc, disk, phonograph record, phonograph recording, platter"
2622f61522,TRUE,"true up, dead on target, straight, on-key, truthful, lawful, rightful, genuine,"
e5ec491417,Center,middle
e5ec491417,Frankenstein,"name, movie, destroyer"
e5ec491417,Irritating,disturbing
e5ec491417,Record,copy
e5ec491417,TRUE,actual fact
eece1523fc,Center,"intermediary,intermediate,consolidate,metropolis,intensify,interior,internal,middle,position."
eece1523fc,Frankenstein,"novel,character,name"
eece1523fc,Irritating,"disturbing,annoying,trying,vex,fret,chafe,inflame"
eece1523fc,Record,"register,enroll,note,enter,history"
eece1523fc,TRUE,"factual,trustworthy,faithful,steady,constant,unwavering,honest,appropriate,dependable,"
24411c15a5,Center,"middle,midpoint of any line or figure,point within a circle"
24411c15a5,Frankenstein,"Monster film,novel by Mary Shelley,film made by edison studios,focuses on readable,simple,fast functional tests that can be shared,moster composed of two bodies loosely sewn together."
24411c15a5,Irritating,"anger,impatient,loud bossy voice that irritates listeners,annoying,painful,inflammation."
24411c15a5,Record,"data,an item or collection of information,valuable, worth information,informative,useful,record-breaking achievement"
24411c15a5,TRUE,"truth,straight forward,being frank,genuine,truthful,real,facts."
9b49703872,Center,"Centerified
"""
9b49703872,Frankenstein,Not Understood.
9b49703872,Irritating,Teasing.
9b49703872,Record,"Track Record, Disc."
9b49703872,TRUE,"Truthful, Honest."
655f0fb85f,Center,in the middle
655f0fb85f,Frankenstein,a genius whose ideas go horribly wrong
655f0fb85f,Irritating,"annoying, getting on your last nerves"
655f0fb85f,Record,to take down information for later use through writing singing or any other form of media
655f0fb85f,TRUE,"honesty, authenticity"
a7cece6cf4,Center,"Middle, Attraction, Point & World is round"
a7cece6cf4,Frankenstein,"Devil, Bad omen, Destroyer, Monster"
a7cece6cf4,Irritating,"Words, Persons, Insects, Mood & thoughts"
a7cece6cf4,Record,"Voice, Sound, Song, Mike & Piano"
a7cece6cf4,TRUE,"Friend, Mother, Nature, Innocent & God"
1c7639828f,Center,"middle point, centre of a large area, usually a circle"
1c7639828f,Frankenstein,"a novel, charactor is a monster, a creation out of control and ultimately destroys its creator"
1c7639828f,Irritating,"disturbing, To rouse to impatience, annoying"
1c7639828f,Record,"to note something, writing something, To register"
1c7639828f,TRUE,"correct, fact, reality"
932ad1fc41,Center,"point,stand,center of attraction,self."
932ad1fc41,Frankenstein,"destroy,spoil,burrish,spoty."
932ad1fc41,Irritating,"character,behaviour,laugh,talks."
932ad1fc41,Record,"water,record of books,goals,first."
932ad1fc41,TRUE,"story,person,hearted,faithful,life."
eaecffb8af,Center,"mid point, place,identification."
eaecffb8af,Frankenstein,"monster, horrible"
eaecffb8af,Irritating,"annoyed,make angry,inflavour"
eaecffb8af,Record,"caught,useful for further,make history,data,audio"
eaecffb8af,TRUE,"faith,honest,value"
c602294c0a,Center,middle
c602294c0a,Frankenstein,creation which cannot  control itself from destroying
c602294c0a,Irritating,responsible for anger
c602294c0a,Record,storing the things done in yhe past
c602294c0a,TRUE,correct
66046579cd,Center,"Middle, Hub, Heart, Core, Midpoint, meeting place, gathering place,base, focal point, pin point"
66046579cd,Frankenstein,"Novel theme, Experiment producing monster, creates life, Character, destructive to maker"
66046579cd,Irritating,"exasperating, frustrating,annoying,aggravating,bothering,stinging, rubbing the wrong way"
66046579cd,Record,"proof, evidence, documentation,confirmation,witness,registering,notation,details,entry,verification,make a note,take notes,log,tape,filming,top scoring, background"
66046579cd,TRUE,"factual, accurate, right, spot on, proper, genuine, actual, valid, authentic, rightful,faithful,loyal,sincere,devoted"
f5d0e4b4a2,Center,It is a midpoint of the line.It is a one importent portion of the area.It is visble by of our that area.
f5d0e4b4a2,Frankenstein,It is our speaker.and speaking our expectation.
f5d0e4b4a2,Irritating,It is feeling.It is mind thing expressing in terms of scold.It is one type of expression.
f5d0e4b4a2,Record,"It is storing the word.It is memory of something.It is saving something like audio ,money."
f5d0e4b4a2,TRUE,It is faith.It is feeling.It is real word.It is Hope speech
6e487b9cb7,Center,A point place that is equally distant from the sides
6e487b9cb7,Frankenstein,A monster having the appearance of a man.
6e487b9cb7,Irritating,"anger , impatience"
6e487b9cb7,Record,Collection of data
6e487b9cb7,TRUE,Real
ebc4f95447,Center,middle
ebc4f95447,Frankenstein,frank
ebc4f95447,Irritating,uncomfortable
ebc4f95447,Record,save files
ebc4f95447,TRUE,truthness
d6fbaf0859,Center,"middle part of a location, it can also be an office for a particular purpose"
d6fbaf0859,Frankenstein,a fictional character normally herad during halloween
d6fbaf0859,Irritating,"annoying, not pleasing"
d6fbaf0859,Record,a document  stating information about a thing
d6fbaf0859,TRUE,corrct or right
b0af56c46c,Center,middle
b0af56c46c,Frankenstein,ruiner
b0af56c46c,Irritating,annoying
b0af56c46c,Record,data collection
b0af56c46c,TRUE,real
2b15616b23,Center,middle
2b15616b23,Frankenstein,a name
2b15616b23,Irritating,troubling
2b15616b23,Record,copying the live action
2b15616b23,TRUE,real fact
8298f6c5c0,Center,Being in the middle
8298f6c5c0,Frankenstein,"A green faced, super tall fictional Halloween character with bolts"
8298f6c5c0,Irritating,when something is completely bugging someone to death
8298f6c5c0,Record,when you copy something down
8298f6c5c0,TRUE,genuine and authentic
5cf41e6737,Center,in between
5cf41e6737,Frankenstein,person name
5cf41e6737,Irritating,anger
5cf41e6737,Record,taping
5cf41e6737,TRUE,right
db8c2d1bc3,Center,"middle, central, intermediate, a mean, the most interior, the core, innermost, the waist, mid, in the midway,  the midpoint, in the midst"
db8c2d1bc3,Frankenstein,"a scientist, a writer, a novel, a cartoon, a rock artist, an agency, a film"
db8c2d1bc3,Irritating,"disturb, annoying, vex, troublesome, bothering, provoking, repellent,pricking, bad, feel uncomfortable,"
db8c2d1bc3,Record,"an information, to protect, to note, to save, a document, a mark, an evidence, to register, an account of, a fossil, to preserve a data, known history of, a collection of, to indicate"
db8c2d1bc3,TRUE,"the truth, right one, correct, original, fact, to believe, trust, Real,genuine, authentic, Reliable, accurate,Faithful,loyal, sincere, essential,Rightful,exact, Accurate, particular,highly specific


Read more: http://www.answers.com/topic/true#ixzz1fpOzCthv"
153fbbab45,Center,US   for   centre
153fbbab45,Frankenstein,something that destroys or harms the person or people who created it
153fbbab45,Irritating,"making you feel annoyed 
  an irritating habit"
153fbbab45,Record,"I tried to phone her, but all I got was a recorded message saying that she was away for the weekend."
153fbbab45,TRUE,I don't believe these exam results are a true  reflection  of your abilities.
1398dc46e5,Center,"in the middle, the core"
1398dc46e5,Frankenstein,a manmade monster from the movies
1398dc46e5,Irritating,"getting on one nerves, annoying"
1398dc46e5,Record,"to video/audio tape, to write and take notes of,"
1398dc46e5,TRUE,"fact, honest, real"
3ffa10e4f4,Center,center is the middle point from some kind of space.from the center every destination is equaly long.
3ffa10e4f4,Frankenstein,"frankestein is created monster from dead peoples bodies,he is scary he is an experiment."
3ffa10e4f4,Irritating,"irritating is used for some things that irritate us for example the sound of the knife iritates me,speech irritates me makes my feelings irritatuing."
3ffa10e4f4,Record,record is word used in music for recording vocals also in the sports for someone having the best  result he have record.
3ffa10e4f4,TRUE,"true is oposite of a lie.true is good,true sets us free ."
86dc19ebbd,Center,"middle, heart, core"
86dc19ebbd,Frankenstein,name
86dc19ebbd,Irritating,"grating, frustrating, exasperating"
86dc19ebbd,Record,"evidence, proof, trace"
86dc19ebbd,TRUE,"correct, factual, right"
cdf81c2126,Center,"a  point, pivot, axis, etc"
cdf81c2126,Frankenstein,a person who creates something that brings about his ruin
cdf81c2126,Irritating,annoying
cdf81c2126,Record,to cause to be set down or registered
cdf81c2126,TRUE,real
4722c98540,Center,"Attraction, Middle, Straight, Concentrate, Almost."
4722c98540,Frankenstein,"Devil, Creator, Ruins, Bad omen, Destroyer."
4722c98540,Irritating,"Jokes, Imitate, Friends, allergy, Headache,"
4722c98540,Record,"Voice, Sing, Speaker, Mike, Wire, Current, Battery."
4722c98540,TRUE,"Honest, Love, Family, Heart, Trustworthy."
5f6fadae3f,Center,"point,place,activity,person,object,group"
5f6fadae3f,Frankenstein,"agency,monster,action"
5f6fadae3f,Irritating,"impatience,anger,annoy,response"
5f6fadae3f,Record,"register, appearance, measurement, writing something"
5f6fadae3f,TRUE,"fact,reality,not false,pattern,reliable"
7b5feaf707,Center,midpoint
7b5feaf707,Frankenstein,"Name of a person, a novel"
7b5feaf707,Irritating,A emotion
7b5feaf707,Record,a place where to store the letters and document
7b5feaf707,TRUE,it is a real thing
9fbbce61dd,Center,"middle, training place, equal  distance  from  all  side  to  center"
9fbbce61dd,Frankenstein,"author,writer,story writer,"
9fbbce61dd,Irritating,"disturbing, abnormal behavior,  character"
9fbbce61dd,Record,"register, importance, save,entry, evidence , proof"
9fbbce61dd,TRUE,"real, fact,reality,accurate"
cc0fd23c05,Center,"affection, warmness, affectionateness, substance, center of attention, center field, philia, plaza, meat, centre, center, tenderness, snapper, core, marrow, sum, fondness, nerve, ticker, nerve center, shopping center, midsection, optic, midriff, kernel, nitty-gritty, spirit,"
cc0fd23c05,Frankenstein,frankenstein's monster  frankfort  frankfurter
cc0fd23c05,Irritating,"irritating, exasperating, corruptive, pestilential, petulant, bothersome, mocking, galling, pestilent, cranky, perversive, pesky, scratchy, pestiferous, pettish, nettlesome, dirty, vexing, painful, irritable,"
cc0fd23c05,Record,"disk, magnetic disc, saucer, phonograph recording, phonograph record, magnetic disk, book, disc, track record, criminal record, platter, record, record book"
cc0fd23c05,TRUE,"untrue, insincere, magnetic, specious, trumped-up(a), untypical, untrustworthy, unharmonious, atypical, false, untrusty, unreal, unfaithful, mendacious, inharmonious, illegitimate, uneven, inaccurate, spurious"
7c3ee16479,Center,core of something
7c3ee16479,Frankenstein,something that destroys the person who creates it
7c3ee16479,Irritating,making you feel annoyed
7c3ee16479,Record,to store sounds or moving sounds using electronic equipments so that they can be hear  or seen later
7c3ee16479,TRUE,correct
a99eff3ef7,Center,Center is the middle or the point equally distant from all sides
a99eff3ef7,Frankenstein,anything that becomes dangerous to its creator
a99eff3ef7,Irritating,to excite to anger
a99eff3ef7,Record,Record means to register in a permanent form for playback or to make a permanent file of something
a99eff3ef7,TRUE,"True refers to being loyal or to something that is real, factually correct, accurate or provable"
ee7b490b1d,Center,"it means middle, center means a area of representation"
ee7b490b1d,Frankenstein,"It is a name of a person, name of the novel"
ee7b490b1d,Irritating,"It means angry, annoyed or impatient"
ee7b490b1d,Record,"It is the collection of data, document is stored in that"
ee7b490b1d,TRUE,"Confidence, Answer for question"
bba2068b29,Center,equally distant from the extremes
bba2068b29,Frankenstein,an agency that escapes control and destroys its creator
bba2068b29,Irritating,ausing irritation or annoyance
bba2068b29,Record,the sum of recognized accomplishments
bba2068b29,TRUE,accurately placed or thrown
b3c627c007,Center,"Center: Middle part of any object,center place,or nice center to live."
b3c627c007,Frankenstein,"Frankenstein:  character in the title of a novel (1818 by mary shelley,frank adj"
b3c627c007,Irritating,"Irritating:  annoy, excite to anger,irritate (adj),irritation (noun form)."
b3c627c007,Record,Record: to copy from any instrumental things.
b3c627c007,TRUE,"True: truth ful , believe to all, say and do good thinks,"
bee7f2ab27,Center,"middle point,  interior,   middle"
bee7f2ab27,Frankenstein,monster
bee7f2ab27,Irritating,"provoking, making angry"
bee7f2ab27,Record,"note,  copy of list, register"
bee7f2ab27,TRUE,"right, correct  exact"
6c04a7f4c1,Center,which is the middle
6c04a7f4c1,Frankenstein,name of the person
6c04a7f4c1,Irritating,making angry
6c04a7f4c1,Record,to maintian information
6c04a7f4c1,TRUE,"which is truth, opposite of false"
fd1a1cbbc3,Center,"center, centre, middle, heart, eye"
fd1a1cbbc3,Frankenstein,an agency that escapes control and destroys its creator
fd1a1cbbc3,Irritating,"pesky, irritating, pestering, nettlesome, bothersome, plaguey, painful, teasing, irritative, galling, annoying, plaguy, vexing, pestiferous, vexatious"
fd1a1cbbc3,Record,"disk, phonograph recording, phonograph record, book, disc, track record, criminal record, platter, record book"
fd1a1cbbc3,TRUE,"on-key, truthful, true(a), dependable, true(p), rightful(a), dead on target, honest, genuine, lawful, unfeigned, straight, reliable"
a4da035c8e,Center,"in the middle, could be a shopping center, a political party."
a4da035c8e,Frankenstein,"a imaginary character, is a scientist who created a monster."
a4da035c8e,Irritating,"annoying, relating to anger, impatience."
a4da035c8e,Record,"store something in form of audio or video, piece of evidence, best performance."
a4da035c8e,TRUE,"opposite of false, relating to correct thing, accurate, exact."
7a0b7cea54,Center,"Centre College, Place, Office, Geometric"
7a0b7cea54,Frankenstein,"Spanish word, Good name,  Novel"
7a0b7cea54,Irritating,"Sensitivity of human, Stress, Allergy, Mental pain"
7a0b7cea54,Record,"Business Record, Note book, World Record, Storage Record"
7a0b7cea54,TRUE,"True Self, Original, Fact, True Song"
5146be6c32,Center,the middle of an object
5146be6c32,Frankenstein,actually the novel human protagonist is often incorrectly used to refer to the monster itself.
5146be6c32,Irritating,Irritating is a state of inflammation or painful reaction to allergy.
5146be6c32,Record,mechanical analog audio storage medium and  a data structure
5146be6c32,TRUE,"Truth, the state of being in accord with fact or reality"
eb09612a37,Center,MIDDLE
eb09612a37,Frankenstein,FREE
eb09612a37,Irritating,UNCOMFORTABLE
eb09612a37,Record,STORE FILE
eb09612a37,TRUE,TRUTHFUL
b71a0177ea,Center,"middle, at halfway point, centermost, deepest, equidistant, inmost, inner, innermost,intermediate, internal"
b71a0177ea,Frankenstein,"giant animal, supernatural being, abnormality, beast, brute, dragon, freak, giant, hellion, horror, phoenix"
b71a0177ea,Irritating,"upset, anger, aggravate, annoy, confuse, disturb, harass, infuriate, offend, pain, provoke, disturbing, bothersome"
b71a0177ea,Record,"account of event, archives, chronicle, comic book, diary, directory, document, documentation, entry, evidence, file, history, monument, remembrance, monument"
b71a0177ea,TRUE,"real, valid, accurate, actual, appropriate, authentic, correct, exact, legal, perfect, precise, proper, pure, regular"
33cd6db15a,Center,"Middle,Between two points,Attraction point,Core,Main place."
33cd6db15a,Frankenstein,"Monster,Out of control,Mythical monster,Trouble maker,Person who is irresponsible,Costly folly."
33cd6db15a,Irritating,"Vexation,Not at ease,Overbearing,Troubling,Bugging,Giving no peace,Prodding."
33cd6db15a,Record,"To keep documents,Systematic filing,Official data,Govt data,Paper documents ,Written proofs."
33cd6db15a,TRUE,"Correct,Exact,Valid,Not false,perfect,Straight."
f433c3fbfe,Center,middle
f433c3fbfe,Frankenstein,name
f433c3fbfe,Irritating,annoying
f433c3fbfe,Record,documentation
f433c3fbfe,TRUE,right
6be52007c6,Center,"It means from the centre of one object to the centre of another. For instance, wall studs are usually 16 inches on centre. So, from the centre of one stud to the centre of the next stud it is 16 inches"
6be52007c6,Frankenstein,"Frankenstein; or, The Modern Prometheus is a novel written by Mary Shelley about an experiment that produces a monster.an agency that escapes control and destroys its creator
2. the monster created by Frankenstein in a gothic novel by Mary Wollstonecraft Shelley (the creator's name is commonly used to refer to his creation)
3. the fictional Swiss scientist who was the protagonist in a gothic novel by Mary Wollstonecraft Shelley; he created a monster from parts of corpses"
6be52007c6,Irritating,o rouse to impatience or anger; annoy: a loud bossy voice that irritates listeners. See Synonyms at annoy.
6be52007c6,Record,"The record means that you are stating something, re-stating something, and it is so TRUE that it could be documented and RECORDED. And once stated, should not be asked again to repeat."
6be52007c6,TRUE,"Real; genuine. See Synonyms at authentic.
3. Reliable; accurate"
6a559a4abc,Artist,"writes, sings, acts, paint pictures, freelancer,"
6a559a4abc,Death,"end, ending of life, accidental death, natural death"
6a559a4abc,Laugh,"smile, happy, joke, enjoy, laugh loudly"
6a559a4abc,Poem,"song, long poem, nursery poem"
6a559a4abc,Stare,"look, looking seriously"
9a0973bddb,Artist,person who do art work
9a0973bddb,Death,dead
9a0973bddb,Laugh,showing happiness
9a0973bddb,Poem,composition of words with cool meaning
9a0973bddb,Stare,continues looking
153fbbab45,Artist,"someone who paints, draws or makes sculptures 
    Monet is one of my favourite artists."
153fbbab45,Death,"he disease causes thousands of deaths a year.   
  Do you believe in life after death?"
153fbbab45,Laugh,I laughed  till  I  cried .
153fbbab45,Poem,The poet recited some of her recent poems.
153fbbab45,Stare,"Don't stare  at  people like that, it's rude."
7b5feaf707,Artist,A person who have some skills
7b5feaf707,Death,End of the life
7b5feaf707,Laugh,Expression of happy movement
7b5feaf707,Poem,A composition of words of emotions
7b5feaf707,Stare,Directly seeing with a wide eyes
e97ff5f954,Artist,a creative person
e97ff5f954,Death,the end of life/ a stage of human transformation
e97ff5f954,Laugh,not cry/effect of happiness/riddiculous
e97ff5f954,Poem,thoughts from tfe heart
e97ff5f954,Stare,unwavering look of anger and hatred
ab6d427bc7,Artist,Artist: A person who produces paintings or drawings as a profession or hobby.
ab6d427bc7,Death,Death: The action or fact of dying or being killed; the end of the life of a person or organism.
ab6d427bc7,Laugh,Laugh: Make the spontaneous sounds and movements of the face and body that are the instinctive expressions of lively amusement and sometimes...
ab6d427bc7,Poem,"Poem: A piece of writing that partakes of the nature of both speech and song, and that is usually rhythmical and metaphorical."
ab6d427bc7,Stare,Stare: Look fixedly or vacantly at someone or something with one's eyes wide open
95e2618c28,Artist,"One, such as a painter, sculptor, or writer, who is able by virtue of imagination and talent or skill to create works of aesthetic value, especially in the fine arts"
95e2618c28,Death,"The act of dying; termination of life,The state of being dead."
95e2618c28,Laugh,"To express certain emotions, especially mirth or delight, by a series of spontaneous, usually unarticulated sounds often accompanied by corresponding facial and bodily movements"
95e2618c28,Poem,"A verbal composition designed to convey experiences, ideas, or emotions in a vivid and imaginative way, characterized by the use of language chosen for its sound and suggestive power and by the use of literary techniques such as meter, metaphor, and rhyme."
95e2618c28,Stare,"To look directly and fixedly, often with a wide-eyed gaze"
cc0fd23c05,Artist,"Artist:-  creative person,  artificer, artisan, mechanic, operative, workman"
cc0fd23c05,Death,"Death:- decease, expiry, end,  termination, expiration, destruction, dying, last, demise"
cc0fd23c05,Laugh,"Laugh:- laughter, jest,  joke, jape, gag"
cc0fd23c05,Poem,"Poem:- poetry, meter, numbers, poesy, song, metrical composition,  rime, verse"
cc0fd23c05,Stare,"Stare:- look, behold, discern, inspect, see, view, contemplate, gaze, regard,  watch, descry, glance, scan, survey"
c57efba744,Artist,"painter, actor"
c57efba744,Death,heart stops
c57efba744,Laugh,"form of expression, comedy"
c57efba744,Poem,"lyricist, writer"
c57efba744,Stare,looking angrily face to face
932ad1fc41,Artist,"painter,singer,dancer,writer,actor,actress."
932ad1fc41,Death,"day,life,animal,plant."
932ad1fc41,Laugh,"happy,jokes,giggle,loud,slow."
932ad1fc41,Poem,"baby,nursery,recite,rhymes."
932ad1fc41,Stare,"stranger,glare,eyes,girls."
2622f61522,Artist,creative person
2622f61522,Death,"decease, expiry, destruction, end, last, demise, dying"
2622f61522,Laugh,"gag, jape, jest, joke, laughter, express joy, express mirth"
2622f61522,Poem,verse form
2622f61522,Stare,gaze
4686890da0,Artist,talented person using the right side of the brain... creating objects that could be anything... programs or art
4686890da0,Death,"the end, ceasing, stopping"
4686890da0,Laugh,"happiness, reducing stress, joyous"
4686890da0,Poem,"stanzas, peace, harmony, rhymes,"
4686890da0,Stare,"concentrate, focus, intensity"
1130a796d2,Artist,"drawing, painting, art, picture, paint, pencil"
1130a796d2,Death,"final, painful, heartbreaking, inevitable, bleak, funeral, sad, tears, indiscriminate"
1130a796d2,Laugh,"happy, joy, funny, something that people do, comedians, jester, fun"
1130a796d2,Poem,"thoughtful, provocotive, intellectual, passionate, art, is usually in the form of words, haiku, uses similies"
1130a796d2,Stare,"aggressive, thoughtful, something people do when trying to figure something out, looking, beam, bore, eagle eye, eye, eyeball, fix, focus, gawk, gaze, glare, glim, goggle, lay eyes on, look, look fixedly, ogle, peer, rivet, rubberneck, take in, gimlet"
73d01784ae,Artist,Artist is person who draws a picture or paints all the types of objects.
73d01784ae,Death,Death is event occurs in all living things once.
73d01784ae,Laugh,Laugh can be seen in human face when he or she in happy moment.
73d01784ae,Poem,Peom is art of writing set of lines that conveys a lot of meaning .
73d01784ae,Stare,Stare is a looking on others
0a7858ea02,Artist,"a creative person, a person who creates art"
0a7858ea02,Death,"to cease living, to die, to pass away"
0a7858ea02,Laugh,"a giggle, an exclamation of happiness, to express joy"
0a7858ea02,Poem,a rhyming (or not) piece of literature in a specific form
0a7858ea02,Stare,"to look at something without blinking, to look at in a daze"
438107f17e,Artist,"A song lyrics, song meanings and mood music"
438107f17e,Death,An Interdisciplinary Perspective on the Problem of Man
438107f17e,Laugh,"To express certain emotions, especially mirth or delight, by a series of spontaneous, usually unarticulated sounds often accompanied by corresponding facial and bodily movements"
438107f17e,Poem,"It is the thesis of the great psychoanalyst Victor Frankl that man can endure any hardship as long as he can find meaning in the experience. Incidentally, as a survivor of Nazi Concentration Camps he was in a position to know. Thankfully, most of us are not tested in such extreme conditions. However, the principle is the same. Human beings cannot live without meaning. Depression is the natural outcome of living a life that is bereft of purpose.

It is the thesis of the great psychoanalyst Victor Frankl that man can endure any hardship as long as he can find meaning in the experience. Incidentally, as a survivor of Nazi Concentration Camps he was in a position to know. Thankfully, most of us are not tested in such extreme conditions. However, the principle is the same. Human beings cannot live without meaning. Depression is the natural outcome of living a life that is bereft of purpose."
438107f17e,Stare,"look at with fixed eyes; ""The students stared at the teacher with amazement"""
8db24b6026,Artist,"someone who has talent, one who draws, uses paint in drawing or sketch,"
8db24b6026,Death,"not alive, no movements, no heart beat, no breathing"
8db24b6026,Laugh,opening your mouth and laughing
8db24b6026,Poem,lines of a poet
8db24b6026,Stare,"keep on looking, without closing eyes,"
bba2068b29,Artist,a person whose creative work shows sensitivity and imagination
bba2068b29,Death,he event of dying or departure from life
bba2068b29,Laugh,the sound of laughing
bba2068b29,Poem,a composition written in metrical feet forming rhythmical lines
bba2068b29,Stare,a fixed look with eyes open wide
c0ab885973,Artist,Drama player
c0ab885973,Death,end of the life
c0ab885973,Laugh,god gift
c0ab885973,Poem,content of something listing
c0ab885973,Stare,staring down
73f3c0f74f,Artist,"Stage Act, In Movies , Emotions"
73f3c0f74f,Death,"Soul, Rest in peace,"
73f3c0f74f,Laugh,"Laughter, feeling happy , Smile"
73f3c0f74f,Poem,"Imagination, Hidden meanings"
73f3c0f74f,Stare,"Looking at, anger, in need of"
eaecffb8af,Artist,"actor,cinema,film"
eaecffb8af,Death,"die,kill,end of life"
eaecffb8af,Laugh,"smile,happy,forgotten sorrow,joy"
eaecffb8af,Poem,"imagination,meaningful"
eaecffb8af,Stare,"staring,great concentration"
5146be6c32,Artist,This article is about the general concept of Art. For the categories of different artistic disciplines see The arts.
5146be6c32,Death,Death is the permanent termination of the biological functions that sustain a living organism.
5146be6c32,Laugh,"Laughing is a reaction to certain stimuli, fundamentally stress and which serves as an emotional balancing mechanism."
5146be6c32,Poem,Poem a making or forming or creating or the art of poetry is a form of literary art in which language is used for its aesthetic.
5146be6c32,Stare,to look fixedly often with wide-open eyes
bee7f2ab27,Artist,"expert,  master,"
bee7f2ab27,Death,"demise,  decease,  loss of life"
bee7f2ab27,Laugh,"express joy, giggle"
bee7f2ab27,Poem,"lyric,  song,  rhyme"
bee7f2ab27,Stare,"watch,  look sharply,  fixed  look"
76d16651af,Artist,"creative, painter, sculptor, author, dancer uses imagination, interpretion, creates something new, talent"
76d16651af,Death,"no longer living on this earth, silent, motionless, not breathing, loss,"
76d16651af,Laugh,"find something funny, human sounds that shows amusement,"
76d16651af,Poem,"creative writing, using rhymes, short phrases, has words, imaginative writing, creates beauty"
76d16651af,Stare,"looking, fixed gaze, attentive, interested, curiousity"
7c3ee16479,Artist,someone who create thinks using his skills
7c3ee16479,Death,end of life
7c3ee16479,Laugh,to smile with sounds
7c3ee16479,Poem,a piece of writing which are written in separate lines ending in a rhyme
7c3ee16479,Stare,to look for long time with your eyes wide open
f448a4202a,Artist,"person who draws, person who creates music, creative, produces beautiful things out of hands."
f448a4202a,Death,"when your heart stops, no connection to the real world, unconscious forever"
f448a4202a,Laugh,"a type of noise, produces when something amusing is happening, usually a joke is taking place"
f448a4202a,Poem,"an artistic form, prose, creative flow of words, deep meaning literature, rhymes"
f448a4202a,Stare,"opening eyes, looking at someone intently, eye lids do not close"
96824489d6,Artist,"painting,drawing,brush,colors,talent, raja ravi varma,art"
96824489d6,Death,"old age,termination,grief,sadness,bury,graveyard"
96824489d6,Laugh,"happy,mouth,comedy,humorous,enjoy"
96824489d6,Poem,"poetry,literary,rhyming,poetess"
96824489d6,Stare,"looking,unchanged,steady,focus"
8298f6c5c0,Artist,a creative person that specializes in art or music
8298f6c5c0,Death,when one is deceased
8298f6c5c0,Laugh,what we do when we find something to be funny
8298f6c5c0,Poem,lines of rhyming words
8298f6c5c0,Stare,When one looks at something and doesn't take their eyes away right off
66046579cd,Artist,"performer,singer,actor,musician,dancer,comedian"
66046579cd,Death,"fatality, casuality,mortality,end,fall,downfall,ruin,loss,bereavement,passing away,demise,decease,collapse,overthrow"
66046579cd,Laugh,"chuckle,giggle,sniker,snort,guffaw,hot,fall about,fun,teasing,game,lark"
66046579cd,Poem,"verse,ode,epic,couplet,sonnet,rhyme"
66046579cd,Stare,"gaze,gape,look intently,ogle,gape,gawp"
9fbbce61dd,Artist,"creator,imaginable person"
9fbbce61dd,Death,"final stage of  life, soul less  body, no more life, absence of  life,  end  of  life"
9fbbce61dd,Laugh,"symbol of  human ,joke, humorous , happiness symbol, facial expression"
9fbbce61dd,Poem,"song, rhymes,"
9fbbce61dd,Stare,"froze, straight, fixed on one place"
42507af7e6,Artist,Who is capable of drawing
42507af7e6,Death,End to life or survival of a being
42507af7e6,Laugh,which helps all your muscles to get active
42507af7e6,Poem,that ends with rhyming words
42507af7e6,Stare,to look at something constantly in an anger or wrath
b51378192c,Artist,"Artist:An artist is a person engaged in one or more of any of a broad spectrum of activities related to creating art, practicing the arts and/or demonstrating an art. The common usage in both everyday speech and academic discourse is a practitioner in the visual arts only."
b51378192c,Death,"Death:Death is the permanent termination of the biological functions that sustain a living organism. Phenomena which commonly bring about death include old age, predation, malnutrition, disease, and accidents or trauma resulting in terminal injury."
b51378192c,Laugh,"Laugh:is Laughing is a reaction to certain stimuli, fundamentally stress, which serves as an emotional balancing mechanism. Traditionally, it is considered a visual expression of happiness, or an inward feeling of joy. It may ensue from hearing a joke, being tickled, or other stimuli. It is in most cases a very pleasant sensation."
b51378192c,Poem,"Poem:Poetry (from the Greek 'poiesis'/ποίησις [poieo/ποιέω], a making: a forming, creating, or the art of poetry, or a poem) is a form of literary art in which language is used for its aesthetic and evocative qualities in addition to, or in lieu of, its apparent meaning"
b51378192c,Stare,"Stare:Staring, a prolonged gaze or fixed look
Staré, a village and municipality in Michalovce District in the Kosice Region of eastern Slovakia
Stare, a verb in Latin and Italian which means ""to stand""
Stare, an indie band from Norfolk, England"
f62e2a0e07,Artist,"person who draws, paints or sculpts"
f62e2a0e07,Death,"to die, no longer alive"
f62e2a0e07,Laugh,"be happy, jolly, amused"
f62e2a0e07,Poem,"rhyming words, full of meaning, metaphors and similes"
f62e2a0e07,Stare,"look at for a long time, focused on"
a7cece6cf4,Artist,"Drawing, Dance, Art, Drama & Human"
a7cece6cf4,Death,"Cry, Sad, Cemetery, Graveyard & Church"
a7cece6cf4,Laugh,"Smiling aloud, Comic, Comedian, Good for health"
a7cece6cf4,Poem,"Rhythm, Ballads, Author, Rhymes & Poet"
a7cece6cf4,Stare,"See, Watch closely, Keeping eye on one's & Fear"
ebc4f95447,Artist,actor
ebc4f95447,Death,die
ebc4f95447,Laugh,loud smile
ebc4f95447,Poem,poetry
ebc4f95447,Stare,stay
fd1a1cbbc3,Artist,"artist, creative person"
fd1a1cbbc3,Death,"decease, expiry, end, death, termination, expiration, destruction, dying, last, demise"
fd1a1cbbc3,Laugh,"laughter, jest, laugh, joke, jape, gag"
fd1a1cbbc3,Poem,"poem, verse form"
fd1a1cbbc3,Stare,"gaze, stare"
86dc19ebbd,Artist,"performer, singer, dancer"
86dc19ebbd,Death,"demise, loss, pass away"
86dc19ebbd,Laugh,"smile, giggle, chuckle"
86dc19ebbd,Poem,"verse, rhyme, epic"
86dc19ebbd,Stare,"gaze, watch, glance"
2cfb3bdbcd,Artist,drama
2cfb3bdbcd,Death,die
2cfb3bdbcd,Laugh,smile
2cfb3bdbcd,Poem,song
2cfb3bdbcd,Stare,a fixed look with eyes open wide
0da623e05b,Artist,a person who works in one of the performing arts
0da623e05b,Death,end of life
0da623e05b,Laugh,a way of expressing happiness
0da623e05b,Poem,something having qualities that are suggestive of or likened to those of poetry
0da623e05b,Stare,look thoroughly
6c7df926ad,Artist,"i am a singer,all artist are looking on others"
6c7df926ad,Death,"evil death, opposite life"
6c7df926ad,Laugh,smile
6c7df926ad,Poem,"i am write a simple poem,  little song"
6c7df926ad,Stare,"shine star,twinkle star"
3c3d7b4fa2,Artist,"someone who makes art, creates, paints, draws,takes pictures or in some way creates some./any type of art"
3c3d7b4fa2,Death,"when a person/animal/plant stops lliving, not breathing, act of ceasing life"
3c3d7b4fa2,Laugh,"noise made when a person is happy, or entertained, joyous, gleeful, funny"
3c3d7b4fa2,Poem,"words put to put together to pay tribute to something or thing, rhymes, art, lyrical, haiku"
3c3d7b4fa2,Stare,"eyes unblinking at someone. or something, uncomfortable"
186db71701,Artist,"an artist is a person who creates paintings,sculptures,pieces of writing,painter,master,performer,art student,composer ,comedian,a highly skilled workman,professional,a clever trickster."
186db71701,Death,"death is an act of passing away,the end of life,dying,loss of life,departure,brain death,expiration,failure of vital functions,darkness,failing,
caused to be killed."
186db71701,Laugh,"laugh means to express amusement with vocal sound and facial movements,chucking ,giggling,titter,snicker,overcome all obstacles,cackle"
186db71701,Poem,"poem is a collection of words that express an emotion of idea,sometimes with specific rhythm.like ""marry had a little lamp"".poetry,verse,lyric,ballad, sonnet,composition,creation."
186db71701,Stare,"stare means to look continuously at one point.gaze,gawk,"
fbcc6f1973,Artist,performer
fbcc6f1973,Death,A man or living things died
fbcc6f1973,Laugh,not  cry
fbcc6f1973,Poem,not rhythem
fbcc6f1973,Stare,up
b0af56c46c,Artist,draftsmen
b0af56c46c,Death,end of life
b0af56c46c,Laugh,"smile, action"
b0af56c46c,Poem,verses
b0af56c46c,Stare,look at
6be52007c6,Artist,"Human effort to imitate, supplement, alter, or counteract the work of nature."
6be52007c6,Death,". The act of dying; termination of life.
2. The state of being dead.
3. The cause of dying: Drugs were the death of him.
4. A manner of dying"
6be52007c6,Laugh,". To express certain emotions, especially mirth or delight, by a series of spontaneous, usually unarticulated sounds often accompanied by corresponding facial and bodily movements."
6be52007c6,Poem,": A composition, not in verse, of which the language is highly imaginative or impassioned; as, a prose poem; the poems of Ossian."
6be52007c6,Stare,a fixed look with eyes open wide
eb09612a37,Artist,ACTOR
eb09612a37,Death,DIE
eb09612a37,Laugh,LOUD SMILE
eb09612a37,Poem,POETRY
eb09612a37,Stare,STAY
6c04a7f4c1,Artist,how is the actor in film industry
6c04a7f4c1,Death,which is end of life
6c04a7f4c1,Laugh,indicates the happiness in life
6c04a7f4c1,Poem,about the description of anything in the world
6c04a7f4c1,Stare,fare of something
5f6fadae3f,Artist,"painter,sculptor,writer"
5f6fadae3f,Death,"murder, state of dead,manner of dying, not breathing"
5f6fadae3f,Laugh,"emotion,amusing,absurd,fun"
5f6fadae3f,Poem,"idea,emotion,prose,literacy composition"
5f6fadae3f,Stare,"look fixedly,look,attention"
ffe27c2ab1,Artist,"person with a talent,could be a singer,writer,actor"
ffe27c2ab1,Death,"unpleasant,someone's life is ending,this person is not alive anymore"
ffe27c2ab1,Laugh,"fun,joy,happiness"
ffe27c2ab1,Poem,"art,romantic,open minded"
ffe27c2ab1,Stare,"fixed look,better view"
a6e6f7b984,Artist,"A person who paints or draws,a person who performs any of creative arts."
a6e6f7b984,Death,"The act or fact of dying,the state of being dead,the end of some thing,deathtrap a dangeours building,vehicles etc."
a6e6f7b984,Laugh,"Make sounds that express amusement,laugh at make fun of,an act of laughing,aperson ridiculed by everyone."
a6e6f7b984,Poem,"A piece of imaginative writing in verse,poet writes poem."
a6e6f7b984,Stare,"Look at with great concentration,an act of starting."
dffdb08b46,Artist,ART IS ONE OF WONDERFULL THING IN THE WORLD SO THE ARTIST BECOME WONDERFULL WHEN HE DOING SOME ART.THERE ARE DIFFERENT KINDS OF ARTS SO THE ARTISTS ARE OF DIFFERENT TYPES.WE CAN MEASURE THE TALENT OF A ARTIST BY HIS ART WORK.
dffdb08b46,Death,"DEATH IS THE MOST SADDFULL, FEARFULL AND DANGERUS THING IN THE WORLD.IT HAPPENS ONLY ONE TIME IN A PERSONS LIFE.IT IS A FACTOR THAT SEPERATES A PERSONS PHYSICAL AND MENTAL FACTOR.WE CANNOT SACRIFIES A DEATH."
dffdb08b46,Laugh,LAUGH COME FROM HEART OF A PERSON.IF WE FEELS A SENCE OF HUMOUR WE GET LAUGH LOUDLY.PLEASURE MAKES A LAUGH.
dffdb08b46,Poem,"POEM ALSO COMES FROM HEART OF A POET.WE CANNOT TOUCH IT, BUT YOU CAN FEEL THE SENCE OF EACH POEM.THERE ARE DIFFERENT KINDS OF POEM. IT ALWAYS DEPEND ON THE POETS FEELING.IF THE POET IS THINKING ABOUT THE JOYFULL THINGS THE POEM ALSO MAKE JOY, VISAVERSA. POEM IS THE ONLY THINK THAT CAN COMBINE ALL THE WORDS SUCH AS LAUGH, DEATH, POEM, STARE, ARTISTS ETC"
dffdb08b46,Stare,IT IS ABOUT ALL THINGS THAT WE LOOKS.SOME TIMES WE STAREN A POEM FOR ITS ATTRACTION
a99eff3ef7,Artist,a person who creates paintings or drawings as a profession
a99eff3ef7,Death,the end of the life of a person or organism
a99eff3ef7,Laugh,an act of laughing
a99eff3ef7,Poem,a piece of writing in which the expression of feelings and ideas is given intensity by particular attention
a99eff3ef7,Stare,look fixedly or vacantly at someone or something with one’s eyes wide openlook fixedly or vacantly at someone or something with one’s eyes wide open
7918935117,Artist,"A Person with great skills, An Art, Having divine Imaginary skills"
7918935117,Death,"Symbol to end, Panic word"
7918935117,Laugh,"Good to health, gives happiness, habbit"
7918935117,Poem,"Piece of words in flow, Collection of lines gives a good story, humble"
7918935117,Stare,"Constant look, Sudden shock , Open eyes in sudden"
5cf41e6737,Artist,entertrainer
5cf41e6737,Death,dead
5cf41e6737,Laugh,smile
5cf41e6737,Poem,poetry
5cf41e6737,Stare,steps
6535a83758,Artist,"A person who creates art, creative person, skilled person"
6535a83758,Death,"end of life, destruction, expiry, demise,"
6535a83758,Laugh,"expressing amusement, happiness

 express happiness, jest, cheerful, to show happiness by peculiar movement of the muscles of the face"
6535a83758,Poem,"Ballad, a composition in verse, literary composition"
6535a83758,Stare,"to look directly, a fixed look with eyes open wide, gaze"
44b784f1d9,Artist,"An artist is one who works on art,creates art,entertains people,associated with various fields like painting,visual arts, vocal arts"
44b784f1d9,Death,"death is the permanent end of the biological life, everyone have to face it,cannot escape"
44b784f1d9,Laugh,"Laugh is the verb used to express the happiness,pleasure audibly with a burst of sound"
44b784f1d9,Poem,A poem is an artistic form of expression in which words are used aesthetically and rhythmically
44b784f1d9,Stare,"Stare is a verb for sharp gazing, looking fixedly at a point without closing the wide opened eyes"
99822f0efe,Artist,"Creative, inspired, original"
99822f0efe,Death,"Not alive, cease, absence of life, decay, decompose"
99822f0efe,Laugh,"Giggle, grin, chuckle, guffaw, joke, smile, happy"
99822f0efe,Poem,"Story, rhyme,"
99822f0efe,Stare,"Gape, eyes,focus, gaze"
075bbbca89,Artist,"1	a person who creates paintings or drawings as a profession or hobby. a person who practices or performs any of the creative arts. 
2	informal a habitual practitioner of a specified activity: a con artist."
075bbbca89,Death,"1	the action or fact of dying or being killed. an instance of a person or an animal dying. 
2	the state of being dead. (Death) the personification of the power that destroys life, often represented as a skeleton or an old man holding a scythe. 
3	the destruction or end of something: the death of her hopes."
075bbbca89,Laugh,"1	make the sounds and movements that express lively amusement and sometimes also derision. (laugh at) ridicule; scorn. 
2	(laugh something off) dismiss something by treating it in a light-heated way. 
3	(be laughing) informal be in a fortunate or successful position."
075bbbca89,Poem,"noun a literary composition that is given intensity by particular attention to diction (sometimes involving rhyme), rhythm, and imagery."
075bbbca89,Stare,"1	look fixedly at someone or something with the eyes wide open. (stare someone out/down) look fixedly at someone until they feel forced to look away. 
2	be unpleasantly prominent or striking. 
	noun an act of staring."
6b2ac0ef88,Artist,creator of arts
6b2ac0ef88,Death,opposite of birth
6b2ac0ef88,Laugh,opposite of cry
6b2ac0ef88,Poem,poetry
6b2ac0ef88,Stare,look with keeping eyes wide open
2ece3f8886,Artist,"painting, painter, drawing, performer, profession"
2ece3f8886,Death,"die, end of life, kill, spiritual life"
2ece3f8886,Laugh,"smile, enjoy, happy, jocker, expression, act, manner"
2ece3f8886,Poem,"script, poet, expression, feeling, composition"
2ece3f8886,Stare,"curiosity, surprise, horror, evident, imminent"
d6fbaf0859,Artist,"a person who is a lover or art, an expression of emotions"
d6fbaf0859,Death,a time when the spirit separates from the physical body in a human being
d6fbaf0859,Laugh,expression of gladness and joy
d6fbaf0859,Poem,form of literature composed of rthym and rhyme in the form of words
d6fbaf0859,Stare,to look at to
2b15616b23,Artist,specialist in art
2b15616b23,Death,to attent die
2b15616b23,Laugh,a king of expression
2b15616b23,Poem,a kind of creativity with emotions
2b15616b23,Stare,look still at someone
b43e301c97,Artist,"One who creates, who inspires, who shares, thief, copier, sees the world and translates it to put in on a canvas or slate, designs, interprets"
b43e301c97,Death,"dark, final, feared, some see it as a new beginning, passing on, expiration, peace in completion"
b43e301c97,Laugh,"chitter, a shaking of the lungs and spirit, sounds like bubbles being blown, and uprise of joy and/ or amusement, a sound that describes what words can not, a sign that the mind has been overwhelmed and loses the ability to speak, a familiar sound in all languages, friendly, funny, one leads to another"
b43e301c97,Poem,"soft, romantic, deep, prose for the heart, painful, lengthy, expressive words, deviates from social conversation, formal tones"
b43e301c97,Stare,"blank, thousand yards, zone, gaze, extended look, distant"
12ab915847,Calm,"serene, quiet, cool"
12ab915847,Forgive,"feeling, greatness, habit of walking ahead, forgetting the past."
12ab915847,Maid,"caring, affectionate, works for money, cooks food, looks after house, looks after baby, fulfill needs."
12ab915847,Public,"crowd, democratic, revolutionary, ignorant, peaceful"
12ab915847,Stamp,"sign, symbol of authority, genuine, legal."
2cfb3bdbcd,Calm,cool
2cfb3bdbcd,Forgive,concede
2cfb3bdbcd,Maid,own
2cfb3bdbcd,Public,government
2cfb3bdbcd,Stamp,identify
7b5feaf707,Calm,motionless
7b5feaf707,Forgive,pardon
7b5feaf707,Maid,an unmarried woman
7b5feaf707,Public,A certain group of people
7b5feaf707,Stamp,"Foot down forcefully, A small piece of paper to mail"
96824489d6,Calm,"silent, loneliness,motionless,undisturbed"
96824489d6,Forgive,"forget,sins,confusion,remission"
96824489d6,Maid,"servant,women,female,house hold activities"
96824489d6,Public,"people,citizen,place,noisy"
96824489d6,Stamp,"post card,letter,mail,print,small piece of paper"
af2803583c,Calm,Undisturbed by passion or emotion
af2803583c,Forgive,to pardon a sinner who has done any crime or offence
af2803583c,Maid,A woman servant
af2803583c,Public,Of or pertaining to the people
af2803583c,Stamp,"press forcibly with the bottom of the foot, or by thrusting the foot downward."
4d213992b5,Calm,"peace,mahatma gandhi,relax,good will be taken,"
4d213992b5,Forgive,"good habit,helps to solve the problems,need to have,expressed by people."
4d213992b5,Maid,"server,clean the room,human,prepares food,"
4d213992b5,Public,"goverment,society,has voice,used to create a change,awarness"
4d213992b5,Stamp,"collection,goverment approval,has picture,explain something,"
186db71701,Calm,"calm is someone or something who is peaceful and free from stress or worries.calm is a state of peace and tranquility.cool,confident,composed.unflappable,patient,moderate,"
186db71701,Forgive,"to give up resentment,against or the desire to punish,stop being angry with,forgive,to cancel or remit,pardon,overlook,let pass,"
186db71701,Maid,"a girl or young unmarried women,a virgin,a girl or women servant,like nursemaid,cleaning women,charwomen.maiden,"
186db71701,Public,"concerning the people as a whole,for the use of all or benefit of all.as regards community,rather than private,affairs.community at large,free to all,with out charge,not private,"
186db71701,Stamp,"to bring(the foot) down forcibly with the foot,to put an official seal or stamp,a postage stamp.a machine or tool for stamping"
3ffa10e4f4,Calm,"oposite of nervous,feeling peacefull."
3ffa10e4f4,Forgive,decision to set free the other ones from the deeds they did to you.
3ffa10e4f4,Maid,"women,worker in rich houses,cleaning."
3ffa10e4f4,Public,"media,oposite of private,everybody could see the public."
3ffa10e4f4,Stamp,"indigo,used for stamping papers or putting dates."
bba2068b29,Calm,without losing self-possession
bba2068b29,Forgive,stop blaming or grant forgiveness
bba2068b29,Maid,female domestic
bba2068b29,Public,people in general considered as a whole
bba2068b29,Stamp,a symbol that is the result of printing or engraving
a99eff3ef7,Calm,Calm describes someone or something who is peaceful and free from stress or worries
a99eff3ef7,Forgive,to give up resentment against or the desire to punish
a99eff3ef7,Maid,a girl or woman servant
a99eff3ef7,Public,acting in an official capacity on behalf of the people as a whole
a99eff3ef7,Stamp,to strike down on forcibly with the foot
74ea82719c,Calm,"Serenity, relation, the ocean and waves softly crashing, meditation, an open field, used to reduce anger and stress."
74ea82719c,Forgive,"Humanity, to forgive is to realize that everyone is human, if they are serene in their apology they should usually be forgiven. Forgiveness can even be given without an apology, it can be given to the dead."
74ea82719c,Maid,"Sexualized by pornography and the media and halloween costumes, there is one perception of a maid as a ""slut"" and the other as a hard working immigrant. Worker, cleaner of homes, does the dirty work in a house."
74ea82719c,Public,"Where anyone can go, shared space, the general public, the mass of people who share common norms of a society, or even who are in a society without sharing the norms."
74ea82719c,Stamp,"Old, antiquated, used to be more useful, old collections, musty, smells of slight dankness, indoors, a basement where an old man works out of the sun perusing his collection."
075bbbca89,Calm,"1	not showing or feeling nervousness, anger, or other emotions. 
2	(of a place) peaceful and undisturbed. (of weather or the sea) free from wind."
075bbbca89,Forgive,verb (past forgave; past participle forgiven) stop feeling angry or resentful towards (someone) for an offense or mistake. Excuse (an offense or mistake).
075bbbca89,Maid,"1	a female domestic servant. 
2	archaic a girl or young woman. a virgin."
075bbbca89,Public,"1	of, concerning, or open to the people as a whole. involved in the affairs of the community, especially in government or entertainment: a public figure. 
2	done, perceived, or existing in open view. 
3	of or provided by the state rather than an independent commercial"
075bbbca89,Stamp,"1	bring down (one's foot) heavily on the ground or an object. crush, flatten, or remove with a heavy blow from one's foot. crush or pulverize (ore). 
2	walk with heavy, forceful steps. 
3	(stamp something out) suppress or put an end to something. 
4	impress a pattern or mark on with a stamp. impress (a pattern or mark). cut out using a die or mold. 
5	fix a postage stamp to."
adace55274,Calm,"quite, relaxed, collected, at ease, still"
adace55274,Forgive,"accept, understand, keep an open mind"
adace55274,Maid,"house keeper, servant, cleaner, dressed in uniform"
adace55274,Public,"in a crowd, populated, shared by everyone, in the open"
adace55274,Stamp,"a sticker, goes on a letter, worth a certain amount of cents, allows a letter to be sent, has an emblem"
e97ff5f954,Calm,not turbulent/relaxed
e97ff5f954,Forgive,make someone feel not guilty forever/remove the blame
e97ff5f954,Maid,servant/help
e97ff5f954,Public,not private/for any person /people
e97ff5f954,Stamp,blot out/a charge for posting something/seal
c2c2a35b65,Calm,"unruffled, at peace, not worried or particularly emotional, associated with being balanced and centered, the opposite of turbulence in air, water, or emotion"
c2c2a35b65,Forgive,"a verb meaning to give up one's resentment of another for some injury; a crime victim might forgive the criminal by deciding not to be angry at them anymore (though forgiveness does not necessarily imply the forgiven criminal will not be penalized by the law for the crime, or that a forgiven person will be given the opportunity to commit the same offense)"
c2c2a35b65,Maid,"modern meaning: a person, often female but not always, who cleans homes or hotels, though generally not other buildings - people who clean office buildings, schools, etc, are generally called janitors or cleaning staff rather than maids.
archaic meaning: synonym for virginal woman
also survives in a few terms such as ""meter maid"" - a woman who checks parking meters and gives tickets to cars with expired meters"
c2c2a35b65,Public,"noun: the people as a whole, the common population of the area - as opposed to insiders and the people in power
adjective: available to, run by, or referring to the people as a whole - for example, the public interest is the common interest of the people in general and a public library is available for use by all area residents"
c2c2a35b65,Stamp,"postal stamp: a small piece of paper, often highly decorated, put on envelopes and other mailed items to indicate that the proper postage fees have been paid
non-postal stamp: a small item with a carving or relief on one surface, which is dipped in ink and pressed against paper to leave a distinctive mark, for decorative or official purposes
verb: to make a mark with an abject as described above, or to figuratively affect some object or situation in a distinctive manner"
6c04a7f4c1,Calm,how is slient in talking and doing things
6c04a7f4c1,Forgive,excuse in something
6c04a7f4c1,Maid,howis in asleep
6c04a7f4c1,Public,related to the human begins opposite to private  with  out secreat
6c04a7f4c1,Stamp,approval
153fbbab45,Calm,"Now  keep  calm everyone, the police are on their way."
153fbbab45,Forgive,I don't think she's ever quite forgiven me  for  getting her name wrong that time.
153fbbab45,Maid,"In the beach resort, the apartments and villas have daily maid  service ."
153fbbab45,Public,"relating to or involving people in general, rather than being limited to a particular group of people"
153fbbab45,Stamp,I stuck a 50p stamp on the envelope.
8298f6c5c0,Calm,When someone is tranquil
8298f6c5c0,Forgive,When someone accepts another person again due to a bad situation that happened between them.
8298f6c5c0,Maid,Someone who is in charge of hospitality or cleaning such as in a home
8298f6c5c0,Public,Being somewhere surrounded by people and not in private
8298f6c5c0,Stamp,Most of the time this means postage
fd1a1cbbc3,Calm,"equanimity, calm air, calm, calmness, composure"
fd1a1cbbc3,Forgive,stop blaming or grant forgiveness
fd1a1cbbc3,Maid,"maiden, wet-nurse, maid, housemaid, amah, maidservant, wet nurse, wetnurse"
fd1a1cbbc3,Public,"reality, world, humankind, public, human race, earthly concern, man, cosmos, globe, creation, macrocosm, universe, worldly concern, populace, humanity, human beings, mankind, existence, humans, earth, domain"
fd1a1cbbc3,Stamp,"plaster cast, seal, form, pestle, postage, legal tender, modeling, mould, revenue stamp, cast, plaster bandage, shape, mold, roll, molding, tender, cast of characters, postage stamp, moulding, mildew, dramatis personae, stamp, hurl, clay sculpture, casting, impression"
eaecffb8af,Calm,"soft,silent,cool"
eaecffb8af,Forgive,"please,sorry,forgotten"
eaecffb8af,Maid,"check,block,end"
eaecffb8af,Public,"people,crowd,place"
eaecffb8af,Stamp,"tax,lable,post"
bb97573022,Calm,"without rough motion,free from excitement or passion,freedom from agitation,excitment,or passion"
bb97573022,Forgive,"to grant pardon for or remission of (an offense, debt, etc.)to grant pardon to (a person),pardon"
bb97573022,Maid,"a female servant,a girl or young unmarried woman.housemaid(works in house serves for family or children) maid nurse serves for home patients"
bb97573022,Public,"or affecting a population or a community as a whole,the people constituting a community, state, or nation, a whole gathering of people in a function,meetings"
bb97573022,Stamp,"the people constituting a community, state, or nation,to crush or pound with or as with a pestle,postage stamp,impression or printing"
66046579cd,Calm,"quiet,still,cool,peaceful,composed,unruffled,relaxed,serene,soothe,appease,subside,nearly or completely motionless,undisturbed"
66046579cd,Forgive,"pardon,excuse,let off,absolve,exonerate,"
66046579cd,Maid,"servant,unmarried girl,women,virgin,matron or man of honor"
66046579cd,Public,"community,civic,municipal,free,open,unrestricted,shared,broadcast,known"
66046579cd,Stamp,"trample,beat,stomp,crush,squash,plod,trudge,pound,mark,imprint,mold,hallmark,print,impression"
5385e41645,Calm,"not nervous,angry,excited, peaceful"
5385e41645,Forgive,stop feeling angry
5385e41645,Maid,female servant
5385e41645,Public,group of people around you
5385e41645,Stamp,bringing one foot heavily on ground.
b47f4dafbe,Calm,"STATE OF SILENCE,MOTIONLESS,NOT EXCITED,PEACE"
b47f4dafbe,Forgive,"TO EXCUSE,TO RENOUNCE ANGER,TO ABSOLVE"
b47f4dafbe,Maid,"WORKER,VIRGIN,A WOMEN SERVANT,A HOUSE MAID"
b47f4dafbe,Public,"OPEN TO EVERYONE,A GROUP OF PEOPLE,CONNECTED WITH A COMMUNITY,OPEN TO A KNOWLEDGE"
b47f4dafbe,Stamp,"TO THRUST, PATTING OVER OTHERS, MADE TO IMPRINT"
da957b79fd,Calm,the opposite of stress.  a relaxed state.  mellow
da957b79fd,Forgive,to end feelings of anger toward someone.  to pardon an action
da957b79fd,Maid,someone who does chores for money or other goods.  house cleaner.
da957b79fd,Public,area open to all people.  does no require permission to enter.
da957b79fd,Stamp,"postage for a piece of mail.  to stomp ones foot.  to mark something with an ink or wax emblem, symbol, or words."
5f6fadae3f,Calm,"motionless, undisturbed, agitated"
5f6fadae3f,Forgive,"excuse, fault, pardon, anger"
5f6fadae3f,Maid,"unmarried girl, woman, virgin, servant, housemaid"
5f6fadae3f,Public,"community, people, group of people"
5f6fadae3f,Stamp,"affix, identify, characterize"
fe5a703d9c,Calm,"a condition of calmness, quite"
fe5a703d9c,Forgive,pardon
fe5a703d9c,Maid,female servant
fe5a703d9c,Public,"equal for all the people,"
fe5a703d9c,Stamp,"a small piece of paper that indicates the payment amount is written, blowing the foot strongly on the ground"
cc0fd23c05,Calm,"equanimity, calm air, calm, calmness, composure"
cc0fd23c05,Forgive,"absolve, acquit, exculpate, forgive, pardon, clear, exempt, free, release, discharge, exonerate, liberate, set free"
cc0fd23c05,Maid,"maiden, wet-nurse, maid, housemaid, amah, maidservant, wet nurse, wetnurse"
cc0fd23c05,Public,"reality, world, humankind, public, human race, earthly concern, man, cosmos, globe, creation, macrocosm, universe, worldly concern, populace, humanity, human beings, mankind, existence, humans, earth, domain"
cc0fd23c05,Stamp,"plaster cast, seal, form, pestle, postage, legal tender, modeling, mould, revenue stamp, cast, plaster bandage, shape, mold, roll, molding, tender, cast of characters, postage stamp, moulding, mildew, dramatis personae, stamp,"
2eed982424,Calm,"silent nature, in control of nerves , quiet and cool"
2eed982424,Forgive,"very good behavior, pardon or excuse"
2eed982424,Maid,"servant lady, helper woman,house keep"
2eed982424,Public,"common to all citizen, mostly run by government"
2eed982424,Stamp,symbol or representation of firm or individual or institution
7c3ee16479,Calm,peaceful and quiet
7c3ee16479,Forgive,to stop blaming or not to punish them for something
7c3ee16479,Maid,a woman who works as a servant in hotel or someone's house
7c3ee16479,Public,relating to a people in general
7c3ee16479,Stamp,a small piece of paper with a picture or pattern on it which is stuck onto a letter or a parcel before it is posted to show that postage has been paid
b0af56c46c,Calm,patient
b0af56c46c,Forgive,pardon
b0af56c46c,Public,crowd
b0af56c46c,Stamp,authorisation
6be52007c6,Calm,"Nearly or completely motionless; undisturbed: the calm surface of the lake.
2. Not excited or agitated; composed"
6be52007c6,Forgive,". To excuse for a fault or an offense; pardon.
2. To renounce anger or resentment against.
3. To absolve from payment of
To accord forgiveness."
6be52007c6,Maid,".  maid, maidservant, housemaid, amah 
a female domestic"
6be52007c6,Public,"done, made, acting, etc., for the community as a whole:"
6be52007c6,Stamp,"a token that postal fees have been paid
2. the distinctive form in which a thing is made
3. a type or class"
86dc19ebbd,Calm,"tranquil, peaceful, quiet"
86dc19ebbd,Forgive,"pardon, excuse, forgive"
86dc19ebbd,Maid,"servant, home maid"
86dc19ebbd,Public,"community, civic, open"
86dc19ebbd,Stamp,"beat, crush, brand, impression"
ed12f022a1,Calm,"Relaxed disposition, not nervous"
ed12f022a1,Forgive,to allow someone another chance. to move on from past mistakes to begin anew
ed12f022a1,Maid,a service worker who cleans buildings particularly a house/domestic setting. female butler
ed12f022a1,Public,out in the open. available for all to see or experience. known to all or a large group. not hidden.
ed12f022a1,Stamp,"something used to mark something. In postage is a sticky square with a monetary value used to mark ""ok to send to another location"" or in business ""incomplte, complete, paid, unpaid, ect."""
f433c3fbfe,Calm,Quiet
f433c3fbfe,Forgive,Excuse
f433c3fbfe,Maid,A woman servant
f433c3fbfe,Public,Open
f433c3fbfe,Stamp,Beat
b51378192c,Calm,"Calm:Calm down,Staying calm,Natural calm,Stay calm tips,Opposite of calm"
b51378192c,Forgive,"Forgive:is Forgive me quotes,Forgive ,Forgive forget,Forgive yourself"
b51378192c,Maid,"Maid:is a female servant,a girl or young unmarried woman,Maid of Honor Checklist"
b51378192c,Public,"Public:Public invasion,Public records,Public enemies,Public bank,Public storage
Public relations"
b51378192c,Stamp,"Stamp:is Old stamps value,Stamp act,Rubber stamp,Tramp stamp"
6f44ca6a78,Calm,"serene, not ruffled, not upset, quiet, smooth, silent, peaceful, relaxed,
slow, still,"
6f44ca6a78,Forgive,"excuse, release from ill feelings, give another chance, release umbrage, 
understand, expunge, allow back into one's good graces,"
6f44ca6a78,Maid,"young girl, servant, cleaner, slave, housekeeper, server, helper, home worker, hotel or motel worker,"
6f44ca6a78,Public,"all citizens, everyone, all people, not personal, open to all persons, anyone, any people, not private,"
6f44ca6a78,Stamp,"mark, symbol, representation, a blow of the foot, letter affixer,"
b605293af4,Calm,"is stillness, is a lack of excitement, is a lack of movement"
b605293af4,Forgive,"is to let something go, is to forget about a debt, is to stop being mad at someone"
b605293af4,Maid,"is someone who cleans, is a profession, works at hotels"
b605293af4,Public,"is the people, is out of the house, is accessible to anyone"
b605293af4,Stamp,"is something you put on a letter, is something you put ink on and press to paper to make a design, means to stomp your feet"
bee7f2ab27,Calm,"smooth,  still,  undisturbed"
bee7f2ab27,Forgive,"pardon,  excuse pass over"
bee7f2ab27,Maid,"female servant, hired girl"
bee7f2ab27,Public,"common,  popular, general, open to all"
bee7f2ab27,Stamp,"emblem,  seal, endorsement"
76d16651af,Calm,"peaceful, quiet, no turbulence, no waves, no drama"
76d16651af,Forgive,"accept atonement, let go of anger, absolution, give a clean slate,mercy"
76d16651af,Maid,"domestic worker, housekeeper, cleans up, makes beds, dusts, vacuums, wash dishes, tends to house."
76d16651af,Public,"open to everyone, accessible, common, anyone can see."
76d16651af,Stamp,"postage, insignia, signature, seal,"
5cf41e6737,Calm,piece
5cf41e6737,Forgive,excuse
5cf41e6737,Maid,worker
5cf41e6737,Public,odience
5cf41e6737,Stamp,proof
b193644de4,Calm,completely motionless
b193644de4,Forgive,pardon
b193644de4,Maid,an unmarried gild
b193644de4,Public,the people
b193644de4,Stamp,the act of stamping
cdf81c2126,Calm,without rough motion
cdf81c2126,Forgive,to grant pardon for or remission of
cdf81c2126,Maid,a female servant.
cdf81c2126,Public,"done, made, acting, etc., for the community as a whole"
cdf81c2126,Stamp,"to strike or beat with a forcible, downward thrust of the foot."
24411c15a5,Calm,"silent,peace,silence,not excited,peaceful"
24411c15a5,Forgive,"to let go,forgiveness,to excuse for a faul or an offense,calm down,controlling anger,course of action,healing and peace"
24411c15a5,Maid,"servant,care taker,housemaid,female employed in domestic service,assigned household esponsibilities,assistant,home cleaning"
24411c15a5,Public,"people,group,community,society"
24411c15a5,Stamp,"piece of paper,displayed on postcard,letters,mail as an evidence of payment,impression made upon on an object,indian philately,listed on websites,price quoted"
99822f0efe,Calm,"Peaceful, serene, not chaotic, restful"
99822f0efe,Forgive,"Absolve, remove, let go"
99822f0efe,Maid,"Help, cleaning, household, luxury"
99822f0efe,Public,"Not private, open, municipal, town"
99822f0efe,Stamp,"Pound, stomp, postage, letter, mail"
fbcc6f1973,Calm,cool
fbcc6f1973,Forgive,sorry
fbcc6f1973,Maid,uncleared man
fbcc6f1973,Public,persons
fbcc6f1973,Stamp,posting the cover to use stamp
95e2618c28,Calm,"Nearly or completely motionless; undisturbed,Not excited or agitated; composed"
95e2618c28,Forgive,"To excuse for a fault or an offense; pardon,To renounce anger or resentment against."
95e2618c28,Maid,"An unmarried girl or woman,A virgin"
95e2618c28,Public,"Of, concerning, or affecting the community or the people, Maintained for or used by the people or community"
95e2618c28,Stamp,"To bring down (the foot) forcibly,To bring the foot down onto (an object or surface) forcibly"
1398dc46e5,Calm,"composed, put together, rested"
1398dc46e5,Forgive,"no longer blame someone, something for what is has done"
1398dc46e5,Maid,"a person who works to performe task like cleaning, makeing food, making beds"
1398dc46e5,Public,"everyone outside of your friends, family"
1398dc46e5,Stamp,"a marking on a paper, placed on a leter before sending"
2622f61522,Calm,"calmness, composure, equanimity, calm air, sedate, tranquilize,"
2622f61522,Forgive,"Forget, Write off"
2622f61522,Maid,"maiden, amah, housemaid, maidservant"
2622f61522,Public,"populace, world"
2622f61522,Stamp,"seal, pestle, postage, postage stamp, impression, revenue stamp,"
eb09612a37,Calm,SILENT
eb09612a37,Forgive,GIVING
eb09612a37,Maid,GIVEN PRODUCT
eb09612a37,Public,SOCIETY
eb09612a37,Stamp,POSTAL STAMP
6e487b9cb7,Calm,quiet in act.
6e487b9cb7,Forgive,To excuse for a fault.
6e487b9cb7,Maid,A man who has not had sexual intercourse.
6e487b9cb7,Public,a large number of people.
6e487b9cb7,Stamp,a token that postal fees have been paid.
9a0973bddb,Calm,slow steady
9a0973bddb,Forgive,leave
9a0973bddb,Maid,servant
9a0973bddb,Public,people
9a0973bddb,Stamp,seal
d6fbaf0859,Calm,"still,"
d6fbaf0859,Forgive,to pardon
d6fbaf0859,Maid,"servant, housekeeper, assistant"
d6fbaf0859,Public,to be known to many people or the majority
d6fbaf0859,Stamp,used in mailing letters or documents
ab266a6b3c,Calm,"without stress, at ease, sea is at calm, no tension,"
ab266a6b3c,Forgive,"to let something go, pardon, not to feel anything, a positive quality,"
ab266a6b3c,Maid,"female servant, who cleans the house, does house chores"
ab266a6b3c,Public,"group of people, community, public gatherings, masses"
ab266a6b3c,Stamp,"mark, label, symbol, stamps for envelops, stamps of the office"
6b2ac0ef88,Calm,quiet
6b2ac0ef88,Forgive,forgiving sins
6b2ac0ef88,Maid,servant
6b2ac0ef88,Public,general citizens
6b2ac0ef88,Stamp,crush
0da623e05b,Calm,behave very quietly
0da623e05b,Forgive,to grant pardon
0da623e05b,Maid,servant
0da623e05b,Public,open to all persons
0da623e05b,Stamp,to suppress or quell
74a82eb356,Calm,silent
74a82eb356,Forgive,Stop feeling angry
74a82eb356,Maid,servant
74a82eb356,Public,people
74a82eb356,Stamp,something on the ground
ebc4f95447,Calm,silent
ebc4f95447,Forgive,given
ebc4f95447,Maid,milky product
ebc4f95447,Public,society
ebc4f95447,Stamp,postal stamp
32d9d483a3,Calm,"A state of mind , which is undisturbed by the surroundings. a feel of self confidence."
32d9d483a3,Forgive,"An act by which somebody can force his mind to forget some kind of a bad behaviors to him by a somebody else, in  order to achieve his own mental calmness"
32d9d483a3,Maid,"servant, virgin gal, unmarried man, a female servant."
32d9d483a3,Public,"which can be accessed by all the people in a state or may be world, a information which is unrestricted. an organization which is owned by the government if a democratic country. a company listed in any share market."
32d9d483a3,Stamp,"A seal which is used in mail, a kick by foot."
408c124331,Calm,"not windy, not excited or agitated, make calm, ones habit."
408c124331,Forgive,"cease to feel angry towards, not to punish"
408c124331,Maid,"woman servant, doing indoor work, listen to the owner."
408c124331,Public,"known to people in general , member of a community in general, showing readiness to do things for the benefit of the people in general."
408c124331,Stamp,"press so as to cut or leave a mark or pattern, fix a postage or other stamp to, give a specified character to."
a7cece6cf4,Calm,"Quite, Good nature, Sea, Place & Persons"
a7cece6cf4,Forgive,"Forget, To give up, Sorry, Hurting"
a7cece6cf4,Maid,"Cook, Cleaning, Salary, man power & Women"
a7cece6cf4,Public,"Toilets, Nuisance, Power, Politics & Authority"
a7cece6cf4,Stamp,"Speed Post, Courier, Country's reorganization"
1515274e77,Calm,"relaxed, at ease, peaceful."
1515274e77,Forgive,"to grant forgiveness, to give up resentment."
1515274e77,Maid,"unmarried girl, young virgin, employed to do domestic work."
1515274e77,Public,"outside of the house, exposed to general view."
1515274e77,Stamp,"sticker put on envelopes to mail, to pound with heavy tool, to bring down foot hard."
0a7858ea02,Calm,"relaxed, chilled out, serene"
0a7858ea02,Forgive,"to accept another's apology, to forget another's wrongdoing"
0a7858ea02,Maid,"someone who does chores for another, a cleaner"
0a7858ea02,Public,"out in the open, not in private, a collective of a nation's people"
0a7858ea02,Stamp,"a mail sticker, postage"
0a7858ea02,Anger,"an emotion, to be mad, to be extremely upset"
0a7858ea02,Dam,"a water blockage, a barricade that keeps water in"
0a7858ea02,Id,"Freud's name for part of the being (id, ego, superego), instincts"
0a7858ea02,Off,"not on, switched to no power"
0a7858ea02,Web,"a tangle of strings, a spider's net to catch thing, a net, the internet"
7b5feaf707,Anger,a feeling which occurs in man
7b5feaf707,Dam,where water is stored in huge amount
7b5feaf707,Id,a Identification number which was given to a person
7b5feaf707,Off,to turn off the TV
7b5feaf707,Web,it is the internet where we can view pages
95e2618c28,Anger,"A strong feeling of displeasure or hostility,To make angry; enrage or provoke"
95e2618c28,Dam,"A barrier constructed across a waterway to control the flow or raise the level of water, A body of water controlled by such a barrier"
95e2618c28,Id,"A form of identification, especially an ID card"
95e2618c28,Off,"From a place or position,So as to be no longer continuing, operating, or functioning"
95e2618c28,Web,"A woven fabric, especially one on a loom or just removed from it,A latticed or woven structure"
86dc19ebbd,Anger,"annoyance, irritation, fury"
86dc19ebbd,Dam,"block, barrier,water storage area"
86dc19ebbd,Id,"identification, documents"
86dc19ebbd,Off,"rotten, switch off, not on"
86dc19ebbd,Web,"net, network, trap"
6be52007c6,Anger,A strong feeling of displeasure or hostility
6be52007c6,Dam,"A barrier constructed across a waterway to control the flow or raise the level of water.
b. A body of water controlled by such a barrier."
6be52007c6,Id,"A form of identification, especially an ID card. muslims festival is called Id."
6be52007c6,Off,"3.
away from a place: to run off; to look off toward the west."
6be52007c6,Web,something formed by or as if by weaving or interweaving
6c04a7f4c1,Anger,uncontroable
6c04a7f4c1,Dam,unsuceesful
6c04a7f4c1,Id,identification
6c04a7f4c1,Off,which is closed
6c04a7f4c1,Web,collection of information internet
2b15616b23,Anger,a kind of expressing fellings
2b15616b23,Dam,it is place where the rain water will be stored
2b15616b23,Id,means identity
2b15616b23,Off,to leave
2b15616b23,Web,a kind of thread like fluid coming out of spider
075bbbca89,Anger,"noun a strong feeling of annoyance, displeasure, or hostility. 
	verb provoke anger in (someone)."
075bbbca89,Dam,"a barrier constructed to hold back water and raise its level, forming a reservoir or preventing flooding. a barrier of branches in a stream, constructed by a beaver to provide a deep pool and a lodge."
075bbbca89,Id,"1	Idaho (in official postal use). 
2	identification or identity."
075bbbca89,Off,"1	away from the place in question. 
2	so as to be removed or separated. 
3	starting a journey or race. 
4	so as to bring to an end or be discontinued. 
5	(of an electrical appliance or power supply) not functioning or so as to cease to function."
075bbbca89,Web,"1	a network of fine threads constructed by a spider from fluid secreted by its spinnerets, used to catch its prey. 
2	a complex system of interconnected elements. (the Web) the World Wide Web. 
3	a membrane between the toes of a swimming bird or other aquatic animal."
ed12f022a1,Anger,A negative emotion. A lesser form of rage. Being upset with someone. Frustration
ed12f022a1,Dam,Something that blocks water. Beavers build these. The hoover Dam is one of these
ed12f022a1,Id,Subconscious perception of self.
ed12f022a1,Off,the opposite of on. not running or not engaged
ed12f022a1,Web,a spider's home and way of trapping food. is inter-tangled silky strands created by the spider. looks similar to a net
6b2ac0ef88,Anger,a type of feeling
6b2ac0ef88,Dam,barrier which is used to control huge body of water
6b2ac0ef88,Id,identity
6b2ac0ef88,Off,opposite of on
6b2ac0ef88,Web,nest of spider
ebc4f95447,Anger,angry
ebc4f95447,Dam,water holder
ebc4f95447,Id,identification
ebc4f95447,Off,shut down
ebc4f95447,Web,website
eb09612a37,Anger,ANGRY
eb09612a37,Dam,WATER HOLDING
eb09612a37,Id,INFERMATION
eb09612a37,Off,SHUT DOWN
eb09612a37,Web,WEBSITE
5504964e7f,Anger,"is an emotion, outrage, disappointment, animosity, rapid heart rate, high blood pressure, leads to yelling, can lead to violence"
5504964e7f,Dam,"is a structure, retains water, very large, made of concrete, causes flooding, used to make hydroelectricity"
5504964e7f,Id,"Freudian term, means ""it"", basic impulses, basic drives"
5504964e7f,Off,"preposition, can mean inactive, can mean removed, can mean deactivated, can mean spoiled food, can mean crazy"
5504964e7f,Web,"means something woven, expansive, covers many points, evokes spiders, suggests internet"
4f01be5e49,Anger,"To become anger,upset with someone or something."
4f01be5e49,Dam,"To stop up, congest, to keep from flowing smoothly."
4f01be5e49,Id,Self
4f01be5e49,Off,"Not on, not in operation. Not actively moving or operating, to be in a non movement state."
4f01be5e49,Web,no exact path or direction.
5923ae5b82,Anger,A strong feeling of displeasure or hostility
5923ae5b82,Dam,A barrier constructed across a waterway to control the flow or raise the level ofwater
5923ae5b82,Id,a card or badge used to identify the bearer
5923ae5b82,Off,Denoting a different direction
5923ae5b82,Web,Automated resources accessed via the Internet
99e53d7df1,Anger,"Anger is the strong emotion, that we feel when we think that someone has behaved in an unfair, cruel or unacceptable way. For example: she cried with anger and frustration"
99e53d7df1,Dam,"Dam is a wall, that is built across a river and stop the water flowing and to make a lake."
99e53d7df1,Id,"Id is an identification of our carrying docuements and it will use such as Identity card, driving licence which proves that you are a particular person."
99e53d7df1,Off,"Off is an opposite of On, we can use this word many like he broke off a small piece of orange"
99e53d7df1,Web,Web is the thin net made by a spider from a sticky substance which it produces in its body it is like 'The spider web in the window.
932ad1fc41,Anger,"shout,cry,scream,short tempered."
932ad1fc41,Dam,"water,air,electricity production,garden."
932ad1fc41,Id,"proof,college,school,voter."
932ad1fc41,Off,"light,switch,lit,fan."
932ad1fc41,Web,"page,address,camera,chatting."
b71a0177ea,Anger,"annoyed, distemper, ill humor, ill temper, impatience, irritation, mad, miff, outrage, passion, fierce,  irate, violent, wild"
b71a0177ea,Dam,"embankment, wall, bank, barrage, barrier, dike, ditch, gate, water"
b71a0177ea,Id,"Festival, sweets, generative force, inner nature, instinctive force, psyche, mosque"
b71a0177ea,Off,"apart, away , absent,  canceled, finished, unavailable ,  away from, behind,  not here, out, over, removed, vanishing,"
b71a0177ea,Web,"netting, cobweb,  fabric, fibre,  warp, weave, webbing, weft, net,mat, matting, maze"
9fbbce61dd,Anger,"emotion in  curios , temper , feeling, reaction"
9fbbce61dd,Dam,"water  resorver , surrounded  by  huge  water area, huge storage of  water"
9fbbce61dd,Id,"identify of a  user, authenticated , authorized, specifically, for  special,"
9fbbce61dd,Off,"status,no moment, switched off  , no motion, power off,"
9fbbce61dd,Web,"internet, globe net, covered, occupied in net, all controlled in signals"
eaecffb8af,Anger,"unwanted action,emotion,uncontrol"
eaecffb8af,Dam,"huge water container,collection of water"
eaecffb8af,Id,"identification,specific person"
eaecffb8af,Off,"disconnect,switch down,power fall"
eaecffb8af,Web,"net,connection of bonds,inter connected links"
88f44b5024,Anger,It is an automatic response to ill treatment
88f44b5024,Dam,barrier between two places
88f44b5024,Id,for recongition
88f44b5024,Off,an insect repellent
88f44b5024,Web,a series of science fiction stories
a7cece6cf4,Anger,"Harshness, Cruel, Emotion, One's nature & Irritated"
a7cece6cf4,Dam,"Water, Plenty of fishes, River, Water falls & Bridge"
a7cece6cf4,Id,"Ones identity, Card, Made of Plastic, Employee, Proof."
a7cece6cf4,Off,"Show off, away from a path, no longer supported, start off early"
a7cece6cf4,Web,"Surf, Internet, Information, URL, Work, Laptop"
3dc0788290,Anger,"fussy moment, misunderstanding, emotional reaction"
3dc0788290,Dam,"bad wishes, negative desires, not friendly"
3dc0788290,Id,"person number, singular characteristics, requested constantly, needed system."
3dc0788290,Off,"time over, no more, end of something, absence of action"
3dc0788290,Web,"door open, discoveries, global, connecting"
1e2a8c725e,Anger,"shouting or screaming at somebody, losing control of your temparament."
1e2a8c725e,Dam,a place to generate water.
1e2a8c725e,Id,"hotmail id, email id, a name is associated wid the id, short form for identification"
1e2a8c725e,Off,"you turn somethin off, off the fan, off the light,"
1e2a8c725e,Web,"spider web, a web full of wires and threads,"
faed1af4c3,Anger,"An emotion, rage, makes a person shout"
faed1af4c3,Dam,"made of bricks, stops water, collects water, required for hydro-electric power"
faed1af4c3,Id,A festival celebrated by Muslims
faed1af4c3,Off,"to turn out the power, to be turned away by something"
faed1af4c3,Web,"a snare, made by spiders, sticky"
a6e6f7b984,Anger,"A strong feeling of displeasure,make angry."
a6e6f7b984,Dam,"A barrier built across a river to hold back water,the female parent of an animal."
a6e6f7b984,Id,The part of the unconscious mind consisting of basic inherited instincts and feeling.
a6e6f7b984,Off,"A way from a place,so as to be seperated,so as to finish or be discontinued,not working or connected."
a6e6f7b984,Web,"Net work of threads,spider's web."
3056da8904,Anger,ANGRY
3056da8904,Dam,TANK
3056da8904,Id,PROOF
3056da8904,Off,SWITCH OFF
3056da8904,Web,SITE
b0af56c46c,Anger,"feeling, wilder"
b0af56c46c,Dam,"bridge, storage"
b0af56c46c,Id,identity
b0af56c46c,Off,"leave,"
b0af56c46c,Web,closet
cdf81c2126,Anger,Obsolete
cdf81c2126,Dam,"a barrier to obstruct the flow of water, especially one of earth, masonry, etc., built across a stream or river"
cdf81c2126,Id,to identify
cdf81c2126,Off,so as to be no longer supported or attached
cdf81c2126,Web,something formed by or as if by weaving or interweaving
6e487b9cb7,Anger,IS AM EMOTION.
6e487b9cb7,Dam,constructed across a waterway to control the flow.
6e487b9cb7,Id,a card
6e487b9cb7,Off,I AM GOING.
6e487b9cb7,Web,A TYPE OF TRAP FOR FLIES.
64950ed213,Anger,"to make angry, to become angry"
64950ed213,Dam,a barrier built across a watercourse for impounding water
64950ed213,Id,a skin rash that is an allergic reaction to an agent causing an infection
64950ed213,Off,"leave, from a place or position away from the land"
64950ed213,Web,"a thin metal sheet,to cover with a web or net work, to provide with a web"
e97ff5f954,Anger,a negative emotion involving displeasure at someone or something
e97ff5f954,Dam,a block/an obstacle/slang expletive of disappointment
e97ff5f954,Id,abbreviation that is meaningless/short for identification card like a drivers' license or passport
e97ff5f954,Off,not on/crazy/in error
e97ff5f954,Web,a home for the spiders/a plan to capture someone/online connections with the world
61cf21f695,Anger,"is an emotion, is a feedback,is a responce, is a sequence of insult, is real violence"
61cf21f695,Dam,"is a underground water stream, is containing water,"
61cf21f695,Id,"recognition,"
61cf21f695,Off,moving away
61cf21f695,Web,"is a interlinked documents,is a collection of pages"
8298f6c5c0,Anger,being very upset
8298f6c5c0,Dam,a lake
8298f6c5c0,Id,"the abbreviation of identification, when someone reveals"
8298f6c5c0,Off,when something becomes abrupt or stops
8298f6c5c0,Web,where spiders live
ab266a6b3c,Anger,"ill feeling, emotionalism, rough mood"
ab266a6b3c,Dam,"water storage, used for electricity, huge structure"
ab266a6b3c,Id,"identity,person's biodata, persons' facts and figures"
ab266a6b3c,Off,"close, shut down, turned out"
ab266a6b3c,Web,"a spider web, bunch, inter connected lines, inter related to each other"
33cd6db15a,Anger,"Outburst,Emotional trauma,Fury,See red,Rage,Uncontrollable emotion,Hot tempered,Hot headed,Irrational."
33cd6db15a,Dam,"Reservoir,Water collected within two natural barriers,Man made lake,Prevent,Built to protect,Solid wall,Electricity production from stored water."
33cd6db15a,Id,"Inner ego,Super ego,Freudian concept,A festival of Muslim Community,Physic self."
33cd6db15a,Off,"Turned off,Not on,Holiday,Rest,Break,Interval,Not on duty."
33cd6db15a,Web,"Internet Site,Domain,Spider's web,Gossamer thread,Fine net,Feet of the duck,Thin gauze like material."
33f9438463,Anger,a strong feeling of displeasure aroused by a wrong; wrath; ire; pain or smart; as of a sore; Obsolete . grief; trouble.
33f9438463,Dam,"a barrier to obstruct the flow of water, especially one of earth, masonry, etc., built across a stream or river; a body of water confined by a dam; any barrier resembling a dam. to stop up; block up;"
33f9438463,Id,"gmail id, yahoo id etc. the part of the psyche, residing in the unconscious, that is the source of instinctive impulses that seek satisfaction in accordance with the pleasure principle and are modified by the ego and the superego before they are given overt expression.a means of identification, as a card or bracelet containing official or approved identification information; to identify; to issue an ID to: Go to the admissions office if you haven't been ID'd yet."
33f9438463,Off,"so as to be no longer supported or attached: This button is about to come off; so as to be no longer covering or enclosing: to take a hat off; to take the wrapping off; away from a place: to run off; to look off toward the west; away from a path, course, etc.; aside: This road branches off to Grove City. so as to be away or on one's way: to start off early; to cast off."
33f9438463,Web,"something formed by or as if by weaving or interweaving; a thin, silken material spun by spiders and the larvae of some insects, as the webworms and tent caterpillars; Textiles - a woven fabric, especially a whole piece of cloth in the course of being woven or after it comes from the loom; the flat woven strip, without pile, often found at one or both ends of an Oriental rug; something resembling woven material, especially something having an interlaced or latticelike appearance: He looked up at the web of branches of the old tree; an intricate set or pattern of circumstances, facts, etc.: The thief was convicted by a web of evidence. Who can understand the web of life?"
4722c98540,Anger,"Harshness, Cruel, Emotion, One's nature & Irritated."
4722c98540,Dam,"Water, Plenty of fishes, River, Water falls & Bridge."
4722c98540,Id,"Ones identity, Card, Made of Plastic, Employee, Proof."
4722c98540,Off,"Show off, away from a path, no longer supported, start off early."
4722c98540,Web,"Surf, Internet, Information, URL, Work, Laptop."
c284e4a997,Anger,"Rude,Roughness,un stebilility,no good temper"
c284e4a997,Dam,"A girl,water reservoir,keeping water."
c284e4a997,Id,"inner mind ,deep soul, a slang of inner heart."
c284e4a997,Off,"dead,finished,off away"
c284e4a997,Web,"net,globe in hand,a small world"
7c3ee16479,Anger,a strong feeling which makes us to hurt others
7c3ee16479,Dam,a wall for collecting water which is used by people surrounding it
7c3ee16479,Id,document used to identify a particular person
7c3ee16479,Off,away from a place
7c3ee16479,Web,fixed net used to catch insect
2622f61522,Anger,"ira, ire, wrath, choler, angriness, see red"
2622f61522,Dam,"dike, dyke, decameter, decametre, dekameter, dekametre, dkm, dam up"
2622f61522,Id,"i.d., gem state, idaho"
2622f61522,Off,"bump off, dispatch, hit, murder, polish off, remove, slay, cancelled, sour,"
2622f61522,Web,"vane, entanglement, world wide web, www, network, net"
b47f4dafbe,Anger,"a feeling,a violent displeasure,rage, feirce,wrath"
b47f4dafbe,Dam,"a bank of earth,to hold back water,a bank to prevent flow of liquid"
b47f4dafbe,Id,"a form of card for identification of the bearer,energy underlying a physical activity"
b47f4dafbe,Off,"away from,more distant,lying away,far"
b47f4dafbe,Web,"anything woven,a cobweb,fine threads spun by a spider,skin inbetween the toes of bats,an interconnected system of people or something."
0da623e05b,Anger,Obsolete . grief; trouble.
0da623e05b,Dam,a barrier to obstruct the flow of water
0da623e05b,Id,identification
0da623e05b,Off,no longer supported or attached
0da623e05b,Web,"a branch of a tree, world wide web"
fd1a1cbbc3,Anger,"ira, irritability, yellow bile, angriness, choler, petulance, wrath, crossness, fretfulness, peevishness, anger, ire, fussiness"
fd1a1cbbc3,Dam,"decameter, dekameter, dam, dekametre, dkm, decametre"
fd1a1cbbc3,Id,"Idaho, Gem State, ID 
a state in the Rocky Mountains"
fd1a1cbbc3,Off,"cancelled, off-key, sullen, rancid, off, glowering, morose, dour, dark, false, moody, sour, turned, saturnine, glum"
fd1a1cbbc3,Web,"vane, weather vane, wind vane, entanglement, web, weathervane, blade, network"
99822f0efe,Anger,"Rage, mad, fury, upset, temper"
99822f0efe,Dam,"Wall, hold back water, power, Hoover, beaver, retain, stop, plug, block"
99822f0efe,Id,"Identification, name, number, card, license"
99822f0efe,Off,"Not on, shut, turn, switch, end"
99822f0efe,Web,"Spider, spin,  tangled, trap"
fbcc6f1973,Anger,hungry
fbcc6f1973,Dam,river
fbcc6f1973,Id,is a festival
fbcc6f1973,Off,close
fbcc6f1973,Web,net
5146be6c32,Anger,Anger is a secret weapon of man towards of evils but sometimes its result’s in the destruction of many noble qualities
5146be6c32,Dam,A dam is a barrier that impounds water or underground streams
5146be6c32,Id,Id is the one which use for represent the mail for identification
5146be6c32,Off,"Denoting a different direction not on or towards away as, to look off."
5146be6c32,Web,a hypertext system that operates over the Internet
62218ba708,Anger,"is an emotion, is intense, enraged, mad, furious"
62218ba708,Dam,"is a structure, a water barrier, creates electrical power"
62218ba708,Id,"is a freudian concept, impulsive, spontaneous, lacks control, instinct, gratification"
62218ba708,Off,"is not on, no power, not working"
62218ba708,Web,"is stringy, interconnected, woven, interwoven"
645dedc6c5,Anger,IT is a feeling.All people experience it when they don't get what they wish.a A frustrated feeling
645dedc6c5,Dam,It is a place to store water
645dedc6c5,Id,It is a muslim festival.It is the short form of identity
645dedc6c5,Off,to be away.
645dedc6c5,Web,The nest of a spider.Internet is also called as web.
cc0fd23c05,Anger,"ira, irritability, yellow bile, angriness, choler, petulance, wrath, crossness, fretfulness, peevishness, anger, ire, fussiness"
cc0fd23c05,Dam,"decameter, dekameter,  dekametre,, decametre"
cc0fd23c05,Id,idiocy  idiographic  idiolatry
cc0fd23c05,Off,"turned, sour, cancelled"
cc0fd23c05,Web,"network, vane, entanglement"
32d9d483a3,Anger,"A behavior, which is used to express frustration, helplessness, unlikeness by a person or animal"
32d9d483a3,Dam,"A structure, build to restrict water flow in a river , which inturn can be used to produce electricity or irrigation projects."
32d9d483a3,Id,"A short term used for Identity , which may refer an email id , photo id, or any identity forms issued by government or private concerns."
32d9d483a3,Off,a word used to describe some kind of a voidness.
32d9d483a3,Web,a network made up of something may refer to world wide web or a spider web
96824489d6,Anger,"emotion,hatred,negative emotion"
96824489d6,Dam,"where water stores,storing place"
96824489d6,Id,"identity card,email id, recognize"
96824489d6,Off,"turn off,switch off,hats off"
96824489d6,Web,"internet,website,social net work, Google"
3cbb3a43cc,Anger,"Hot displeasure, extreme or passionate displeasure, rage, fury, range, piqué , antagonism, irritation, outrage, vexation, painful, show feeling in rage"
3cbb3a43cc,Dam,"A barrier to hold back a flow of water, forming a reservoir or preventing flooding, block up , obstruct, mother especially for four footed animal"
3cbb3a43cc,Id,"Identification, it is used officially, inherited instinctive impulses of the individual as part of the unconscious , inside diameter"
3cbb3a43cc,Off,"Away, afar, at or to a distance, depart, out of the position, not on or touching or attached, so as to be rid of, stop, discontinue, to the end"
3cbb3a43cc,Web,"A woven fabric, film, membrance uniting the toes of water fowl, cobweb, net, tangle, trap, similar product of a spinning creature, mesh, network"
d2ee442783,Anger,"Anger - This word is a noun. To make some one angry, or provoke.  Anger is a feeling."
d2ee442783,Dam,Dam - The word first indicating me that a construction across a waterway to control the flow or raise the level of water. An obstruction for something.
d2ee442783,Id,"Id - Muslims festival, In Iraq - Id means dinar"
d2ee442783,Off,Off - away (for example; she is off from duty)
d2ee442783,Web,"Web - Web is technologically word, Spider's web"
46db8237d3,Anger,"expression,expressing bad mood,bursting of thoughts,end in sorrow"
46db8237d3,Dam,"barrier,reservoir,build in rocks,"
46db8237d3,Id,"information,personalproof,"
46db8237d3,Off,"to stop or end some action,"
46db8237d3,Web,"duck's web,human's finger web,website"
73f3c0f74f,Anger,"High voice, shouting, losing temper"
73f3c0f74f,Dam,"To save water, generating electricity, irrigation"
73f3c0f74f,Id,"Proof, having address, photo."
73f3c0f74f,Off,"To switch off, getting out of, taking a leave."
73f3c0f74f,Web,"spider, to capture, dust"
c602294c0a,Anger,temper
c602294c0a,Dam,stock of water
c602294c0a,Id,identity
c602294c0a,Off,shut
c602294c0a,Web,part of internet
af2803583c,Anger,"anger is a rage fierce, displeasure, passion excited by a sense of wrong , physical pain, inflammation, mad, hot tempered"
af2803583c,Dam,A barrier constructed across a waterway to control the flow or raise the level of water.
af2803583c,Id,a card or badge used to identify the bearer
af2803583c,Off,to look off.
af2803583c,Web,"a thin, silken material spun by spiders and the larvae of some insects"
2cfb3bdbcd,Anger,tension
2cfb3bdbcd,Dam,water
2cfb3bdbcd,Id,proof
2cfb3bdbcd,Off,stop
2cfb3bdbcd,Web,weave
5cf41e6737,Anger,gussa
5cf41e6737,Dam,mad
5cf41e6737,Id,identification
5cf41e6737,Off,opposite to on
5cf41e6737,Web,internet
a99eff3ef7,Anger,Anger is a strong feeling of dislike or displeasure
a99eff3ef7,Dam,a barrier built to hold back flowing water
a99eff3ef7,Id,identification
a99eff3ef7,Off,Off means to keep something away or to separate from
a99eff3ef7,Web,a web is something formed by weaving or is short for the World Wide Web
bba2068b29,Anger,the state of being angry
bba2068b29,Dam,barrier constructed to contain the flow of water or to keep out the sea
bba2068b29,Id,a state in the Rocky Mountains
bba2068b29,Off,not in operation or operational
bba2068b29,Web,an intricate network suggesting something that was formed by weaving or interweaving
4d213992b5,Beach,"sand,family park,within our budget,relaxation,largest in the world"
4d213992b5,Women,"mother,love,queen of home,king of kitchen,physically weak"
4d213992b5,Important,"notice,remember,Timing,voltaire,essential,punctuality"
4d213992b5,Period,"certain days,time,program schedule,column,rows"
4d213992b5,Tears,"pieces of paper,cutdown the fruits,gift wrappers,tear the relation"
a99eff3ef7,Beach,A beach is the area directly touching a seashore
a99eff3ef7,Women,the female human being
a99eff3ef7,Important,Important means having great significance or consequence
a99eff3ef7,Period,A period is a space of time between two events or a portion of time
a99eff3ef7,Tears,tears is the liquid flows from eye when crying
075bbbca89,Beach,"noun: a pebbly or sandy shore at the edge of the sea or a lake. 
	verb: bring on to a beach from the water. (with reference to a whale) become or cause to become stranded on a beach."
075bbbca89,Women,women plural form of woman.
075bbbca89,Important,"1	of great significance or value. 
2	having high rank or status."
075bbbca89,Period,"1	a length or portion of time. a major division of geological time that is a subdivision of an era and is itself subdivided into epochs. 
2	each of the set divisions of the day in a school. 
3	(also menstrual period) a monthly flow of blood and other material from the lining of the uterus, occurring in women of childbearing age when not pregnant. 
4	North American a full stop. 
5	Physics the interval of time between successive occurrences of the same state in an oscillatory or cyclic phenomenon."
075bbbca89,Tears,"noun a page that can be removed from a magazine, book, etc. for use separately."
cc0fd23c05,Beach,"bank, beach, bound, brink, edge, margin, shore, border, brim, coast, marge, rim, strand"
cc0fd23c05,Women,"donna, dowager, doxy, fair sex, female sex, feme"
cc0fd23c05,Important,"substantial, significant, meaning(a), of import, pregnant, important, authoritative, crucial"
cc0fd23c05,Period,"stop, period of time, catamenia, menstruum, menstruation, geological period, full point, time period, menses, point, flow, full stop"
cc0fd23c05,Tears,"crying, weeping, tears"
99822f0efe,Beach,"Water front, sand, shore, tides"
99822f0efe,Women,"Lady, girls, females"
99822f0efe,Important,"Urgent, right now, ASAP, priority"
99822f0efe,Period,"End, dot, sentence, menstrual"
99822f0efe,Tears,"Cry, lacrimal glands, tear duct, sadness, weep"
74a82eb356,Beach,sea shore
74a82eb356,Women,lady
74a82eb356,Period,difference between two timings
74a82eb356,Tears,salt water
6e487b9cb7,Beach,is a geological landform along the shoreline of an ocean.
6e487b9cb7,Women,is a female human.
6e487b9cb7,Important,Vital.
6e487b9cb7,Period,mean a full stop.
6e487b9cb7,Tears,secretions that clean and lubricate the eyes.
bee7f2ab27,Beach,"seashore,  coast"
bee7f2ab27,Women,"adult female, lady, maiden"
bee7f2ab27,Important,"serious,  notable,  major"
bee7f2ab27,Period,"span of time,  term, seson"
bee7f2ab27,Tears,water from eyes
6c04a7f4c1,Beach,which is near sea area
6c04a7f4c1,Women,female category in human beings
6c04a7f4c1,Important,especially something
6c04a7f4c1,Period,date specification
6c04a7f4c1,Tears,which occurs in saddness
24a08f9d6b,Beach,"Beach Wedding, Beach Resort, Beach Vacation, Beach Homes,Beach Rentals,The shore of a body of water, especially when sandy or pebbly."
24a08f9d6b,Women,"the plural of woman,Female,lady,women Clothing."
24a08f9d6b,Important,"of great significance or value; outstanding ,of social significance; notable; eminent; esteemed an important man."
24a08f9d6b,Period,"a portion of time ,specified in some way,the Jurassic period,Periodic Table,duration, continuance ,the period of time during which something continues."
24a08f9d6b,Tears,"To pull apart or into pieces by force; rend,To become torn,eye drops,To pull at, attack violently."
86dc19ebbd,Beach,"seashore, seaside, coast"
86dc19ebbd,Women,"lady, female"
86dc19ebbd,Important,"significant, vital, chief"
86dc19ebbd,Period,"era, age, stage"
86dc19ebbd,Tears,"moan, cry"
8e488a58fd,Beach,"Shoreline, land between sea and shore,sometimes sandy, sometimes stoney, somewhere to sunbathe,holiday destination, edge of land, on the coastline."
8e488a58fd,Women,"females, ladies, gender, not males, post pubescent femals"
8e488a58fd,Important,"vital, imperative,"
8e488a58fd,Period,"full stop, the symbol at the end of a sentence, portion of time"
8e488a58fd,Tears,"water from eye ducts, crying, weeping, sobbing, unhappy, eye irritation, watery, salty bodily fluid"
932ad1fc41,Beach,"soil,water,goa,water-sports."
932ad1fc41,Women,"beautiful,liberal,sacrifice,courage,devoting,caring,loving."
932ad1fc41,Important,"task,document,news,message,data."
932ad1fc41,Period,"short,long,school."
932ad1fc41,Tears,"sorrow,eyes,pain,punishment,emotions."
b51378192c,Beach,"Beach:is Beach wallpapers,Orient beach,Tropical beach,Florida beaches,Beach scenes,Myrtle beach"
b51378192c,Women,"Women:is Curves for woman,Famous women,a garment in this size range"
b51378192c,Important,"Important:Important notice ,Very important, important part in national politics."
b51378192c,Period,"Period: period calculator,Period blood,Period calendar"
b51378192c,Tears,"Tears:is tears, grief, sorrow,a drop of the saline."
24411c15a5,Beach,"ocean,sea,lake,recreation,fun,water,sand,salty,beautiful place to chill out."
24411c15a5,Women,"female,lady,girls."
24411c15a5,Important,"important even,useful,strong,more attention."
24411c15a5,Period,"time,phase,history"
24411c15a5,Tears,"water,eyes,sad,unhappy"
b0af56c46c,Beach,sea
b0af56c46c,Women,"female, sex"
b0af56c46c,Important,essential
b0af56c46c,Period,"time interval, lapse"
b0af56c46c,Tears,cry
cdf81c2126,Beach,the area adjacent to a seashore
cdf81c2126,Women,female
cdf81c2126,Important,much of interest
cdf81c2126,Period,lap of time
cdf81c2126,Tears,water drops from eyes
1c7639828f,Beach,"consist of sand , shore and water:ocean , sea, large river"
1c7639828f,Women,"a female, matured  girl, adult"
1c7639828f,Important,"great significance, mattering much, extreme"
1c7639828f,Period,"time, large interval of time , event"
1c7639828f,Tears,"salty, drop of fuild, flow from eyes"
96824489d6,Beach,"shore,sea,sand,time pass,enjoy,coconut trees"
96824489d6,Women,"lady,female,weaker sex, respectable,mother"
96824489d6,Important,"need,essential,mainly,"
96824489d6,Period,"time, menses,history,era"
96824489d6,Tears,"fluid,cry,sadness,eyes, glycerin,water"
ab266a6b3c,Beach,"sea beach, beach volleyball is famous, sandy, astride sea"
ab266a6b3c,Women,"female, a lady, mother is a women,"
ab266a6b3c,Important,"of some value, important document, precious, cannot be ignored,"
ab266a6b3c,Period,"description of time limit, related to some time bound activity, a time bracket"
ab266a6b3c,Tears,"drops from eyes, related to eyes, kind of water drops, related to emotions"
eaecffb8af,Beach,"ocean,place,sea"
eaecffb8af,Women,"girl,mother,beauty"
eaecffb8af,Important,"necessary,essential,main"
eaecffb8af,Period,"time,part,duration"
eaecffb8af,Tears,"drops of water,sorrow"
8298f6c5c0,Beach,The ocean or the sea
8298f6c5c0,Women,a group of females
8298f6c5c0,Important,vital or priority
8298f6c5c0,Period,a length of time
8298f6c5c0,Tears,what we do when we are emotional from crying
7af40d2804,Beach,"Area near the seashore where the water and land meets, Place for playing relaxation, Place with fine sand particles."
7af40d2804,Women,"Human having female sex, adult form of a girl"
7af40d2804,Important,"That gives more stress to something, used to represent whenever something is mostly needed."
7af40d2804,Period,"Certain amount of time, some particular duration"
7af40d2804,Tears,"Water that comes out of eyes, happens mostly when we are sad"
92cfd37e76,Beach,"water, sand, sand castles, salty air, lighthouse, breach umbrellas, towels, people swimming and wading in the water, pebbles, shells"
92cfd37e76,Women,"Ladies, hairstyles, shoes, handbags, manicures, fashion, dresses, shopping"
92cfd37e76,Important,"vital, essential"
92cfd37e76,Period,"Time, era, age, women, menstrual cycle"
92cfd37e76,Tears,"cry, wet, salty, children, faces, sadness, unhappy, cuddling, sobbing"
6c7df926ad,Beach,"a side of sea, gives trill"
6c7df926ad,Women,"girl, this beauti woman"
6c7df926ad,Important,"main ,thios is a important part"
6c7df926ad,Period,valid 1 year peride
6c7df926ad,Tears,"tear, your tears gives sad"
7b5feaf707,Beach,A place we can feel nature and fresh air
7b5feaf707,Women,"Women means a lady, It specifies a gender character"
7b5feaf707,Important,It has a great value
7b5feaf707,Period,The length of the time interval
7b5feaf707,Tears,the water that comes from the eyes while crying
66046579cd,Beach,"seashore,seaside,coast,shore,coastline,sand"
66046579cd,Women,"lady,female,partner of man,beautiful,mother,teacher,"
66046579cd,Important,"significant,vital,imperative,central,chief,key,main,essential,critical,focal,o great magnitude,valuable,worthy,eminent,influential"
66046579cd,Period,"dot,spot,episode,interlude,phase,era,age,stage,phase,interval.cycle,time"
66046579cd,Tears,"moan,cry,snuffle,liquid,transperent"
e97ff5f954,Beach,soft sand near the sea
e97ff5f954,Women,opposite gender to men/sensitive/emotional
e97ff5f954,Important,critical/imperative/necessary/ crucial
e97ff5f954,Period,menses/a fullstop/duration in time
e97ff5f954,Tears,water from the eyes/pearls/ripped or cut up openings in something
ebc4f95447,Beach,sea area
ebc4f95447,Women,lady's
ebc4f95447,Important,very need
ebc4f95447,Period,hours
ebc4f95447,Tears,eye water
d6fbaf0859,Beach,"body of water where we love to swim, normally bounded by white sand"
d6fbaf0859,Women,of female species
d6fbaf0859,Important,priority.. major
d6fbaf0859,Period,"a time frame, specific time."
d6fbaf0859,Tears,liquid substance emitted from the eyes when crying.
7c3ee16479,Beach,banks of a sea
7c3ee16479,Women,a single lady
7c3ee16479,Important,something which is neccesary
7c3ee16479,Period,a length of time
7c3ee16479,Tears,liquid in your eyes which flows out when you cry
5cee6644e6,Beach,Surfing
5cee6644e6,Women,Beautiful humans on Earth
5cee6644e6,Important,Mandatory
5cee6644e6,Period,When does it completes
5cee6644e6,Tears,Crying
bba2068b29,Beach,an area of sand sloping down to the water of a sea or lake
bba2068b29,Women,an adult female person (as opposed to a man)
bba2068b29,Important,of great significance or value
bba2068b29,Period,an amount of time
bba2068b29,Tears,the process of shedding tears (usually accompanied by sobs or other inarticulate sounds)
9a0973bddb,Beach,place with water and sand
9a0973bddb,Women,human female
9a0973bddb,Important,vip
9a0973bddb,Period,time
9a0973bddb,Tears,"salty water from eyes during pain,etc.."
95e2618c28,Beach,"The shore of a body of water, especially when sandy or pebbly"
95e2618c28,Women,is a female human
95e2618c28,Important,"Strongly affecting the course of events or the nature of things; significant,Having or suggesting a consciousness of high position or authority; authoritative"
95e2618c28,Period,"An interval of time characterized by the occurrence of a certain condition, event, or phenomenon,An interval of time characterized by the prevalence of a specified culture, ideology, or technology"
95e2618c28,Tears,"To pull apart or into pieces by force; rend,To make (an opening) by ripping"
6b2ac0ef88,Beach,sea shore
6b2ac0ef88,Women,plural of woman
6b2ac0ef88,Important,urgent
6b2ac0ef88,Period,portion of time
6b2ac0ef88,Tears,weeping
0030874b5f,Beach,"is a place, is a sea shore, to spend weekends, to take bath, to drive a boat,  many peoples come,"
0030874b5f,Women,"is a human being, is adult, a sister, a mother, a wife, a cousin,"
0030874b5f,Important,"means priority, great attention, prominent,"
0030874b5f,Period,"means different times of life, year"
0030874b5f,Tears,"is water comes from eyes, comes when sad, come continuesly from eyes when crying"
01c46be3fa,Beach,"sea shore, large amount of sand, shallow sea waters, attracts tourists"
01c46be3fa,Women,"second sex of human, attracts men, give birth to young ones"
01c46be3fa,Important,"crucial, can't be ignored,needs attention"
01c46be3fa,Period,"a section of time, sometimes refers to an hour in the school, use to express generations (renaissance period)"
01c46be3fa,Tears,"water flowing from eyes because of sorrow, pain and sometimes of excessive joy too."
645dedc6c5,Beach,a seashore where people come to relax
645dedc6c5,Women,female form of humans
645dedc6c5,Important,essential
645dedc6c5,Period,a length of time or days together
645dedc6c5,Tears,liquid flowing from eyes
5146be6c32,Beach,"A beach is a geological landform along the shoreline of an ocean, sea, lake or river."
5146be6c32,Women,"A woman is a female human. The term woman is usually reserved for an adult, with the term girl being the usual term for a female child or adolescent."
5146be6c32,Important,"The quality or condition of being important, significance."
5146be6c32,Period,"The time taken for one full oscillation, it is the reciprocal of frequency."
5146be6c32,Tears,Tears are secretions that clean and lubricate the eyes.
76d16651af,Beach,"coastline, has sand, at edge of water, place to swim, frolic, suntan, lots of water, seashore, place where people wear swimsuits"
76d16651af,Women,"female sex, having reproductive abilities, having a vagina and ovaries,"
76d16651af,Important,"major, significant, attracts attention, someone who achieves,"
76d16651af,Period,"punctuation at end of sentence, a time frame, measurement,"
76d16651af,Tears,"salty wetness excreted from eyes, sign of sadness and grief, sign of emotion,"
3163b36581,Beach,"Seashores, sand, waves, crabs, boats, sun bath,fishing, pleasant, pleasure"
3163b36581,Women,"Female, Human being, Mother,birth, breast feeding, reproduction, wife,home maker"
3163b36581,Important,"priority, valuable, essential, unforgettable,"
3163b36581,Period,"Full stop, spot, time limit, interval,"
3163b36581,Tears,"eye water, crying, emotional, on cheeks."
3ffa10e4f4,Beach,"beach is a place with sand,water,sun."
3ffa10e4f4,Women,"oposite of men,beautiful,gentle,sexy."
3ffa10e4f4,Important,"oposite of unimportant ,used for thing with biger meaning in life."
3ffa10e4f4,Period,period is the end of almost every sentence.also used for womans period(menstruation).
3ffa10e4f4,Tears,"simbol of feelings,sadnes,salty,happines."
656fd1e5f1,Beach,"Sandy, salty"
656fd1e5f1,Women,"soft, strong, delicate, emotional"
656fd1e5f1,Important,urgent
656fd1e5f1,Period,"the end of a sentence, menstrual cycle, time"
656fd1e5f1,Tears,"wet, salty"
73d01784ae,Beach,Beach is place where lovers usually seen.
73d01784ae,Women,Women has children and husband
73d01784ae,Important,Important is priority one.
73d01784ae,Period,Period can be specify in time.
73d01784ae,Tears,Tears comes from eyes.
fbcc6f1973,Beach,sea port
fbcc6f1973,Women,mothers
fbcc6f1973,Important,mainly
fbcc6f1973,Period,years
fbcc6f1973,Tears,eyes drops
46db8237d3,Beach,"sea shore,bikini,salt water"
46db8237d3,Women,"respectable,goddess,mother,kindness,trustworthy,life is empty without women"
46db8237d3,Important,"neccessary,irresistable,valuable,significant"
46db8237d3,Period,"duration,time interval,course duration"
46db8237d3,Tears,"precious,watery,salty,shed for loved ones"
0412f0a396,Beach,"by water, has sand"
0412f0a396,Women,has a Y chromasome
0412f0a396,Important,vital.
0412f0a396,Period,"the end of something, a measurement of time"
0412f0a396,Tears,"come out of eyes, usually for sadness"
ed12f022a1,Beach,A sandy area in between dry land an the ocean. Usually popular during the summer and for vacationers worldwide.
ed12f022a1,Women,Female. A human being with XX chromosomes.
ed12f022a1,Important,Something that has high value above other things.
ed12f022a1,Period,Punctuation to denote the end of a sentence or thought in writing. Looks like a dot.
ed12f022a1,Tears,Salty water that flows from your eyes as a release of emotion or to protect your eyes from foreign objects.
eb09612a37,Beach,SEA SOIL SIDE
eb09612a37,Women,LADY
eb09612a37,Important,VERY NEED
eb09612a37,Period,GAPES
eb09612a37,Tears,EYE WATER
6be52007c6,Beach,"the part of the shore of an ocean, sea, lake, etc., washed by the tide or waves."
6be52007c6,Women,plural of women
6be52007c6,Important,Strongly affecting the course of events or the nature of things; significant:
6be52007c6,Period,a round of time marked by the recurrence of some phenomenon or occupied by some recurring process or action.
6be52007c6,Tears,"this fluid appearing in or flowing from the eye as the result of emotion, especially grief: to shed tears"
0da623e05b,Beach,a place near sea
0da623e05b,Women,"female ,married women"
0da623e05b,Important,to give special care
0da623e05b,Period,any specified division or portion of time
0da623e05b,Tears,this fluid appearing in or flowing from the eye
2622f61522,Beach,"Sea, Beautiful Girls, Bikini"
2622f61522,Women,"fair sex, womanhood, char, charwoman, cleaning lady, cleaning woman, adult female"
2622f61522,Important,"crucial, of import, authoritative, significant"
2622f61522,Period,"full point, full stop, point, stop, catamenia, flow, menses, menstruation, menstruum, period of time, time period, geological period"
2622f61522,Tears,"crying, weeping"
fd1a1cbbc3,Beach,an area of sand sloping down to the water of a sea or lake
fd1a1cbbc3,Women,lady
fd1a1cbbc3,Important,"authoritative, important, crucial, significant, of import"
fd1a1cbbc3,Period,"stop, period of time, period, catamenia, menstruum, menstruation, geological period, full point, time period, menses, point, flow, full stop"
fd1a1cbbc3,Tears,"crying, weeping, tears"
2cfb3bdbcd,Beach,ocean
2cfb3bdbcd,Women,lady
2cfb3bdbcd,Important,must
2cfb3bdbcd,Period,point
2cfb3bdbcd,Tears,crying
0a7858ea02,Beach,"a coast, an area where an ocean or body of water meets a land mass, a sand covered area of land that is connected to the sea"
0a7858ea02,Women,"females, opposite of men, female humans"
0a7858ea02,Important,"very prominent, a big deal, a priority"
0a7858ea02,Period,"a form of punctuation used to end a sentence, the dot at the end of sentence"
0a7858ea02,Tears,"droplets of water that fall from the tear ducts from one's eyes, water that comes out of your eyes when you cry"
4722c98540,Beach,"Salt, Swimsuit, Fishes, Boats, Water & Waves."
4722c98540,Women,"Who is Beautiful, Who prepare food, Give birth to child, Loves her husband & Talk too much."
4722c98540,Important,"Meetings, Person, Dates, Scheduled, & Money."
4722c98540,Period,"Historic, Old age, Time format & War"
4722c98540,Tears,"Eyes, Hurt, Feel, Sadness & Failures."
5cf41e6737,Beach,sea bank
5cf41e6737,Women,lady
5cf41e6737,Important,good
5cf41e6737,Period,time leap
5cf41e6737,Tears,salty water from eyes
2a6566d746,Beach,"A SHORE OF SAND,PEBBLES,SHELLS AT THE EDGE OF THE SEA,PLACE FOR HOLIDAY."
2a6566d746,Women,"WHO GIVES BIRTH TO A CHILD,FEMALE,CARETAKER OF CHILDREN ,MAN'S BETTER HALF."
2a6566d746,Important,"HAVING A GREAT VALUE, VERY MUCH INFLUENCIVE."
2a6566d746,Period,"A PROTION OF TIME,LESSON IN THE SCHOOL,HISTORY,MONTHLY FLOW OF BLOOD FROM WOMEN'S WOMB."
2a6566d746,Tears,"A DROP OF SALTY LIQUID ,FULL OF EMOTIONS ,ASSOCIATED WITH SADNESS ,COMES OUT OF EYES WHEN SOMEONE IS SAD."
04a8663102,Beach,"Is a leisure place, place to gather with family, place to spend some time in private, get fresh air always, can play in the water, children will love to stand in the waves to wash their feet."
04a8663102,Women,"Opposite sex of man, she could produce kids, she takes care of the home in a good way compared to men, attractive, known for kindness and passion, shops a lot."
04a8663102,Important,"Something which is to be prioritized, what most people wants, feature which invites the attention of others."
04a8663102,Period,"The end of each sentence, a time frame in which you perform activities, set level of targets in a specified time frame."
04a8663102,Tears,"The water you shed from your eye, a response to sorrow, something which cannot be controlled if tried to, pours from eye even if you try to stop."
2b15616b23,Beach,a seashore
2b15616b23,Women,female gender
2b15616b23,Important,vital
2b15616b23,Period,means time
2b15616b23,Tears,a kind of fluid or water from eyes
3cbb3a43cc,Builder,"One who builds, an architect, a human being, walks, speak, smiles, screams, works, lives in house, constructs many buildings"
3cbb3a43cc,Fad,"a pet idea, craze, a shortly-lived fashion, mania, rage, trend, vogue, a fashion idea that lives in a shortest period,"
3cbb3a43cc,Loving,"Kind, affectionate, feeling, showing love, active love, see fondly, extreme care towards, very caring,"
3cbb3a43cc,Picture,"Any graphic representation or description, painting, drawing, photograph, call up an image in the mind, movie, imagination, portrait, depiction, illustration, sketch, idea, notion,"
3cbb3a43cc,Weak,"Feeble, soft, low, frail, unsteady, slight, in conclusive, deficient in strength, power, vigor or number, easily led, fragile,  flimsy, helpless, breakable, shaky, infirm, defenseless"
73f3c0f74f,Builder,"House, bridges, dam"
73f3c0f74f,Fad,"Moving trend, Crazy towards something"
73f3c0f74f,Loving,"Care, to be close to someone, mom, dad"
73f3c0f74f,Picture,"poster, color, paper, wall, personalities"
73f3c0f74f,Weak,"Not able to bear, malnourished"
ab266a6b3c,Builder,"who builds, constructs, a person who is builder by profession"
ab266a6b3c,Fad,"related to eating, a behaviour, habbit of eating"
ab266a6b3c,Loving,"caring, compassionate, kind hearted, a passion"
ab266a6b3c,Picture,"a photo, related to camera, is colourful, is framed"
ab266a6b3c,Weak,"thin, delicate, fragile"
cdf81c2126,Builder,a man who builds buildings
cdf81c2126,Fad,craze
cdf81c2126,Loving,caring and liking
cdf81c2126,Picture,art
cdf81c2126,Weak,not having much strength
c57efba744,Builder,constructor
c57efba744,Fad,fashion
c57efba744,Loving,"caring, affection"
c57efba744,Picture,"painting, photo"
c57efba744,Weak,disable
0a7858ea02,Builder,"someone who builds things, someone who puts things together, someone who assembles things"
0a7858ea02,Fad,"a phase, a trend"
0a7858ea02,Loving,"Affectionate, kind, a way to describe someone who is caring"
0a7858ea02,Picture,"a photograh, a still frame, a capture of a moment"
0a7858ea02,Weak,"not strong, fragile, frail, malnourished"
7c3ee16479,Builder,a person whose job is to make building
7c3ee16479,Fad,a style which is popular for a short period of time
7c3ee16479,Loving,showing love towards someone
7c3ee16479,Picture,"drawing, painting or photograph etc"
7c3ee16479,Weak,not strong
d6fbaf0859,Builder,"maker, contractor"
d6fbaf0859,Fad,"modern,  latest style"
d6fbaf0859,Loving,warm
d6fbaf0859,Picture,"photo, visual representation"
d6fbaf0859,Weak,"fragile, unhealthy, frail"
8298f6c5c0,Builder,A person who constructs an area.
8298f6c5c0,Fad,"Cliche or something that it ""in""."
8298f6c5c0,Loving,Compassionate person
8298f6c5c0,Picture,A photo or possibly referring to imagination
8298f6c5c0,Weak,The feeling of completely losing strength
932ad1fc41,Builder,"builds,building,flats,creates"
932ad1fc41,Fad,"craze,fashion,design,creation."
932ad1fc41,Loving,"caring,life,structure,life."
932ad1fc41,Picture,"quality,film,television,theater."
932ad1fc41,Weak,"person,life,animal,body,legs,hands."
9a0973bddb,Builder,person who builds or construct
9a0973bddb,Fad,less time fashion
9a0973bddb,Loving,attracting
9a0973bddb,Picture,image
9a0973bddb,Weak,7 days
eaecffb8af,Builder,"constructor,floor,bricks,worker"
eaecffb8af,Fad,"craze,dislike,fussy"
eaecffb8af,Loving,"love,sharing feelings,care"
eaecffb8af,Picture,"image,photo,pose,pixcel"
eaecffb8af,Weak,"very low strength,not suitable,damaged"
33f9438463,Builder,"noun 
a person who builds; a person who constructs buildings under contract or as a speculation; a substance, as an abrasive or filler, added to soaps or other cleaning agents to increase their effectiveness; a person who builds, esp one who contracts for and supervises the construction or repair of buildings; a substance added to a soap or detergent as a filler or abrasive"
33f9438463,Fad,"a temporary fashion, notion, manner of conduct, etc., especially one followed enthusiastically by a group, an intense but short-lived fashion; craze, a personal idiosyncrasy or whim."
33f9438463,Loving,"feeling or showing love; warmly affectionate; fond: loving glances. feeling, showing, or indicating love and affection; sexual passion or desire."
33f9438463,Picture,"a visual representation of a person, object, or scene, as a painting, drawing, photograph, etc.: I carry a picture of my grandchild in my wallet; any visible image, however produced: pictures reflected in a pool of water; a mental image: a clear picture of how he had looked that day; a particular image or reality as portrayed in an account or description; depiction; version; a tableau, as in theatrical representation."
33f9438463,Weak,"not strong; liable to yield, break, or collapse under pressure or strain; fragile; frail: a weak fortress; a weak spot in armor; lacking in bodily strength or healthy vigor; as from age or sickness; feeble; infirm: a weak old man; weak eyes; not having much political strength, governing power, or authority: a weak nation; a weak ruler; lacking in force, potency, or efficacy; impotent, ineffectual, or inadequate: weak sunlight; a weak wind; cking in rhetorical or creative force or effectiveness: a weak reply to the charges; one of the author's weakest novels."
cc0fd23c05,Builder,"constructor, detergent builder"
cc0fd23c05,Fad,"cult, fury, frenzy, rage, furore, madness, craze, fad, delirium, passion, hysteria, religious cult, furor, cultus"
cc0fd23c05,Loving,"amiable, agreeable, engaging, lovable, pleasing, attractive, gentle, lovely, sweet, benignant, good-natured, loving, winning, harming, kind, pleasant, winsome"
cc0fd23c05,Picture,"figure, flick, look-alike, video, figure of speech, mental picture, range, paradigm, film, epitome, moving picture, simulacrum, impression"
cc0fd23c05,Weak,"faint, debile, sapless, unaccented, washy, rickety, feeble, watery, light, weakly, imperfect, frail, fallible, infirm, decrepit"
08e12de3f3,Builder,"a person or animal that builds,in the business of constructing buildings"
08e12de3f3,Fad,A fad is something that people are interested in for a short period of time
08e12de3f3,Loving,"feeling love, devoted"
08e12de3f3,Picture,"A picture is a photo, drawing, painting or other image captured of a person, thing or scene"
08e12de3f3,Weak,lacking in strength
99822f0efe,Builder,"Construction, work, labor, makes things"
99822f0efe,Fad,"Not timeless, popular, style, changes quickly"
99822f0efe,Loving,"Caring, warm, more than liking, not hating, passionate"
99822f0efe,Picture,"Photo, image, drawing, camera, frame"
99822f0efe,Weak,"Not strong, frail, fragIle, breakable, flawed"
3056da8904,Builder,MAKER
3056da8904,Fad,DULL
3056da8904,Loving,AFFECTION
3056da8904,Picture,DRAWING
3056da8904,Weak,DULL
af180e3be2,Builder,"a person who builds,a person who constructs buildings,a substance"
af180e3be2,Fad,"a temporary fashion,notion,manner of conduct"
af180e3be2,Loving,"feeling of showing love,warmly affectionate,loving glances"
af180e3be2,Picture,"a visual representation of person or object,scene,as a painting drawing or photograph,a particular image,version"
af180e3be2,Weak,"not strong,liable to yield,as from age or sickness,feeble,infirm,not having much political strength"
9fbbce61dd,Builder,"developer, engineer, promoters,"
9fbbce61dd,Fad,"feeling, interest"
9fbbce61dd,Loving,"nearing, beloved one, affection,"
9fbbce61dd,Picture,"film,movie, figure, drawing"
9fbbce61dd,Weak,"physically not well, no  strength, need more  strength"
153fbbab45,Builder,a person whose job it is to make buildings
153fbbab45,Fad,There was a fad  for  wearing ripped jeans a few years ago.
153fbbab45,Loving,He's a very loving child.
153fbbab45,Picture,We can't get a clear picture.
153fbbab45,Weak,He gave the weakest of excuses when asked why he was late.
b71a0177ea,Builder,"construction worker,architect, artisan, constructor, contractor, craftsperson,inventor. maker, manufacturer, mason, originator, producer"
b71a0177ea,Fad,"craze,affection,amusment, cry, fantasy, fashion, hobby, humor, innovation, passion, style, trend"
b71a0177ea,Loving,"adore, like very much, admire, be crazy about, be fascinated with, be fond of, care for, cherish, affectionate, amiable, kind, loyal"
b71a0177ea,Picture,"illustration, art, blueprint, canvas, copy, cartoon, depiction, description, draft, drawing, outline, photograph, statue, sketch"
b71a0177ea,Weak,"not strong, anemic, delicate, exhausted, faint, insubstantial, irresolute, limp, powerless, rotten, dull"
2622f61522,Builder,"constructor, detergent builder"
2622f61522,Fad,"craze, cult, furor, furore, rage"
2622f61522,Loving,"Lovely, Dear. lovable."
2622f61522,Picture,"painting, exposure, photo, photograph, pic, icon, ikon, image, impression,"
2622f61522,Weak,"washy, watery, fallible, frail, imperfect, faint,"
6b2ac0ef88,Builder,one who builds
6b2ac0ef88,Fad,temporary fashion
6b2ac0ef88,Loving,expressing love
6b2ac0ef88,Picture,photograph
6b2ac0ef88,Weak,opposite of strong
bba2068b29,Builder,someone who contracts for and supervises construction (as of a building)
bba2068b29,Fad,an interest followed with exaggerated zeal
bba2068b29,Loving,feeling or showing love and affection
bba2068b29,Picture,the visible part of a television transmission
bba2068b29,Weak,thin and insipid
a7cece6cf4,Builder,"Engineer, Planner, Workers, Pressure & Money"
a7cece6cf4,Fad,"Hobby, Sad, Freak, enthusiasm, Dull & Sorrow"
a7cece6cf4,Loving,"Parents, Dog, Nature, Character & Husbands"
a7cece6cf4,Picture,"Art, Color, Love, Life, Photos & Albums, Movies"
a7cece6cf4,Weak,"Dull, Ill, Clinic, Injection, Doctor, Ice cream"
b47f4dafbe,Builder,"a person who built a house,house building contractor,an abrasive used in soap"
b47f4dafbe,Fad,"a hobby, a whim,freak with lot of enthusiasm,exxagerated interest over something,a pet notion,craze"
b47f4dafbe,Loving,"caring,expressiing love or kindness,pleasing,amiable,affectionate,fond expressive"
b47f4dafbe,Picture,"a printing,a photo,image.protrait,drawing,imagine"
b47f4dafbe,Weak,"sick,not strong,feeble,soft,not up to the standard"
a99eff3ef7,Builder,a person or animal that builds
a99eff3ef7,Fad,A fad is something that people are interested in for a short period of time
a99eff3ef7,Loving,feeling love
a99eff3ef7,Picture,"A picture is a photo, drawing, painting or other image captured of a person, thing or scene"
a99eff3ef7,Weak,Weak means lacking in strength
6c7df926ad,Builder,"housing, this is a long builder"
6c7df926ad,Fad,"this is my fad vision, temporary"
6c7df926ad,Loving,"i am loving on my  sisters, love gives happy"
6c7df926ad,Picture,"this is my picture, photo"
6c7df926ad,Weak,"this is my weak, opposite strong"
2b15616b23,Builder,one who bilds some thing eg; body builder
2b15616b23,Fad,enthusiasm for some time with little fashion
2b15616b23,Loving,means caring
2b15616b23,Picture,a photo
2b15616b23,Weak,means not strong enough
bee7f2ab27,Builder,"constructor,  producer,  man put up stucture"
bee7f2ab27,Fad,"mania,  fancy,  craze"
bee7f2ab27,Loving,"regarding,  warm feeling,"
bee7f2ab27,Picture,"drawing,  painting,  sketch"
bee7f2ab27,Weak,"lacking strength, unsteady,  powerless"
075bbbca89,Builder,"verb (past and past participle built) 
1	construct by putting parts or materials together. (build something in/into) incorporate something as a permanent part of. 
2	increase in size or intensity over time. (build on) use as a basis for further development."
075bbbca89,Fad,"1	a craze. 
2	an arbitrary like or dislike."
075bbbca89,Loving,adjective feeling or showing love or great care. [in combination] (-loving) enjoying the specified thing: a fun-loving girl.
075bbbca89,Picture,"1	a painting, drawing, or photograph. a portrait. an image on a television screen. 
2	an impression formed from an account or description: a full picture of the disaster had not yet emerged. (often in phrase in (or out of) the picture) informal a state of being fully informed about or involved in something."
075bbbca89,Weak,"1	lacking physical strength and energy. 
2	liable to break or give way under pressure. not convincing or forceful. not secure, stable, or firmly established. (of prices or a market) having a downward tendency. 
3	lacking power, influence, or ability. lacking intensity. (of a liquid or solution) heavily diluted. (of features) not strongly marked. (of a syllable) unstressed."
6be52007c6,Builder,"One that builds, especially a person who contracts for and supervises the construction of a building.
2. An abrasive or filler used in a soap or detergent."
6be52007c6,Fad,A fashion that is taken up with great enthusiasm for a brief period of time; a craze.
6be52007c6,Loving,"Expressing love or kindness; as, loving words.
 Affectionate."
6be52007c6,Picture,". A visual representation or image painted, drawn, photographed, or otherwise rendered on a flat surface"
6be52007c6,Weak,"Lacking physical strength, energy, or vigor; feeble.
2. Likely to fail under pressure, stress, or strain; lacking resistance: a weak link in a chain.
3. Lacking firmness of character or strength of will.
4. Lacking the proper strength or amount of ingredients"
370cf94663,Builder,BUILD THE BULDING
370cf94663,Fad,FASHION
370cf94663,Loving,MOTHER
370cf94663,Picture,PHOTOGRAPH
370cf94663,Weak,ABSENCE OF SOMETHING
86dc19ebbd,Builder,"designer, architect, draftsman, planner"
86dc19ebbd,Fad,"fashion, craze, trend"
86dc19ebbd,Loving,"affectionate, tender, fond, devoted"
86dc19ebbd,Picture,"image, depiction, potrait"
86dc19ebbd,Weak,"feeble, frail, fragile"
eece1523fc,Builder,"maker,artisan,architect."
eece1523fc,Fad,"fashion,fantasy,conciet,caprice,innovation,affectation."
eece1523fc,Loving,"infatuated,expressive,considerate,sentimetal,affectionate,impassioned,fondness."
eece1523fc,Picture,"photograph,impression,illustrate,description,delineation,representation,personification,paint drew."
eece1523fc,Weak,"incompetent,implausible,unbelievable,imperceptible,unsatisfactory,breakable,delicate,senile,sickly,unwell."
c602294c0a,Builder,creator of construction
c602294c0a,Fad,craze
c602294c0a,Loving,feeling of care
c602294c0a,Picture,photo
c602294c0a,Weak,unhealthy
5cf41e6737,Builder,who builds
5cf41e6737,Fad,light
5cf41e6737,Loving,liking
5cf41e6737,Picture,photo
5cf41e6737,Weak,seven days
0da623e05b,Builder,those who construct
0da623e05b,Fad,"fashion, notion, manner of conduct"
0da623e05b,Loving,showing love
0da623e05b,Picture,a visible image
0da623e05b,Weak,unhealthy
ed12f022a1,Builder,"a construction worker. one who builds things, wears a hard hat, works with surveyors"
ed12f022a1,Fad,"something that is popular only for a short while. Ed hardy clothes, acid washed jeans, bell-bottoms are all examples"
ed12f022a1,Loving,"caring for someone deeply enough that you would do anything for them. willing to make sacrifices for them, working as a team and helping this person"
ed12f022a1,Picture,a photograph of something. captures a moment in time visually either as a digital copy or on film/photopaper
ed12f022a1,Weak,not strong. cannot endure physically or mentally
fd1a1cbbc3,Builder,"builder, detergent builder 
a substance added to soaps or detergents to increase their cleansing action"
fd1a1cbbc3,Fad,"fad, craze, furor, furore, cult, rage 
an interest followed with exaggerated zeal"
fd1a1cbbc3,Loving,feeling or showing love and affection
fd1a1cbbc3,Picture,"picture, image, icon, ikon 
a visual representation (of an object or scene or person or abstraction) produced on a surface"
fd1a1cbbc3,Weak,"faint, debile, sapless, unaccented, washy, rickety, feeble, watery, light, weakly, imperfect, frail, fallible, infirm, decrepit"
b0af56c46c,Builder,constructor
b0af56c46c,Fad,style
b0af56c46c,Loving,caring
b0af56c46c,Picture,portrait
b0af56c46c,Weak,ill
6c04a7f4c1,Builder,how is used to construct the buildings
6c04a7f4c1,Fad,nothing to expain
6c04a7f4c1,Loving,be affection nate
6c04a7f4c1,Picture,image representation
6c04a7f4c1,Weak,person  with ill health
eb09612a37,Builder,DEVELOPER
eb09612a37,Fad,DIM
eb09612a37,Loving,AFFECTION
eb09612a37,Picture,WALL PAPER
eb09612a37,Weak,WEAKDAYS
88dfe9ed3b,Builder,the person who constructs
88dfe9ed3b,Fad,fashion
88dfe9ed3b,Loving,caring
88dfe9ed3b,Picture,photo
88dfe9ed3b,Weak,not well
6e487b9cb7,Builder,person who supervises the construction of a building.
6e487b9cb7,Fad,A temporary fashion
6e487b9cb7,Loving,see love
6e487b9cb7,Picture,a Painting or drawing
6e487b9cb7,Weak,"not sop good,lacking in physical strength"
b51378192c,Builder,"Builder:is a person who builds,a person who constructs buildings  under contract or as a speculation."
b51378192c,Fad,"Fad:is Fad diets,Fashion fads,Bad fads,fad diet,fad dish"
b51378192c,Loving,"Loving:is love,love affair,love apple,love arrows"
b51378192c,Picture,"Picture:is Herpe pictures,Funny pictures,picture book,picture card,picture disc"
b51378192c,Weak,"Weak:is Weak people,Weak person,not strong, liable to yield"
95e2618c28,Builder,"One that builds, especially a person who contracts for and supervises the construction of a building."
95e2618c28,Fad,A fashion that is taken up with great enthusiasm for a brief period of time; a craze.
95e2618c28,Loving,"feeling, showing, or indicating love and affection"
95e2618c28,Picture,"A visual representation or image painted, drawn, photographed, or otherwise rendered on a flat surface."
95e2618c28,Weak,"Lacking physical strength, energy, or vigor; feeble."
fbcc6f1973,Builder,"build any of the buildings, tower"
fbcc6f1973,Fad,mad
fbcc6f1973,Loving,loved to one another
fbcc6f1973,Picture,film
fbcc6f1973,Weak,not work correctly
72be7457a3,Builder,"one who constructs,a skilled worker,one who buids buildings"
72be7457a3,Fad,"who brings followers,fashion designers"
72be7457a3,Loving,"show affection,a positive feeling towards some one,all likes to be loved"
72be7457a3,Picture,"a demonstration of images,visual communication,"
72be7457a3,Weak,"delicate, easily breakable,tender in nature"
24a08f9d6b,Builder,"One that builds, especially a person who contracts;superviser;the construction of a building;Creator;God;materia x , tol, stuff;the tangible substance;homebuilder, house-builder."
24a08f9d6b,Fad,"A fashion that is taken up with great enthusiasm for a brief period of time; a craze;furor, furore, cult, rage;fashion - the latest and most admired style in clothes and cosmetics and behavior."
24a08f9d6b,Loving,"To love;to care for ;Feeling love; affectionate;exhibiting love;feeling, showing, or indicating love;committed, attached;passionate;lovable."
24a08f9d6b,Picture,"A visual representation ;image painted, drawn, photographed,A movie,description,represent,picture gallery,icon, image,paint."
24a08f9d6b,Weak,"Lacking physical strength,feeble,a weak student; to fail; under pressure, stress, or strain; lacking resistance."
7b5feaf707,Builder,A person who builds a building
7b5feaf707,Fad,fashion
7b5feaf707,Loving,affection
7b5feaf707,Picture,A image or a photo
7b5feaf707,Weak,when strength and energy go less a person will feel weak
2cfb3bdbcd,Builder,engineer
2cfb3bdbcd,Fad,cult
2cfb3bdbcd,Loving,love
2cfb3bdbcd,Picture,image
2cfb3bdbcd,Weak,dull
af2803583c,Builder,"One that builds, especially a person who contracts for and supervises the construction of a building."
af2803583c,Fad,A fashion that is taken up with great enthusiasm for a brief period of time
af2803583c,Loving,Expressing love or kindness
af2803583c,Picture,"A visual representation or image painted, drawn, photographed, or otherwise rendered on a flat surface."
af2803583c,Weak,"Not able to sustain a great weight, pressure, or strain"
a7cd587df0,Builder,"manufacturer, , developer, mason, fabricator, , carpenter, lather, taper, plasterer,contractor,  producer, artisan, a person who build homes, buildings, a person who exercise his body (body-builder)"
a7cd587df0,Fad,"affectation, amusement, humor, fancy, fantasy, fashion, innovation"
a7cd587df0,Loving,"love, caring, wanting, taking care of something,"
a7cd587df0,Picture,"photo, image, art,"
a7cd587df0,Weak,"anemic, powerless, rotten, senile, fragile"
e97ff5f954,Builder,constructor/one who builds something
e97ff5f954,Fad,trend/fashion/craze/the in thing
e97ff5f954,Loving,caring/affectionate/emotional
e97ff5f954,Picture,photograph/to imagine
e97ff5f954,Weak,not strong/not up to the mark/breakable
96824489d6,Builder,"architect,mason,building,plan"
96824489d6,Fad,"preference,interest"
96824489d6,Loving,"mother,pet,affection,family,bond"
96824489d6,Picture,"drawing,movie,art,photos"
96824489d6,Weak,"unhealthy,tiredness,old,battery,soft,thin"
bdf550a047,Builder,"Constructor,increase overtime,have heavy body,perfectman,physically fit"
bdf550a047,Fad,"craze,fussy,excitement"
bdf550a047,Loving,"affection,attraction,great liking,zero score,sexual attraction"
bdf550a047,Picture,"painting,drawing,photo,image,cinema,have colours,shapes.."
bdf550a047,Weak,"lacking strength,not stable,heavily diluted,dont have stamina"
4722c98540,Builder,"Engineer, Planner, Workers, Pressure & Money"
4722c98540,Fad,"Hobby, Sad, Freak, enthusiasm, Dull & Sorrow"
4722c98540,Loving,"Parents, Dog, Nature, Character & Husbands"
4722c98540,Picture,"Art, Color, Love, Life, Photos & Albums, Movies"
4722c98540,Weak,"Dull, Ill, Clinic, Injection, Doctor, Ice cream"
a4da035c8e,Builder,"can be a body builder,build a building, who create structures"
a4da035c8e,Fad,"enthusiasm for some thing, like or dislike something."
a4da035c8e,Loving,"caring, great feeling of affection, sexual attraction."
a4da035c8e,Picture,"image, snapshot of something,can be a film"
a4da035c8e,Weak,"opposite of strong, physically or mentally weak."
5146be6c32,Builder,who specializes in building work and who causes buildings to be constructed.
5146be6c32,Fad,"A fad is any form of behavior that develops among a large population and is collectively followed with enthusiasm for some period, generally as a result of the behavior's being perceived as novel in some way."
5146be6c32,Loving,Expressing love or kindness and affectionate.
5146be6c32,Picture,"picture is a image which can be  captured by optical devices—such as cameras, mirrors, lenses, telescopes, microscopes."
5146be6c32,Weak,"Weak is a generic adjective pertaining to a general state of feebleness, a lack of strength, durability, or vigor."
1c7639828f,Builder,"who makes something, especially buildings, an ingredient added to a soap or a detergent"
1c7639828f,Fad,"fantacy, short lived fashion, a personal idiosyncrasy"
1c7639828f,Loving,"showing love, caring with love, affectionate"
1c7639828f,Picture,"a visual representation, it may be animals human beings , object or scene;A visible image"
1c7639828f,Weak,"not strong, feeble, collapse under pressure or strain"
9b49703872,Builder,"constructor, detergent builder"
9b49703872,Fad,"craze, cult, furor, furore, rage"
9b49703872,Loving,Loveable
9b49703872,Picture,"photo, image,show."
9b49703872,Weak,"infirm, rickety, sapless"
ebc4f95447,Builder,developer
ebc4f95447,Fad,dim
ebc4f95447,Loving,love
ebc4f95447,Picture,wall paper
ebc4f95447,Weak,dull
4d213992b5,Builder,"engineer,construction,site,planning"
4d213992b5,Fad,"craze, beatiful,affection,Flavin"
4d213992b5,Loving,"girlfiend,sex,baby,parents,from wife,heaven"
4d213992b5,Picture,"showing something,posture,explain,idea,visual,3d,advertising"
4d213992b5,Weak,"strong,mind,pain,mental challeged,"
