worker_id,word,answer
c537c66a20,Swoon,"faint, get overly excited"
c537c66a20,Frequency,how often something happens
c537c66a20,Copper,red-brown metal
c537c66a20,Predator,preys on something weaker
c537c66a20,Clever,"smart, logical, witty"
8b689e3a3e,Swoon,"lust, happy, good feelings, love"
8b689e3a3e,Frequency,"often, repeating events, time"
8b689e3a3e,Copper,"pennies, metal, cheap, pipes, building, construction, work"
8b689e3a3e,Predator,"enemy, evil, nature, food, prey, animals"
8b689e3a3e,Clever,"smart, witty, funny, makes people laugh"
d55b7eda6d,Swoon,to faint
d55b7eda6d,Frequency,a lot times
d55b7eda6d,Copper,a chemical
d55b7eda6d,Predator,looking for food
d55b7eda6d,Clever,smart person
044eb8d3ef,Swoon,"to faint dramatically, would often occur in the past when ladies wore corsets"
044eb8d3ef,Frequency,how often something occurs in a given amount of time
044eb8d3ef,Copper,"a brownish reddish metal, is a very good conductor of electricity and heat, often used in wiring and pans"
044eb8d3ef,Predator,"something that hunts prey, the top of the food chain"
044eb8d3ef,Clever,"very smart, witty, can come up with ingenious thoughts"
19721341bc,Swoon,faint: overcome with emotion : rapturous emotion
19721341bc,Frequency,how many times: precise airwaves measurement in radio
19721341bc,Copper,a type of metal: a police officer
19721341bc,Predator,an animal who eats other animals:  a man who goes after women to harm them:  a man or woman who goes after children sexually.
19721341bc,Clever,faint: overcome with emotion : rapturous emotion
2fa3c023d3,Swoon,lose consciousness
2fa3c023d3,Frequency,regularity
2fa3c023d3,Copper,a police officer
2fa3c023d3,Predator,any carnivorous animal
2fa3c023d3,Clever,Wise
046c6c52e6,Swoon,To faint or lose consciousness.
046c6c52e6,Frequency,The measure of time in which you perform the same action repeatedly
046c6c52e6,Copper,I presious metal used in builing materials and plumbing pipes
046c6c52e6,Predator,An animal that hunts smaller weaker animals for food and game.
046c6c52e6,Clever,Someone who is smarter than average.
9ddacdfb07,Swoon,"to like emensely
to fall at the feet of 
to fall in love with
Used to define how a person makes you feel"
9ddacdfb07,Frequency,"dial number of a radio/tv channel
How often something happens
the pitch/tone of a sound"
9ddacdfb07,Copper,"a bright colored metal
a crayon color
pings when you taps it
used for water pipes in a house"
9ddacdfb07,Predator,"an animal
kills for it's food"
9ddacdfb07,Clever,"smart
looks for new ways to do things
innovative in how you think"
a26cab110c,Swoon,"to love something, become woozy, attracted"
a26cab110c,Frequency,"how often one does something, repeating an activity, a way to measure time"
a26cab110c,Copper,"a type of metal, non magnetic, brown in color, shiny, conducts electricity, is malleable"
a26cab110c,Predator,"alien versus this, enemy, preys on weaker things, top of food chain"
a26cab110c,Clever,"smart, intelligent, witty,"
b863762a1d,Swoon,to faint
b863762a1d,Frequency,the rate something can be repeated over time
b863762a1d,Copper,a metal or color
b863762a1d,Predator,a creature that hunts for prey
b863762a1d,Clever,to be smarter or able to think cunningly
de7cff418b,Swoon,"To pass out, faint, action of fair maidens in historical romance novels, happens when the handsome gentleman enters the room"
de7cff418b,Frequency,"number of occurrences in a given time, how often something happens, in music the number of sound waves which varies with pitch"
de7cff418b,Copper,"Metal found in pipes and pennies; often stolen and sold for scrap,"
de7cff418b,Predator,"hunting animal, carnivore, meat-eating, top of the food chain, one who purposefully goes after the weak"
de7cff418b,Clever,"smart, kiniving, underhanded, creative, knows how to work people"
cfa917d474,Swoon,An extreme emotion that usually causes someone to faint. Has to do with human emotion.
cfa917d474,Frequency,How often something occurs.  Has to do with time.
cfa917d474,Copper,A element found in the earth fairly common.  Used in construction often.
cfa917d474,Predator,Something that preys on prey
cfa917d474,Clever,To be witty.  Smart. Quick thinking.
9195e23a24,Swoon,"faint, pass out, usually used for a women"
9195e23a24,Frequency,"how oftain, how regularly"
9195e23a24,Copper,"a metal, used for pipes"
9195e23a24,Predator,"hunter, meat eater, bears, cats, criminals"
9195e23a24,Clever,"smart, fast thinking, comes up with good ideas"
f790d788d4,Swoon,"Fall in love, become weak in the knees, become extremely attracted to someone"
f790d788d4,Frequency,"rate of occurence, radio station numbers, how close together a wave is"
f790d788d4,Copper,"currency in games, basic metal, used to be used in pennies"
f790d788d4,Predator,"movie villian, hunts prey, meat eating wild animal"
f790d788d4,Clever,"smart, funny, good at puzzles"
2bf9b1baa7,Swoon,"bend, flirt, suave, cool, dote"
2bf9b1baa7,Frequency,"often, many, hits, variance"
2bf9b1baa7,Copper,"metallic, cold, efficient, shinny"
2bf9b1baa7,Predator,"aggressive, malicious, cunning, devilish, malevolent"
2bf9b1baa7,Clever,"smart, competent, quick, sharp"
89b7c2c2a7,Swoon,"faint, pass out"
89b7c2c2a7,Frequency,"radio, frquency of events"
89b7c2c2a7,Copper,"chemical element, metal, luster, hard"
89b7c2c2a7,Predator,"movie, alien, scary"
89b7c2c2a7,Clever,"smart, intelligent"
196887b261,Swoon,To become faint when in the presence of an object of adoration
196887b261,Frequency,A measure of how often an event occurs
196887b261,Copper,A red-brown metal that can conduct electricity
196887b261,Predator,"A being that hunts, stalks, or takes advantage of another being"
196887b261,Clever,"Using creative, witty, or crafty means to solve a problem"
0938ac5ac2,Swoon,"faint, dizzy, fall down"
0938ac5ac2,Frequency,"how often, sound waves, timing"
0938ac5ac2,Copper,"metal, used in pipes, used in wiring"
0938ac5ac2,Predator,"hunts prey, hurts another animal, looks for food"
0938ac5ac2,Clever,"intelligent, smart, sly, creative"
36092e7e57,Swoon,"To faint, too fall over maybe because of fear"
36092e7e57,Frequency,"happening over and over, how fast or slow something moves"
36092e7e57,Copper,"metal, red orange in color, used to make pipes,"
36092e7e57,Predator,"to stalk To kill, an animal that preys on another animal"
36092e7e57,Clever,"slick, smart, sly"
154d3774aa,Swoon,"to faint, to sway, feeling when in love, light headed"
154d3774aa,Frequency,"how often something occur, quickness, a pattern"
154d3774aa,Copper,"a penny, an element, a substance, a color"
154d3774aa,Predator,"a hunter, a killer, a stalker"
154d3774aa,Clever,"very smart, intelligent, savvy, bright"
576562dcb5,Swoon,fawn
576562dcb5,Frequency,"mode, rate, rhythm"
576562dcb5,Copper,"orange, metal, penny, rust"
576562dcb5,Predator,"aggressive, hunter"
576562dcb5,Clever,smart
a612a9c8ec,Swoon,"faint, woman"
a612a9c8ec,Frequency,"wave, vibrations"
a612a9c8ec,Copper,"penny, Cu, is mined"
a612a9c8ec,Predator,"hunter, superior, is feared"
a612a9c8ec,Clever,"smart, creative"
5b862f9528,Swoon,"express happiness, overjoyed, to dance"
5b862f9528,Frequency,"the interval in which something occurs, airwaves, numbers on a radio dial"
5b862f9528,Copper,"type of metal, piping used for plumbing"
5b862f9528,Predator,"hunter, someone or something that stalks it's prey"
5b862f9528,Clever,"quick witted, smart,"
ac94d1b4dc,Swoon,"when you're in love
is like giddiness"
ac94d1b4dc,Frequency,"is how often something reoccurs
is used in many different sciences
is very important to mathematics"
ac94d1b4dc,Copper,"is a metal
is on the periodic table of elements
is a color
is used in money
is mined in New Mexico"
ac94d1b4dc,Predator,"captures prey
has eyes facing forward
needs to hunt others to survive"
ac94d1b4dc,Clever,"intelligent
smart
witty
the ability to use information well"
ecd0793e77,Swoon,"swoon: faint in a ladylike way, Victorian reaction to grief or excitement, can be used as a synonym for loving something"
ecd0793e77,Frequency,"how often it happens, interval of re-occurance, space between radio waves"
ecd0793e77,Copper,"a metal that is a bright orange brown, kitchen pans  made of the substance are just called copper, a color that can even be used to describe hair"
ecd0793e77,Predator,"an animal that hunts and eats animals, a person who takes advantage of people, something that kills"
ecd0793e77,Clever,"smart, quick, funny"
22810b2512,Swoon,"is an action, a falling, performed by a person feeling a strong emotion, or, alternatively, a person in a period of mental weakness"
22810b2512,Frequency,"has multiple meanings, the first being the rate at which something occurs
alternatively, frequency is sound, the highness or lowness of various sounds"
22810b2512,Copper,"a coin, metallic but not necessarily made of copper, small, used as currency, flat and disc-shaped"
22810b2512,Predator,"a dangerous animal (person included), has teeth, claws, or other weapons, stalks prey, heartless, fear-inducing"
22810b2512,Clever,"intelligent, crafty, skilled, often dangerous or untrustworty, typically applies to people but can apply to other animals"
ab9cbd4591,Swoon,"to faint, to be ecstatic, joy"
ab9cbd4591,Frequency,"how often an object passes a certain point over a certain amount of time, is inversely proportional to wavelength."
ab9cbd4591,Copper,"a metal, plumbing tubes, or electric wire."
ab9cbd4591,Predator,"an enemy, and attacker, at hunter."
ab9cbd4591,Clever,"smart, brilliant, witty."
2330a8622a,Swoon,occurrence of fainting
2330a8622a,Frequency,thr rate of recurrenence of a vibration
2330a8622a,Copper,a matal
2330a8622a,Predator,us for prodation
2330a8622a,Clever,matal
4737cfe97f,Swoon,a verb that means to faint.
4737cfe97f,Frequency,how often something occurs
4737cfe97f,Copper,a reddish color or a type of metal
4737cfe97f,Predator,an animal that hunts and eats another animal
4737cfe97f,Clever,"intelligent, smart, savy"
3287106543,Swoon,"faint, get the vapors, feel lightheaded"
3287106543,Frequency,"amount of time, sound wave, how often"
3287106543,Copper,"metal, taste of blood, kettle"
3287106543,Predator,"criminal, killer, lion, seeking prey"
3287106543,Clever,"smart, unique, nt ordinary"
b1ba52f0f8,Swoon,"To woo someone, to like a lot"
b1ba52f0f8,Frequency,"dealing with radio, a radio channel"
b1ba52f0f8,Copper,"A certain type of metal, a color"
b1ba52f0f8,Predator,"dangerous person or animal, a movie"
b1ba52f0f8,Clever,"Smart, witty"
2bf9b1baa7,Scrap,"throw away, haul"
2bf9b1baa7,Wrap,"revolve, surround, pack away,"
2bf9b1baa7,Britannica,"English, United Kingdom, English, Anglo-Saxon"
2bf9b1baa7,Elimination,"destruction, pain, removal, displacement, fired from job"
2bf9b1baa7,Alter,"sacred, priest, placement, importance"
89b7c2c2a7,Scrap,"trash, metal"
89b7c2c2a7,Wrap,"sandwich, body treatment, food"
89b7c2c2a7,Britannica,"encyclopedia, country"
89b7c2c2a7,Elimination,"discard, disqualify"
89b7c2c2a7,Alter,"change,"
9bbb277aa4,Scrap,"a small amount of something left, something you throw away when you have no use for it"
9bbb277aa4,Wrap,to cover something with a piece of fabric
9bbb277aa4,Britannica,british language encyclopedia
9bbb277aa4,Elimination,"to get rid of something, to erase it from your life or from an area"
9bbb277aa4,Alter,"to make changes in a word,product or equiptment"
834bd8b49a,Scrap,"not usable, junk, leftover from a project, used up its lifetime, damaged, excess material from a project, the process of discarding an item, a financial term meaning the item no longer has any financial value"
834bd8b49a,Wrap,"to surround, a garment that covers the arms and upper torso, to hug, to cover an object with a thin film like substance, a sandwich made from a flat bread"
834bd8b49a,Britannica,"a brand name of an encyclopedia (obsolete), proper name of a ship"
834bd8b49a,Elimination,"to discard, euphemism for bowel movement, to get rid of, to cease to continue in a tournament such as for sports."
834bd8b49a,Alter,"to change the properties of an item, to change something about oneself, to tailor a garment, change a routine or habit,"
576562dcb5,Scrap,"toss, discard, trash, throwaway"
576562dcb5,Wrap,cover
576562dcb5,Britannica,"encyclopedia, definitions"
576562dcb5,Elimination,removal
576562dcb5,Alter,change
0938ac5ac2,Scrap,"unusable part, extra small pieces, not part of the whole"
0938ac5ac2,Wrap,"put inside a covering, hide away, put a layer over an object"
0938ac5ac2,Britannica,"encyclopedia, educational company, publishers of knowledge"
0938ac5ac2,Elimination,"kicks out, no longer allowed in, waste"
0938ac5ac2,Alter,"change, make it more suitable, personalize"
00f2e51e40,Scrap,"left over material, damaged material, material turned into a place for money per pound"
00f2e51e40,Wrap,"a covering, covering of a present, bundling, an ending"
00f2e51e40,Britannica,"encyclopedia, out-dated, old"
00f2e51e40,Elimination,"losing a tournament, rejection, removal"
00f2e51e40,Alter,"change, modify, adjust, vary, revise"
b1ba52f0f8,Scrap,"Fighting, Trash"
b1ba52f0f8,Wrap,"A cover for food, putting your arm around someone"
b1ba52f0f8,Britannica,"Another word for Britain, old name for Britain"
b1ba52f0f8,Elimination,"Disqualified, losing a game or match"
b1ba52f0f8,Alter,"To change something, a place to marry"
9195e23a24,Scrap,"small piece, left over cloth or food"
9195e23a24,Wrap,"shawl, gift"
9195e23a24,Britannica,enciclopedia or a ship
9195e23a24,Elimination,"out of, torniment,"
9195e23a24,Alter,stand befor to get married. could be used in pagen rituals
73b3f31e49,Scrap,leftovers; remnant leftover after using; to throw away; used material
73b3f31e49,Wrap,"to cover something, such as a gift; the ending of something as in "" that's a wrap"
73b3f31e49,Britannica,a type of encyclopedia
73b3f31e49,Elimination,"to be ejected from a group or competition, to get rid of"
73b3f31e49,Alter,to change according to your liking
8b689e3a3e,Scrap,"metal, trash, small piece, unnecessary"
8b689e3a3e,Wrap,"to cover, gifts, decorative paper"
8b689e3a3e,Britannica,"dictionary, old, intelligent"
8b689e3a3e,Elimination,"removal, only one left, competition"
8b689e3a3e,Alter,"to change, fix, wrong, to make perfect, clothing"
f8d8faceb4,Scrap,"throw away an idea or project, or a piece of something that is extra or usable besides its main purpose"
f8d8faceb4,Wrap,"envelope with something, swaddle, cover"
f8d8faceb4,Britannica,"encyclopedia, island off the coast of france, authority"
f8d8faceb4,Elimination,"getting rid of, removing"
f8d8faceb4,Alter,"change, make different in a subtle way"
e02d753f3c,Scrap,"a piece of something left over, a bit of fabric, bits of food, garbage, not the choice pieces of something"
e02d753f3c,Wrap,"a cheap and quick to make sandwich, a clothing that women wear, light, cheap, easy to access"
e02d753f3c,Britannica,"encyclopedia set, expensive, heavy, well-known, has existed for a long time, reputable source, made less useful by wikipedia than it has been in previous years"
e02d753f3c,Elimination,"remove something, used in contests or death, powerful connotation"
e02d753f3c,Alter,"item found in church, denotes large table-like furnishing, may contain relics of saints, usually as old as the church it's housed in"
a26cab110c,Scrap,"a small piece of something, leftover"
a26cab110c,Wrap,"a type of sandwich, pita bread"
a26cab110c,Britannica,"an encyclopedia, a website, a source for information, a brand of textbooks"
a26cab110c,Elimination,"expulsion, forced to leave, to lose, opposite of winning"
a26cab110c,Alter,"church, middle of church, a table where religious things occur"
50c9cd9271,Scrap,"scrap is leftovers, metal, wood or other material used for construction. Used to create new things from the leftovers"
50c9cd9271,Wrap,wrap is an action that you do to cover one thing with another
50c9cd9271,Britannica,Britannica is an encyclopedia that has a high level of status
50c9cd9271,Elimination,elminiation is the removal of one or more things from a set
50c9cd9271,Alter,alter is to change something from one form to another.
c537c66a20,Scrap,"small extra piece, something thrown away"
c537c66a20,Wrap,cover up
c537c66a20,Britannica,encyclopedia
c537c66a20,Elimination,"get rid of, knock out"
c537c66a20,Alter,change
faaeaf593f,Scrap,"a useless object, that is usually thrown away, is garbage, usually metallic,"
faaeaf593f,Wrap,"cover something, can also be a food item,"
faaeaf593f,Britannica,"encyclopedia, similar to wikipedia,"
faaeaf593f,Elimination,"take out of, subtract from, removed from,"
faaeaf593f,Alter,"to change, replace the form of,"
de7cff418b,Scrap,"leftover, extra piece of food or cloth, used for quilting or thrown away"
de7cff418b,Wrap,"a sandwich made by rolling it up in a tortilla, a skirt make by wrapping a piece of cloth around the waste, in movie terms the end of shooting"
de7cff418b,Britannica,"encyclopedia, the collection of knowledge printing in a many volume set each year until this year when it went exclusively on-line, replaced mostly by googling and wikipedia"
de7cff418b,Elimination,"getting rid of, ending, stopping, forbidding"
de7cff418b,Alter,"to change or modify; not to be confused with altar, in a church, the holy table; often done by Mom or a tailor, done when clothes are too big or pants too long, especially with special garments like dresses"
99735b4fc4,Scrap,scrap: an extra piece of an object such as extra material left over after a sewing project
99735b4fc4,Wrap,"Wrap: to bound something tightly. presents, leftover food stored in foil"
99735b4fc4,Britannica,Britannica: an encyclopedia. Gives factual information to readers
99735b4fc4,Elimination,Elimination: to throw something away or discard. waste or garbage
99735b4fc4,Alter,"Alter: to change something, To make something better or make something new"
efc8b02306,Scrap,"Disposed of as useless, a small fragment of something broken off from the whole, Something scraped off"
efc8b02306,Wrap,"Cloak that is folded or wrapped around a person, enclose or enfold completely with or as if with a covering, to snatch up"
efc8b02306,Britannica,"Britannica is a general knowledge English-language encyclopaedia, published between 1768 and 1771 in Edinburgh"
efc8b02306,Elimination,"The act of removing or getting rid of something, the act of expelling or throwing off"
efc8b02306,Alter,"Cause to change, to change in some respect, to modify"
0b302d3542,Scrap,A small piece of waste
0b302d3542,Wrap,to place around something
0b302d3542,Britannica,The name of an encyclopedia manufacturer
0b302d3542,Elimination,To do awaywith
0b302d3542,Alter,to change
2e4cb277f5,Scrap,"A piece of meat, usually left over, already cooked"
2e4cb277f5,Wrap,"A tortilla with filling, usually chicken and dressing and lettuce"
2e4cb277f5,Britannica,An old book type encyclopedia that no one uses anymore
2e4cb277f5,Elimination,"To eliminate, to be taken out or forcefully removed"
2e4cb277f5,Alter,"TO change something, whether it be chemistry, physical, aesthetically, or functional."
a2c26c0b1f,Scrap,"Scrap is waste material, generally the remainder of material left over when something is built or manufactured, or the waste material of a previously used
item/object that is being discarded.  To Scrap can mean the act of discarding
used material.  To scrap can also mean improvised fighting."
a2c26c0b1f,Wrap,"Wrap means to encircle an object with a covering, usually in the form of paper
or plastic sheets.  To Wrap can also mean to finish a task (i.e. wrap up a task
or the phrase ""that's a wrap"")"
a2c26c0b1f,Britannica,"Britannica refers to a female citizen of the United Kingdom.  It is also part of
the name of a famous encyclopedia."
a2c26c0b1f,Elimination,"Elimination means to disqualify from further competition, as in being defeated in
a tournament.   It can also refer to the removal of something unwanted."
a2c26c0b1f,Alter,"Alter means to change the appearance or properties of an object.  Alter can also
mean to customize an object to ones needs (i.e. making alterations to a suit)"
3287106543,Scrap,"leftover, piece, metal"
3287106543,Wrap,"saran, plastic, shawl, blanket, cover"
3287106543,Britannica,"encyclopedia, book, learn"
3287106543,Elimination,"weed out, get rid of, process of"
3287106543,Alter,"change, differ, improve"
d68ac38107,Scrap,"Garbage, small piece of something"
d68ac38107,Wrap,"A type of sandwich, also a verb meaning to cover something with something"
d68ac38107,Britannica,An encyclopedia.
d68ac38107,Elimination,To be withdrawn from something
d68ac38107,Alter,Place for candles and prayer
19721341bc,Scrap,a little piece:  a fight: waste material: something small
19721341bc,Wrap,to encase in a material: to end something
19721341bc,Britannica,a kind of encyclopedia:  Pertaining to Britannia.
19721341bc,Elimination,to get rid of: to excrete bodily waste: to kill:
19721341bc,Alter,a worship place: a place of sacrifice: a center of spiritual power: other: different
cc3dc05070,Scrap,material leftover from a project
cc3dc05070,Wrap,to package something
cc3dc05070,Britannica,a encyclopedia
cc3dc05070,Elimination,when you beat someone or something
cc3dc05070,Alter,something in a church
d81575d784,Scrap,left over material
d81575d784,Wrap,cover
d81575d784,Britannica,encyclopedia
d81575d784,Elimination,remove
d81575d784,Alter,change
5b862f9528,Scrap,"slang for a fight, waste piece, discard"
5b862f9528,Wrap,"article of clothing, decorative covering for a package, the end of something like a movie scene"
5b862f9528,Britannica,"encyclopedia, name for a series of books"
5b862f9528,Elimination,"to end something, to remove something, delete"
5b862f9528,Alter,"change, a type of podium, convert"
2557e25e18,Scrap,"remove something, get rid of, bits, left overs"
2557e25e18,Wrap,"package, paper, covering, cape,"
2557e25e18,Britannica,"book, dictionary,encyclopaedia"
2557e25e18,Elimination,"vote off, get ride of, die, remove, go away,"
2557e25e18,Alter,"fix, change, redo, adjust, amend, correct,"
19721341bc,Running,a fast method of walking:  continuous: flowing
19721341bc,Pluto,the planet furthest from the sun:  a dog who is a character in Mickey Mouse Cartoons.
19721341bc,Chemist,a person who works with chemicals:  a British pharmacist:  someone who makes illegal drugs
19721341bc,Impatience,annoyance: rudeness: boredom: frustration
19721341bc,Gentleman,a group of men:  men who are classy and elite
de7cff418b,Running,"moving so quickly that at one point both feet are off the ground; done for exercise, fun or competitiveness; healthy exercise for the heart; hard on the joints; requires special shoes"
de7cff418b,Pluto,"Used to be a planet but now considered a big asteroid or something; farthest from the sun in our solar system; very cold, dark, and tin; also the dog in Mickey Mouse with the lolling tongue"
de7cff418b,Chemist,"Someone who studies chemicals, looks at compounds and substances, in old times, similar to a druggist or pharmasist now"
de7cff418b,Impatience,"not wanting to wait, needing instant gratification, demanding, instant need"
de7cff418b,Gentleman,"a man of high class, a kind friendly person, one a woman can trust, well dressed and classy"
89b7c2c2a7,Running,"workout, sneakers, sweat"
89b7c2c2a7,Pluto,"planet, disney dog"
89b7c2c2a7,Chemist,"science, scientist, formulas, experiments, laboratory"
89b7c2c2a7,Impatience,"desperate, fast"
89b7c2c2a7,Gentleman,"male, kind, respectful"
efc8b02306,Running,"moving quickly on foot, moving or issuing in a stream, the act of participating in an athletic competition involving running on a track"
efc8b02306,Pluto,"a cartoon character created by Walt Disney, is a yellow dog, is very friendly and funny one"
efc8b02306,Chemist,"a scientist who specializes in chemistry, A person versed in chemistry or given to chemical investigation or a maker or seller of chemicals or drugs."
efc8b02306,Impatience,"a lack of patience, irritation with anything that causes delay"
efc8b02306,Gentleman,"One of gentle or refined manners, a well-bred man, a man of refinement"
5bac84dcf0,Running,"speed, fast"
5bac84dcf0,Pluto,"used to be a planet, now a star, very cold, located in our solar system"
5bac84dcf0,Chemist,"intelligent, does chemistry, scientist"
5bac84dcf0,Impatience,"doesn't like to wait, enjoys fast pace, in a hurry"
5bac84dcf0,Gentleman,"cordial, manners, handsome, polite"
2b07e8e141,Running,"Quick way of moving yourself, tiring, challenging,"
2b07e8e141,Pluto,"Former planet, cold, frozem, barren, rocky."
2b07e8e141,Chemist,"Scientist, wears goggles and a lab coat, more often male than female, studies chemical reactions"
2b07e8e141,Impatience,"hurried, demanding, and  undesirable quality."
2b07e8e141,Gentleman,"kind, considerate, educated, male, well dressed,"
b1ba52f0f8,Running,"using your feet, working ou"
b1ba52f0f8,Pluto,"A planet, a cartoon dog"
b1ba52f0f8,Chemist,"a scientist, dealing with chemistry"
b1ba52f0f8,Impatience,"Not patient, not wanting to wait"
b1ba52f0f8,Gentleman,"A nice man, someone who has manners"
0938ac5ac2,Running,"dashing, what a marathon winner does, sprint"
0938ac5ac2,Pluto,"was a planet, Mickey Mouse's animal friend, space mass"
0938ac5ac2,Chemist,"scientist, works in a laboratory, knows the periodic chart"
0938ac5ac2,Impatience,"not willing to wait, wants the other person/thing to hurry, in a rush"
0938ac5ac2,Gentleman,"male who behaves properly, rich male person, male who has manners"
653596b24d,Running,"Move fast, athlete, sprint, quickly"
653596b24d,Pluto,"Planet, in the sky, solar system, space"
653596b24d,Chemist,"Testing, chemicals, scientist, lab"
653596b24d,Impatience,"No delay, immediate gratification, too eager"
653596b24d,Gentleman,"Warm, gentle, good standing"
044eb8d3ef,Running,"moving ones legs to take you from point a to point be as fast as possible, like walking but faster,"
044eb8d3ef,Pluto,"the ninth rock from the sun, which is no longer a planet but a ""sub-planet"" because it doesn't have an independent orbit"
044eb8d3ef,Chemist,a scientist who plays around with chemicals and their reactions performing experiments
044eb8d3ef,Impatience,"the inability to wait for something calmly without going insane, in essence the exact opposite of patience."
044eb8d3ef,Gentleman,"a refined male, he's the kind of person you would expect to hold the door open for you, well mannered"
576562dcb5,Running,"sprint, jog"
576562dcb5,Pluto,"planet, small"
576562dcb5,Chemist,scientist
576562dcb5,Impatience,not tolerant
576562dcb5,Gentleman,"manners, ettiquette, male"
59aac56c8e,Running,"An activity, exercise, can be running to or from something (both ways it is tied to an emotion), uses legs, good cardio workout"
59aac56c8e,Pluto,"used to be the ninth planet in our solar system, the ex-planet was small, blue and cold. It was also the name of the Roman god of the underworld. Pluto was the name of Mickey Mouse's yellow pet dog."
59aac56c8e,Chemist,"A person who works with and has an understanding of chemicals and their properties. May or may not wear a white lab coat, probably makes a lot of money."
59aac56c8e,Impatience,"Unwilling to wait, generally not a good trait to have, expects too much too quickly, could be from anxiety or excitement."
59aac56c8e,Gentleman,"Polite, classy, modest, considerate, puts others needs before his own, particularly kind towards women and children."
b90a0d5414,Running,"moving fast, in a race, moving for excerise"
b90a0d5414,Pluto,"Is a planet, Is in the solar system, Is a disney character, is a character dog"
b90a0d5414,Chemist,"a scientist, person who works with chemicals, creates new compounds"
b90a0d5414,Impatience,"quick to decide, impulsive,  all options not considered"
b90a0d5414,Gentleman,"person who considers others' feelings, a man, an adult, someone who respects other people"
ddbeb27867,Running,"exercise, activity, sport, Olympics"
ddbeb27867,Pluto,"planet, space, far away"
ddbeb27867,Chemist,"science, laboratory"
ddbeb27867,Impatience,"antsy, restless"
ddbeb27867,Gentleman,"kind, respectful"
f8d8faceb4,Running,"Moving legs rapidly, moving quickly, leaping from foot to foot in a rapid manner"
f8d8faceb4,Pluto,"Pluto was a famous Greek philosopher and also the name for the former planet, now dwarf planet."
f8d8faceb4,Chemist,person who performs experiments with chemicals in a lab or works with combining chemicals to achieve a goal
f8d8faceb4,Impatience,"being anxious to start or do something, not prepared to wait, needing instant gratification"
f8d8faceb4,Gentleman,"a person, usually of the male gender, who follows rules of society and is generally considered to be a nice person."
c3f6eba77b,Running,"a sport, faster than a walk, exercise"
c3f6eba77b,Pluto,"planet, disney character"
c3f6eba77b,Chemist,"mixes chemicals, very smart, educated"
c3f6eba77b,Impatience,"not wanting to wait, frustrated, without patience"
c3f6eba77b,Gentleman,"holds doors, wears fancy clothes, respected"
3287106543,Running,"jogging, walking very fast, water, stream"
3287106543,Pluto,"former planet, Disney character, outerspace"
3287106543,Chemist,"scientist, working with chemicals"
3287106543,Impatience,"can't wait, now, today not tomorrow"
3287106543,Gentleman,"opening doors,nice, almost extinct"
5b862f9528,Running,"fast paced gait, something that is on continuously,"
5b862f9528,Pluto,"small planet, a fictional dog"
5b862f9528,Chemist,"Someone who works with chemicals, a specific type of scientist"
5b862f9528,Impatience,"eagerness, unable to wait, in a state of rush"
5b862f9528,Gentleman,"someone with manners, treats with respect, has concern for other people, a man who carries himself in a dignified manner"
8b0be276e4,Running,"the action of running, like walking but much faster."
8b0be276e4,Pluto,"A dwarf planet, who's orbit is beyond Neptune's."
8b0be276e4,Chemist,"A scientist who works with chemicals. They make new compounts my mixing, burning melting freezing ect, chemicals."
8b0be276e4,Impatience,"A feeling of impatience, when waiting in a long line, and wanting it to move fast, when stuck behind a slow moving person and wanting to move fast. Wanting something to happen fast than it is."
8b0be276e4,Gentleman,"Saying ""Gentlemen"", can be greeting to a group of males.
A gentlemen, is a man, who has chivalry, is polite, and respectful."
2557e25e18,Running,"jog, speed, moving away from something, leaving"
2557e25e18,Pluto,"small planet, dog from disney, space, new world,"
2557e25e18,Chemist,"doctor, druggist, lots of school, smart, brains"
2557e25e18,Impatience,"unalbe to wait, edgy, irked, restless, antsy,anxious"
2557e25e18,Gentleman,"adult, man, mr, male, person,"
8b689e3a3e,Running,"exercise, fast movement, racing"
8b689e3a3e,Pluto,"small, outer space, planet, cold"
8b689e3a3e,Chemist,"a profession, practices chemistry, intelligent"
8b689e3a3e,Impatience,"rushed, hurry, annoying"
8b689e3a3e,Gentleman,"polite, man, chivalry, wealthy, courteous"
1e9a177965,Running,"the activity of using legs to move faster, calories, burn"
1e9a177965,Pluto,"an old planet, dwarf, small"
1e9a177965,Chemist,"a scientist who works with elements and chemicals, periodic table, test tube"
1e9a177965,Impatience,"someone who can't wait, eager, fast"
1e9a177965,Gentleman,"someone who is classy and manly, man, suit"
f4e0ea6aaf,Running,"walking extremely fast, a form of exercise"
f4e0ea6aaf,Pluto,"a body in space that used to be considered a planet,it used to be the furthest planet in the solar system"
f4e0ea6aaf,Chemist,"knowledgable about chemicals, works with chemicals in a lab"
f4e0ea6aaf,Impatience,"not able to wait for things to happen, want things to happen quickly"
f4e0ea6aaf,Gentleman,"a man who is polite and has manners, treats people people with respect"
a26cab110c,Running,"faster than jogging, slower than sprinting, a type of exercise or an activity done for leisure"
a26cab110c,Pluto,"a planet, the last planet in the solar system, a dog from the disney coorperation that is owned by goofy"
a26cab110c,Chemist,"someone who deals with chemistry, works with chemicals, does experiments"
a26cab110c,Impatience,"unwilling to wait, anxious, antsy, opposite of patient"
a26cab110c,Gentleman,"caballero, a nice guy, a guy who does kind things for women, someone who is chivalrous"
ebc26d6110,Running,"is fast transportation on foot, helps in weight loss, is healthy, is fun, requires tennis shoes"
ebc26d6110,Pluto,"used to be a planet, is icy, is very far away from the sun, is small"
ebc26d6110,Chemist,"works in a lab, studies matter, is intelligent, is a scientist"
ebc26d6110,Impatience,"involves no patience, restlessness, to not want to wait, to be ready for a new course of action"
ebc26d6110,Gentleman,"a polite man, has manners, is old fashioned, is well educated, is noble"
ac4de4a7ae,Running,"is an activity, hard on knees, on a treadmill, outdoors"
ac4de4a7ae,Pluto,"was a planet, is no longer a planet, small, rocky"
ac4de4a7ae,Chemist,"is an occupation, intelligent, trained, educated, creates"
ac4de4a7ae,Impatience,"is a quality, negative, prone to tantrums, comes from waiting too long"
ac4de4a7ae,Gentleman,"is a type of person, respectable, polite, well-kept, well-spoken"
c537c66a20,Running,"move quickly,"
c537c66a20,Pluto,"cartoon dog, former planet"
c537c66a20,Chemist,someone who practices chemistry
c537c66a20,Impatience,not patient
c537c66a20,Gentleman,a man who is chivalrous and respectful
d55b7eda6d,Running,an action exercise
d55b7eda6d,Pluto,a small planet
d55b7eda6d,Chemist,a professional career
d55b7eda6d,Impatience,cant wait
d55b7eda6d,Gentleman,someone with manners
bc4562e48d,Running,"jogging, form of exercise, way to get away from something on foot quickly"
bc4562e48d,Pluto,"former planet, Disney dog"
bc4562e48d,Chemist,"scientist, test tubes, periodic table"
bc4562e48d,Impatience,"shortness of temper, not easy going"
bc4562e48d,Gentleman,"considerate man, man with an understanding of manners and customs"
77a8645004,Running,"action, moving fast across the ground, fear-induced"
77a8645004,Pluto,"was a planet and now it's an asteroid, Disney dog named after it, named after the Roman god,"
77a8645004,Chemist,"person, scientist, mixes potions, smart"
77a8645004,Impatience,"quick, needy, rude"
77a8645004,Gentleman,"kind, wealthy, manners, gentile"
c0618747ca,Boundary,"A limit, usually used for describing land and borders"
c0618747ca,Scapegoat,A person or thing that takes blame
c0618747ca,Another,One more person or thing
c0618747ca,Husky,A type of dog that lives in cold weather
c0618747ca,Pronoun,A noun that refers back to a noun you used prior
24494757d8,Boundary,"When you should stop, where the line is drawn"
24494757d8,Scapegoat,"Someone used to blame stuff on, unfair, unlucky"
24494757d8,Another,"One more, not yourself, somebody else or something else"
24494757d8,Husky,"A dog or when someone is large and gruff, chunky"
24494757d8,Pronoun,"Has an ly on the end a lot, describes a noun"
19721341bc,Boundary,border: rule: line
19721341bc,Scapegoat,a person who is bullied: sacrifice: one who takes the blame
19721341bc,Another,more than one: second: in addition to
19721341bc,Husky,An oil refinery : a type of dog: big: fat: heavy: tough: a brand of clothing
19721341bc,Pronoun,"I, me mine:  a word that stands in for a noun"
89b7c2c2a7,Boundary,"limit, frontier, borders"
89b7c2c2a7,Scapegoat,spy
89b7c2c2a7,Another,different
89b7c2c2a7,Husky,"fat, strong, bigger than the rest"
89b7c2c2a7,Pronoun,"He, she, it, they"
de7cff418b,Boundary,"line of demarcation; line between countries or states; division between ownership; line that should not be crossed, red line"
de7cff418b,Scapegoat,"One who is given or takes the blame, from Judaism when goats were sacrificed to make up for a person's sins, usually someone who is weaker than others and takes the blame undeservedly"
de7cff418b,Another,"one more, and additional, plus, again"
de7cff418b,Husky,"big or large or thick; broad or built person, well muscled, or a type of black and white dog good in arctic places"
de7cff418b,Pronoun,"part of speech referring to a person or thing definitely or indefinitely,instead of using the thing's formal name, smooths conversation, singular or plural, male or female"
06880671cd,Boundary,"Edge, limit, line"
06880671cd,Scapegoat,"Someone set up to take the blame for something, victim"
06880671cd,Another,"someone else, additional, other"
06880671cd,Husky,"Large, overweight, dog, Alaska"
06880671cd,Pronoun,"in place of other noun, he, she, it"
001e8195b4,Boundary,"A limit or demarcation, sometimes visible, other times imaginary, often denoted on a map"
001e8195b4,Scapegoat,A causeless victim who often does not have the ability to defend themselves and is not related to the issue at hand
001e8195b4,Another,A subsequent object in a series or more existentially referring to another thinking being
001e8195b4,Husky,"A type of dog, often confused with malamutes. Have the appearance of sled dogs but are often smaller than them. Very loyal pets, do not do well in warm environments"
001e8195b4,Pronoun,A word that can be used in place of a noun while keeping grammatical structure intact
dce76cd25b,Boundary,"barrier, cut off, stuck in one space, unable to get out, trapped"
dce76cd25b,Scapegoat,"blame, patsy, innocent, someone in the wrong place at the wrong time"
dce76cd25b,Another,"Next, a duplicate, an increase in amount, more of the same thing"
dce76cd25b,Husky,"Fat, a type of dog, baggy jeans, snowdogs, sledding"
dce76cd25b,Pronoun,"Not a name, I, you, he/she/me, grammar, english"
3550832190,Boundary,"fence, blockage, space"
3550832190,Scapegoat,"problems, blaming someone else"
3550832190,Another,"not this, something else, different"
3550832190,Husky,"type of dog, big"
3550832190,Pronoun,"description,  english mechanics"
5b862f9528,Boundary,"Limit, area outlining a specific zone,"
5b862f9528,Scapegoat,"person used to lay blame, a sap,"
5b862f9528,Another,"in addition to, one more of the same, in replace of"
5b862f9528,Husky,"type of dog, heavy set person, a way to describe a deep voice"
5b862f9528,Pronoun,"he, she, it, they, part of grammar, part of speech"
d68ac38107,Boundary,a border surrounding a country or state
d68ac38107,Scapegoat,someone who is specifically there to take the blame for something
d68ac38107,Another,"an extra, a spare"
d68ac38107,Husky,"a type of dog breed, similar to a wolf"
d68ac38107,Pronoun,"a word used to describe a nameless noun; for example: he, she, it, there"
5a82b95d47,Boundary,WIKIPEDIA
5a82b95d47,Scapegoat,WIKIPEDIA
5a82b95d47,Another,WIKIPEDIA
5a82b95d47,Husky,WIKIPEDIA
5a82b95d47,Pronoun,WIKIPEDIA
5bac84dcf0,Boundary,"line, can not cross"
5bac84dcf0,Scapegoat,"takes the fall, someone to blame something on"
5bac84dcf0,Another,"someone else, something else"
5bac84dcf0,Husky,"fat, large"
5bac84dcf0,Pronoun,"word, specific words"
196887b261,Boundary,"a wall, a restriction, a line that divides territories"
196887b261,Scapegoat,"someone or something who receives the blame, a culprit"
196887b261,Another,"additional, extraneous"
196887b261,Husky,"Heavy, big, tough, dog, brawny"
196887b261,Pronoun,a word relating to a person or their properties or possessions
70a204f2e4,Boundary,"divide, hostility"
70a204f2e4,Scapegoat,"politics, corruption"
70a204f2e4,Another,"separate, remote"
70a204f2e4,Husky,"alaska, grizzly, sled dogs"
70a204f2e4,Pronoun,"grammar, school,teachers"
044eb8d3ef,Boundary,"edge of where you can go, a border"
044eb8d3ef,Scapegoat,"someone or something that you use to place the blame in order to benefit yourself, for example Hitler used the Jews as a scapegoat for everything that was wrong in Germany."
044eb8d3ef,Another,"something different, instead of one thing you pick something else"
044eb8d3ef,Husky,"raspy, dry, slight scratchy and deep when referring to a persons voice"
044eb8d3ef,Pronoun,"a word used to replace a noun, instead of saying a person's name you can refer to them as he or she"
707133da84,Boundary,"sets a limit, is a line of demarcation, a perimeter, an edge of property, divides land, separates countries"
707133da84,Scapegoat,"takes the blame, given the fault, represents all wrongs, shoulders the burden"
707133da84,Another,"not this one, a different choice, a duplicate"
707133da84,Husky,"hefty, strong, oversized, brawny,"
707133da84,Pronoun,"takes the place of a noun, substitutes for a name, can be male or female,"
9eb84fad68,Boundary,"a delineation of ideas or geographical locations, a line that cannot be crossed, a limit"
9eb84fad68,Scapegoat,"a person who is given the blame, usually innocent, a victim, manipulated"
9eb84fad68,Another,"a different option or item than the one currently being observed, implies more than one, can be a second example of something similar or a counter-example"
9eb84fad68,Husky,"a dog, used as sled dogs, grayish fur, in the spitz family of dog breeds, wolf-like in appearance"
9eb84fad68,Pronoun,"a word to indicate a person or thing, he, she, it"
b1ba52f0f8,Boundary,"a cut off point, the end"
b1ba52f0f8,Scapegoat,"someone to blame, putting it all on you"
b1ba52f0f8,Another,"different, a different options"
b1ba52f0f8,Husky,"Being fat, a animal"
b1ba52f0f8,Pronoun,"a certain word, different than noun"
2557e25e18,Boundary,"Border, A limint on how far one can go, edge"
2557e25e18,Scapegoat,"a person to take the blame of a action, fall guy, victim"
2557e25e18,Another,"one more of something, a differnt person or things, a back up, to add one"
2557e25e18,Husky,"larger, wider, ruff, tuff, bulky"
2557e25e18,Pronoun,"word replacement, none, he you"
c537c66a20,Boundary,"limit, border"
c537c66a20,Scapegoat,someone to put the blame on
c537c66a20,Another,"also, again, more"
c537c66a20,Husky,"big, hoarse"
c537c66a20,Pronoun,replaces a noun
9bbb277aa4,Boundary,"an area you cannot cross, a line separating two different places"
9bbb277aa4,Scapegoat,"someone who is used for someone elses work, a goat sent out into the wild"
9bbb277aa4,Another,"someone else, a similar type of product"
9bbb277aa4,Husky,"heavy, big, large, is a dog, hoarse"
9bbb277aa4,Pronoun,a word that can be used as a noun by itself
d81575d784,Boundary,"border, cross the border"
d81575d784,Scapegoat,someone that takes blame
d81575d784,Another,more please
d81575d784,Husky,"dog, chubby"
d81575d784,Pronoun,"he,she,it"
0938ac5ac2,Boundary,"border, line, container"
0938ac5ac2,Scapegoat,"excuse, whipping boy, someone who unjustly gets the blame"
0938ac5ac2,Another,"something else, more of the same, a second one"
0938ac5ac2,Husky,"dog, heavy, solid-built"
0938ac5ac2,Pronoun,"used instead of a noun, he or she, part of speech, subject of a sentence"
923fe4200f,Boundary,"edge, defines what you can do, rules"
923fe4200f,Scapegoat,"trouble, messenger, punishment, takes abuse"
923fe4200f,Another,"more, continuous supply, friend/person"
923fe4200f,Husky,"fat, round, dog, hairy, thick"
923fe4200f,Pronoun,"he, she, her, his, we"
576562dcb5,Boundary,"borders, edges, lines"
576562dcb5,Scapegoat,"patsy, person blamed"
576562dcb5,Another,"one more, extra"
576562dcb5,Husky,"heavy, chubby"
576562dcb5,Pronoun,word that takes the place of a person or thing's specific name
5208f47451,Boundary,This is a limitation placed on something. Possibly a line or set of lines that when you cross separate a territory. It does not have to be physical it can be implied or inferred. A city has boundaries a state has boundaries. it can also be a rule or set of rules set out for a child.
5208f47451,Scapegoat,One who gets the blame for an action or event occurring when no one else is willing to accept responsibility.
5208f47451,Another,nit this item. It can mean more of the same item. Ex. I will have another Hot Dog for lunch.
5208f47451,Husky,heavy or large in the center . It can also be a vreed of Dog.
5208f47451,Pronoun,a noun that specifically names an object place or thing. Store is a noun Walmart is a Pronoun.
b863762a1d,Boundary,a line or distinct marking of a claimed area
b863762a1d,Scapegoat,a person that can take the blame
b863762a1d,Another,a different object place person thing more than one thing
b863762a1d,Husky,a bread of dog
b863762a1d,Pronoun,a word that can be used by itself
834bd8b49a,Boundary,"an edge between 2 distinct items, setting limits on what you will do for other people or what you will allow them to do to you, a line of ownership as between two properties, defining what is in scope or out of scope in a discussion"
834bd8b49a,Scapegoat,"person who is blamed for something who often is not responsible, or not totally responsible, victim, a conjured up enemy to attack such as in political ads"
834bd8b49a,Another,"in addition to, more of the same, someone outside of me, outsider"
834bd8b49a,Husky,"big, overweight, a type of dog that is suited for cold climates, a euphemism for fat/large sized clothes for boys, heavy body structure but not quite fat, substantial"
834bd8b49a,Pronoun,"a word that substitutes for another, used instead of repeating the proper names for items in conversation and text, part of English speech that refers to a subject or an object"
a26cab110c,Boundary,"outer limit, barrier, terminus, fence"
a26cab110c,Scapegoat,"sacrifice, chump, boob, noob, jews in history, victim"
a26cab110c,Another,"extra, in addition to, addition, something else"
a26cab110c,Husky,"big, throaty, chubby, large,"
a26cab110c,Pronoun,"he, she, him, her, it, they, we, them, our"
3287106543,Boundary,"line, guide, not to be crossed"
3287106543,Scapegoat,"one who takes the fall,blamed, innocent"
3287106543,Another,"not you, one more"
3287106543,Husky,"fat, overweight, not slim"
3287106543,Pronoun,"I, we, they, she, he"
b1ba52f0f8,Vent,"A duct for air, a way to air out your problems"
b1ba52f0f8,Damage,"Bad things doing to a relationship, bad things you can do to a car."
b1ba52f0f8,Aroma,"A smell, a certain way to sniff someone"
b1ba52f0f8,Squad,"A group of people, a group of police or soldiers"
b1ba52f0f8,Singer,"An artist, someone who uses there voice to creat songs"
94a7335ce0,Vent,"MOVES AIR, IS A GOOD PLACE TO HIDE"
94a7335ce0,Damage,"physical or mental, pain, anguish"
94a7335ce0,Aroma,"smell, pleasant, wafts"
94a7335ce0,Squad,"group, togetherness, team work"
94a7335ce0,Singer,"talent, performer, skilled"
5ce6578d6b,Vent,"duct, allows the passage of air, used for cooling"
5ce6578d6b,Damage,"injury, degraded from original state, impeded function"
5ce6578d6b,Aroma,"scent, typically associated with food/perfume"
5ce6578d6b,Squad,group; typically of soldiers
5ce6578d6b,Singer,"vocalist, a performer of song"
a43469c08a,Vent,"allows air to flow in and out, feels cool or hot"
a43469c08a,Damage,"results from an accident, may be repaired"
a43469c08a,Aroma,"can be smelled, is strong, is distinct"
a43469c08a,Squad,"consists of 3 or more people, members wear uniforms, members perform difficult tasks"
a43469c08a,Singer,"has a pleasant voice, uses a microphone, performs on a stage"
c658100750,Vent,"Let Go,Releases,talk"
c658100750,Damage,"Broke,Mess up,Brake,destroy"
c658100750,Aroma,"sent,smell,fragrance"
c658100750,Squad,"Team,Players,Group Of people"
c658100750,Singer,"entertainer,artist,performer,vocalist"
8ac69671c8,Vent,"emotion, anger, frustrated, heat, air condition, home, metal, antique"
8ac69671c8,Damage,"crushed, destroyed, emergency, heartbroken"
8ac69671c8,Aroma,"smell, fragrance, scent, sweet, citrus, mist"
8ac69671c8,Squad,"police, FBI, sports, team, a lot of people, organized"
8ac69671c8,Singer,"appealing voice, opera, pop music, young, fat lady"
89b7c2c2a7,Vent,"talk, rant"
89b7c2c2a7,Damage,"water damage, mental, physical"
89b7c2c2a7,Aroma,"smell, therapy, candles, spa"
89b7c2c2a7,Squad,"team, cheer,"
89b7c2c2a7,Singer,"celebrity, artist, songs, music"
5b862f9528,Vent,"Opening for fresh air, roof mounted, may have duct work, helps remove heat and smoke"
5b862f9528,Damage,"cause imperfections, hurt emotionally, disfigure, discolor something"
5b862f9528,Aroma,"the scent of a flower, sensed by the nose, the odor given off something, something you can smell"
5b862f9528,Squad,"a group of soldiers, a group of cheerleaders, a unit made up of a group of people"
5b862f9528,Singer,"The leader of a band, uses the voice to make music, communicates with song"
8d8147693a,Vent,"Allows air to pass, is grated, usually gray, metal"
8d8147693a,Damage,"Hurts, destroys things, often irreversible"
8d8147693a,Aroma,"Smell, scent, emanates from things, ethereal"
8d8147693a,Squad,"Group of people working together, often a military connotation"
8d8147693a,Singer,"One who sings, musician, artistic"
1e9a177965,Vent,"to be angry and yell, talk, release"
1e9a177965,Damage,"to hurt something or someone, burn, maim"
1e9a177965,Aroma,"the smell of an object, food, pleasant"
1e9a177965,Squad,"a team, reliable, helpful"
1e9a177965,Singer,"someone who uses voice to make music, talented, popular"
19721341bc,Vent,opening: place where fresh air comes out:  to express pent up feelings: conduit in a chicken where the egg exits the body.
19721341bc,Damage,destruction: getting stoned: harm
19721341bc,Aroma,smell: scent: air: attitude
19721341bc,Squad,group: gang: cadre
19721341bc,Singer,a type of sewing machine: one who sings
a43f5e5c10,Vent,where air flows through
a43f5e5c10,Damage,when there is something broken on a product
a43f5e5c10,Aroma,a good scent
a43f5e5c10,Squad,a group of people
a43f5e5c10,Singer,a person who sings
73b3f31e49,Vent,A way someone lets out anger by speaking; A way for air to pass into and out of a room
73b3f31e49,Damage,Something which causes an item of personal property to need to be repaired
73b3f31e49,Aroma,Another  word for smell; usually carries a positive connotation
73b3f31e49,Squad,Group of people banding together for a cause
73b3f31e49,Singer,Someone who sings professionally or in their leisure time
2716b3366c,Vent,"Airflow, Expression, Coping"
2716b3366c,Damage,"Broken, Hurt, Pain, Sadness"
2716b3366c,Aroma,"Smell, Senses, Nose"
2716b3366c,Squad,"Group, Comrades, Team"
2716b3366c,Singer,"Passion, Famous, Talent"
6f20963d6a,Vent,"in an airconditioner or a heater to allow passage of air, also to display anger"
6f20963d6a,Damage,"destruction, carnage, done by people or natural causes"
6f20963d6a,Aroma,"a pleasant smell, like with flowers"
6f20963d6a,Squad,"a team, possibly a police unit"
6f20963d6a,Singer,"musician, profession, very talented"
62ec35f626,Vent,"blows or sucks in gas, hot or cold, used for circulation"
62ec35f626,Damage,"hurt, pain, causes imperfection and lowers quality"
62ec35f626,Aroma,"fragrance, the smell, odor that a particular food or item gives off"
62ec35f626,Squad,"a close group of comrades, usually in the army, fighting together"
62ec35f626,Singer,"someone who performs with their voice, someone who sings"
9195e23a24,Vent,"where heat comes out, let off steam, complain"
9195e23a24,Damage,"hurt, mess up, break"
9195e23a24,Aroma,"smell of food or candle, enjoyable"
9195e23a24,Squad,"pigeon, meat, two and a half men"
9195e23a24,Singer,"person, good voice, lead in a band"
653596b24d,Vent,"To express one's anger, strong views"
653596b24d,Damage,"To destroy something, cause it or them harm"
653596b24d,Aroma,"The way something smells, the way the smell fills a room"
653596b24d,Squad,"A team of something, belonging to a group"
653596b24d,Singer,"Someone who performs, creates music"
0671038272,Vent,"1. a hole to release something usually air
2. to complain about something"
0671038272,Damage,"soiled, broken, rotten"
0671038272,Aroma,"smell usually positive and pleasant, often associated with food, sometimes flowers."
0671038272,Squad,a team or a group.
0671038272,Singer,"1. brand of sewing machine
2. person who sings"
4e5b023e26,Vent,"release of anger, helps air flow, used as escape method"
4e5b023e26,Damage,"lowers value, needs repairing, scratches, dents"
4e5b023e26,Aroma,"pervasive, hearty, pleasing"
4e5b023e26,Squad,"exhibits teamwork, supportive, energetic"
4e5b023e26,Singer,"passionate, large vocal range, powerful voice"
2a15612c71,Vent,"to blow, to eject, to express difficult feelings and frustration, metal, grate, air conditioning, central heating"
2a15612c71,Damage,"dent, bruise, HP, cuts, scrapes, lost paint, trauma, weary, weakness, liability"
2a15612c71,Aroma,"roses, cinnamon, candles, sticky, nostril, soothing, bath water, laundry"
2a15612c71,Squad,"commando, weapons, coordination, hand gestures, jogging, diving, prone, shouting, danger"
2a15612c71,Singer,"colored lights, dancing, microphone, crowd, glitz, glamour, beads, harmony, cheering"
de7cff418b,Vent,"To let off steam, complain to a third party to relieve stress, a system for regulating air in buildings."
de7cff418b,Damage,"Hurt or harm physically, or mentally, irrevocably"
de7cff418b,Aroma,"Scent or smell, usually pleasant, like dinner cooking or bubble bath or perfume, as opposed to stench"
de7cff418b,Squad,"a highly organized group, a team, usually military, sometimes for competitions, a high school flag squat, but usually has more militant or negative connotations"
de7cff418b,Singer,"famous, rock star, talented or not, recording artist, someone to listen to in the shower"
3287106543,Vent,"air out, airduct, get rid of frustration"
3287106543,Damage,"bang up, ruin, distress"
3287106543,Aroma,"smell, nose, odor"
3287106543,Squad,"team, unit, bomb"
3287106543,Singer,"musician, artist, music, country, pop"
0938ac5ac2,Vent,"open area, express concerns, opening to the outside"
0938ac5ac2,Damage,"hurt, diminish, alter in a bad way"
0938ac5ac2,Aroma,"smell, odor, pleasant stench"
0938ac5ac2,Squad,"group, section of a whole, committee"
0938ac5ac2,Singer,"musician, artist, gives a concert, vocalist"
d68ac38107,Vent,"a plate of metal, normally with slits in it to allow airflow"
d68ac38107,Damage,"a negative effect on something, breaking it etc."
d68ac38107,Aroma,"a scent, normally pleasant"
d68ac38107,Squad,"a group of people, normally no more than 10 people"
d68ac38107,Singer,someone who uses their voice to produce music
c537c66a20,Vent,"something to release air, let out frustrations to someone else"
c537c66a20,Damage,"broken, torn, hurt"
c537c66a20,Aroma,scent
c537c66a20,Squad,group of people
c537c66a20,Singer,"famous, someone who sings"
576562dcb5,Vent,"air, holes, slits, tunnels"
576562dcb5,Damage,"harm, hurt, problem"
576562dcb5,Aroma,"smell, scent, fragrance"
576562dcb5,Squad,"team, group, herd"
576562dcb5,Singer,"vocalist, music, songstress"
d81575d784,Vent,"pressure release, air escape"
d81575d784,Damage,"ruin, destruction"
d81575d784,Aroma,"nice smell, scent,"
d81575d784,Squad,"team or unit, group"
d81575d784,Singer,a person that sings. sewing machines
bc4562e48d,Vent,"exhaust, complain"
bc4562e48d,Damage,"break, make inoperable"
bc4562e48d,Aroma,"smell, scent"
bc4562e48d,Squad,"team, group, collection of military performing a task"
bc4562e48d,Singer,"someone who uses their voice to make music, musician"
5bac84dcf0,Vent,"let air through, steam"
5bac84dcf0,Damage,"destruction, costs money, not in original condition"
5bac84dcf0,Aroma,"smell, taste, pleasant"
5bac84dcf0,Squad,"group, team, people"
5bac84dcf0,Singer,"person, talented, sings well"
0f893b8255,Worthless,"Depressing, not needed, broken down"
0f893b8255,Facts,"is information, are undeniable"
0f893b8255,Overflow,"is overloaded, can spread"
0f893b8255,Cemetery,"Has dead people, is gloomy, has tombstones"
0f893b8255,Uniform,"is clothing, can keep people in line"
bc4562e48d,Worthless,"having no value, not important, meaningless"
bc4562e48d,Facts,"truth, what actually happened"
bc4562e48d,Overflow,"extra, more than enough, abundance"
bc4562e48d,Cemetery,"graveyard, place where people are buried, place to remember the dead"
bc4562e48d,Uniform,"consistent, specific attire, regularity"
8b0be276e4,Worthless,"to have no worth, to be of no value. $0.00"
8b0be276e4,Facts,"Facts are ideas that are true, and irrefutably so."
8b0be276e4,Overflow,"overflow happens when a container is full, but more of the filling is added, like when too much water is added to a cup, the excess is overflow"
8b0be276e4,Cemetery,"a cemetery is a place where dead bodies are buried, and where family members and loved ones can visit to remember them."
8b0be276e4,Uniform,"a suit of outfit that is worn by workers, soldiers and school children. it is a set, set of clothing."
ab9cbd4591,Worthless,"to have no value, to have no use."
ab9cbd4591,Facts,"established occurrences, they can be fast or fun, history."
ab9cbd4591,Overflow,"water or flood, to have an excess."
ab9cbd4591,Cemetery,"funerals, a place to bury the dead."
ab9cbd4591,Uniform,"clothes, matching items of clothing worn by a group of individuals."
b1ba52f0f8,Worthless,Not amounting to anything. Being useless
b1ba52f0f8,Facts,The truth. What is right
b1ba52f0f8,Overflow,Too much. Going over your max
b1ba52f0f8,Cemetery,A place where dead people are laid to rest. Where you put the casket and tombstone
b1ba52f0f8,Uniform,A clothing item. Usually for soldiers or cops
42a3e08be1,Worthless,"useless, depressed, poor, no self esteem"
42a3e08be1,Facts,"concrete evidence, tests, resume"
42a3e08be1,Overflow,"excess, overstock, waste"
42a3e08be1,Cemetery,"death, headstones, footstones,relatives, friends"
42a3e08be1,Uniform,"all alike,no differintiating, the same, dress, military"
2557e25e18,Worthless,"not enough, despair, not needed, feeling, sad,"
2557e25e18,Facts,"when, were, what and why, a true statement, something with proof"
2557e25e18,Overflow,"to much, over capacity, run over, extra piles"
2557e25e18,Cemetery,"gravestones, place to lay the dead, spirtal ground,"
2557e25e18,Uniform,"a set of clothes to wear, a straigh line, consistent movement"
c537c66a20,Worthless,no value
c537c66a20,Facts,"something that is known, definitely true"
c537c66a20,Overflow,flow out of a container
c537c66a20,Cemetery,"graveyard, where dead bodies are buried"
c537c66a20,Uniform,"the same, something to wear for work"
5b862f9528,Worthless,"of no value, incapable,"
5b862f9528,Facts,"truths, non fiction, only what can be verified, cannot be disproved"
5b862f9528,Overflow,"fill past the brim, spill over, an over abundance of something"
5b862f9528,Cemetery,"Burial land, final resting place, grassy field with headstones"
5b862f9528,Uniform,"the same, evenly sized and spaced, specific clothing worn for work,"
0938ac5ac2,Worthless,"trash, not valuable, discardable"
0938ac5ac2,Facts,"truths, scientific, undisputed, proof"
0938ac5ac2,Overflow,"water runs over the sink, too much, won't fit"
0938ac5ac2,Cemetery,"graveyard, death, funeral, headstones"
0938ac5ac2,Uniform,"same, work clothing, specific dress requirement"
576562dcb5,Worthless,"no value, useless"
576562dcb5,Facts,"logic, reason, real"
576562dcb5,Overflow,more than needed
576562dcb5,Cemetery,burial grounds
576562dcb5,Uniform,standard clothing
d68ac38107,Worthless,of no value
d68ac38107,Facts,"truths, opposite of lies"
d68ac38107,Overflow,to exceed a certain amount
d68ac38107,Cemetery,where dead people are buried
d68ac38107,Uniform,"required attire for a job, person etc."
19721341bc,Worthless,with no value. low: common: useless. trash. effluvia. garbage.
19721341bc,Facts,truths. cold. indisputable statements.
19721341bc,Overflow,extra. more than can be contained. runnoff. spillage.
19721341bc,Cemetery,burial ground. graveyard. scary place. place where the dead lie.
19721341bc,Uniform,all alike. same. code of dress. type of dress.
7a55ad196c,Worthless,do not have any value
7a55ad196c,Facts,real things
7a55ad196c,Overflow,flow due to which is full
7a55ad196c,Cemetery,a palce to burry dead
7a55ad196c,Uniform,always same in dimension
8f42bc7c3d,Worthless,"without value, shallow, garbage"
8f42bc7c3d,Facts,"verifiable, empirical, scientific"
8f42bc7c3d,Overflow,"beyond the limits, too much data"
8f42bc7c3d,Cemetery,"place of death, collection of corpses and tombstones"
8f42bc7c3d,Uniform,"level, even, consistent"
25b045da23,Worthless,useless
25b045da23,Facts,truth
25b045da23,Overflow,too much
25b045da23,Cemetery,grave
25b045da23,Uniform,outfit
154d3774aa,Worthless,"no monetary value, junk, garbage"
154d3774aa,Facts,"pertinent information, true, proven information, the truth, actual events"
154d3774aa,Overflow,"excess, spillage, abundance, too much, flooding"
154d3774aa,Cemetery,"graveyard, sacred ground, final resting place,"
154d3774aa,Uniform,"in order, a costume, something you wear on the job"
73b3f31e49,Worthless,of little to no worth
73b3f31e49,Facts,something that is known to be true; completely sure of; proven correct
73b3f31e49,Overflow,when somethings allotted space has filled up and there is no more room so no more can fit
73b3f31e49,Cemetery,A place where the dead are buried
73b3f31e49,Uniform,A type of outfit worn for certain professions; the same
cc8572dd9f,Worthless,"Of no value, spoiled, unusable"
cc8572dd9f,Facts,"True information about a topic, verifiable information,  evidence"
cc8572dd9f,Overflow,"Spillage, causing a container to spill over, excess of information"
cc8572dd9f,Cemetery,"Burial place, has grass, bodies, funerals held here, peaceful"
cc8572dd9f,Uniform,"Consistent throughout, an outfit,"
c164433418,Worthless,"no value, small, insignificant, unwanted, unimportant, superfluous, does nothing"
c164433418,Facts,"logic and reason, the universe, independent of opinion, objective, reality, useful in math and science"
c164433418,Overflow,"too much, excess, over abundance, spillage, leaking, getting out of hand"
c164433418,Cemetery,"feels creepy, flowers placed on graves, war veterans, memorials, urns, mausoleums"
c164433418,Uniform,"official looking, representative, mandatory, associated with work, crisp, clean, often with insignia or name tag"
24494757d8,Worthless,"Not useful, having no point"
24494757d8,Facts,"Real life information, something that can be backed with evidence"
24494757d8,Overflow,"Too much, stuff coming out, not enough room"
24494757d8,Cemetery,"Death, sadness, holes in the ground, graves"
24494757d8,Uniform,"You wear it, going by the rules, by the book"
705c1db7bb,Worthless,"two a penny informal, nugatory, poor, miserable, a dime a dozen, rubbishy, trashy, measly"
705c1db7bb,Facts,"bottom line, case, dope, scene, like it is, law, gospel, verity"
705c1db7bb,Overflow,"well over, run over, brim over, run out"
705c1db7bb,Cemetery,"boot hill, city of the dead, charnel, valut, tomb, catacomb"
705c1db7bb,Uniform,"even, fixed, true, stable, fated, static, normal"
3287106543,Worthless,"having no meaning,having no value"
3287106543,Facts,"not opinions, true, not fiction"
3287106543,Overflow,"more than can hold, running over the limit, water, parking"
3287106543,Cemetery,"dead, graveyard, coffin, rest in peace"
3287106543,Uniform,"clothing, the same, similar, police"
b90a0d5414,Worthless,"not having value, garbage, something tossed away"
b90a0d5414,Facts,"the truth, not emotional, information with no bias"
b90a0d5414,Overflow,"too much, more than the container can hold, more than can be absorbed"
b90a0d5414,Cemetery,"place where the dead are buried, contains graves and tombstones, is considered erie by some"
b90a0d5414,Uniform,"the same, items that are even, constant, clothing worn at work or to play on a sports team"
de7cff418b,Worthless,without value; garbage; trash; when referring to a person means they are dumb or lazy
de7cff418b,Facts,pieces of information; scientifically proven; tidbits
de7cff418b,Overflow,too much; flooding; rushing; spilling
de7cff418b,Cemetery,burial ground; sacred place; dead peoples' residence
de7cff418b,Uniform,military or school clothing; required formal attire; all the same; not unique
e02d753f3c,Worthless,"having little value, how depressed people feel, lacks monetary value"
e02d753f3c,Facts,"true, truths of the world, what science is based on, necessary for a good argument"
e02d753f3c,Overflow,"excess, extra water or liquid pouring into an area, extra workers or items, auxiliary classroom when too many students sign up for a course"
e02d753f3c,Cemetery,"graveyard, place to bury the dead, has tombstones, has bodies, near a church or chapel, has flowers or wreathes"
e02d753f3c,Uniform,"designated outfit, worn by military persons, worn by police and firemen, needed on many jobs, sameness or a standard"
89b7c2c2a7,Worthless,"unexpensive,"
89b7c2c2a7,Facts,"data, science, true, proven"
89b7c2c2a7,Overflow,"excess, water, liquid"
89b7c2c2a7,Cemetery,"dead, caskets, bodies, tombstones, flowers"
89b7c2c2a7,Uniform,"military, police, school, standard"
653596b24d,Worthless,"To have no value, failing to achieve, nothing"
653596b24d,Facts,"Everyone believes in the outcome, documented"
653596b24d,Overflow,"Exceeding, to run over, too much"
653596b24d,Cemetery,"Dead, buried, a place you place your loved ones"
653596b24d,Uniform,"Conformity with a unit, an article of clothing worn by an establishment"
a26cab110c,Worthless,"of no use, without value, abandoned, useless, nothing"
a26cab110c,Facts,"truth, reality, bits of information, certainty"
a26cab110c,Overflow,"too much, flood, flourish, flow, niagra"
a26cab110c,Cemetery,"where dead bodies are, haunting, death, scary, tombstones"
a26cab110c,Uniform,"clothes, worn often in schools or work, scrubs"
81d91f86ac,Worthless,"cannot exchange for other goods, bad, poor, old, dumb"
81d91f86ac,Facts,"statements about reality, how the world actually is perceived to work, having validity, based on observation"
81d91f86ac,Overflow,"too much, surplus, flooding, too much volume"
81d91f86ac,Cemetery,"place where people are put into the ground, place to remember lost ones, open space, lonely places, place to revisit memories"
81d91f86ac,Uniform,"equal probability, same, clothing for a particular job worn everyday, constant"
044eb8d3ef,Boxing,"fighting, generally involves lot's of punching, kicking and body slamming in a square shaped boxing ring"
044eb8d3ef,Ceramics,clay or pottery that has been fired in a kiln to harden and coated with a glaze to give it a glass like quality
044eb8d3ef,Cloud,"condensation in the sky, sometimes white and fluffy looking, can be dark and gray when there is a storm"
044eb8d3ef,Diminish,"to make smaller, reduce in size"
044eb8d3ef,Waste,"trash, something thrown away or not needed"
498df07594,Boxing,"Full contact sport that involves two contestants in a square ""ring"" hitting each other with only their fists; of which are most of the time, encased in padded gloves."
498df07594,Ceramics,"A hobby in which clay is molded and cooked to create various eating ware(plates, bowls, cups etc.)

Earthenware that has been made using clay."
498df07594,Cloud,"Trapped moisture in the air creating a white fluffy cloud, or at times dark grey if a storm is rolling in.

The Cloud() is a new way of storing computer information on proxy servers rather than the hard drive at the users location"
498df07594,Diminish,To make smaller.
498df07594,Waste,Anything that a person deems unusable
2be2c93d7c,Boxing,"fighting, sport performed with gloves on your hands, or packing away an item into a box,"
2be2c93d7c,Ceramics,"clay, pottery, art form of molding"
2be2c93d7c,Cloud,"a visible puffy unlear matter that you cant see through,"
2be2c93d7c,Diminish,"fade away, rot, leave, turn to dust"
2be2c93d7c,Waste,"get rid of, leave it behind, used,"
de7cff418b,Boxing,fighting mainly with the fists; punching; famously by Muhammad Ali
de7cff418b,Ceramics,pottery; porcelain or earthenware fired in a kiln; ancient art; thrown on a wheel; painted or glazed
de7cff418b,Cloud,condensation or water vapor high in the atmosphere; white and fluffy or black and angry; cause thunderstorms or rain showers or grey gays
de7cff418b,Diminish,"shrink, decrease, cease to increase, fade"
de7cff418b,Waste,"trash, garbage, needlessly thrown out; discarded with or without thought"
19721341bc,Boxing,is a sport: is two people hitting each other with big puffy gloves on : is done in a ring: is a the first word of an English Holiday ( Boxing Day)
19721341bc,Ceramics,are tiles:  are little statues and figurines: are made by hand: are fired in a kiln: are often painted by hand for a hobby: are artistic
19721341bc,Cloud,is a mass of moisture particles suspended in the air: makes rain: makes snow: is a euphemism for open source access on the internet
19721341bc,Diminish,to make smaller: to reduce: to de emphasize.
19721341bc,Waste,leftover: what is not needed: garbage: to squander: feces and urine: to get high on drugs
b90a0d5414,Boxing,"a sport, fighting with gloves, an olympic event, has multiple divisions based on weight"
b90a0d5414,Ceramics,"an art form, used to make vases, bowls and figurines, a kilm is used during creation"
b90a0d5414,Cloud,"found in the sky, gray when carrying rain, white when dry, drift in the wind"
b90a0d5414,Diminish,"make smaller, dissapear, fade, less value"
b90a0d5414,Waste,"garbage, unwanted, non-productive, useless articles"
5e21b27061,Boxing,"a sport where two contenders wear gloves (or are bare knuckled), punch each other in the face until someone is knocked out."
5e21b27061,Ceramics,"the act of making pottery, usually clay or other earthy material, painted afterwards, offered in classes"
5e21b27061,Cloud,"accumulation of water droplets in the sky, many different forms, cause rain and snow, block the sun and moon"
5e21b27061,Diminish,"decrease in number, put down, become smaller, condescend"
5e21b27061,Waste,"excess from something that is not used, trash, can be hazardous, litter"
9bbb277aa4,Boxing,"punching, fighting in a ring with gloves on"
9bbb277aa4,Ceramics,"Pottery, Decoration, Clay"
9bbb277aa4,Cloud,"rain, soft, white, condensed air"
9bbb277aa4,Diminish,for something to go away or become less then what it is or what it was
9bbb277aa4,Waste,"garbage, to throw away a big portion of something"
1051e4d92d,Boxing,"Sport, contact, punching, two men, performed in a ring"
1051e4d92d,Ceramics,"used to create art, used for floors, very common, heat treated"
1051e4d92d,Cloud,"in the sky, evaporated water, means it will rain, white"
1051e4d92d,Diminish,"less and less, gradually disappear, negate"
1051e4d92d,Waste,"leftover, unneeded,"
aec44e4f1f,Boxing,"occurs in a ring, involves gloves, involves fighting, has a winner"
aec44e4f1f,Ceramics,"came from pottery crafting, involves clay or crystalline, involves heat, can be painted, used for decoration or cooking"
aec44e4f1f,Cloud,"can be white or black, can be seen in the sky, has different types, appear to be fluffy, can determine coming weather"
aec44e4f1f,Diminish,"to become smaller, to become less, to devalue"
aec44e4f1f,Waste,"trash, to use carelessly, buildup of trash"
efc8b02306,Boxing,"To inclose in a box, the enclosure of something in a package or box"
efc8b02306,Ceramics,"The art of making and decorating pottery. Work formed of clay in whole or in part, and baked; as, vases, urns, etc."
efc8b02306,Cloud,any collection of smoke or dust. It makes less visible or unclear. A visible mass of water or ice particles suspended at considerable altitude
efc8b02306,Diminish,"To make smaller in any manner, to take away, to make smaller by a half step"
efc8b02306,Waste,"disposed of as useless, spend thoughtlessly, throw away"
d68ac38107,Boxing,sport wear people fight each other
d68ac38107,Ceramics,a type of artwork dealing with plates and bowls
d68ac38107,Cloud,a collection of water in the sky
d68ac38107,Diminish,to lessen
d68ac38107,Waste,"garbage, rubbish"
a43f5e5c10,Boxing,a sport where 2 people fight with only punches
a43f5e5c10,Ceramics,an art form making molds out of clay
a43f5e5c10,Cloud,a weather structure in the sky
a43f5e5c10,Diminish,getting smaller
a43f5e5c10,Waste,useless
5b862f9528,Boxing,"Fighting using only fists, Putting items in a box,"
5b862f9528,Ceramics,"Things made of clay, An art form, pottery, floor tiles,"
5b862f9528,Cloud,"objects that form in the sky, to make something unclear"
5b862f9528,Diminish,"fade, lessen,"
5b862f9528,Waste,"matter that is not needed, useful matter that is not put to good use, slang for kill"
a9f5f5cefd,Boxing,"Day, sport, gloves, knockout, workout, televised, worldwide."
a9f5f5cefd,Ceramics,"pottery, made of white ceramic clay, crafty, plates, bowls, cups, pitchers, vases, sculptures, colorful, plain, artistic, common"
a9f5f5cefd,Cloud,"fluffy, white, gray, floats, condensed water vapor, high above us, rain, rainbows, cumulus nimbus"
a9f5f5cefd,Diminish,"reduce, remove, take back, get rid of, eliminate, lessen"
a9f5f5cefd,Waste,"trash, unnecessary, garbage, dirty, unwanted, undesired, unworthy"
b1ba52f0f8,Boxing,"a sport, punching"
b1ba52f0f8,Ceramics,"suppliies,paper"
b1ba52f0f8,Cloud,"in the sky, weather"
b1ba52f0f8,Diminish,"bringing down, not important"
b1ba52f0f8,Waste,"trash, time"
653596b24d,Boxing,"Sport, fighting, throwing punches"
653596b24d,Ceramics,"Pottery, clay, glazed objects"
653596b24d,Cloud,"In the sky, puffy, contain water in the atmosphere"
653596b24d,Diminish,"To eliminate, cancel out, to make smaller and less important"
653596b24d,Waste,"Garbage, trash, junk, litter"
ba87607bf4,Boxing,"punching, fighting, gloves, jab, hook"
ba87607bf4,Ceramics,"clay, mold, fire, craft"
ba87607bf4,Cloud,"produces rain, in the sky, fluffy"
ba87607bf4,Diminish,"finished, dissolve, detriorate"
ba87607bf4,Waste,"trash, throwaway, dirty, needless"
576562dcb5,Boxing,"sparring, punching for sport"
576562dcb5,Ceramics,"pottery, clay"
576562dcb5,Cloud,"fluffy, billowy"
576562dcb5,Diminish,minimize
576562dcb5,Waste,"excriment, throw away"
c164433418,Boxing,"physical sport, punches, jabs, referee, pay per view, gambling, requires gloves"
c164433418,Ceramics,"pottery, industrial materials, bearings, kitchen utensils"
c164433418,Cloud,"holds rain, usually fluffy, cotton candy, take interesting shapes, fun to watch, various formations, mammatus"
c164433418,Diminish,"insignificant, lessen, deride, to deplete, can refer to objects or ideas"
c164433418,Waste,"trash, garbage, usually smelly, stored in cans to be taken away,"
0938ac5ac2,Boxing,"rig, pugilist, bout, opponent"
0938ac5ac2,Ceramics,"glazing, kiln, creation, pottery"
0938ac5ac2,Cloud,"fluffy, white, sky, rain"
0938ac5ac2,Diminish,"destroy, lessen, oppress"
0938ac5ac2,Waste,"trash, rubbish, use unwisely"
89b7c2c2a7,Boxing,"sport, punches, blood, ring, referee, judges"
89b7c2c2a7,Ceramics,"craft, clay, artisans"
89b7c2c2a7,Cloud,"rain, water, grey"
89b7c2c2a7,Diminish,"lower, dismiss"
89b7c2c2a7,Waste,"trash, unusable, dirty"
87fd65cfce,Boxing,"Fighting, punching with gloves, punching someone as a sport, a sport"
87fd65cfce,Ceramics,"Materials, creations, art, crafts, used for baking"
87fd65cfce,Cloud,"Something in the sky, weather,sometimes indicates that rain is coming"
87fd65cfce,Diminish,"To destroy, get rid of,disappear"
87fd65cfce,Waste,"Something people throw out, garbage, trash"
3287106543,Boxing,"hittin, gloves, ring"
3287106543,Ceramics,"clay, pottery, vases, kiln, fired"
3287106543,Cloud,"white, puffy, cumulus, internet"
3287106543,Diminish,"lessen, go down, fade"
3287106543,Waste,"refuse, garbage, not used"
42a3e08be1,Boxing,"hit,punch, fight, put things away"
42a3e08be1,Ceramics,"clay, figurines, painting, kiln, art"
42a3e08be1,Cloud,"soft, fluffy, sky, storm"
42a3e08be1,Diminish,"small, insult, weakness"
42a3e08be1,Waste,"bodily fluids, garbage, rubbish, not to recycle"
f8d8faceb4,Boxing,A sport in which two men or women repeatedly punch each other with the goal of forcing the other to either give up or become senseless.
f8d8faceb4,Ceramics,a group of technology including pots and plates in which the items are made out of some sort of clay which is then baked in an oven in order to impart hardness
f8d8faceb4,Cloud,an accumulation of water vapor in the atmosphere
f8d8faceb4,Diminish,"to make smaller, to reduce in number or size."
f8d8faceb4,Waste,"the use something frivolously, to not use all of something"
2557e25e18,Boxing,"fighting, punching, knock outs, sport, danger, rounds, gloves, bite guard, strong,"
2557e25e18,Ceramics,"craft, painting, gifts, pots, homemade, relaxing,"
2557e25e18,Cloud,"White, rain, fluffy, sky, floats, soft, heaven, storm"
2557e25e18,Diminish,"forget, akward, lose, lost, leave,kick out, move, vanish"
2557e25e18,Waste,"not needed, trash, misuse, more then needed, dump,"
1e9a177965,Boxing,"is a sport, manly, brutal, bloody, violent, competitive, adrenaline, pain, punching, old"
1e9a177965,Ceramics,"certain type of material, plates, engineering"
1e9a177965,Cloud,"formed from vapor, puffy, floating, high, pretty, white"
1e9a177965,Diminish,"something disappearing, gone, get rid of, exhausted resource"
1e9a177965,Waste,"trash, useless, recycle, not useful"
4310e2de59,Boxing,sport where people punch each other
4310e2de59,Ceramics,porcelain type things
4310e2de59,Cloud,collection of water in the air
4310e2de59,Diminish,to be reduce
4310e2de59,Waste,not use something
2219420bcc,Boxing,"A sport, two people fighting, has rounds"
2219420bcc,Ceramics,"A type of material, fragile, used for pots"
2219420bcc,Cloud,"Gases in the sky, usual white or grey, objects can pass through"
2219420bcc,Diminish,"Something that goes away,  vanishes, slowly gets depleted"
2219420bcc,Waste,"Something with no use,  usually garbage,"
9195e23a24,Sleeve,"of a shirt or coat, like an envalope or folder"
9195e23a24,Dump,"place to take trash, type of large truck, messy house or property"
9195e23a24,Grizzly,"bear, old man"
9195e23a24,Munch,"snack, eat"
9195e23a24,Creation,"thing you have made, begining of the earth"
19721341bc,Sleeve,is a piece of a garment that covers the arm: is a paper envelope you put an LP phonograph record in :is something that you slip over something else
19721341bc,Dump,is the action of unloading objects : is to break up with a significant other: is a repository of trash : is to eliminate bodily waste
19721341bc,Grizzly,is a kind of bear: is a misspelling for a word meaning something bloody and gross
19721341bc,Munch,is a detective on television: is the action of snacking :is to bite down
19721341bc,Creation,something that has been made: a relgious term for heaven and earth
5b862f9528,Sleeve,"The arm of a shirt, something that slides over an object, vinyl record paper protector"
5b862f9528,Dump,"loation where city trash is taken, slang for breaking off a relationship,"
5b862f9528,Grizzly,"Gruesom, type of bear"
5b862f9528,Munch,"slang for eat or chew, snacking"
5b862f9528,Creation,"the beginning of something. the process of making something, development"
99735b4fc4,Sleeve,"Sleeve: Shirt part, towards the wrist, uses such as napkin and mitten"
99735b4fc4,Dump,"Dump: resting place for trash, smelly, landfill"
99735b4fc4,Grizzly,"Grizzly: Bear, found in forested areas, largest found in Alaska"
99735b4fc4,Munch,"Munch: Nibble, eat, consume food"
99735b4fc4,Creation,"creation: development of a project, art, dream"
0938ac5ac2,Sleeve,"arm, clothing, shoulder"
0938ac5ac2,Dump,"trash, get rid of, rubbish"
0938ac5ac2,Grizzly,"bear, old, scary"
0938ac5ac2,Munch,"eat, snack, taste"
0938ac5ac2,Creation,"beginning, concept, development, idea"
de7cff418b,Sleeve,"the arm of a piece of clothing; can be long, short or in-between"
de7cff418b,Dump,a place where garbage is stored.  the act of leaving trash at such a place
de7cff418b,Grizzly,"a North American bear found in the west.  can also refer to a hairy, bearded male human"
de7cff418b,Munch,snack; to crunch on food like chips; to nibble
de7cff418b,Creation,"Earth; nature,the action of making something new"
c537c66a20,Sleeve,"material that covers your arm, envelope"
c537c66a20,Dump,"pour, place to get rid of trash, break up with, shabby place"
c537c66a20,Grizzly,"bear, rough looking"
c537c66a20,Munch,chew fast
c537c66a20,Creation,to make something
576562dcb5,Sleeve,"arm, shirt arm"
576562dcb5,Dump,"discard, throw away"
576562dcb5,Grizzly,"gruff, rough"
576562dcb5,Munch,"eat, snack"
576562dcb5,Creation,"make, invent, develop"
29f71e13e9,Sleeve,part of a garment that covers the arm.  a paper or cardboard holder for vinyl records.
29f71e13e9,Dump,the act of depositing usually waste.  unload. slang for evacuating feces from the body
29f71e13e9,Grizzly,haggard. craggy faced. rough. stubbly.  a type of bear.
29f71e13e9,Munch,eat snacks.  chew.
29f71e13e9,Creation,birth. the beginning of something.
b2a2d68887,Sleeve,"clothing, how it feels, keeps you warm, how it looks"
b2a2d68887,Dump,"where waste goes, pollution, stink, garbage, unwanted items"
b2a2d68887,Grizzly,"hairy, big, lives in the woods, claws, scavenger"
b2a2d68887,Munch,"eat, chew, snack, lunch"
b2a2d68887,Creation,"start, new, smell of rain, bright"
c3f6eba77b,Sleeve,"covers arms, on a shirt, can hold golf balls"
c3f6eba77b,Dump,"where garbage goes, to throw away, to break up with"
c3f6eba77b,Grizzly,"hairy, lives in the mountains, rough"
c3f6eba77b,Munch,"chew slowly, snack small"
c3f6eba77b,Creation,"make an idea real, build from scratch, imagination"
707133da84,Sleeve,"an arm covering attached to a shirt or blouse, can be short, wrist length, or elbow length, can be set in or dolman, also a slide on covering for other items like computers, etc."
707133da84,Dump,"to drop, to leave without emotion as a girl or boyfriend, to empty trash or garbage, also a place where trash or garbage is deposited, sometimes refers to a messy and dirty apartment or room"
707133da84,Grizzly,"a type of bear, a way of looking that is rough and unkempt, a frazzled, frizzy hairdo, a scraggly beard on a man"
707133da84,Munch,"eating with the hands, loud chewing, crunching when eating, eat snacks, casual eating"
707133da84,Creation,"beginning, organization of materials, making something new, thinking and doing, making thoughts become actions, imaginative actions"
0f893b8255,Sleeve,"covers arms, are on shirts"
0f893b8255,Dump,"throwing away, getting rid of"
0f893b8255,Grizzly,"is a bear, lives in the forest"
0f893b8255,Munch,"eat, chew, gobble up"
0f893b8255,Creation,"something designed, is unique, has different uses"
89b7c2c2a7,Sleeve,"shirt, long,"
89b7c2c2a7,Dump,"trash, unusable"
89b7c2c2a7,Grizzly,"Memphis, nba basketball, bear, animal, big, heavy"
89b7c2c2a7,Munch,"eat something, snack, food,"
89b7c2c2a7,Creation,"God, Genesis,"
e02d753f3c,Sleeve,"a part of clothing found on shirts, made of different fabric, can be rolled up or left long, sometimes patched around the elbow"
e02d753f3c,Dump,"to drop something, negative context, breaking up with someone in a harsh manner"
e02d753f3c,Grizzly,"rough, rugged, referring to either a bear or a mountain man that may have encountered the afore-mentioned bear, unshaven, abrasive personality"
e02d753f3c,Munch,"to eat something in a happy manner, associated with females more than males"
e02d753f3c,Creation,"bringing something into being, Biblical start of the world, postive connotation, the beginning of something new and wonderful"
11c3840531,Sleeve,"shirt, fabric, skin, arm, plastic"
11c3840531,Dump,"garbage, smelly, unclean"
11c3840531,Grizzly,"large, hairy, menacing, bear"
11c3840531,Munch,"eat, chew, food, crispy"
11c3840531,Creation,"make, product, artistic, incept"
8b0be276e4,Sleeve,"The part of a shirt, or jacket, that covers your arms."
8b0be276e4,Dump,"A dump, where people deposit trash and waste in a designated area."
8b0be276e4,Grizzly,"Grizzly, when describing something is usually quite gruesome.
Grizzly bear, a species of bear usually referred to as a grizzly."
8b0be276e4,Munch,"To snack, a quick bite to eat. to munch of something, or bite it."
8b0be276e4,Creation,"An act, when something is created using materials, forming a new object."
a92a8afd74,Sleeve,sleeve means discs case
a92a8afd74,Dump,dump means junk
a92a8afd74,Grizzly,himalai bear
a92a8afd74,Munch,chew
a92a8afd74,Creation,thin wich was created by man
73122da6d1,Sleeve,"Long, covering, protective, keeps things warm"
73122da6d1,Dump,"dirty, place for unwanted items, both manufactured items and bodily waste, to do away with burdens"
73122da6d1,Grizzly,"from the forest or mountains, tough, rugged, wild, untamed"
73122da6d1,Munch,"to consume haphazardly, to pass the time or in waiting for the next meal, maybe something crunchy or with texture"
73122da6d1,Creation,"a conglomeration of raw materials into something more, using creativity to design something functional from other things, or the end result of previous situations or circumstances"
3287106543,Sleeve,"arm of a shirt, cover for an object or paper"
3287106543,Dump,"landfill, messy, dirty"
3287106543,Grizzly,"bear,grumpy, mean"
3287106543,Munch,"eat, snack on, food"
3287106543,Creation,"something made, developed, evolution"
653596b24d,Sleeve,"A part of clothing, shirt, covering the arm"
653596b24d,Dump,"To drop, to empty quickly, to release or throw down"
653596b24d,Grizzly,"Bear, large, animal, brown bear"
653596b24d,Munch,"To snack, chew fast"
653596b24d,Creation,"To evolve from nothing, to produce from nothing"
efc8b02306,Sleeve,A part of a garment that covers all or part of an arm. A small case into which an object fits
efc8b02306,Dump,"A coarse term for defecation, to put or throw down with more or less of violence, to knock heavily"
efc8b02306,Grizzly,Powerful brownish-yellow bear of the uplands of western North America. It is remarkable for the great length of its claws
efc8b02306,Munch,"A large bite, to chew with a grinding and noisily or in large mouthfuls."
efc8b02306,Creation,"Everything that exists anywhere, something or somebody which is created and produced or caused to exist"
b1ba52f0f8,Sleeve,"a certain part of clothing, it covers your arm"
b1ba52f0f8,Dump,"A place where you put trash, not a very nice place"
b1ba52f0f8,Grizzly,"A bear, a very ferocious animal"
b1ba52f0f8,Munch,"Eating, a different word for edible"
b1ba52f0f8,Creation,"the beginng of life, someone making you"
315624f66a,Sleeve,part of a shirt
315624f66a,Dump,"to discard, a place to leave trash"
315624f66a,Grizzly,"an animal, large bear"
315624f66a,Munch,to eat
315624f66a,Creation,make something from scratch
c658100750,Sleeve,"Clothing,Shirt,tunnle"
c658100750,Dump,"Get Rid of,end,leave,Poor"
c658100750,Grizzly,"bear,animal,Fur"
c658100750,Munch,"Chew,snack,Eat"
c658100750,Creation,"To Make,Come up with,new development."
b360df884b,Sleeve,The part of a shirt or garment that covers the arms.
b360df884b,Dump,A verb meaning to offload.  A noun used to denote a place for garbage to be taken.
b360df884b,Grizzly,A type of large brown bear native to North America.
b360df884b,Munch,"To eat, to snack."
b360df884b,Creation,To make something.
154d3774aa,Sleeve,"can be long, can be short, made of cotton, holds cookies, holds crackers, made of plastic"
154d3774aa,Dump,"place filled with garbage, type of truck, to empty, a nasty place to live"
154d3774aa,Grizzly,"a bear, a grumpy man, ferocious"
154d3774aa,Munch,"to eat, chewing, snacking, a character on TV"
154d3774aa,Creation,"beginning, to make, to form"
f8d8faceb4,Sleeve,"part of a shirt where the arms come out, something your put around an item to shield it from abrasive objects"
f8d8faceb4,Dump,"to drop unceremoniously, area where one places garbage"
f8d8faceb4,Grizzly,"A Bear, abrasive, haggard"
f8d8faceb4,Munch,"to eat without the need to eat, but eat when bored or just slightly hungry, to have the munchies."
f8d8faceb4,Creation,"Making something, the beginning of time, conception, beginning of life."
4be94a7375,Sleeve,"shirt, arm, long,"
4be94a7375,Dump,"garbage, throw, drop, toss, gross, poop"
4be94a7375,Grizzly,"bear, big, large, band"
4be94a7375,Munch,"eat, snack,"
4be94a7375,Creation,"create, new, invent,"
2a15612c71,Sleeve,"keeps arms warm, jacket, plaid, silk, winter, long or short, where CD's go, difficult"
2a15612c71,Dump,"truck, tilt, waste, garbage, in a landfill, into a bucket, from a bucket, throw away, unwanted"
2a15612c71,Grizzly,"bear, teeth, claws, haggard, old, rough clothes, trustworthy, wise"
2a15612c71,Munch,"chips, cookies, cheese, crunchy, tasty, salty, unhealthy, satisfying, from a bag, friends, happy"
2a15612c71,Creation,"artist, canvas, easel, pottery wheel, clay, to make, passion, satisfying, for fun, desperate, powerful"
de7cff418b,Incline,"slope, steep, increasing, ramp, rising"
de7cff418b,Laser,"light beam, used for a pointer, a small one man sailboat with one sail used in racing"
de7cff418b,Blocks,squares or rectangles of concrete used in building; groups of alignment; sides on a parliamentary floor; alliances
de7cff418b,Tackle,"fishing equipment, rods and reels, bait, carried in boxes with many tiny compartments or in vests with many pockets or hooked on hats"
de7cff418b,Medical,"relating to health or wellness, doctors or hospitals, a sterile smell, very technical and requiring years of school"
5bac84dcf0,Incline,"goes up, hard to walk"
5bac84dcf0,Laser,"hot, cuts things, points at things"
5bac84dcf0,Blocks,"concrete, steady, structure"
5bac84dcf0,Tackle,"take out, violent, done in football"
5bac84dcf0,Medical,"health, sick, expensive"
cc3dc05070,Incline,elevating
cc3dc05070,Laser,device that emits light
cc3dc05070,Blocks,basic units
cc3dc05070,Tackle,how you bring someone down in football
cc3dc05070,Medical,where you go when your sick or hurt
a92a8afd74,Incline,when you bent
a92a8afd74,Laser,powerful light
a92a8afd74,Blocks,brick
a92a8afd74,Tackle,block
a92a8afd74,Medical,something in medicine
db819130c7,Incline,"hill, slope"
db819130c7,Laser,"light, beam, hot"
db819130c7,Blocks,"cubes, building, wooden"
db819130c7,Tackle,"fishing, fish, pole"
db819130c7,Medical,"doctor, hospital, health"
0938ac5ac2,Incline,"heel, steep, physics, lever"
0938ac5ac2,Laser,"light, pointer, treatment"
0938ac5ac2,Blocks,"toys, building, bricks, concrete"
0938ac5ac2,Tackle,"fishing, football, bring down"
0938ac5ac2,Medical,"healthy, hospital, occupation"
653596b24d,Incline,"To slant, lean, slope"
653596b24d,Laser,"Light, beam, bright"
653596b24d,Blocks,"Square, wood, cement, to build"
653596b24d,Tackle,"To take down, to stop"
653596b24d,Medical,"Doctor, sickness, healing, health"
1e9a177965,Incline,"an angle that is above the ground, ramp, hill"
1e9a177965,Laser,"light at a concentrated level, red, future"
1e9a177965,Blocks,"solid objects used to build concepts, wood, legos"
1e9a177965,Tackle,"a physical act of taking down a person, hit, forceful, violent"
1e9a177965,Medical,"is related to health, science, doctors"
c537c66a20,Incline,"led to, uphill slope"
c537c66a20,Laser,something that makes a light beam
c537c66a20,Blocks,"wooden squares, section of road"
c537c66a20,Tackle,to attack and take to the ground
c537c66a20,Medical,anything to do with health
3287106543,Incline,"hill, going up, slanted"
3287106543,Laser,"light, cut metal"
3287106543,Blocks,"wooden, building, concrete, hinders"
3287106543,Tackle,"jump on, football player, football move"
3287106543,Medical,"health, doctor"
d68ac38107,Incline,a slope
d68ac38107,Laser,a beam of light
d68ac38107,Blocks,a toy toddlers play with
d68ac38107,Tackle,"bringing someone to the ground in a forceful, full body contact matter"
d68ac38107,Medical,pertaining to medicine
bf26ccbb02,Incline,Slight upward slant it a direction going up a hill.
bf26ccbb02,Laser,Red pointy device
bf26ccbb02,Blocks,Toys that are stackable
bf26ccbb02,Tackle,Move in football to take down your opponent
bf26ccbb02,Medical,Also known as healthcare.
bca6168250,Incline,"Hills, upwards slope, increasing degrees"
bca6168250,Laser,"Direct, single point, red"
bca6168250,Blocks,"building, legos, colorful"
bca6168250,Tackle,"vulnerable, pain, rough"
bca6168250,Medical,"Revive, restore, aid"
73b3f31e49,Incline,Uphill; change in slope upwards
73b3f31e49,Laser,Concentrated beam of radiation
73b3f31e49,Blocks,To deny access; a cube like building material
73b3f31e49,Tackle,To knock down with force
73b3f31e49,Medical,Ways of solving ailments using medicine
8b689e3a3e,Incline,"uphill, difficult, exercise, sidewalks"
8b689e3a3e,Laser,"lights, fast, technology"
8b689e3a3e,Blocks,"building, wood, concrete, toys,"
8b689e3a3e,Tackle,"lunge, football, aggressive"
8b689e3a3e,Medical,"health, hospitals, expensive, doctors, sick, healthy"
9eb84fad68,Incline,"not level, angled"
9eb84fad68,Laser,"a beam of amplified light, stimulated emission of radiation, used industrially to cut things or measure diffraction, used commonly as a pointing device"
9eb84fad68,Blocks,"rectangular and/or cubicle, used to make structures, made out of many different materials, a unit of something"
9eb84fad68,Tackle,"to jump on someone, can be aggressive or playful, fishing gear"
9eb84fad68,Medical,"relating to medicine or treatment of illness and injury, a field to study ""health"""
05efe9993b,Incline,To lean down
05efe9993b,Laser,"Narrow beam of light, highly powerful"
05efe9993b,Blocks,The buildings
05efe9993b,Tackle,Catch
05efe9993b,Medical,Treatment of disease
59aac56c8e,Incline,"slanted, not level, makes going uphill more difficult."
59aac56c8e,Laser,"beam of light, generally red, can be hot enough to burn metal, cats like to chase them around, used in presentations to indicate pictures being referenced by the presenter."
59aac56c8e,Blocks,"building blocks, children's toys, usually square or rectangular, come in a variety of materials (lego blocks, wooden blocks, etc.). Any other square or rectangular chunk of material. Also there are road blocks, or things that inhibit motion."
59aac56c8e,Tackle,"verb: when someone slams their body into something or someone with full force
noun: I think it's a position in football. It also has something to do with fishing gear."
59aac56c8e,Medical,it describes something pertaining to medicine or health
70bad82649,Incline,"tend toward, slope, lean"
70bad82649,Laser,"A concentrated light beam, a description of extreme mental focus, a surgical tool"
70bad82649,Blocks,"a toddler's toy, a learning tool, also to obstruct, also a building material"
70bad82649,Tackle,"a position in football, part of a pulley system(block and tackle asembly), part of a fisherman's gear, to make an attemp at something"
70bad82649,Medical,"relating to a doctor's work, a reason for taking leave from something, a specialized school"
c164433418,Incline,"hard to climb, going uphill, uneven"
c164433418,Laser,"beam of light, cool for musical shows, psychadelic imagery, used in science, engraving"
c164433418,Blocks,"right angles, boxy, used for support, construction"
c164433418,Tackle,"to take down, the ground, physical altercation, fishing bait, worms, night crawlers"
c164433418,Medical,"beneficial to health, relating to doctors, prescription medicine, all natural, holistic"
b1ba52f0f8,Incline,"going down, a measurment"
b1ba52f0f8,Laser,"a unseen line, a game"
b1ba52f0f8,Blocks,"something to build with, a toy"
b1ba52f0f8,Tackle,"Jumping on someone, dealing with football"
b1ba52f0f8,Medical,"hospital, dealing with doctors."
c5037b2222,Incline,"an increase in elevation, an upwards slope"
c5037b2222,Laser,a beam of light
c5037b2222,Blocks,"city layouts, city blocks, a child's toy"
c5037b2222,Tackle,"fishing gear, or grabbing someone and going to the ground"
c5037b2222,Medical,beneficial to health
3301f4e8fc,Laser,A focused beam of light that falls largely in the red spectrum of light.
3301f4e8fc,Blocks,Blocks are square to rectangular pieces of either wood or concrete that are used as child's toys or to hold things off the ground.
3301f4e8fc,Tackle,Tackle could mean the additional objects used in fishing that are not hooks or lures.  It could also mean the act of grabbing a person with the intention of dragging them to the ground.
3301f4e8fc,Medical,"Of or relating the to medicine and health, for example a medical doctor, medical supplies, medical school, etc."
c4bc62595c,Incline,"is an elevated section of land, is higher than a decline, is raising something up, is used on a treadmill to show difficulty, mountains are inclined, hills are an incline"
c4bc62595c,Laser,"is used in surgeries, is used as a pen, is red, is blue, is heated, is a precision tool used on eyes, cauterizes wounds when doing surgeries, can be placed on sharks"
c4bc62595c,Blocks,"are used by children to play, are building materials, are made of rock, are made of cement, are heavy"
c4bc62595c,Tackle,"is to take someone down to the ground, is used in football, is a move in wrestling, keeps people from running or moving by stopping their momentum"
c4bc62595c,Medical,"is a science, is used to diagnose people, is used to cure diseases, is used to help people."
f38d4cd4a5,Incline,"Goes uphill, is steep"
f38d4cd4a5,Laser,"Shoots beams, is usually red or green, can blind you, use to point at things"
f38d4cd4a5,Blocks,"Use to build things, made out of wood or plastic, child's toy"
f38d4cd4a5,Tackle,"To knock someone over, what football players do, to grab someone and pull them to the ground"
f38d4cd4a5,Medical,"Having to do with medicine, scientific, used in curing people of diseases"
576562dcb5,Incline,"grade, raised"
576562dcb5,Laser,light
576562dcb5,Blocks,"stack, squares"
576562dcb5,Tackle,fishing
576562dcb5,Medical,related to body wellness
89b7c2c2a7,Incline,"hill, slope, steep"
89b7c2c2a7,Laser,"red light, eye surgery,"
89b7c2c2a7,Blocks,"road blocks, issues, construction blocks"
89b7c2c2a7,Tackle,"Football, violent, sport"
89b7c2c2a7,Medical,"medical issues, doctor, patient, physical condition, hospital"
5b862f9528,Incline,"uphill direction, the grade of a road,"
5b862f9528,Laser,"type of surgery, a beam of light, a type of printer"
5b862f9528,Blocks,"wooden squares with letters used as a childs learning aid, to hinder, to make square"
5b862f9528,Tackle,"take someone to the ground, fishing equipment, take on a challenge"
5b862f9528,Medical,"having to do with medicine, aid administered to the injured, anything dealing with making a person healthy"
19721341bc,Incline,slope: angle: leaning toward
19721341bc,Laser,"Sharp: bright, focused light beam: precise"
19721341bc,Blocks,cubes: objects in the way: square grids of streets: to stop someone: a football postion
19721341bc,Tackle,fishing gear: to jump on someone and force them to stop or fall down.
19721341bc,Medical,relating to medicine:  a type of excuse related to sickness:  an appointment with a Dr.
9bbb277aa4,Incline,"Uphill, Slop, Downhill, Steep Hill, Mountain Climbing"
9bbb277aa4,Laser,"Beam of Light, See through light"
9bbb277aa4,Blocks,"Square, Solid, Flat Surface, Cement, Wood, Glass"
9bbb277aa4,Tackle,"Force to the ground, Resolving a Problem, handling an issue"
9bbb277aa4,Medical,"Surgery, Medicine, Hospital, Nurse, Doctor, Something wrong with someone"
b90a0d5414,Fairytale,"a story told to kids, fiction, a story that cannot be real, a fable"
b90a0d5414,Haunt,"what a ghost does to scare people, something in one's past which still has an impact, a place where a person or group frequents"
b90a0d5414,Disgrace,"embarass, to be poorly regarded, to fall from grace"
b90a0d5414,Deal,"A good buy, a worth while purchase, an agreement"
b90a0d5414,Drowsy,"becoming sleepy, falling asleep, not attentive"
576562dcb5,Fairytale,"fantasy, story"
576562dcb5,Haunt,"ghost, scare"
576562dcb5,Disgrace,"shame, embarrass"
576562dcb5,Deal,compromise
576562dcb5,Drowsy,sleepy
f6d4fba230,Fairytale,"fictonal story, often containing talking animals, princes/princesses"
f6d4fba230,Haunt,"to scare or torture, usually associated with ghosts/dead people"
f6d4fba230,Disgrace,"someone who lacks honor, looked down upon"
f6d4fba230,Deal,"an agreement between two people, to give out (cards)"
f6d4fba230,Drowsy,"tired, sleepy, needing rest"
de7cff418b,Fairytale,"myth or legend; folktale; story with a prince, princess, and happy ending, made into Disney movies; chivalrous males and helpless females"
de7cff418b,Haunt,place to regularly hang out; favorite spot; neighborhood; either by the living or more scarily the dead
de7cff418b,Disgrace,"Shame, embarrassment, caused by a flub or by others' meanness"
de7cff418b,Deal,negotiation; compromise; reaching an agreement; to play cards
de7cff418b,Drowsy,"Sleepy, tired, droopy-eyed, needing sleep, caused by medicine like allergy medicine, not good for driving"
0938ac5ac2,Fairytale,"fable, story time, magical characters"
0938ac5ac2,Haunt,"spook, restless spirit, ghost"
0938ac5ac2,Disgrace,"embarrass, distress, disrespect"
0938ac5ac2,Deal,"bargain, compete, barter"
0938ac5ac2,Drowsy,"sleepy, wants a nap, needs to rest"
ddbeb27867,Fairytale,"whimsical, magic, fantasy"
ddbeb27867,Haunt,"ghosts, scary, paranormal"
ddbeb27867,Disgrace,"shame, hate, sin"
ddbeb27867,Deal,"bargain, sale, treaty"
ddbeb27867,Drowsy,"sleepy, tired, medicated"
bc4562e48d,Fairytale,"story, fiction, idealization of real life"
bc4562e48d,Haunt,"ghosts, a place where one frequents"
bc4562e48d,Disgrace,"disappointment, an affront to society's norms"
bc4562e48d,Deal,"good price, passing out cards"
bc4562e48d,Drowsy,"sleepy, tired"
a26cab110c,Fairytale,"princess, imaginary, prince, romantic, monsters, castle, weird, bizarre, evil witch"
a26cab110c,Haunt,"scary, inhabited by ghosts, spirits, abandoned buildings"
a26cab110c,Disgrace,"reproach, bad reputation, useless, worthless"
a26cab110c,Deal,"covenant, agreement, round, opportunity, bargain"
a26cab110c,Drowsy,"tired, exhausted, not having slept well, sleepy"
9195e23a24,Fairytale,"fantisy, little girls, stories"
9195e23a24,Haunt,"goasts, houses, living dead"
9195e23a24,Disgrace,"let down, fall short of expectations"
9195e23a24,Deal,"good price, lets make a, propostion"
9195e23a24,Drowsy,"tired, sleepy, nodding off"
89b7c2c2a7,Fairytale,"disney, couple, princess, prince"
89b7c2c2a7,Haunt,"scare, stalk"
89b7c2c2a7,Disgrace,"bad, deception, embarrassment"
89b7c2c2a7,Deal,"sale, agreement"
89b7c2c2a7,Drowsy,"sleepy, tired"
b79a7d43f1,Fairytale,"A make-believe story that is not true, a fantasy story that is often found in
children's books, for example, Santa Clause delivers presents down a chimney"
b79a7d43f1,Haunt,"Verbal form of ""haunt"" is to follow someone like a ghost, ""haunt"" is a noun 
is a place a person frequents and has frequented in the past, for example:
""an old haunt"" of his was a Coffee House in Harvard Square, meaning he used
to hang out there a lot; ""haunt"" can refer to guilt, as in a threat,
""if you do that to me I will ""haunt"" you the rest of your life like a ghost!"""
b79a7d43f1,Disgrace,"Noun: shame, embarrassment, loss of social status
Verb: to disgrace: to cause shame, embarrassment, loss of social status"
b79a7d43f1,Deal,"Verb or Noun Urban Slang for selling drugs, Example: Ratso went into the alleyway
looking for a ""deal"" (i.e., to buy drugs), or Ratso was hiding in an alleyway
waiting to deal (i.e., to sell drugs); a deal can also mean a bargain, as 
look at the designer purse I just bought--it was a great deal--only 5 dollars!,
American English vernacular, ""Why are you making such a big deal out of it,
I only asked you for a penny and you're rich!?"" meaning you are exaggerating
a small thing into a great big thing."
b79a7d43f1,Drowsy,"sleepy, about to fall asleep, synonym for American vernacular ""nodding off"", 
antonym for ""alert"", ""not wide awake"""
f8d8faceb4,Fairytale,"Short story involving superstitions, magic, or fantasy situations usually surrounding a moral."
f8d8faceb4,Haunt,"Haunt is to either hang around a place on the outskirts, quietly watching the goings-on, or to exist in a place after death in a spiritual form."
f8d8faceb4,Disgrace,"Disgrace is the state of being something which invokes a feeling of distaste in someone, something abhorrent."
f8d8faceb4,Deal,Deal is an agreement between two or more parties.
f8d8faceb4,Drowsy,"Drowsy is a state of slight sleepiness, can be caused by drugs or toxins."
3287106543,Fairytale,"story, sleeping beauty, every girls fantasy, princess"
3287106543,Haunt,"spook, ghost, spirit"
3287106543,Disgrace,"deface, shame"
3287106543,Deal,"agreement, car sale, play cards, shuffle"
3287106543,Drowsy,"sleepy, lethargic, nap"
24494757d8,Fairytale,"is like a dream made to entertain children, they are used to teach"
24494757d8,Haunt,"scary, something you can't get past, something you can't get out of your mind"
24494757d8,Disgrace,"something you pity, shameful"
24494757d8,Deal,"an agreement, something you do between two people"
24494757d8,Drowsy,"sleepy, listless, hard to operate mentally, tired"
ef1865a1a4,Fairytale,"fictional story, features fantasy characters, unlikely situations, usually contains a positive moral"
ef1865a1a4,Haunt,"someplace that a person visits frequently, a person who always seems to be around, what a ghost does, can be a scary occurrence"
ef1865a1a4,Disgrace,"humiliation, bringing dishonor upon yourself, embarrassing, you just want to hide and never show your face again"
ef1865a1a4,Deal,"an agreement that two opposing sides come to, a compromise, when two different parties give up part of what they were asking for in order to gain, a consensus"
ef1865a1a4,Drowsy,"sleepy, groggy, could fall asleep if you sit down, eyelids are heavy, starting to drift off"
046c6c52e6,Fairytale,A story containing fictional characters that could not possibly exist in real life
046c6c52e6,Haunt,Lingering a location
046c6c52e6,Disgrace,Dishonor
046c6c52e6,Deal,An agreed trade
046c6c52e6,Drowsy,Difficulty staying awake
85cdf0f67f,Fairytale,is a story
85cdf0f67f,Haunt,is a drama
85cdf0f67f,Disgrace,is a bad word
85cdf0f67f,Deal,with a friend
85cdf0f67f,Drowsy,causing sleepiness
196887b261,Fairytale,"fiction, fantasy"
196887b261,Haunt,"spook, linger"
196887b261,Disgrace,"ruin, smear, besmirch"
196887b261,Deal,"arrangement, mete out"
196887b261,Drowsy,"sleepy, weary, fatigued"
c537c66a20,Fairytale,children's story with princes and princesses
c537c66a20,Haunt,"a place you go often, what ghosts do"
c537c66a20,Disgrace,to shame someone
c537c66a20,Deal,"hand out cards, promise, bargain, cheap"
c537c66a20,Drowsy,"tired, groggy"
0f893b8255,Fairytale,"is a story, is fiction"
0f893b8255,Haunt,"involves paranormal activity, happens in abandoned buildings"
0f893b8255,Disgrace,"is ugly, is embarrassing"
0f893b8255,Deal,"is official, involves handshakes"
0f893b8255,Drowsy,"is dizzy, is tired"
391cb8e179,Fairytale,"is a fictional story, contains a lesson, usually read to children."
391cb8e179,Haunt,"to scare, usually heard of in dark abandoned places."
391cb8e179,Disgrace,"having done somthing shameful, usually something one would be embarrassed about doing."
391cb8e179,Deal,"an agreement, can somtimes describes a sale at a store, can also be used when negotiating a contract."
391cb8e179,Drowsy,"tired, lack of sleep, too much sleep, side effect of some medications."
8e22430888,Fairytale,"is a story, is a work for fiction, has a happy ending"
8e22430888,Haunt,"is caused by a ghost, is scary, occurs in older houses or places, usually at a  location where something bad happened"
8e22430888,Disgrace,"is the result of something bad happening, is not socially acceptable, is a tragedy"
8e22430888,Deal,"is an agreement, is a label for a transaction"
8e22430888,Drowsy,"is the need for sleep, can feel lethargic, can be the result of needing sleep or taking certain medication"
5dc83d327a,Fairytale,"story, fantasy, tell little girls or boys, dream, ideal reality"
5dc83d327a,Haunt,"to scare, to creep on something, often related to ghosts"
5dc83d327a,Disgrace,"shameful, not something to be proud of, might be a disgrace to your family,"
5dc83d327a,Deal,"bargain, find most value for your money, talk with seller to get the most value with the money you make a deal"
5dc83d327a,Drowsy,"tired, sleepy, unmotivated, medicine can have this affect."
e1dbe086bc,Fairytale,"Not at all real, make believe, imaginative, heart-warming."
e1dbe086bc,Haunt,"Can be scary, can be frightful, can last a long time."
e1dbe086bc,Disgrace,"Deeply sad, upset about something, discouraged from doing a task again."
e1dbe086bc,Deal,"A settlement on something, an agreement between two or more people, a great value like a sale."
e1dbe086bc,Drowsy,"Sleepy, hard to keep track and focus on things, not wanting to stay awake, feeling warm."
653596b24d,Fairytale,"A fictional story, a fantasy, characters that do not exist"
653596b24d,Haunt,"A ghost, something that processes you, supernatural"
653596b24d,Disgrace,"Made to be looked upon badly, shamed, no respect"
653596b24d,Deal,"To give out, selling, bargaining"
653596b24d,Drowsy,"Sleepy, not alert, tired, no energy"
5b862f9528,Fairytale,"story, fiction, childrens story, make believe"
5b862f9528,Haunt,"scare, torment,"
5b862f9528,Disgrace,"shame, tarnish ones good name,"
5b862f9528,Deal,"pass out cards, reach an agreement, complete a transaction, work out the terms,"
5b862f9528,Drowsy,"edge of sleep, tired, out of it,"
2557e25e18,Fairytale,"fantasy, story, fable, magical characters"
2557e25e18,Haunt,"fear, scare, follow, stay around"
2557e25e18,Disgrace,"bad reputation, shame, abuse, let down,"
2557e25e18,Deal,"bargain, contract, shuffle cards, agreement, pact"
2557e25e18,Drowsy,"sleepy, tired, worn out, sluggish, dazed,snoozing"
d81575d784,Fairytale,A story told to children generally with some sort of lesson within. Fairies and other fantastic creatures are not unusual.
d81575d784,Haunt,to inhabit or appear often in a location
d81575d784,Disgrace,"no honor, loss of honor"
d81575d784,Deal,"trade, bargain"
d81575d784,Drowsy,"tired, high"
044eb8d3ef,Fairytale,"a story told to little children, hold some truths but unlikely situations, most famous are probably Cinderella, Rapunzel, Beauty and the Beast etc."
044eb8d3ef,Haunt,"a place frequently visited, to haunt is something generally done by ghosts as they scare poor bystanders"
044eb8d3ef,Disgrace,"to be shameful, fall from good graces,"
044eb8d3ef,Deal,"an agreement made between different parties, can be formalized with a contract, whenever you try to visualize it the image of two businessmen shaking hands comes to mind"
044eb8d3ef,Drowsy,"tired, lightheaded, unclear vision"
b1ba52f0f8,Fairytale,"a story, a ficional tale"
b1ba52f0f8,Haunt,"To scare someone, to stalk"
b1ba52f0f8,Disgrace,"not right, to do wrong"
b1ba52f0f8,Deal,"A transaction, a agreement"
b1ba52f0f8,Drowsy,"Tired, not normal"
70bad82649,Oath,"is an an agreement,your sworn word, promise, bond, a pledge"
70bad82649,Viking,"is a Norseman,seaman, raider, conquorer, Scandinavian, Minnesota football player"
70bad82649,Twice,"means double,repeat,dual"
70bad82649,Wrestling,"is a sport, a contest, a struggle, a way of fighting"
70bad82649,Essay,"is a short article, a kind of school exam"
05efe9993b,Oath,Promise
05efe9993b,Viking,Language
05efe9993b,Twice,Double
05efe9993b,Wrestling,Fighting sports
05efe9993b,Essay,A short literary prose
5e01a1df92,Oath,"a promise, a pledge, a solemn swear"
5e01a1df92,Viking,"pirate, Scandinavaian"
5e01a1df92,Twice,"a couple of times, more than once, two times"
5e01a1df92,Wrestling,"fighting, exercising, a sport, battling"
5e01a1df92,Essay,"a paper, writing, an assignment, school work"
867d845d07,Oath,"vow,pledge,alligence,alliance"
867d845d07,Viking,"mountaineer,hunter,tough,lives in frigid conditions,ancient"
867d845d07,Twice,"two times,again"
867d845d07,Wrestling,"fake fighting,wwe,pretend,action,"
867d845d07,Essay,written paper
c4bc62595c,Oath,"Oath is a promise, is a dedication, is something to adhere to, is a legally binding contract, swears you are telling the truth, is something that people use in courts, is binding, is a way to appeal to people to show them you are serious about your words, is an affirmation to people."
c4bc62595c,Viking,"is a person, is a person who pillages, is a term used for people who would sack towns, wears horned helmets, is a football team."
c4bc62595c,Twice,"means doing something two times, is a term used for showing you've taken seconds or cooked something two times"
c4bc62595c,Wrestling,"is fake, is a sport, is a national sport, is professional, is a type of entertainment, is a sport in highschools"
c4bc62595c,Essay,"is a type of written report used in schools and on applications, is a short answer written out, is used to grade students"
cc8572dd9f,Oath,"A pledge, upholding a promise, a swear, Affadavit, a Declaration"
cc8572dd9f,Viking,Noregan pirate
cc8572dd9f,Twice,"More than once, double"
cc8572dd9f,Wrestling,"A sport, rough housing, struggling with something"
cc8572dd9f,Essay,"Composition, A paper on a topic"
19721341bc,Oath,vow: promise: credo: code:
19721341bc,Viking,Explorer: conqueror: big blond guy: teutonic.
19721341bc,Twice,two times: double: 200%
19721341bc,Wrestling,fighting: rolling around: struggling
19721341bc,Essay,composition: paper: paragraph
d3651ae89f,Oath,"swear, truth, spoken, right hand, honor, code, agreement, pledge, commitment"
d3651ae89f,Viking,"Norsemen, explorers, warriors, settlers, white, football team, boats, horny helmet,"
d3651ae89f,Twice,"many, more than once, double, repetition,"
d3651ae89f,Wrestling,"is a sport, men, tights, tv program, battle between two men, people can do it for fun, MMA, bodyslam, WWE, UFC"
d3651ae89f,Essay,"homework, writing, one subject, opinionated, factual, typed,"
3287106543,Oath,"vow, pledge, agreement"
3287106543,Viking,"hat with horns,Minnesota, fighter"
3287106543,Twice,"more than once, two, double"
3287106543,Wrestling,"john cena, WWE, tousling"
3287106543,Essay,"written, paper, report"
3fd9a346c8,Oath,"is something you say, is a promise, is binding"
3fd9a346c8,Viking,"is a person who lived centuries ago, is Norse, is often a warrior or raider, is an important part of our history"
3fd9a346c8,Twice,"is more than once, is a number of times something can happen"
3fd9a346c8,Wrestling,"is a sport, is a physical activity, involves two people fighting"
3fd9a346c8,Essay,"is a written piece, is a school assignment, is text, is prose"
b1ba52f0f8,Oath,"A pact, a prmoise"
b1ba52f0f8,Viking,"A certain culture of people, A old descendant of people"
b1ba52f0f8,Twice,"the number two, doing something two times"
b1ba52f0f8,Wrestling,"Playing around, a certain type of sports"
b1ba52f0f8,Essay,"Writing words, A certain paper you write for school."
cc3dc05070,Oath,"a commitment to something or someone, a pledge"
cc3dc05070,Viking,"A monster of a man, the NFL team in minnesota"
cc3dc05070,Twice,2 times
cc3dc05070,Wrestling,"WWE, WCW, TNA"
cc3dc05070,Essay,A paper consisting of a couple paragraphs explaining about a subject or event
de7cff418b,Oath,pledge or promise taken on a Bible or in a courtroom; a pinky swear; swearing or cursing in a negative way
de7cff418b,Viking,ancient people of Scandinavia; may have sailed to North America; violent and conquering people; hairy and wearing helmets with big horns
de7cff418b,Twice,more than once and less than three times; repeated
de7cff418b,Wrestling,"fighting, rolling, hitting, high school boys' sport involving organized anorexia, professional sport involving personae and acting"
de7cff418b,Essay,paper; report; personal narrative written for school or for scholarships
a92a8afd74,Viking,wiled man
a92a8afd74,Twice,when you make something twice
a92a8afd74,Wrestling,fight
a92a8afd74,Essay,official essay
2432d2af21,Oath,"is a noun, serious, binding, a verbal contract."
2432d2af21,Viking,"A scandinavian, fierce, bearded, axe-wielding, travels by boat, loud, boisterous, also the mascot for the Minnesota NFL team"
2432d2af21,Twice,"More than once but not three times, done again just to be sure"
2432d2af21,Wrestling,"Sport, men fighting, brutal, gritty, requires strength and stamina, two participants"
2432d2af21,Essay,"Homework, boring, dull, drab, time-consuming"
9eb84fad68,Oath,"a pact, personal binding agreement, a swear"
9eb84fad68,Viking,"historical group, from northern europe, commonly thought to rape and pillage"
9eb84fad68,Twice,"repeated, more than once, multiplied by two"
9eb84fad68,Wrestling,"two combatants, no striking, try to subdue opponent with holds"
9eb84fad68,Essay,"a research paper, organized analysis of a topic"
ab9cbd4591,Oath,"a bond, a secret, to trust, to honor."
ab9cbd4591,Viking,"a class of barbaric warriors during the Middle Ages, a plane."
ab9cbd4591,Twice,"to repeat a task, to double an amount."
ab9cbd4591,Wrestling,"a sport, a type of fighting, an organization."
ab9cbd4591,Essay,"research, term, school, finals, exams."
2557e25e18,Oath,"legal declaration, contract, bond, sworn statement,"
2557e25e18,Viking,"nomads, pirates, ships, warriors, theifs,mid evil times,"
2557e25e18,Twice,"more then once,dual, amplify, make two of, double"
2557e25e18,Wrestling,"grapple, scuffle, sport in school, fighting, struggle with"
2557e25e18,Essay,"paper, writing, article"
576562dcb5,Oath,"pledge, vow"
576562dcb5,Viking,nordic soldier
576562dcb5,Twice,"two times, double"
576562dcb5,Wrestling,"rough housing, physically playful"
576562dcb5,Essay,"report, thesis"
68fc61e738,Oath,"promise, vow, curse, pledge taken when sworn into office,"
68fc61e738,Viking,"Norseman, marauder, raider, warrior with a ship, believer  in Odin and Aesgar, highly successful conquerors of many parts of northern and western europe, wore horned helmets, had longboats with many oars, wore swords, shields, and helmets"
68fc61e738,Twice,"two times, repeated"
68fc61e738,Wrestling,"sport involving grappling with arms and legs to attempt to take one's opponent to the ground, also used figuratively to mean grappling with a problem or a dilemma, also used as a metaphor for sexual contact"
68fc61e738,Essay,"A prose non-fiction piece of writing that develops an idea or an argument. An attempt, also used as a verb, to try."
0f33ecd716,Oath,"a promise, swearing"
0f33ecd716,Viking,"warrior, explorer, from Norway"
0f33ecd716,Twice,"two times, again, more than once"
0f33ecd716,Wrestling,"fighting, playing, a high school sport"
0f33ecd716,Essay,"written narrative, report, words on the page, paragraph"
0938ac5ac2,Oath,"swear, promise, intent, recite"
0938ac5ac2,Viking,"warrior, Scandinavian, ship"
0938ac5ac2,Twice,"two, couple, again"
0938ac5ac2,Wrestling,"ring, tag team, moves"
0938ac5ac2,Essay,"writing, composition, authoring"
3e5ae25996,Oath,"promise, vow"
3e5ae25996,Viking,"helmet, sailor, ancient"
3e5ae25996,Twice,"more than once, two times"
3e5ae25996,Wrestling,"dangerous, fake, boring, sweaty, half naked people"
3e5ae25996,Essay,"writing, words, sentences, ideas, thesis"
5ce6578d6b,Oath,binding agreement stemming from self
5ce6578d6b,Viking,native of finland
5ce6578d6b,Twice,two times; once repeated
5ce6578d6b,Wrestling,grappling
5ce6578d6b,Essay,detailed analysis of subject matter
5bac84dcf0,Oath,"promise, vow"
5bac84dcf0,Viking,"old world, violent, bearded, large"
5bac84dcf0,Twice,"more than one, two, one two times"
5bac84dcf0,Wrestling,"fake, violent, stupid, redneck"
5bac84dcf0,Essay,"paper, write, long, written to prove a point"
d55b7eda6d,Oath,big perso
d55b7eda6d,Viking,some old armor
d55b7eda6d,Twice,not one
d55b7eda6d,Wrestling,a masked person
d55b7eda6d,Essay,5 paragraphs
8b689e3a3e,Oath,"spoken promise, law abiding, trust"
8b689e3a3e,Viking,"large, loud, people, wears hat with horns, northern"
8b689e3a3e,Twice,"two times, counting, numbers"
8b689e3a3e,Wrestling,"fighting, sport, hand to hand, aggressive"
8b689e3a3e,Essay,"paper, tell a story, give an opinion, topics, grades"
89b7c2c2a7,Oath,"agreement, commitment"
89b7c2c2a7,Viking,"tall, strong, mean"
89b7c2c2a7,Twice,"two, double"
89b7c2c2a7,Wrestling,"sport, males, ring, refferee"
89b7c2c2a7,Essay,"writing, thesis statement, school,"
f8d8faceb4,Oath,"promise, verbal or written, swearing"
f8d8faceb4,Viking,"person of norse descent, raiding, pillaging, plundering, sailing."
f8d8faceb4,Twice,between once and thrice
f8d8faceb4,Wrestling,"grappling, throwing, pinning a person, or trying to come to grips with a concept"
f8d8faceb4,Essay,"collection of sentences on one subject, words"
b863762a1d,Oath,a sworn set of words to another person
b863762a1d,Viking,an old clan of people
b863762a1d,Twice,double of something
b863762a1d,Wrestling,a form of movement that is considered a sport
b863762a1d,Essay,a set amount of paragraphs for a subject
cc3dc05070,Bounty,a price of something caught or found
cc3dc05070,Crust,the outside of pizza or pie
cc3dc05070,Matter,do you care for something
cc3dc05070,Baggage,something you pack your clothes in or belongings
cc3dc05070,Spare,something left over
b90a0d5414,Bounty,"the reward paid for an outlaw, a harvest, accumulation"
b90a0d5414,Crust,"the outer layer, the edge of bread, the tougher portion"
b90a0d5414,Matter,"something that has importance, a substance, a chemistry term,"
b90a0d5414,Baggage,"luggage, packages being moved, a person's past,"
b90a0d5414,Spare,"something that is extra, an item carried for insurance in case the primary fails, an item not currently used"
3287106543,Bounty,"treasure, money, price on a criminal, hunter"
3287106543,Crust,"outer edge of bread, pie, made with flour and shortening"
3287106543,Matter,"substance, care about, gray, subject"
3287106543,Baggage,"luggage, followed by past troubles, suicases"
3287106543,Spare,"extra, more than one, alternative"
19721341bc,Bounty,A type of paper towel: abundance: gift: graciousness
19721341bc,Crust,"the crispy flour and fat covering of a pie: a dry, crunchy rind: the top: nerve: chutzpa: balls."
19721341bc,Matter,Concrete existence. Atoms. Electrons. substance. Issue.
19721341bc,Baggage,luggage: holds your stuff while you travel. Found under a plane in cargo. Emotional trauma that you can't let go of. Complications to interpersonal relations.
19721341bc,Spare,in addition to. Extra. To allow. To have mercy. To save.
d81575d784,Bounty,"reward, pay"
d81575d784,Crust,our edge
d81575d784,Matter,anything physically present
d81575d784,Baggage,"luggage, bags. also, emotional issues"
d81575d784,Spare,"extra. (spare tire, spare change)"
c537c66a20,Bounty,"reward, gift"
c537c66a20,Crust,"around a piece of bread, edge of a pie"
c537c66a20,Matter,"important, substance"
c537c66a20,Baggage,"holds travel items, something attached to someone"
c537c66a20,Spare,extra
e02d753f3c,Bounty,a price put on an outlaw's head as a reward for capture
e02d753f3c,Crust,"the edge of a piece of bread, or the outer layer of the Earth"
e02d753f3c,Matter,"the ""stuff"" that makes up the rest of the world, made up of tiny atoms"
e02d753f3c,Baggage,"luggage or bags containing a person's belongings, often taken on vacation"
e02d753f3c,Spare,something extra
e0ffc893f4,Bounty,"A bounty is compensation for someone to complete a certain task, such as finding and returning a man with a warrant, completing labor, or discovering/creating something."
e0ffc893f4,Crust,"Crust is either the crunchy ends of a food item with no filling, or a reference to a certain geological figure."
e0ffc893f4,Matter,Matter is the conceptualization of the physical world around us. Matter is measured by mass.
e0ffc893f4,Baggage,"Baggage can either be the physical storage item people use to transport items, or in the mental sense it can be an event or idea which causes fatigue or stress for someone."
e0ffc893f4,Spare,Something that is a spare is an extra item that it used to replace another should it fail or no longer become able to serve its purpose.
7dcb70f5f6,Bounty,"it is money or a payment 
it is usually attached to people
it is for the return of prisoners"
7dcb70f5f6,Crust,"comes on a pizza
it is also in the corner of your eye
can be good or bad"
7dcb70f5f6,Matter,"anything that takes up space 
has mass
something that has meaning"
7dcb70f5f6,Baggage,"suitcase
used for traveling
carries your stuff
can be emotional 
something that ways heavily on your mind"
7dcb70f5f6,Spare,"something leftover
tire
useful"
576562dcb5,Bounty,"reward, prize"
576562dcb5,Crust,"layer, edge, toast, crunchy"
576562dcb5,Matter,"substance, value, issue, problem, situation"
576562dcb5,Baggage,"luggage, suitcase, travel, problems"
576562dcb5,Spare,"save, mercy, hold back"
2557e25e18,Bounty,"fee, a lot of, payment, reward, gift"
2557e25e18,Crust,"pie, bread, earth, caoting, border, scab,"
2557e25e18,Matter,"reason, amount, stuff, mean something,"
2557e25e18,Baggage,"suticase, problems, cases, belongings, bag, carry on,"
2557e25e18,Spare,"leave alone,bestow, do without,"
0938ac5ac2,Bounty,"riches, treasure, pirate, ship"
0938ac5ac2,Crust,"pie, rough, dirt, hardness"
0938ac5ac2,Matter,"mass, weight, substance, space"
0938ac5ac2,Baggage,"luggage, airport, suitcase, carry"
0938ac5ac2,Spare,"extra, supply, tire, just in case"
00f2e51e40,Bounty,"money put out to injure, harm, or capture"
00f2e51e40,Crust,"earth's first layer
The outside of a pastry"
00f2e51e40,Matter,"Anything with mass and takes up space
having to do with something"
00f2e51e40,Baggage,"Luggage
Additional issues"
00f2e51e40,Spare,"Extra of something
Knocking down all 10 pins in bowling on 2 turns."
b1ba52f0f8,Bounty,"being hunted, having people after you"
b1ba52f0f8,Crust,"Part of a pie, part of food"
b1ba52f0f8,Matter,"A situation, meaning"
b1ba52f0f8,Baggage,"Suitcase, something in your past"
b1ba52f0f8,Spare,"extra, letting go"
5bac84dcf0,Bounty,"a reward, a premium"
5bac84dcf0,Crust,"shell of a planet, thick"
5bac84dcf0,Matter,"occupies space, has mass, exists in everything"
5bac84dcf0,Baggage,"luggage, used to travel, contains belongings, transports things"
5bac84dcf0,Spare,"extra, not needed, reserved in case of need"
24494757d8,Bounty,"Having a lot of something, an amount"
24494757d8,Crust,"Hard and crunchy, the outer edge"
24494757d8,Matter,"Stuff, atoms, substance"
24494757d8,Baggage,"Extra, something you have too much of"
24494757d8,Spare,"Extra, unused, something for emergencies"
5b862f9528,Bounty,"reward, a hit made on an NFL player, Generosity"
5b862f9528,Crust,"The outer layer of something, a protective cover"
5b862f9528,Matter,"any object, anything that takes up space, a situation,"
5b862f9528,Baggage,"things in ones past, items used for travel"
5b862f9528,Spare,"an extra item, extra tire in case of a flat, allow someone to live,"
2cf15d5db3,Bounty,"reward, financial incentive to turn in"
2cf15d5db3,Crust,"the cooked outside, the edge of something"
2cf15d5db3,Matter,"solid material, not a liquid or gas"
2cf15d5db3,Baggage,"luggage, what we carry"
2cf15d5db3,Spare,"an extra, reserves"
de7cff418b,Bounty,reward for capture of a fugitive or criminal person or invasive animal or plant; designed to eliminate something from public
de7cff418b,Crust,the edge of food; a pie or toast or the crunchy little bits at the edge of scrambled eggs; the top layer of the earth above the plasma and magma; a boundary that is crunchy and crumbly
de7cff418b,Matter,subject; point on the agenda; substance; important thing to talk about or settle
de7cff418b,Baggage,luggage but with a connotation of personal past secrets hidden from the public and causing consternation on personal relationships
de7cff418b,Spare,"extra, often tires, backup, having one stored in case yours breaks"
046c6c52e6,Bounty,a monetary reward; a large sum of money
046c6c52e6,Crust,Outer edge of some pastries
046c6c52e6,Matter,Foundation of carbon life forms
046c6c52e6,Baggage,Equipment for storage
046c6c52e6,Spare,A secondary item of equal or lesser value
9e1524c34e,Bounty,"generosity, amplitude, reward, premium, bountifulness, teemingness"
9e1524c34e,Crust,"band, skin, scab, shell, coat, rind, edge, verge, hull"
9e1524c34e,Matter,"cold, calm, prosy, earthy, dull, dry, down-to-earth, factual, flat"
9e1524c34e,Baggage,"carry on, gear, tote, luggage, overnighter, effects, tote bag"
9e1524c34e,Spare,"free, in reserve, surplus, emergency, de trop, odd, over, in store, unused"
f4e0ea6aaf,Bounty,a large amount
f4e0ea6aaf,Crust,the thick edges around pizza or a sandwhich
f4e0ea6aaf,Matter,substance
f4e0ea6aaf,Baggage,containers for  your belongings that you carry with you.
f4e0ea6aaf,Spare,an extra something
044eb8d3ef,Bounty,"a prize for turning something or someone in, bounty hunters make money by turning in criminals to the police for money"
044eb8d3ef,Crust,"the outer edge of a food item, or a tiny bit like a crust of bread"
044eb8d3ef,Matter,"something of importance, or in science a substance"
044eb8d3ef,Baggage,"luggage, that which you carry with you be it physical or metaphysical"
044eb8d3ef,Spare,"an extra, in bowling its when you know down all of the pins in two rolls"
d68ac38107,Bounty,"a prize, usually cash, for the death of a person"
d68ac38107,Crust,"the edge of a pizza, normally hard and crunchy"
d68ac38107,Matter,"three forms of it, liquid, solid, gas"
d68ac38107,Baggage,used to carry clothing when travelling
d68ac38107,Spare,"an extra, normally in case the original of it is faulty or does not work"
391cb8e179,Bounty,"amount on someone who is wanted by police, description of plentiful."
391cb8e179,Crust,"main ingredient in pie, buttery, flakey."
391cb8e179,Matter,"substance, material."
391cb8e179,Baggage,"heavy, rectangular, compact."
391cb8e179,Spare,"extra, back-up."
b863762a1d,Bounty,a present or a gift
b863762a1d,Crust,the outer layer of something
b863762a1d,Matter,the make up of atoms or objects
b863762a1d,Baggage,a tool to carry your belongings
b863762a1d,Spare,a second of something
89b7c2c2a7,Bounty,"hunter, criminals, bonds"
89b7c2c2a7,Crust,"pie, eye,"
89b7c2c2a7,Matter,"science, everything that surrounds us"
89b7c2c2a7,Baggage,"travel, luggage, past problems, past experiences"
89b7c2c2a7,Spare,"free, unused"
72a19c1be4,Bounty,"is pursued by hitmen, is paid in cash, is often illegal, is associated with the Wild West"
72a19c1be4,Crust,"is rough, can be unpalatable, is at the edge of bread, is cut off by some people, is crunchy"
72a19c1be4,Matter,"is convertible with energy, is the basic stuff of the universe, increases with speed, underlies gravitational attraction"
72a19c1be4,Baggage,"is heavy, is expensive, is used for personal transport, goes in the cargo hold"
72a19c1be4,Spare,"sits in the trunk, is used to replace a tire, is helpful, is temporary, comes with the car"
99735b4fc4,Bounty,"Bounty: a price paid to find something such as criminals, snakes, or predators such as coyotes or wolves"
99735b4fc4,Crust,Crust: the outside edge of something like a slice of bread or outermost edge of a pie
99735b4fc4,Matter,matter: a scientific way to explain the makeup of an object
99735b4fc4,Baggage,"Baggage: The items brought on an aircraft, luggage"
99735b4fc4,Spare,Spare: an extra item such as a tire stored in a car used for emergencies
1d9f8964a8,Bounty,a price to bring omething to someone
1d9f8964a8,Crust,the top layer of the earth or a loaf of bread's surface
1d9f8964a8,Matter,stuff something in existence anything in existence
1d9f8964a8,Baggage,containers of personal belongings
1d9f8964a8,Spare,extra
89b7c2c2a7,Percentage,"average, math"
89b7c2c2a7,Treble,"bass, music, sound"
89b7c2c2a7,Budget,"finance, limit, goal"
89b7c2c2a7,Protein,"food, meat, shakes,"
89b7c2c2a7,Panel,"interview, panel of judges"
54608a1df4,Percentage,"ratio, fraction, numeric amount, relative quantity"
54608a1df4,Treble,"higher frequency, high note, guitar, female soprano, 2KHz+, young boys"
54608a1df4,Budget,"limited money, financial plan, available resources, revenues vs. expenditures"
54608a1df4,Protein,"meat, soy, nutrients, compound, amino acids, fish, eggs, milk"
54608a1df4,Panel,"comic books, manga, graphic novels, cartoon, single image, box"
1875f84f65,Percentage,Part of. Per 100. Decimal.
1875f84f65,Treble,High pitch. Music. Instruments.
1875f84f65,Budget,Bills. Money management. Finances.
1875f84f65,Protein,Builds muscle. Chicken. Weigh lifting.
1875f84f65,Panel,Group of judges. Advisory board.
653596b24d,Percentage,"Math, is a fraction, 100 is the denominator"
653596b24d,Treble,"Sound, speaker, music"
653596b24d,Budget,"Financial, expenses, money management"
653596b24d,Protein,"Fuel for the body, amino acid, health"
653596b24d,Panel,"A group, collection of people"
f790d788d4,Percentage,"how much of a whole, grade on a test, interest rates"
f790d788d4,Treble,"type of clef in music, male singing voice"
f790d788d4,Budget,"car rental company, minding how you spend money, it can also mean the 'cheaper' option"
f790d788d4,Protein,"in cooking it's the meat, beef, chicken, fish.  part of the bodies chemical makeup, useful in muscle growth"
f790d788d4,Panel,"wood panellin gis a wall covering, group of people who judge work or answer questions"
19721341bc,Percentage,is an amount of money: is portion of something;
19721341bc,Treble,is a cleff in writing music: is a range of tones in music
19721341bc,Budget,is a rental car company: is a written plan of spending: is a set aside amount of money for a specific thing
19721341bc,Protein,is an amino acid: is found in eggs: is found in meat: is found in milk: is found in beans: is an essential part of the human diet
19721341bc,Panel,is a group of people focusing on a specific topic: is a piece of wood: is on a wall: can be in a ceiling:
f8d8faceb4,Percentage,"amount out of a whole, out of 100"
f8d8faceb4,Treble,"musical term, higher pitched, not bass."
f8d8faceb4,Budget,"to reserve money or other resources, to hide resources, to not use up"
f8d8faceb4,Protein,"checmical, nutrition, group of amino acids"
f8d8faceb4,Panel,"sheet of wood, side of van or house, side of a box"
154487c5ae,Percentage,the specific portion of the whole something is
154487c5ae,Treble,a high pitched sound/voice; one of the clefs in music
154487c5ae,Budget,a description of money inflow and outflow
154487c5ae,Protein,a chain of amino acids with a specific structure and function
154487c5ae,Panel,a group of people who are judging something or acting as experts
73b3f31e49,Percentage,a part out of one hundred
73b3f31e49,Treble,a higher octave
73b3f31e49,Budget,amount of money that you are able to spend;
73b3f31e49,Protein,A necessary compound to be consumed in order to be healthy
73b3f31e49,Panel,a group of people meant to judge; a type of covering for certain things such as a wall
3287106543,Percentage,"ratio, fraction, amount"
3287106543,Treble,"hook, music, symbol, high pitched notes"
3287106543,Budget,"guideline, spending threshhold, rental vehicle"
3287106543,Protein,"meat, nuts, peanut butter"
3287106543,Panel,"window, curtain, wall board, discussion, group of people judging"
0f893b8255,Percentage,"involves numbers, involves parts"
0f893b8255,Treble,"is a clef, involves music"
0f893b8255,Budget,"involves money, helps people's life choices"
0f893b8255,Protein,"helps muscles grow, is a macronutrient"
0f893b8255,Panel,"involves people, involves decision making"
5b862f9528,Percentage,"parts of a whole, ratio, number divided by 100"
5b862f9528,Treble,"tone, sound vibration, high pitched singing voice"
5b862f9528,Budget,"allotted amount, inexpensive,"
5b862f9528,Protein,"energy source, meats, shakes, organic compound"
5b862f9528,Panel,"section of wall, group of people"
5dc83d327a,Percentage,"it shows value, a mathematical term, shows wholeness or emptiness,"
5dc83d327a,Treble,"musical term, it is the top part of a music sheet,"
5dc83d327a,Budget,"frugal, method to save money, plan"
5dc83d327a,Protein,"nutrient, found in meat and beans, necessary"
5dc83d327a,Panel,"a portion of something being constructed, a group of judges,"
a92a8afd74,Percentage,percentfrom 100%
a92a8afd74,Treble,tree something
a92a8afd74,Budget,move something
a92a8afd74,Protein,"milk,egg which are necessary"
a92a8afd74,Panel,stright-sided  piece of wood ore something like that
de7cff418b,Percentage,a number out of 100; a fraction; less than all; a measurement of success or growth
de7cff418b,Treble,not bass;a staff on the musical scale; refers to higher pitched notes
de7cff418b,Budget,amount of money available to be spent; in organizations must all be spent before the end of the fiscal year or lost; most Americans don't use or follow a personal budget; mine is tighter than I wish
de7cff418b,Protein,Found in meat or dairy or even grains like quinoa; hard for vegetarians to get in full; help build muscle and provide energy; necessary to grow
de7cff418b,Panel,"a group, usually of experts, usually a group of whom people ask questions; they sit in a line on a stage with little microphones and glasses of water in front of them"
9bbb277aa4,Percentage,"a certain number of something, the amount going into numbers"
9bbb277aa4,Treble,"music, singing, high-pitched, numbers"
9bbb277aa4,Budget,allowing yourself only a set limit of money
9bbb277aa4,Protein,"milk, something good for you, eggs, dietary component"
9bbb277aa4,Panel,"a flat surface, a piece of wood that goes over a cement wall"
044eb8d3ef,Percentage,"part of one hundred, symbolized by %"
044eb8d3ef,Treble,"descriptive word for something shrill and high pitched, also a musical term"
044eb8d3ef,Budget,"an organized account of money, amount of money allotted for a specific purpose over a given time frame"
044eb8d3ef,Protein,in biology its a compound found in tissue that consists of amino acids
044eb8d3ef,Panel,"a section of something, could also be a discussion by a group"
e02d753f3c,Percentage,"a part of something, usually out of 100"
e02d753f3c,Treble,low sound
e02d753f3c,Budget,how a person or group of people manage the funds they are given
e02d753f3c,Protein,"a nutrient necessary for building muscle in the human body, often found in meat"
e02d753f3c,Panel,"a cover to a case or display (i.e. glass panel), or a group of people gathered together to judge or discuss something (i.e. panel of judges)"
d68ac38107,Percentage,a proportion of
d68ac38107,Treble,a type of musical cleft
d68ac38107,Budget,amount of money that can be spent
d68ac38107,Protein,found in meats and beans
d68ac38107,Panel,a group of people designed for a specific task
db819130c7,Percentage,"part, selection"
db819130c7,Treble,"high end, clef, 1,000+ hertz"
db819130c7,Budget,how much money is available
db819130c7,Protein,"human body, body building"
db819130c7,Panel,"covers, wood, long"
aec7a1649e,Percentage,"is a way of expressing a number or part of a number, is out of 100, is shortened as %, usually compared to another quantity or amount"
aec7a1649e,Treble,"is the counterpart to bass, is tones of high frequency or range, can be a voice of a male soprano"
aec7a1649e,Budget,"a financial plan, a list of all planned expenses and revenues, a plan for saving/spending/borrowing, a concept of microeconomics"
aec7a1649e,Protein,"is a biochemical compound, must be obtained in an animal's diet"
aec7a1649e,Panel,"a part of a wall, a piece of flat wood, a group of people who are gathered to conduct a discussion"
9195e23a24,Percentage,"part of, portion"
9195e23a24,Treble,"music, scale"
9195e23a24,Budget,"manage money, see where not to spend"
9195e23a24,Protein,"meat, muscle, bars"
9195e23a24,Panel,"of a fence, of judges, of a wall"
c6fe77420f,Percentage,"a mathematical way of measuring numbers, ratio, fraction, part of a whole"
c6fe77420f,Treble,"music, sound, voice, pitch"
c6fe77420f,Budget,"money, frugal, spending, planning expenses, saving money"
c6fe77420f,Protein,"healthy, bulk, fiber, meat, nuts"
c6fe77420f,Panel,"judges, control panel, machines, wires, board"
0938ac5ac2,Percentage,"part, tip, someone else's part"
0938ac5ac2,Treble,"music, tone, melody"
0938ac5ac2,Budget,"finances, expense, divisions"
0938ac5ac2,Protein,"muscles, strength, nutrition"
0938ac5ac2,Panel,"door, partition, construction"
29f71e13e9,Percentage,part of 100.
29f71e13e9,Treble,opposite of bass.  a musical term
29f71e13e9,Budget,the act of or the final result of sorting bills by due date and or import.
29f71e13e9,Protein,substance predominantly found in red meats.  substance believed by many to be required for body building.
29f71e13e9,Panel,thin sheet of wood. group of people gathered to judge.
c537c66a20,Percentage,"part of, porportion"
c537c66a20,Treble,a cleff in music
c537c66a20,Budget,"how much money you have to spend, record of spending"
c537c66a20,Protein,"part of a daily diet, meat, nuts"
c537c66a20,Panel,"part of a wall, piece of wood, judges"
24494757d8,Percentage,"A certain amount, part of something"
24494757d8,Treble,"Music, cleff, noise"
24494757d8,Budget,"Spending, how much money you have, is important"
24494757d8,Protein,"Science, amino acid, needed in your body, helps you function, is found in meat and beans"
24494757d8,Panel,"Part of a door, or a group of judges"
576562dcb5,Percentage,portion
576562dcb5,Treble,musical note
576562dcb5,Budget,limit
576562dcb5,Protein,"meat, nutrition"
576562dcb5,Panel,sheet
b1ba52f0f8,Percentage,A mathamathical answer. A answer with numbers
b1ba52f0f8,Treble,A sound product. A certain option with sound.
b1ba52f0f8,Budget,A desired money situation. Having your money in order
b1ba52f0f8,Protein,Healthy. Getting bigger
b1ba52f0f8,Panel,A group of people. Important people
d81575d784,Percentage,parts of 100
d81575d784,Treble,measurement in music
d81575d784,Budget,"money, financial planning"
d81575d784,Protein,"meat, protein shakes, muscle development"
d81575d784,Panel,"group of people sitting to discuss a topic, a board"
f4e0ea6aaf,Worse,"not as good as something else, bad"
f4e0ea6aaf,Attire,"clothing, outfit"
f4e0ea6aaf,Trend,"style, pattern"
f4e0ea6aaf,Crystal,"a material that is considered to be expensive or fancy, dishes or jewelry can be made out of it."
f4e0ea6aaf,Grip,"grasping something, to hold something"
8b0be276e4,Worse,when something is worse than something else it is less desirable.
8b0be276e4,Attire,"Attire is a specific type of clothing, such as business attire would be a dress shirt, slacks and a tie, or a suit. school attire may be a uniform, or street clothing."
8b0be276e4,Trend,"A trend is a popular idea that a large amount of the public follows. trends can be in clothing, a new type or style. trends can also be environmental, such as, the trend of the worlds temperatures in rising."
8b0be276e4,Crystal,"a form of matter. a crystalline structure if very rigid and strong. Among them are diamonds, emeralds, rubies, quartz and many other."
8b0be276e4,Grip,"to grip, when you grab a handle or knob. a grip, when you place your hand at the end of a bat, or on a handlebar."
3287106543,Worse,"not as good as it was, less better"
3287106543,Attire,"clothing, what you a wearing, casual, business"
3287106543,Trend,"fad, fashion, something that lasts shortly then dies out"
3287106543,Crystal,"glass, goblet, ball"
3287106543,Grip,"hold, hang on to"
f8d8faceb4,Worse,"Not as good, could be better, less perfect."
f8d8faceb4,Attire,"Clothes, outfit, costume"
f8d8faceb4,Trend,"Patterns, types, fads."
f8d8faceb4,Crystal,"Mineral, geometric, clear, gem"
f8d8faceb4,Grip,"Handle, grasping, closing your hand around something."
c164433418,Worse,"inferior to, going down from, poor option, not preferred, sometimes settled for"
c164433418,Attire,"manner of dress, clothing, the way one styles, judged by fashion, accessories, earrings, bracelets, lipstick"
c164433418,Trend,"fad, craze, short lived, periodic, easy to get caught up in"
c164433418,Crystal,"smooth, shiny, refracts light, holds special powers to some, earthy"
c164433418,Grip,"hold, friction, handshake, good depending on situation, tires, rubber"
8b689e3a3e,Worse,"beyond bad, problematic"
8b689e3a3e,Attire,"clothing, outfit, fancy or sloppy"
8b689e3a3e,Trend,"becoming popular, fashion, music, ideas"
8b689e3a3e,Crystal,"found in jewelry, gemstone, shiny, pretty, expensive"
8b689e3a3e,Grip,"holding, tight, hands, not dropping"
19721341bc,Worse,lower: of lesser appeal
19721341bc,Attire,what one is wearing: clothing
19721341bc,Trend,direction: style choice: rising
19721341bc,Crystal,a girls name: clear: pure: a formation of glass like rock: a rock with healing and mystical powers
19721341bc,Grip,to hold onto: the style of how one holds something: a lighting man in the movie business
b79a7d43f1,Worse,"The opposite of better, less than before, sub-par, not good"
b79a7d43f1,Attire,"clothing, fashion, vestments, what people are wearing"
b79a7d43f1,Trend,"style, fashion, social direction or attitude,"
b79a7d43f1,Crystal,"a transparent mineral, a lens in a camera, what a snowflake is comprised of,"
b79a7d43f1,Grip,"to grasp firmly, to squeeze with your hands, an anachronism for the common cold"
5e21b27061,Worse,"not as good as, negative, not necessarily the bottom but not the top"
5e21b27061,Attire,"clothing, general set of accepted clothes for a certain function (i.e. black tie attire)"
5e21b27061,Trend,"something that is currently popular in mainstream society, can be a thing, action, idea"
5e21b27061,Crystal,"often clear, hard, rocklike, pretty, used to make dining ware, chandeliers, etc"
5e21b27061,Grip,"one's hold on something, can be strong or soft"
9bbb277aa4,Worse,"Things could be better, Unpleasant, More Serious, Not done with the best quality"
9bbb277aa4,Attire,"Outfits, Dressing, The way you dress, christmas clothes"
9bbb277aa4,Trend,"something you set for other people to use, direction, the way something is going"
9bbb277aa4,Crystal,"shiny, transparent, solid, glass, type of jewel"
9bbb277aa4,Grip,"tight hold, how tight you grasp something"
fddaf703be,Worse,"it's something inferior to another thing, it suggests decline"
fddaf703be,Attire,"it is clothing, it is something that shields you from the elements, it covers your skin"
fddaf703be,Trend,"it is something popular, it makes people feel like they belong, it may not last for long"
fddaf703be,Crystal,"it is glassware, it is something shiny, it may embelish clothing, it is hard"
fddaf703be,Grip,"it is fastening onto something, it is clenching your hand, it is a mental feeling of being in control"
2557e25e18,Worse,"bad news, aweful, not good, evil, scarey, poor"
2557e25e18,Attire,"covering, garments, clothing, formal wear, garb"
2557e25e18,Trend,"current, flow, up to date, current fashion, following others"
2557e25e18,Crystal,"stones, rock, gems, clear"
2557e25e18,Grip,"clasp, hold, clamp, clinch, tight,"
9eb84fad68,Worse,"not as good, lesser quality"
9eb84fad68,Attire,"clothes, accessories, often used when a certain dress code is expected"
9eb84fad68,Trend,"a idea that is growing in popularity, a meme"
9eb84fad68,Crystal,"glass, clear, more fragile than glass, often used decoratively"
9eb84fad68,Grip,"a place to hold on to something, usually ergonomic and designed for hand(s)"
89b7c2c2a7,Worse,"bad,"
89b7c2c2a7,Attire,"clothes, outfit, comfortable, colorful"
89b7c2c2a7,Trend,"fashion, clothes, search,"
89b7c2c2a7,Crystal,"clear, fragile, brittle, translucent, hard"
89b7c2c2a7,Grip,"grasp, grab, hard, hand"
c537c66a20,Worse,more awful than something else
c537c66a20,Attire,clothing
c537c66a20,Trend,style that is popular right now
c537c66a20,Crystal,mineral that is clear
c537c66a20,Grip,something to hold onto
b90a0d5414,Worse,"poor, not up to standard, not as good eas others, lessor quality"
b90a0d5414,Attire,"clothing, what someone is wearing, a person's look"
b90a0d5414,Trend,"modern, the current mode, In vogue"
b90a0d5414,Crystal,"a chemical pattern, bling, a gem which is real or fake, used to adorn clothing and jewlery"
b90a0d5414,Grip,"to hold tight, to not let go, to apply holding force"
99735b4fc4,Worse,"Worse: something terrible, unhappiness, depressed attitude towards something, somebody, or a situation"
99735b4fc4,Attire,"Attire: Style, fashion, the clothes somebody wears"
99735b4fc4,Trend,"Trend: a popular style, something that everyone is doing or talking about"
99735b4fc4,Crystal,"crystal: a gem which sparkles, found in caves, Could also be a female's name or a type of table setting"
99735b4fc4,Grip,"Grip: clutching something in ones hand, a tight  grasp on an object"
d81575d784,Worse,"not better, inferior"
d81575d784,Attire,clothing
d81575d784,Trend,"general movement in a direction. not necessarily physical movement. can be a generally accepted idea. it is trendy to wear ""skinny jeans"""
d81575d784,Crystal,"pretty, clear, solid"
d81575d784,Grip,hold strength
b1ba52f0f8,Worse,"feel bad, bad from the start"
b1ba52f0f8,Attire,"clothes, your wardrobe"
b1ba52f0f8,Trend,"the way things are heading, popular"
b1ba52f0f8,Crystal,"a stone, highly wanted"
b1ba52f0f8,Grip,"Holding on tight, squeezin your fingers together"
0938ac5ac2,Worse,"more bad, going south, opposite of getting better"
0938ac5ac2,Attire,"dress, uniform, clothing"
0938ac5ac2,Trend,"fashion, current way, contemporary"
0938ac5ac2,Crystal,"fragile, glass, chandelier"
0938ac5ac2,Grip,"hold, grasp, clutch"
05efe9993b,Worse,"unpleasant, difficult"
05efe9993b,Attire,Cloths
05efe9993b,Trend,direction of change
05efe9993b,Crystal,transparent rock
05efe9993b,Grip,Hold or stick something
576562dcb5,Worse,not as good as
576562dcb5,Attire,clothing
576562dcb5,Trend,"fad, historical predication"
576562dcb5,Crystal,"see through, sparkly"
576562dcb5,Grip,hold
2f6bd97424,Worse,a word that compares a certain standard to another indicating that the other is not as good as.
2f6bd97424,Attire,noun > is clothing or moreover an overall look as to what an individual is wearing and how they are wearing it
2f6bd97424,Trend,what the most current population is buying at any given time.
2f6bd97424,Crystal,"a type of glass, that can be produced as jewelry facets, or can be produced as drinking glasses or other items"
2f6bd97424,Grip,a type of hold
d68ac38107,Worse,"Lesser, not as good"
d68ac38107,Attire,"Clothing worn, outfit"
d68ac38107,Trend,A fad
d68ac38107,Crystal,"Clear, shiny rock like mineral"
d68ac38107,Grip,The way hands clasp around an object
2b07e8e141,Worse,"not as good as, less desirable,"
2b07e8e141,Attire,"what is worn, clothing, often made of cloth but sometimes other materials like metal, used for comfort protection, or style."
2b07e8e141,Trend,"how things are progressing, how things are going, how we expect things will continue in the future"
2b07e8e141,Crystal,"Mineral, sometimes found in nature, look hard but are sometimes brittle, often jagged"
2b07e8e141,Grip,How one holds or handles something.
70228590e8,Worse,"bad, not as good, lack of effort, below par"
70228590e8,Attire,"clothes, old fashioned,formal, variety"
70228590e8,Trend,"trendy, latest fad, hipster invoked"
70228590e8,Crystal,"meth, clear, palace, gems, ground, earth"
70228590e8,Grip,"strong, hands, strength, forearms, firm"
de7cff418b,Worse,not better; declining; negative growth
de7cff418b,Attire,clothing; attitude; uniform
de7cff418b,Trend,growth or decline; steady statistically significant change whether positive or negative; something growing in popularity
de7cff418b,Crystal,cut glass; clear; Waterford
de7cff418b,Grip,grasp; hold onto; clench; grab; hold on reality
b7c12a2d3f,Worse,"not as good, could be better, not good, inferior"
b7c12a2d3f,Attire,"clothing, you wear it, you wash it, made of fabric"
b7c12a2d3f,Trend,"current things, something popular, not necessarily good but people like it"
b7c12a2d3f,Crystal,"shiny, clear, type of stone, heavy"
b7c12a2d3f,Grip,"done with your hand when you hold something, holding something tightly, grasp"
5bac84dcf0,Worse,"not as good, bad"
5bac84dcf0,Attire,"clothing, style, accessories"
5bac84dcf0,Trend,"popular, in style, not permanent"
5bac84dcf0,Crystal,"beautiful, made from the earth, shiny, diamond like, expensive"
5bac84dcf0,Grip,"take hold of, grab"
48b0cf8cca,Worse,"A word always used when relating different things, opposite of ""better"", used to describe a scale of something, neighborhood B is 'worse' than neighborhood A."
48b0cf8cca,Attire,"Clothing that someone typically wears, style, dress, fashion"
48b0cf8cca,Trend,"A popular item, popular style of clothing, popular type of music, temporary in nature, never permanent"
48b0cf8cca,Crystal,"A semi-precious stone, crystal lattice, valuable, clear"
48b0cf8cca,Grip,"How strongly someone holds onto something, alterations added to a surface to increase ease of handling, 'grip' on a motorcycles handlebars, grip on the edge of a baseball bat"
