subject_id,word,answer
46db8237d3,Billy,"billy club,police,stick,to beat"
46db8237d3,Days,"holidays,anniversaries,birthdays,counts of life"
46db8237d3,Mixture,"juicer mixure,variety,diversity"
46db8237d3,Store,"to keep safe,save for future,place where we buy things"
46db8237d3,Music,"harmony,soundful mind,melodies,jazz,rock"
2622f61522,Billy,"Name. coach, Man, USA Name"
2622f61522,Days,"years, holidays."
2622f61522,Mixture,"admixture, commixture, intermixture, mix, mixing, concoction"
2622f61522,Store,"computer memory, computer storage, memory, memory board, storage, shop, depot,"
2622f61522,Music,"medicine, euphony"
c602294c0a,Billy,desire
c602294c0a,Days,has 24 hours
c602294c0a,Mixture,contains more than one item
c602294c0a,Store,stock
c602294c0a,Music,sound
e97ff5f954,Billy,a goat/a name
e97ff5f954,Days,what makes up a week/ the total of 24 hours
e97ff5f954,Mixture,combination/collection/not singular
e97ff5f954,Store,place for selling/ a shop
e97ff5f954,Music,food for the soul/an uplifting sound from voices and instruments/ the voice of our inner beings
153fbbab45,Billy,a metal container used for cooking outside over a fire
153fbbab45,Days,the hottest days of the summer
153fbbab45,Mixture,"The mixture  of  flour, water and yeast is then left in a warm place for four hours."
153fbbab45,Store,a department store
153fbbab45,Music,a beautiful  piece of  music
5146be6c32,Billy,It is a name with desire + helmet.
5146be6c32,Days,"A day is a unit of time, commonly defined as an interval equal to 24 hours"
5146be6c32,Mixture,"In chemistry, a mixture is a material system made up by two or more different substances which are mixed together but are not combined chemically."
5146be6c32,Store,a place where things are stored.
5146be6c32,Music,Music is an art form whose medium is sound and silence.
cc0fd23c05,Billy,"truncheon, billy, baton, he-goat, billy club, billystick, billy goat, nightstick"
cc0fd23c05,Days,"old age, long time, age, days, years, geezerhood, eld"
cc0fd23c05,Mixture,"salmagundi, motley, confection, commixture, mixture, miscellany, admixture, mix, potpourri, concoction, miscellanea, smorgasbord, assortment"
cc0fd23c05,Store,"memory, stock, workshop, storehouse, store, entrepot, fund, shop, shop class, computer memory, computer storage, memory board, depot, storage"
cc0fd23c05,Music,"practice of medicine, euphony, medical specialty, medicinal drug, medicament, medicine, music, medication"
ab266a6b3c,Billy,"a nick name, a cooking pot, female goat"
ab266a6b3c,Days,"unit of time, 24 hours in a day, night comes after day,"
ab266a6b3c,Mixture,"made up of too many things, combination of multi items, joined together"
ab266a6b3c,Store,"place to keep things,to stock things, to put things at safer place in store"
ab266a6b3c,Music,"rhytmic, related to singing and dancing, instruments are used,"
8298f6c5c0,Billy,A person's name for short otherwise called William
8298f6c5c0,Days,"Monday, Tuesday, Wednesday, Thursday, Friday, Saturday, Sunday are the days the week."
8298f6c5c0,Mixture,when combining something together
8298f6c5c0,Store,"to keep something safe, or an actually retail place"
8298f6c5c0,Music,tunes or sounds that are made to inspire
d6fbaf0859,Billy,an American name synonymous to William
d6fbaf0859,Days,"24 hours,opposite  of night"
d6fbaf0859,Mixture,combination of substance
d6fbaf0859,Store,"merchant, selling goods"
d6fbaf0859,Music,composed of melody and tunes
7c3ee16479,Billy,a metal container used for cooking outside under a fire
7c3ee16479,Days,a day= 24 hours. days means any period more than 24 hours
7c3ee16479,Mixture,a substance made with combination of different substances
7c3ee16479,Store,a large shop where you can buy different types of goods
7c3ee16479,Music,a pattern of sound made by musical instuments
ebc4f95447,Billy,game
ebc4f95447,Days,week days
ebc4f95447,Mixture,mix some things
ebc4f95447,Store,keep things
ebc4f95447,Music,melody
fd1a1cbbc3,Billy,"truncheon, billy, baton, he-goat, wand, billy club, billystick, billy goat, nightstick"
fd1a1cbbc3,Days,"old age, long time, age, days, years, geezerhood, eld"
fd1a1cbbc3,Mixture,"smorgasbord, mixed bag, miscellanea, mixing, motley, salmagundi, mix, intermixture, miscellany, potpourri, variety, commixture, admixture, assortment, concoction"
fd1a1cbbc3,Store,"memory, stock, workshop, storehouse, store, entrepot, fund, shop, shop class, computer memory, computer storage, memory board, depot, storage"
fd1a1cbbc3,Music,"medicine, music, euphony"
c05417ff31,Billy,"a name of a person, proper noun"
c05417ff31,Days,"periods of 24 hours, times between sunrise and sunset"
c05417ff31,Mixture,"addition of two or more chemical compounds, a blend of several substances"
c05417ff31,Store,"to preserve, a shop, a warehouse, a godown, to keep safely"
c05417ff31,Music,"sound, melody, tune produced by instruments"
aab3023ba4,Billy,"worker, transient, smoker"
aab3023ba4,Days,"24 hours in one, Friday - Sunday considered best"
aab3023ba4,Mixture,"required ingredients, follows a recipe, made in a bowl"
aab3023ba4,Store,"place to buy household items, cash register, buggys"
aab3023ba4,Music,"pleasant sound listed to through radio, Iphones, Ipods, cds"
6764bded40,Billy,"Name, short for william, slang for a goat"
6764bded40,Days,"measurement of time, 24 hours= one day"
6764bded40,Mixture,"combination of things, cake, a concoction"
6764bded40,Store,"place to buy things, to put away"
6764bded40,Music,"a collection of sounds, loud, soft, genre, world, meditation"
74a82eb356,Billy,baton
74a82eb356,Days,A period of twenty-four hours
74a82eb356,Mixture,mixing two substances
74a82eb356,Store,A retail establishment selling in singe point
74a82eb356,Music,instrumental sounds
4b511fafa3,Billy,"is a weapon, men"
4b511fafa3,Days,"in week, regularity, is important"
4b511fafa3,Mixture,"is combined together, different elements"
4b511fafa3,Store,"shop, is collection of stocks, a grocery"
4b511fafa3,Music,"Song, is a life, instumental"
6b2ac0ef88,Billy,william
6b2ac0ef88,Days,24 hours
6b2ac0ef88,Mixture,a mix of many things
6b2ac0ef88,Store,keeping stock
6b2ac0ef88,Music,melody
a99eff3ef7,Billy,a club or heavy stick
a99eff3ef7,Days,during every day or most days
a99eff3ef7,Mixture,a mixing or being mixed
a99eff3ef7,Store,to fill or furnish with a supply or stock
a99eff3ef7,Music,Music is a form of art that combines vocal or instrumental sounds to create a composition
6be52007c6,Billy,"a statement of money owed for goods or services supplied: He paid the hotel bill when he checked out.
2.
a piece of paper money worth a specified amount: a ten-dollar bill."
6be52007c6,Days,"The 24-hour period during which the earth completes one rotation on its axis.
b. The period during which a celestial body makes a similar rotation."
6be52007c6,Mixture,"A kind of liquid medicine made up of many ingredients; esp., as opposed to solution, a liquid preparation in which the solid ingredients are not completely dissolved."
6be52007c6,Store,"A place where merchandise is offered for sale; a shop.
2. A stock or supply reserved for future use: a squirrel's store of acorns.
3. stores Supplies, especially of food, clothing, or arms."
6be52007c6,Music,"The art of arranging sounds in time so as to produce a continuous, unified, and evocative composition, as through melody, harmony, rhythm, and timbre.
2. Vocal or instrumental sounds possessing a degree of melody, harmony, or rhythm."
5225b2e028,Billy,A man's name
5225b2e028,Days,A way to measure time
5225b2e028,Mixture,A combination of two or more items combined to form one.
5225b2e028,Store,a place to buy things
5225b2e028,Music,A pleasant sound to the ears
3c34df1213,Billy,"is family name, identification"
3c34df1213,Days,"is 24 hours, one part of year, life cycle"
3c34df1213,Mixture,"is mixing, make together, joint"
3c34df1213,Store,"is saving, Keeping"
3c34df1213,Music,"entertainment, feel, love"
6e487b9cb7,Billy,People.
6e487b9cb7,Days,Is a unit of time equal to 24 hours.
6e487b9cb7,Mixture,combination of two or more substances.
6e487b9cb7,Store,a place where things are stored.
6e487b9cb7,Music,Is an art
6c04a7f4c1,Billy,nice to indicate
6c04a7f4c1,Days,which show the year which has 365 days
6c04a7f4c1,Mixture,combination
6c04a7f4c1,Store,collection of something
6c04a7f4c1,Music,how is used to represent there feelings
b51378192c,Billy,"Billy: its ingamesis Billy Kane, a Fatal Fury character
Billy Coen, a character in Resident Evil:Zero. All pages beginning with ""Billy""
Bill (disambiguation)
Billie (disambiguation)
Bili (disambiguation)
Will (disambiguation)
William (disambiguation)"
b51378192c,Days,"Days:is A day is a unit of time, commonly defined as an interval equal to 24 hours.[1] It also can mean that portion of the full day during which a location is illuminated by the light of the sun. The period of time measured from local noon to the following local noon is called a solar day."
b51378192c,Mixture,"Mixture:Mixtures are the product of a mechanical blending or mixing of chemical substances like elements and compounds, without chemical bonding or other chemical change, so that each ingredient substance retains its own chemical properties and makeup"
b51378192c,Store,"Store: is a retail store,
a place where things are stored, e.g. a ship's paint store
expendables released from an aircraft, such as ordnance or countermeasures
Štore, a town and a municipality in eastern Slovenia"
b51378192c,Music,"Music:Music is an art form whose medium is sound and silence. Its common elements are pitch, rhythm ,dynamics, and the sonic qualities of timbre and texture."
fbcc6f1973,Billy,billion
fbcc6f1973,Days,"sunday,monday,tuesday ect"
fbcc6f1973,Mixture,including all the itsms
fbcc6f1973,Store,shop
fbcc6f1973,Music,songs back gronud
af2803583c,Billy,"meaning of the name billy ""Will, desire + helmet, protection"""
af2803583c,Days,days of the week
af2803583c,Mixture,The act or process of mixing
af2803583c,Store,A stock or supply reserved for future use
af2803583c,Music,"an art of sound in time that expresses ideas and emotions in significant forms through the elements of rhythm, melody, harmony, and color."
1c7639828f,Billy,"a wapon, club, name"
1c7639828f,Days,"collection of day, may be a  week, unit of time"
1c7639828f,Mixture,"more than two, result of mixing, combination"
1c7639828f,Store,"keep things, retail shop, place to sold things"
1c7639828f,Music,"sound, composed of expressions and emotions, contains lyrics"
84d66f35f1,Billy,"goat, club, boy, william"
84d66f35f1,Days,"time, 365, sunlight, 24 hours"
84d66f35f1,Mixture,"combination, non-heterogenous, different things put together"
84d66f35f1,Store,"keep safe, stow, shop, merchant, squirrel away, retailer, sales"
84d66f35f1,Music,"symphony, orchestra, tune, melody, notes, bards, musicians, singers, instrumentalists, score sheet, sheet music, chords, sonatas, fugues, ditties"
ebbdf1c34a,Billy,It is a part of club.
ebbdf1c34a,Days,When our earth rotates around the sun for twenty-four hours.
ebbdf1c34a,Mixture,When we mixup the two things.
ebbdf1c34a,Store,It is a place where we can store the goods.
ebbdf1c34a,Music,It is a type of Entertainment
0412f0a396,Billy,a name for a male
0412f0a396,Days,a period of time each made up of 24 hours.
0412f0a396,Mixture,a combination of at least two items
0412f0a396,Store,"a place that sells items. Or, a place to keep items."
0412f0a396,Music,sounds.
1515274e77,Billy,"A boy or mans name, Goat, a metal pot, a metal pan."
1515274e77,Days,"seven in a week, to repeat a day."
1515274e77,Mixture,"a result of mixing, a combination of things."
1515274e77,Store,"furnish, supply, accumulate, a place to shop."
1515274e77,Music,"Rythmn, harmony, melody, result of vocals and instruments."
23177e4468,Billy,"This could be a reference to a billy club, billy goat, or a hill billy"
23177e4468,Days,a period of 24 hours.  Also the time when it is light out as opposed to night.
23177e4468,Mixture,"Different elements combined.  Could refer to chemicals, a cake batter, even a mixture of different people."
23177e4468,Store,A place where you buy and maybe sell a product or service.  Also means to put something away for future use
23177e4468,Music,"rhythm, melody, and harmony combined.  The art of sound."
eb09612a37,Billy,GAME
eb09612a37,Days,WEEK DAYS
eb09612a37,Mixture,MIX SOME THINGS
eb09612a37,Store,KEEP
eb09612a37,Music,SONG
12ab915847,Billy,"male goat, is edible, is proper cared off, is an animal, can walk."
12ab915847,Days,"bad days, good days, seven days make a week, 12 days make a month, holidays, busy days."
12ab915847,Mixture,"two or more components mixed together, each component loses its identity, solution"
12ab915847,Store,"place to accumulate things, keeps things safely"
12ab915847,Music,"relaxation, soothing, soft, jazz, removes tension, refreshes the mind."
86dc19ebbd,Billy,cat
86dc19ebbd,Days,"time, living, years"
86dc19ebbd,Mixture,"combination, mix, blend"
86dc19ebbd,Store,"amass, stock, accumulate"
86dc19ebbd,Music,"melody, tune, harmony"
075bbbca89,Billy,"noun: (plural billies) British a tin or enamel cooking pot with a lid and folding handle, used in camping."
075bbbca89,Days,noun: British a small rucksack.
075bbbca89,Mixture,noun a substance made by mixing other substances together. the process of mixing or being mixed. (a mixture of) a combination of different things in which the components are individually distinct. the charge of gas or vapor mixed with air admitted to the cylinder of an internal-combustion engine.
075bbbca89,Store,"a quantity or supply kept for use as needed. (stores) supplies of equipment and food kept for use by members of an army, navy, or other institution."
075bbbca89,Music,"1	the art or science of combining vocal or instrumental sounds (or both) to produce beauty of form, harmony, and expression of emotion. the sound so produced. 
2	the written or printed signs representing vocal or instrumental sound."
95e2618c28,Billy,a metal can or pot for boiling water
95e2618c28,Days,During the daytime on every day or most days
95e2618c28,Mixture,"The act or process of mixing,Something produced by mixing"
95e2618c28,Store,"A place where merchandise is offered for sale; a shop,A stock or supply reserved for future use"
95e2618c28,Music,"The art of arranging sounds in time so as to produce a continuous, unified, and evocative composition, as through melody, harmony, rhythm, and timbre"
33cd6db15a,Billy,"Male goat,Unruly one,Name of a person,Rough and tough,Male name,Goat from a rugged terrain."
33cd6db15a,Days,"Time,Period,Age,Human life span,When the sun is shining ,Twenty four and more,what makes a week."
33cd6db15a,Mixture,"Combination,Two or more similar or different ingredients,Color variants,different items in a lot,not of the same kind."
33cd6db15a,Store,"Small shops,Place where items for use are kept,To keep in safe custody,Gather,Granary,Keep things for future use."
33cd6db15a,Music,"Lyrics,Songs,Sound of the wind,Birds chirping,Nightingales song,Sound produced by musical instrument,Melodies,Song of the brook,Tunes ."
e180b38ede,Billy,center part of the stomach which is also called Billy button.
e180b38ede,Days,each passing day
e180b38ede,Mixture,two things when add together or mix together
e180b38ede,Store,collection of things
e180b38ede,Music,A tune or song which gives melody
bee7f2ab27,Billy,police man's stick
bee7f2ab27,Days,from dawn to dusk
bee7f2ab27,Mixture,"combination,  adulteration,  blend"
bee7f2ab27,Store,"shop, establishment"
bee7f2ab27,Music,"song,  melody, pleasant sounding"
2cfb3bdbcd,Billy,baton
2cfb3bdbcd,Days,daily
2cfb3bdbcd,Mixture,compare
2cfb3bdbcd,Store,save
2cfb3bdbcd,Music,song
619c379252,Billy,"a proper noun, a name, nickname used for many"
619c379252,Days,"24 hours, 7 days in a week"
619c379252,Mixture,a combination of two or more substances
619c379252,Store,"a place to buy products, cashier, manager, sales, produce, products, customers, money, transactions, inventory"
619c379252,Music,"noise, notes, musician,"
eaecffb8af,Billy,"name definition,actor"
eaecffb8af,Days,"separation of month,calender"
eaecffb8af,Mixture,"shake,combination"
eaecffb8af,Store,"parking place,collection of material"
eaecffb8af,Music,"song,instrument,keyboard"
cdf81c2126,Billy,a heavy wooden stick used as a weapon
cdf81c2126,Days,in or during the day  regularly
cdf81c2126,Mixture,"any combination or blend of different elements, kinds, qualities, etc."
cdf81c2126,Store,a grocery
cdf81c2126,Music,musical  work or compositions for singing or playing
c284e4a997,Billy,"A cross dresser,billy boys,in singapore"
c284e4a997,Days,"Time,year,month,and time.calender."
c284e4a997,Mixture,"A cocktail,together,tonic."
c284e4a997,Store,"Keeping,a room in home,saving"
c284e4a997,Music,"A composition, song,by an orchestra."
b0af56c46c,Billy,will
b0af56c46c,Days,period
b0af56c46c,Mixture,compound
b0af56c46c,Store,shop
b0af56c46c,Music,"songs, instruments"
96824489d6,Billy,"goat,tools,name"
96824489d6,Days,"24 hours,seven,holidays"
96824489d6,Mixture,"chemical,eatable,snack"
96824489d6,Store,"things,save,storage"
96824489d6,Music,"tune,musician,lyrics,melody,rap,singer,songs"
99822f0efe,Billy,"Goat, club, bad kid, William"
99822f0efe,Days,"24 hours, time, date, calendar, counting"
99822f0efe,Mixture,"Assortment, a little of everything, mutt"
99822f0efe,Store,"Keep, shop, purchase"
99822f0efe,Music,"Instruments, iPod, speakers, tunes, concert"
5cf41e6737,Billy,gilly
5cf41e6737,Days,no of day
5cf41e6737,Mixture,all in a place
5cf41e6737,Store,preserve
5cf41e6737,Music,entertainment
bba2068b29,Billy,short stout club used primarily by policemen
bba2068b29,Days,the time during which someone's life continues
bba2068b29,Mixture,an event that combines things in a mixture
bba2068b29,Store,a depository for goods
bba2068b29,Music,any agreeable (pleasing and harmonious) sounds
2ece3f8886,Cleaner,"employee, clean, rooms, clothes, worker"
2ece3f8886,Frame,"border, holder, hanger, structure, construct"
2ece3f8886,Killer,"person, animal, kills, murder, died, causing death"
2ece3f8886,Stress,"pressure, tension, mental strain, strain, emphasis"
2ece3f8886,Poetry,"poetic, poet, writer, feeling, expression, collection of poem"
b71a0177ea,Cleaner,"sanitary,  laundered, neat, tidy, hygienic, shining,sparkling, spotless, dress, wiper, washed"
b71a0177ea,Frame,"architecture, body, build, cage, framework, fringe, mount, structure, design,sketch, shape, outline, physique,"
b71a0177ea,Killer,"murderer, butcher, cut-throat, executioner,gunman/woman, gunperson, hit, hunter, poison, toxin, deadly chemical, hit person, knife"
b71a0177ea,Stress,"emphasis, importance, significance, urgency, tense, feature, underline, repeat, strain, stretch, worry"
b71a0177ea,Poetry,"expressive,rhythmic ,poems, rhyming, rime, rune, song, stanza, verse, versification, tuneful, epic, epic poem, lyric, sonnet, stanza, poet"
6be52007c6,Cleaner,"A cleaner is a type of industrial or domestic worker who cleans homes or offices for payment. Unlike other servants, their primary task is cleaning."
6be52007c6,Frame,"Full frame means the body has a sensor which is 35mm wide, the same width as a 35mm film negative which is rectangular. It's wider than shots from a sensor that is more square, called cropped sensors or cropped cameras and thus gives you a full frame rather than a cropped frame. The cropped cameras also change the focal lengths of the lenses you put on them, generally by a multiple of 1.6. That means more reach by almost twice, a factor in shooting wildlife, and many of those photographers prefer a cropped frame."
6be52007c6,Killer,"explanations in your case:
1. It means your being nasty and mean with your words. In other words you are hurting her."
6be52007c6,Stress,the action on a body of any system of balanced forces whereby strain or deformation results.
6be52007c6,Poetry,"Poetry is a way of communicating and expressing feelings, emotions and insights in a compact, concentrated manner.
The use of similies, metaphors and other literary devices only make the poem more interesting and lovelier to the ear."
99822f0efe,Cleaner,"Scrub, not dirty, detergent"
99822f0efe,Frame,"Photos, enclose, pictures"
99822f0efe,Killer,"Murderer, death"
99822f0efe,Stress,"Anxiety, emotional, pressure"
99822f0efe,Poetry,"Rhyme, lyrical, pentameter, language, book"
0da623e05b,Cleaner,those who clean
0da623e05b,Frame,the outer covering of a photo
0da623e05b,Killer,those who kill anyone
0da623e05b,Stress,tension
0da623e05b,Poetry,poem
ed12f022a1,Cleaner,an agent used for cleaning. someone who cleans or an object or chemical to aid cleaning a brush or solvent
ed12f022a1,Frame,"something that boxes in something without obscuring it. a picture frame. can be made many materials, wood comes to mind, pewter, silver"
ed12f022a1,Killer,one who kills. someone who murders people uses a knife or gun usually
ed12f022a1,Stress,a feeling you may get when there is too much to do without enough time to do it.
ed12f022a1,Poetry,words or lyrics that usually rhyme and are about something important to the writer. a ballad or limerick
1c7639828f,Cleaner,"who cleans, may be a  machine or a  person, act of cleaning"
1c7639828f,Frame,"border,within limits, build a structure"
1c7639828f,Killer,"who kills, difficult to deal with, a person or  a weapon"
1c7639828f,Stress,"tensed, over strained, not in a  good mood"
1c7639828f,Poetry,"imaginative thoughts,the art of rhythmical composition"
075bbbca89,Cleaner,noun a person or thing that cleans. (the cleaners) a shop where clothes and fabrics are dry-cleaned.
075bbbca89,Frame,"a rigid structure surrounding a picture, door, etc. (frames) a metal or plastic structure holding the lenses of a pair of glasses. the rigid supporting structure of a vehicle, aircraft, or other object. a box-like structure of glass or plastic in which seeds or young plants are grown."
075bbbca89,Killer,"1	a person or thing that kills. 
2	informal a formidable person or thing. 
3	informal a hilarious joke."
075bbbca89,Stress,"1	pressure or tension exerted on a material object. Physics the magnitude of this measured in units of force per unit area. 
2	a state of mental, emotional, or other strain. 
3	particular emphasis. emphasis given to a syllable or word in speech."
075bbbca89,Poetry,noun poems collectively or as a genre of literature. a quality of beauty and intensity of emotion regarded as characteristic of poetry.
86dc19ebbd,Cleaner,"one who cleans,"
86dc19ebbd,Frame,"border, edge, outline"
86dc19ebbd,Killer,"murderer, assassin, executioner"
86dc19ebbd,Stress,"pressure, strain, anxiety"
86dc19ebbd,Poetry,"verse, poems"
153fbbab45,Cleaner,Chris has an evening job as an office cleaner.
153fbbab45,Frame,See picture frame
153fbbab45,Killer,Police are still hoping to find the dead woman's killer.
153fbbab45,Stress,stress -related  illness
153fbbab45,Poetry,This film  has  a savage poetry and brilliance.
66046579cd,Cleaner,"someone whose job is to clean the rooms in a building, a chemical substance used for cleaning things, a piece of equipment used for cleaning things, free from dirt, stain, or impurities, unsoiled, free from foreign matter or pollution,not infected, producing relatively little pollution, producing relatively little radioactive fallout or contamination, having no imperfections or blemishes, free from clumsiness, devoid of restrictions or encumbrances, thorough, having few alterations or corrections, blank, morally pure, having no marks of discredit or offense, fit for all readers, honest or fair"
66046579cd,Frame,"border, casing, edge, surround, enclose, outline, structure, skeleton, scaffold, support, construction, to shape, to arrange as the organs of speech, to originate, a structure of four bars, a molding box or flask which being filled with sand and serves as a mold for castings."
66046579cd,Killer,"murderer, assassin, slaughterer, executioner, destroyer, eradicator, slayer, someone who causes the death of a person, the casual agent resulting in death, a difficulty that is hard to deal with, black-and-white toothed whale with large dorsal fin"
66046579cd,Stress,"pressure, strain, anxiety, constant worry, nervous tension, tension, trauma, hassle, it is the body's reaction to change that requires a physical, mental or emotional adjustment or response, it is caused by an existing stress-causing factor, a computer language designed for use in solving structural analysis problems in civil engineering."
66046579cd,Poetry,"verse, poems, it is an imaginative awareness of experience expressed through meaning sound, and rhythmic language choices so as to evoke an emotional response,it has been known to employ meter and rhyme, but this is by no means necessary,"
5923ae5b82,Cleaner,"One who, or that which, cleans"
5923ae5b82,Frame,"To provide with a frame, as a picture"
5923ae5b82,Killer,someone who causes the death of a person or animal
5923ae5b82,Stress,"to draw tight, and was used in the seventeenth century to describe hardship and affliction"
5923ae5b82,Poetry,sound and rhythmic language choices so as to evoke an emotional response.
42507af7e6,Cleaner,one who cleans
42507af7e6,Frame,used to hold the photo or spectacles
42507af7e6,Killer,who kills
42507af7e6,Stress,which makes you to think in tension
42507af7e6,Poetry,Which describes in the form of poem
8298f6c5c0,Cleaner,refined or someone who takes pride in their environment
8298f6c5c0,Frame,What is used around a picture to hang on a wall
8298f6c5c0,Killer,someone who deprives someone else of their life
8298f6c5c0,Stress,the feeling of being overworked
8298f6c5c0,Poetry,the art of beautifully written rhyming lines
ebc4f95447,Cleaner,stainer
ebc4f95447,Frame,photo cover
ebc4f95447,Killer,thief
ebc4f95447,Stress,pressure
ebc4f95447,Poetry,poem
64950ed213,Cleaner,"one whose work is cleaning, a preparation of cleaning, an implement or machine for cleaning"
64950ed213,Frame,"having a wood frame,the construction system that gives shape or strength ,a frame dwelling"
64950ed213,Killer,"one that kills ,killer whale"
64950ed213,Stress,"to subject to physical or psycological stress ,to subject to phonetic stress, to lay stress on"
64950ed213,Poetry,"metrical writing :verse , the production of a poet:poems, writing that formulates a concentrated imaginative awareness of experience in language chosen and arranged to create a specific emotional response through meaning sound, and rhythm"
95e2618c28,Cleaner,"One whose work or business is cleaning,A machine or substance used in cleaning"
95e2618c28,Frame,"To build by putting together the structural parts of; construct,To conceive or design"
95e2618c28,Killer,"One that kills,Causing death or destruction"
95e2618c28,Stress,"Importance, significance, or emphasis placed on something,An applied force or system of forces that tends to strain or deform a body"
95e2618c28,Poetry,"The art or work of a poet,A piece of literature written in meter"
96824489d6,Cleaner,"liquid,floor, hygiene,shining,smell,neat"
96824489d6,Frame,"photo,window,memory,unbreakable,safe,wood"
96824489d6,Killer,"crime,one murder someone,bloody,criminal,cruel"
96824489d6,Stress,"compel,tension,mentally,feeling"
96824489d6,Poetry,"lyrics,poetess, William words worth,rhyming,talent,meaning full,literary art"
1e2a8c725e,Cleaner,a person who cleans the place or cleans anything is called cleaner
1e2a8c725e,Frame,"photo frame, giving edges or borders to a thing."
1e2a8c725e,Killer,"a person who kills other people, bad person,"
1e2a8c725e,Stress,"too tired or worn out, very exhausted"
1e2a8c725e,Poetry,few sentences and paragraphs join together to make a poem.
1398dc46e5,Cleaner,a product used to remove stains or discoloration
1398dc46e5,Frame,"well knowned, knowned for a particular reason"
1398dc46e5,Killer,"someone that took the life of a person, animal, or thing"
1398dc46e5,Stress,"felling hopeless, helpless, things are out of your hands,"
1398dc46e5,Poetry,words that have a deep meaning
a243b14dae,Cleaner,"a group of chemicals used to remove an offensive stain, writing or a color used as a dye"
a243b14dae,Frame,"a way to explain things, a square with an open front that holds pictures, the beginnings of a house or building"
a243b14dae,Killer,"a person or thing that takes the life of another living thing, something that destroys"
a243b14dae,Stress,"an emotion that can make your body ache, make you physically sick, cause depression"
a243b14dae,Poetry,words group in a certain way to express emotions in descriptive way
eb09612a37,Cleaner,stainer
eb09612a37,Frame,PHOTO COVER
eb09612a37,Killer,THIEF
eb09612a37,Stress,PRESSURE
eb09612a37,Poetry,POEM
eaecffb8af,Cleaner,"purifier,clear,disappear"
eaecffb8af,Frame,"border,thick,end of sides"
eaecffb8af,Killer,"murderer,illegal"
eaecffb8af,Stress,"load,impression,strain"
eaecffb8af,Poetry,"meaningful lines,imagination"
5146be6c32,Cleaner,A cleaner is a type of industrial or domestic worker who cleans homes or offices for payment.
5146be6c32,Frame,a basic structure designed to bear a load in a lightweight economical manner.
5146be6c32,Killer,"A killer is someone or something that kills, such as a murderer."
5146be6c32,Stress,Stress is the average amount of force exerted per unit area.
5146be6c32,Poetry,"Poetry a making or a forming, creating, or the art of poetry, or a poem is a form of literary art in which language is used for its aesthetic and evocative qualities in addition to, or in lieu of, its apparent meaning."
e97ff5f954,Cleaner,one who keeps a place clean/liquid or powder to make clean
e97ff5f954,Frame,place for a photograph or picture/to blame someone for a crime
e97ff5f954,Killer,one/something that takes life
e97ff5f954,Stress,under pressure/emphasis on a syllable
e97ff5f954,Poetry,words written from the heart
7b39f6e34d,Cleaner,"the one who cleans,clears rubbish,worker,works for money,works on a contract"
7b39f6e34d,Frame,"preserves a photo,design done at the boundary of photo,kind of a layout in a monitor,individual pane in a monitor,wood work."
7b39f6e34d,Killer,"the one who kills,murderer,anti-social element,law breaker,takes life out of people."
7b39f6e34d,Stress,"mental pressure,instability,fear,suppressing one's body,uncontrolled feeling."
7b39f6e34d,Poetry,"song,classic poem of a topic,language efficiency,skill of language usage,result of poetry skill"
ac2e41400d,Cleaner,job
ac2e41400d,Frame,photo
ac2e41400d,Killer,criminal
ac2e41400d,Stress,depression
ac2e41400d,Poetry,leisure
ab266a6b3c,Cleaner,"neat, without dirt, pure"
ab266a6b3c,Frame,"a structure, frame of a picture, may be wooden or of glass"
ab266a6b3c,Killer,"one who kills, murderer,executes other"
ab266a6b3c,Stress,"strain, tension, stress on mind, feeling of stress, mental pressure"
ab266a6b3c,Poetry,"rhytmic arrangement of words, keats was a poet, collection of poems"
7c3ee16479,Cleaner,"a person whose job is to clean house, offices etc"
7c3ee16479,Frame,"a border which sorrounds or supports a picture, door etc"
7c3ee16479,Killer,someone who kills another person
7c3ee16479,Stress,a great worry caused by a difficult situation
7c3ee16479,Poetry,poem in general as aform of literature
6e487b9cb7,Cleaner,One who cleans
6e487b9cb7,Frame,"To provide with a frame, as a picture."
6e487b9cb7,Killer,One that kills.
6e487b9cb7,Stress,Pressure.
6e487b9cb7,Poetry,a division of literature.
7b5feaf707,Cleaner,which used to clean
7b5feaf707,Frame,a border for photo
7b5feaf707,Killer,Who murder someone
7b5feaf707,Stress,it is an emotion
7b5feaf707,Poetry,it was written by a poet
e180b38ede,Cleaner,who washes the dirty place
e180b38ede,Frame,border for the photo
e180b38ede,Killer,A person how kills or hurts someone
e180b38ede,Stress,upset
e180b38ede,Poetry,A feeling in the poem
a99eff3ef7,Cleaner,a person who owns or works in a dry-cleaning establishment
a99eff3ef7,Frame,"to shape, fashion, or form, usually according to a pattern"
a99eff3ef7,Killer,"a person, animal, or thing that kills, especially one that kills habitually or wantonly"
a99eff3ef7,Stress,Stress is physical or mental tension
a99eff3ef7,Poetry,Poetry is a style of writing that uses a formal organization and that is often divided up into lines or stanzas
bba2068b29,Cleaner,a preparation used in cleaning something
bba2068b29,Frame,framework for a pair of eyeglasses
bba2068b29,Killer,the causal agent resulting in death
bba2068b29,Stress,force that produces strain on a physical body
bba2068b29,Poetry,any communication resembling poetry in beauty or the evocation of feeling
fd1a1cbbc3,Cleaner,"cleansing agent, cleanser, cleaner 
a preparation used in cleaning something"
fd1a1cbbc3,Frame,the framework for a pair of eyeglasses
fd1a1cbbc3,Killer,someone who causes the death of a person or animal
fd1a1cbbc3,Stress,"stress, emphasis, accent 
the relative prominence of a syllable or musical note (especially with regard to stress or pitch)"
fd1a1cbbc3,Poetry,"poetry, poesy, verse 
literature in metrical form"
2622f61522,Cleaner,"cleanser, cleansing agent, dry cleaner"
2622f61522,Frame,"framing, skeletal frame, skeleton, underframe, anatomy"
2622f61522,Killer,"grampus, killer whale, orca, orcinus orca, sea wolf, slayer, cause of death"
2622f61522,Stress,"accent, emphasis, tenseness, tension, strain, focus, accentuate, emphasise, emphasize, punctuate, try"
2622f61522,Poetry,"poesy, verse"
5cee6644e6,Cleaner,Works hard
5cee6644e6,Frame,Brings beauty to the photos
5cee6644e6,Killer,Rude and dangerous
5cee6644e6,Stress,Head ache
5cee6644e6,Poetry,Books and sanskrit
4722c98540,Cleaner,"Worker, maid, Boy, Dirty, Helper & Daily wages"
4722c98540,Frame,"Square in shape, Photo frame, Spectacles, Glass & Different in colors"
4722c98540,Killer,"Looks, Murdered, Mosquito Spray, Lovers Look"
4722c98540,Stress,"Work load, Tension, High blood pressure, Thinking of too much & Worrying"
4722c98540,Poetry,"Author, Poems, Ballads, Rhythmical, Imaginative"
d6fbaf0859,Cleaner,a solution used for cleaning or wiping off dirt or stain
d6fbaf0859,Frame,"could be square or rectangle, four sided that provides the borderline of an object"
d6fbaf0859,Killer,someone who took the life of another person
d6fbaf0859,Stress,"worries, problems,"
d6fbaf0859,Poetry,form of literature that express message or emotions in words with ryhme and measure
1eece6042a,Cleaner,"shabby, wet, smelling, dust, has equipments, shuffle around, dedicated, usually with mustache and cap."
1eece6042a,Frame,"used for photo, painting, made of wood, steel, has designs, make border, is of color brown or black or silver."
1eece6042a,Killer,"has angry look, horrifying, with knife, gun, sturdy movements, red protruding eyes, fist, chains, wear black dress."
1eece6042a,Stress,"sorrowful, hands on head, cries, talk harshly, pace up and down, knuckle whitening, impatient."
1eece6042a,Poetry,"is like a river flowing, stimulates imagination, emotion, awareness of society, entertainment, riddle to the mind, fun."
698904a657,Cleaner,"brighter, less germs, tidier, neater"
698904a657,Frame,"set-up, picture, mat"
698904a657,Killer,"murderer, scary, criminal, hate"
698904a657,Stress,"work, pressure, ill health"
698904a657,Poetry,"prose, literature, writing, reading"
5f6fadae3f,Cleaner,"person who cleans, neat, immaculate, Clean, clear, pure"
5f6fadae3f,Frame,"border for enclosing a picture, outline,enclose"
5f6fadae3f,Killer,"hunter, soldier, person who kills, powerful"
5f6fadae3f,Stress,"anxiety, burden, pressure, worry"
5f6fadae3f,Poetry,"rhyme,verse,song,literary work"
b51378192c,Cleaner,"Cleaner:A cleaner is a type of industrial or domestic worker who cleans homes or offices for payment. Unlike other servants, their primary task is cleaning. Cleaners may specialise in cleaning particular things or places; window cleaners are an example. Cleaners often work when the people who otherwise occupy the space are not around. They may clean offices at night or houses during the workday."
b51378192c,Frame,Frame:A frame is a structural system that supports other components of a physical construction.
b51378192c,Killer,"Killer:A killer is someone or something that kills, such as a murderer."
b51378192c,Stress,"Stress:Stress (mechanics), the average amount of force exerted per unit area
Compressive stress, the stress applied to materials resulting in their compaction. It is the ability of a material to resist being crushed.
Tensile stress  is the stress state leading to expansion
Yield stress, the stress at which a material begins to deform plastically"
b51378192c,Poetry,"Poetry:is ""Poem"", ""Poems"", and ""Poetic"" redirect here. For other uses, see Poem (disambiguation), Poems (disambiguation), and Poetic (disambiguation)."
6b2ac0ef88,Cleaner,one who cleans
6b2ac0ef88,Frame,to put into a form
6b2ac0ef88,Killer,one who killed someone
6b2ac0ef88,Stress,important
6b2ac0ef88,Poetry,work of a poet
f6cb1a6c92,Cleaner,"one who cleans,makes the place clean,works,helps"
f6cb1a6c92,Frame,"a closed object,covers a picture,to protect,in which the window is fixed,border"
f6cb1a6c92,Killer,"a rude person,who hurts someone ,harmful,take the life away,merciless,takes revenge"
f6cb1a6c92,Stress,"tension,pressure,unable to decide,dislike to work, compel to do something"
f6cb1a6c92,Poetry,"rhythmic words, appreciate about a person or a thing ,short illustrations,wide meaning"
cdf81c2126,Cleaner,a person who cleans
cdf81c2126,Frame,"a border or case for enclosing a picture, mirror, etc"
cdf81c2126,Killer,a person or thing that kills
cdf81c2126,Stress,importance or significance attached to a thing
cdf81c2126,Poetry,the art of rhythmical composition
8db24b6026,Cleaner,"someone who cleans, man or women, cleans floor or surfaces, servant or maid"
8db24b6026,Frame,"to attach photos, sealed like box"
8db24b6026,Killer,one who kills
8db24b6026,Stress,"tired, no rest, angry"
8db24b6026,Poetry,"a poem, some lines of poem, words"
b0af56c46c,Cleaner,neater
b0af56c46c,Frame,outline
b0af56c46c,Killer,murderer
b0af56c46c,Stress,pain
b0af56c46c,Poetry,"verses, stanzas"
082a87a862,Cleaner,"equipment, helps to remove dirt, mainly by vacuum principle,useful in house hold"
082a87a862,Frame,"photo frame, can be wooden or metallic, outer enclosure for pictures"
082a87a862,Killer,"may be a person, can be other factors that ends life,that will aims to stop ones life, dangerous, must take care from them"
082a87a862,Stress,"body condition, tired, due to over work, tension maker"
082a87a862,Poetry,"has a pleasant feeling, nice to hear and read, encourages life,removes tensions"
cc0fd23c05,Cleaner,"Cleaner :-  cleansing agent, cleanser, cleaning solution, formulation, preparation"
cc0fd23c05,Frame,"Frame :- framework, framing, supporting structure, surround, butt on, bound,  frame in"
cc0fd23c05,Killer,"Killer :- orca, killer whale, grampus, sea wolf, cause of death, slayer"
cc0fd23c05,Stress,"Stress :-  tenseness, speech pattern, vehemence, emphasis, stress, dialect, accent mark, accent, tension, strain, focus, idiom"
cc0fd23c05,Poetry,"Poetry :- poesy, verse line,  verse, rhyme"
5cf41e6737,Cleaner,thing for cleaning
5cf41e6737,Frame,outline
5cf41e6737,Killer,murderer
5cf41e6737,Stress,tension
5cf41e6737,Poetry,poem
6c04a7f4c1,Cleaner,used for cleanness
6c04a7f4c1,Frame,fire
6c04a7f4c1,Killer,how is the murderer
6c04a7f4c1,Stress,strain in brain when works more
6c04a7f4c1,Poetry,which explains some thing
a7cece6cf4,Cleaner,"Worker, maid, Boy, Dirty, Helper & Daily wages"
a7cece6cf4,Frame,"Square in shape, Photo frame, Spectacles, Glass & Different in colors"
a7cece6cf4,Killer,"Looks, Murdered, Mosquito Spray, Lovers Look"
a7cece6cf4,Stress,"Work load, Tension, High blood pressure, Thinking of too much & Worrying"
a7cece6cf4,Poetry,"Author, Poems, Ballads, Rhythmical, Imaginative"
a7cece6cf4,Actor,"Hero, Lead, Protagonist, Artist & Human"
a7cece6cf4,Coral,"Skeletons, Sex, Egg, sperm, Plant, properties"
a7cece6cf4,Groceries,"Spices, Food market, Stores, tea, coffee"
a7cece6cf4,Senate,"Assembly, council, meetings, supreme legislative authority, Election"
a7cece6cf4,Phone,"Mobile, Machine, Devices, Bluetooth, Speaker, Touch & landlines"
3803fb07db,Actor,"Perfomes different roles, make a living by playing other charectors fictious or real, age is not a criterion and so is the gender.Even anomals and birds are used actors."
3803fb07db,Coral,Fomred by microscoping organisms along sea bed. forms a barrier for shipping and creates a lagoon in cases.can be hazardous to shipping and especially during ancient times when ships were using wind power.
3803fb07db,Groceries,"List of essentials for running a household.Can be further classified as short term and long term needs.Include fresh, frozen or prserved items."
3803fb07db,Senate,"Is a body of elected reprsentatives to run an organization, govering body, srate or a conuntry.Members of senate abide by the constitution and pass law and policy."
3803fb07db,Phone,"A device for communication has evolved from simple cable method to using wireless and satellites.Land based , hand held and now mobile telephones have become an integral part of daily life.Phone is now more than a mere communication device but is capable of doing so many tasks from banking to booking and to source any information."
95e2618c28,Actor,"A theatrical performer.,One who takes part; a participant"
95e2618c28,Coral,A rocklike deposit consisting of the calcareous skeletons secreted by various anthozoans. Coral deposits often accumulate to form reefs or islands in warm seas.
95e2618c28,Groceries,"merchandise, esp foodstuffs, sold by a grocer"
95e2618c28,Senate,"An assembly or a council of citizens having the highest deliberative and legislative functions in a government, specifically"
95e2618c28,Phone,"To get in touch with by telephone,To impart (information or news, for example) by telephone"
cc0fd23c05,Actor,"histrion, fraud, imposter, pseudo, fake, faker, pretender, instrumentalist, pseud, role player, sham, musician, shammer, , participant, player, impostor,"
cc0fd23c05,Coral,"precious coral, red coral, coral"
cc0fd23c05,Groceries,"plate,dish,cups"
cc0fd23c05,Senate,sempiternity  sempstress  senate campaign  senate race  senator  senatorial
cc0fd23c05,Phone,"sound, telephone, earphone, telephone set, phone, earpiece, headphone, telephony, speech sound"
e97ff5f954,Actor,a person who puts on a show with actions and words
e97ff5f954,Coral,a sea creature
e97ff5f954,Groceries,daily necessities bought from a corner shop
e97ff5f954,Senate,a branch of the government
e97ff5f954,Phone,a device for connecting with others by speaking into it
4722c98540,Actor,"Hero, Lead, Protagonist, Artist & Charlie Chaplin"
4722c98540,Coral,"Skeletons, Sex, Egg, sperm, Plant"
4722c98540,Groceries,"Spices, Food market, Stores, tea, coffee"
4722c98540,Senate,"Assembly, council, meetings, supreme legislative authority, Election"
4722c98540,Phone,"Mobile, Machine, Devices, Bluetooth, Speaker, Touch & landlines"
92cfd37e76,Actor,"Role, play, dressing up, television, movies, screenplays, Tom Hanks, DVD, cinema, theatre"
92cfd37e76,Coral,"Great Barrier Reef, beauty, under water, jewelry"
92cfd37e76,Groceries,"Food, store, aisles, tins, vegetables, trolley, milk, pantry, shops"
92cfd37e76,Senate,"US Government, elections, voting, senators, bills"
92cfd37e76,Phone,"Voices, telephone lines, mobile phones, ringing, speaking to people, taking messages, 911"
a7cc374bab,Actor,A man who memorizes lines and actions and performs on stage or on screen.
a7cc374bab,Coral,Underwater elements that are living creatures that live on reefs in the oceans.
a7cc374bab,Groceries,Food that you purchase from a store.
a7cc374bab,Senate,The upper house in the united states government.
a7cc374bab,Phone,A device that you use to call someone.
99822f0efe,Actor,"Broadway, film, screenplay, read lines, awards, famous, celebrity"
99822f0efe,Coral,"Ocean, sharp, fish"
99822f0efe,Groceries,"Bags, cart, milk, aisles, cashier, produce"
99822f0efe,Senate,"Politicians, vote, speaker, law, elections"
99822f0efe,Phone,"Texting, call, replaces watch, answer"
eaecffb8af,Actor,"artist,cinema,hero"
eaecffb8af,Coral,"hard substance,pinkish red color"
eaecffb8af,Groceries,"food,solid,supermarket"
eaecffb8af,Senate,"college,governing body of a university,higher law making body"
eaecffb8af,Phone,"cell phone,mobile,taking device,message,sharing"
3c84e2112e,Actor,"hero, acting star, theater actor, do stunts, actress, film actor, junior artist"
3c84e2112e,Coral,"coral reef, phytoplanktons, sea plants, water loving, occupy spaces quickly"
3c84e2112e,Groceries,"comestibles, edibles, foodstuffs, perishables, produce, staples, vegetables, viands"
3c84e2112e,Senate,"representative, government related , parliament, democracy, politics,"
3c84e2112e,Phone,"i phone, telephone, used for calling, headphones, sms transmitter, coloured, smartphones."
d6fbaf0859,Actor,male playing a role on a play or  movie
d6fbaf0859,Coral,"red in color, mineral substance from the sea"
d6fbaf0859,Groceries,"commodities  like food, milk etc"
d6fbaf0859,Senate,executive part of the government.. where laws are being created
d6fbaf0859,Phone,a gadget for communicaton using sound waves
6b2ac0ef88,Actor,one who acts
6b2ac0ef88,Coral,under sea plant
6b2ac0ef88,Groceries,foodstuffs for house hold use
6b2ac0ef88,Senate,upper house
6b2ac0ef88,Phone,instrument used for talking between two persons from different places
73f3c0f74f,Actor,"Movie, heroine, hero, stage act"
73f3c0f74f,Coral,"Sea, Lots of colors, Living characters"
73f3c0f74f,Groceries,"To cook , for kitchen, price hike, accessible, small shops"
73f3c0f74f,Senate,"Government, group of people, handling a nation"
73f3c0f74f,Phone,"To call, ringtone, message, caller tunes, voice"
a99eff3ef7,Actor,"An actor is a person who does something, particularly someone who performs in a film or television show"
a99eff3ef7,Coral,"the hard, stony skeleton secreted by certain marine polyps and often deposited in extensive masses forming reefs and atolls in tropical seas"
a99eff3ef7,Groceries,the food and supplies sold by a grocer
a99eff3ef7,Senate,"the supreme council of the ancient Roman state, originally only of patricians but later including the plebeians"
a99eff3ef7,Phone,the device which is used to talk from different places
2cfb3bdbcd,Actor,hero
2cfb3bdbcd,Coral,precious coral
2cfb3bdbcd,Groceries,foodstuff
2cfb3bdbcd,Senate,assembly possessing high legislative powers
2cfb3bdbcd,Phone,mobile
86dc19ebbd,Actor,"performer, singer, artist"
86dc19ebbd,Coral,"stone, coral reef"
86dc19ebbd,Groceries,"food stuffs, provisions, cooing"
86dc19ebbd,Senate,"governing body, council, committee"
86dc19ebbd,Phone,"telepone, handset, mobile phone"
b0af56c46c,Actor,one who acts
b0af56c46c,Coral,garden
b0af56c46c,Groceries,"household supplies, food stuff"
b0af56c46c,Senate,assembly
b0af56c46c,Phone,instrument for communication
0da623e05b,Actor,a person who acts
0da623e05b,Coral,calcareous skeleton
0da623e05b,Groceries,usually vegetables
0da623e05b,Senate,a high ranked position
0da623e05b,Phone,used to communicata
7c3ee16479,Actor,some who pretends to be someone else while performing in a film
7c3ee16479,Coral,a substance like rock which is formed in sea
7c3ee16479,Groceries,"used to mention food like rice, cereals etc"
7c3ee16479,Senate,the more important of two group of politicians who make law in some countries
7c3ee16479,Phone,a device used for communicating
fd1a1cbbc3,Actor,": histrion, fraud, imposter, pseudo, fake, faker, pretender, instrumentalist, pseud, role player, sham, musician, shammer, actor, participant, player, impostor, worker, thespian, doer"
fd1a1cbbc3,Coral,"precious coral, red coral"
fd1a1cbbc3,Groceries,foods and other goods sold at a small supermarket or store
fd1a1cbbc3,Senate,assembly possessing high legislative powers
fd1a1cbbc3,Phone,"sound, telephone, earphone, telephone set, phone, earpiece, headphone, telephony, speech sound"
74a82eb356,Actor,"Actor:A person whose profession is acting on the stage, in movies, or on television."
74a82eb356,Coral,"Coral :A hard stony substance secreted by certain marine coelenterates as an external skeleton, typically forming large reefs in warm seas."
74a82eb356,Groceries,Groceries:A grocer's store or business.
74a82eb356,Senate,"Senate: Any of various legislative or governing bodies, in particular."
74a82eb356,Phone,Phone: A speech sound; the smallest discrete segment of sound in a stream of speech.
5146be6c32,Actor,"An actor is a person who acts in a dramatic production and who works in film, television, theatre, or radio in that capacity"
5146be6c32,Coral,Corals are marine animals in class Anthozoa of phylum Cnidaria typically living in compact colonies of many identical individual polyps.
5146be6c32,Groceries,commodities sold by a grocer and usually singular in British usage
5146be6c32,Senate,"A senate is a deliberative assembly, often the upper house or chamber of a legislature or parliament"
5146be6c32,Phone,"is a telecommunications device that transmits and receives sounds, usually the human voice"
fbcc6f1973,Actor,acting the cinema
fbcc6f1973,Coral,brave
fbcc6f1973,Senate,meeting
fbcc6f1973,Phone,dial the number
4d213992b5,Actor,"Tom criuser,film industry,entertainment,camera"
4d213992b5,Coral,"Necklace,lipstick,gem,ring,"
4d213992b5,Groceries,"cereal,dhall,redgram,black gram,gram flour,cornflour"
4d213992b5,Senate,"United states,,an assembly,legislative assembly,federal executive office"
4d213992b5,Phone,"calling,used to talk with girlfriend,personal handy,communicate"
8298f6c5c0,Actor,A person who takes part in a role or in a movie
8298f6c5c0,Coral,A rough edged sea barnacle
8298f6c5c0,Groceries,Items that we purchase at a super market
8298f6c5c0,Senate,A political leader
8298f6c5c0,Phone,This is what we use to call locally or internationally to get a hold of family or friends.
1398dc46e5,Actor,a male that plays a part/role
1398dc46e5,Coral,shells and things that grow and live in the water
1398dc46e5,Groceries,items and products that one buys from a store
1398dc46e5,Senate,"a sections of the goverment, part of congress"
1398dc46e5,Phone,a tech divice that one uses to comunicate
2b15616b23,Actor,one who acts
2b15616b23,Coral,a rock like deposit
2b15616b23,Groceries,"things for day to day life like cereals,masala etc"
2b15616b23,Senate,buliding where counicils meet takes places
2b15616b23,Phone,a device used to communicate from distant places
f1bad0df0c,Actor,someone who behaves or acts like someone else
f1bad0df0c,Coral,a type of reef found in water
f1bad0df0c,Groceries,food items found in a store
f1bad0df0c,Senate,"a legislative body of the United States, part of Congress"
f1bad0df0c,Phone,a electronic device used to make calls
1c7639828f,Actor,"who act, participant, a performer"
1c7639828f,Coral,"marine animals, living in compact colonies,the hard, variously colored, calcareous skeleton secreted by certain marine polyps"
1c7639828f,Groceries,"store, selling food stuffs,"
1c7639828f,Senate,"an assembly, a council, it is in parliament"
1c7639828f,Phone,"media for communication, wired or wireless, a telecommunications device"
5cf41e6737,Actor,who acts
5cf41e6737,Coral,core
5cf41e6737,Groceries,item
5cf41e6737,Senate,senery
5cf41e6737,Phone,cell
075bbbca89,Actor,"1	a person whose profession is acting. 
2	a participant in an action or process."
075bbbca89,Coral,"1	a hard stony substance secreted by certain colonial marine animals as an external skeleton, typically forming large reefs. precious red coral, used in jewellery. 
2	the pinkish-red color of red coral."
075bbbca89,Groceries,noun a person who sells food and small household goods.
075bbbca89,Senate,"1	the smaller upper assembly in the US, US states, France, and other countries. the governing body of a university or college. 
2	the state council of the ancient Roman republic and empire."
075bbbca89,Phone,"1	a telephone. 
2	(phones) informal headphones or earphones."
153fbbab45,Actor,"""Who's your favourite actor?"""
153fbbab45,Coral,See picture coral
153fbbab45,Groceries,old-fashioned      a grocer's
153fbbab45,Senate,The law has no chance of being passed by the Senate.
153fbbab45,Phone,"ust then, his mobile phone  rang ."
fa3c004b84,Actor,"theater, acting, movie, performer, role-playing, audience, costume, script, celebrity, movie star,"
fa3c004b84,Coral,"sea, ocean, sea creature, reef, warm sea, Great Barrier Reef, has horny tentacles, colorful,"
fa3c004b84,Groceries,"food, produce, deli, meat and seafood counters, shopping carts, household supplies,"
fa3c004b84,Senate,"regulations, legislation, Upper House, Democrats, Republican, Capitol Hill, Harry Reid, Mitch McConnell, committees and subcommittees,"
fa3c004b84,Phone,"communication device, Bell, dialing, dial tone,"
24411c15a5,Actor,"character of a movie,who acts in a dramatic production and film,theater,television."
24411c15a5,Coral,"underwater structures,made of calcium carbonate,tiny living animals, in marine waters"
24411c15a5,Groceries,"store,stocks,wholesale buyers and brokers,supplying wholesale cooking spices,cheap prices."
24411c15a5,Senate,"upper house of the bicameral legislature of US,parliament,"
24411c15a5,Phone,"cell phone,hand phone,a device that can be used to make calls and receive calls,messahing,emailing,playing games,networking,surfing."
7b5feaf707,Actor,Person who acts in a film
7b5feaf707,Coral,objects can be made by this material
7b5feaf707,Groceries,A selling place
7b5feaf707,Senate,A great person in an assembly
7b5feaf707,Phone,A electronic device which is used to call someone
6c04a7f4c1,Actor,related to film
6c04a7f4c1,Coral,very difficut person
6c04a7f4c1,Groceries,gardenig  someitems
6c04a7f4c1,Senate,sensitive
6c04a7f4c1,Phone,transferring of information from sender to receiver
b51378192c,Actor,"Actor:is a person who acts  in stage plays, motion pictures, television broadcasts, a person who does something, participant."
b51378192c,Coral,"coral:is the hard, variously colored,such skeletons collectively, forming reefs, islands,"
b51378192c,Groceries,"Groceries:is Usually,food and other commodities sold by a grocer,
the business of a grocer."
b51378192c,Senate,"Senate:is a governing, advisory, or disciplinary body, as in certain universities."
b51378192c,Phone,"Phone:is phone bank,phone bill,phone book,Cell phone."
af2803583c,Actor,actor contains directions for use in a dramatic performance
af2803583c,Coral,A rocklike deposit consisting of the calcareous skeletons secreted by various anthozoans.
af2803583c,Groceries,A store selling foodstuffs and various household supplies.
af2803583c,Senate,An assembly or council having the highest deliberative and legislative functions.
af2803583c,Phone,electro-acoustic transducer for converting electric signals into sounds
96824489d6,Actor,"movie,serial,television,person,acting,art"
96824489d6,Coral,"valuable,stone, jewelry,coral draw,computer,design"
96824489d6,Groceries,"shop,store,food items,grocer,sell cereals,sell grains"
96824489d6,Senate,"legislature,assembly,chamber of parliment"
96824489d6,Phone,"mobile,contact,communication,technology,graham bell,numbers"
698904a657,Actor,"thespian, play, production, drama, theater"
698904a657,Coral,"fish, ocean, clownfish, home"
698904a657,Groceries,"food, shopping, store,"
698904a657,Senate,"debate, congress, politicians, representative"
698904a657,Phone,"communication, ring, cell"
2622f61522,Actor,"histrion, player, role player, thespian, doer, worker"
2622f61522,Coral,"precious coral, red coral"
2622f61522,Groceries,"General Store, Food products."
2622f61522,Senate,"u.s. senate, united states senate, us senate"
2622f61522,Phone,"earphone, earpiece, headphone, telephone, telephone set, sound, speech sound, call, call up, ring"
bee7f2ab27,Actor,"PERFORMER,  DRAMATIC ARTIST,  STAR"
bee7f2ab27,Coral,"A VALUABLE STONE,"
bee7f2ab27,Groceries,"SMALL HOUSEHOLD MATERIALS,  EATABLES"
bee7f2ab27,Senate,"A LEGISLATIVE BODY,  A STATE COUNCIL"
bee7f2ab27,Phone,AN INSTRUMENT TO SPEAK AND HEAR
88f44b5024,Actor,actor who works in film
88f44b5024,Coral,marine animals
88f44b5024,Groceries,which relates to food
88f44b5024,Senate,parliament
88f44b5024,Phone,telecommunication device which is used for transmit and receive sounds
1515274e77,Actor,"Is a person, Acts, Stars in movies, Stars in Television shows, Pretender."
1515274e77,Coral,"Rocky plant under the ocean, colorful, houses fish."
1515274e77,Groceries,"food from a store, meats, dairy products, main meal items."
1515274e77,Senate,"a person of power, in control of ones beneath."
1515274e77,Phone,"a device, used for communication."
ed12f022a1,Actor,someone who is paid to pretend to be someone else. usually thought of as famous/well-known and possibly wealthy. they are the main subjects of films and plays.
ed12f022a1,Coral,a living sea creature/plant that is in the ocean. thought of as beautiful and delicate. home to other sea life. a reef of coral is like an underwater forest
ed12f022a1,Groceries,"food for day to day life. go to the store to get it. common items may be milk, sugar, orange juice, fruit, vegetables, rice"
ed12f022a1,Senate,a group of people chosen to make laws. make a good salary. may or may not be fondly thought of by average citizens
ed12f022a1,Phone,"a device used to make calls. bits of plastic, metal, batteries screws and computer parts all combined for it to function. requires at least two of itself to work"
0a7858ea02,Actor,"a person who plays a role, a person who pretends to be someone else from a play/movie/television show"
0a7858ea02,Coral,"Marine animals that are endangered, marine animals that look like plants, colorful underwater animals that build their own ecosystems"
0a7858ea02,Groceries,"Food and other items that you buy at the market, items from a store that you buy"
0a7858ea02,Senate,a branch of government
0a7858ea02,Phone,"a device used to call other people, a device used to talk to another person on the other line"
6e487b9cb7,Actor,a participant.
6e487b9cb7,Coral,marine animals.
6e487b9cb7,Groceries,A store selling foodstuffs.
6e487b9cb7,Senate,A member.
6e487b9cb7,Phone,an instrument of sound transmission.
cdf81c2126,Actor,"a person who acts  in stage plays, motion pictures, television broadcasts, etc"
cdf81c2126,Coral,"the hard, variously colored, calcareous skeleton secreted by certain marine polyps"
cdf81c2126,Groceries,the business of a grocer
cdf81c2126,Senate,"an assembly or council of citizens having the highest deliberative functions in a government, especially a legislative assembly of a state or nation"
cdf81c2126,Phone,a speech sound
0412f0a396,Actor,a person who pretends to be another
0412f0a396,Coral,a plant that grows in the ocean
0412f0a396,Groceries,food
0412f0a396,Senate,a political body made up of 2 persons from each state
0412f0a396,Phone,a communication tool.
e45f5c9a12,Actor,"struggling, portraying, Hollywood, characterization"
e45f5c9a12,Coral,"Beautiful, multi-coloured, reefs, fun to dive in, endangered"
e45f5c9a12,Groceries,"Food, nutrition, food bank, expensive, weekly outing, coupons."
e45f5c9a12,Senate,"Under worked, over paid, anachronism"
e45f5c9a12,Phone,"communication device, land line, my teenage daughter monopolizing, long distance bills, cell phone bills, smart phones"
bba2068b29,Actor,a theatrical performer
bba2068b29,Coral,f a strong pink to yellowish-pink color
bba2068b29,Groceries,the food that you buy in a grocer's shop or supermarket
bba2068b29,Senate,assembly possessing high legislative powers
bba2068b29,Phone,electronic equipment that converts sound into electrical signals that can be transmitted over distances and then converts received signals back into sounds
8298f6c5c0,Then,Then could mean something that happened before
8298f6c5c0,Towel,A textured cloth that you use after you shower or get out of a pool
8298f6c5c0,Highway,A spread out road with many lanes that allow you to increase your speed up to 55 miles per hour by car.
8298f6c5c0,Sex,When a man and a woman are involved in a passionate act or could mean gender
8298f6c5c0,Police,An officer of the law
6b2ac0ef88,Then,at that moment
6b2ac0ef88,Towel,absorbent cloth
6b2ac0ef88,Highway,public road
6b2ac0ef88,Sex,male or female
6b2ac0ef88,Police,who maintains law and order
cdf81c2126,Then,at that time
cdf81c2126,Towel,an absorbent cloth or paper for wiping
cdf81c2126,Highway,"a main road, especially one between towns or cities"
cdf81c2126,Sex,either the male or female division of a species
cdf81c2126,Police,"the department of the government concerned with this, especially with the maintenance of order"
ebc4f95447,Then,all right
ebc4f95447,Towel,cloth
ebc4f95447,Highway,national way
ebc4f95447,Sex,male/female
ebc4f95447,Police,officer
b0af56c46c,Then,after
b0af56c46c,Towel,napkin
b0af56c46c,Highway,transport
b0af56c46c,Sex,"intercourse, gender"
b0af56c46c,Police,cop
a99eff3ef7,Then,soon afterward
a99eff3ef7,Towel,for drying oneself after washing or bathing
a99eff3ef7,Highway,any road freely open to everyone
a99eff3ef7,Sex,"Sex is the gender of an person, female or mail. Sex is any function or behavior involved with reproduction"
a99eff3ef7,Police,"the regulation within a community of morals, safety, sanitation, etc"
1c7639828f,Then,"at that time, immediately, soon afterward"
1c7639828f,Towel,"a piece of cloth, used for wiping or drying, absorbs water"
1c7639828f,Highway,"main road, connecting towns and cities, public road"
1c7639828f,Sex,"a feeling, a process of combining and mixing genetic traits, a reproductive function"
1c7639828f,Police,"handles regulation and control of society, trained for carrying weapons and handling criminals"
2cfb3bdbcd,Then,after
2cfb3bdbcd,Towel,cloth
2cfb3bdbcd,Highway,long road
2cfb3bdbcd,Sex,love
2cfb3bdbcd,Police,security
fd1a1cbbc3,Then,that time; that moment
fd1a1cbbc3,Towel,a rectangular piece of absorbent cloth (or paper) for drying or wiping
fd1a1cbbc3,Highway,"highway, main road 
a major road for any form of motor transport"
fd1a1cbbc3,Sex,"sexual activity, sexual practice, sex, sex activity 
activities associated with sexual intercourse"
fd1a1cbbc3,Police,"police, police force, constabulary, law 
the force of policemen and officers"
fbcc6f1973,Then,next
fbcc6f1973,Towel,cloth
fbcc6f1973,Highway,road
fbcc6f1973,Sex,female sex and male sex
fbcc6f1973,Police,to find thiefs
1398dc46e5,Then,"after an event, provides order of events"
1398dc46e5,Towel,a cloth used for drying
1398dc46e5,Highway,a road that provide drivers a way to travel within a city at faster speeds
1398dc46e5,Sex,"gender, male, female, intercouse"
1398dc46e5,Police,"cop, law enforcement, po-po"
a4da035c8e,Then,"at that time, afterwards, after that."
a4da035c8e,Towel,"used for cleaning, absorbent cloth, wipe sweat."
a4da035c8e,Highway,"a road connecting to other region, wide big road."
a4da035c8e,Sex,"can be male or female, intercourse."
a4da035c8e,Police,"cops, who work against crime"
33cd6db15a,Then,"Past,History,At that time,Sometime in the past,After,Result,Outcome."
33cd6db15a,Towel,"A piece  of cloth,Hand cleaning cloth,After bath wipe,Tissue paper,Rag,Cloth used to dry body after a bath,Soft cloth,Handkerchief.."
33cd6db15a,Highway,"National road,Eight lane road,Heavy transport road,Broad roads,Fly overs,Express ways."
33cd6db15a,Sex,"Male or female,Gender base,Copulation,Biological need,Breeding."
33cd6db15a,Police,"Law enforcer,State enforcement arm, Protection and law enforcer,Force,Service personal,To guard."
86dc19ebbd,Then,"after that, next, afterward"
86dc19ebbd,Towel,"kerchief, wipe, rub"
86dc19ebbd,Highway,"main road, public road, freeway"
86dc19ebbd,Sex,"gender, sexual category"
86dc19ebbd,Police,"regulate, control, law enforcement"
6c7df926ad,Then,please tell me then
6c7df926ad,Towel,"a small cloth, carchife, cleaning cloth"
6c7df926ad,Highway,"main road, big road"
6c7df926ad,Sex,"gender, i am male sex"
6c7df926ad,Police,"gives peace, sarrounding crimals"
ab6d427bc7,Then,"Then: At that time; at the time in question: ""I was living in Cairo then""; ""by then I was exhausted""; ""Adams, the then president""."
ab6d427bc7,Towel,Towel: A piece of thick absorbent cloth or paper used for drying oneself or wiping things dry.
ab6d427bc7,Highway,"Highway: A main road, esp. one connecting major towns or cities"
ab6d427bc7,Sex,"Sex: Sexual activity, including specifically sexual intercourse."
ab6d427bc7,Police,"Police: The civil force of a federal or local government, responsible for the prevention and detection of crime and the maintenance of public order"
7c3ee16479,Then,at that time
7c3ee16479,Towel,a piece of cloth that is used to drying someone or something that is wet
7c3ee16479,Highway,a public road especially an important road that joins cities and towns together
7c3ee16479,Sex,state of being either male or female
7c3ee16479,Police,official organisation that is responsible for protecting people and property and making people obey the law and catching people who committed a crime
bdf550a047,Then,"at that time,after that,in that case,it is a adverb,using in sentences"
bdf550a047,Towel,"piece of cloth,a piece of absorbent,paper used for drying,it is a medium size cloth especially cotton cloth"
bdf550a047,Highway,"main road,public road,neatly constructed,no loopholes"
bdf550a047,Sex,"romance,either of two main categories male or female,physical connection"
bdf550a047,Police,"official person keep law and order in an area,have uniform,cap,gun,stick,he will be available in police station"
186db71701,Then,"at that time,soon afterword,next in time,next in order,besides,moreover,of that time,in that case,therefore,accordingly,before,years ago,all at ones,soon after,later"
186db71701,Towel,"a piece of absorbent cloth or paper for wiping or drying things,for drying one self after washing or bathing,wiper,drier,absorbent paper,napkin ,cloth,bath sheet."
186db71701,Highway,"any road freely oped to every one,public road,main road,a main route by land or water .road way."
186db71701,Sex,"sex is the gender of a person,female or male,sex is any function or behavior involved with reproduction.men,women,generation,reproduction,sexual organs."
186db71701,Police,"the regulation with in a community of morals safety ,sanitation etc,public order,law enforcement.the governmental department organized for keeping order,enforcing the law and preventing,detecting,and prosecuting crimes.the soldiers charged with such duty."
eaecffb8af,Then,"next,after,forward"
eaecffb8af,Towel,"cloth,bath"
eaecffb8af,Highway,"road,main way,short rout"
eaecffb8af,Sex,"male,female,gender"
eaecffb8af,Police,"security,public friend,production"
bba2068b29,Then,at a specific prior time
bba2068b29,Towel,rectangular piece of absorbent cloth (or paper) for drying or wiping
bba2068b29,Highway,a major road for any form of motor transport
bba2068b29,Sex,either of the two categories (male or female) into which most organisms are divided
bba2068b29,Police,the force of policemen and officers
5923ae5b82,Then,"At that time (referring to a time specified, either past or future)."
5923ae5b82,Towel,A piece of absorbent cloth or paper used for wiping or drying
5923ae5b82,Highway,"A main public road, especially one connecting towns and cities"
5923ae5b82,Sex,The property or quality by which organisms are classified as female or male on the basis of their reproductive organs and functions.
5923ae5b82,Police,forces are government organizations charged with the responsibility of maintaining law and order
075bbbca89,Then,"1	at that time. 
2	after that; next. also. 
3	therefore."
075bbbca89,Towel,"n	noun a piece of thick absorbent cloth or paper used for drying. 
n	verb (towels, toweling, toweled; United States towels, toweling, toweled) 
1	dry with a towel. 
2	informal, chiefly Australian/New Zealand thrash or beat."
075bbbca89,Highway,noun chiefly North American a main road. (chiefly in official use) a public road.
075bbbca89,Sex,"1	either of the two main categories (male and female) into which humans and most other living things are divided on the basis of their reproductive functions. the fact of belonging to one of these categories. the group of all members of either sex. 
2	sexual activity, specifically sexual intercourse. euphemistic a person's genitals."
075bbbca89,Police,"noun [treated as plural] a civil force responsible for the prevention and detection of crime and the maintenance of public order. members of such a force. 
	verb [often as noun policing] control and maintain law and order in (an area)."
99822f0efe,Then,"If, when, time, after"
99822f0efe,Towel,"Terrycloth, bath, dish, dry"
99822f0efe,Highway,"Expressway, road, map, tolls, drive, travel"
99822f0efe,Sex,"Male, female, reproduce, aroused, orgasm"
99822f0efe,Police,"Cop, authority, safety, patrol, security"
a7cece6cf4,Then,"Past, English word, After, Grammar"
a7cece6cf4,Towel,"To wipe Face, Cotton, Bathrooms, Bath towels & Pools"
a7cece6cf4,Highway,"Road, Traffic, Lorry's, Accidents & Speed"
a7cece6cf4,Sex,"Wife, Lover, Call girls, Playboy, Nude & Fuck"
a7cece6cf4,Police,"Cop, Jail, FIR, Thief & Judge"
e97ff5f954,Then,Not now/later/following something
e97ff5f954,Towel,a big or small piece of cloth used for drying anything that is wet
e97ff5f954,Highway,the main roads connecting cities and towns
e97ff5f954,Sex,a natural pleasurable act between two human beings
e97ff5f954,Police,a person who maintains law and order/to keep an eye on things legally
736a0e0050,Then,"what follows, what comes after, what is to be done after some action/act"
736a0e0050,Towel,"a piece of cloth to wipe hands or face, a bath towel,a piece of  cloth used as sofa back or chair back"
736a0e0050,Highway,"a means of transportation, road transport is done by means of highways, a long wide road which connects two cities or two or more states, national highways, state highways."
736a0e0050,Sex,"determines gender whether male or female, a physical act"
736a0e0050,Police,"persons appointed by government to safeguard the interest of the public,to maintain law and order, to curtail crimes"
646b79770b,Then,"next,asking another matter,"
646b79770b,Towel,"it is used to observe the water from our body,after taking bath we will use,after hand wash"
646b79770b,Highway,"which includes streets,lanes,motor ways,trunk roads are known as highway"
646b79770b,Sex,the relationship between a women and men to form a baby is called sex
646b79770b,Police,"100 is the number to call police,safety for public,"
eece1523fc,Then,"consequently,accordingly,formerly,suddenly,again,later,hence."
eece1523fc,Towel,"Textile,bath,cloth,wiping."
eece1523fc,Highway,"avenue,street,track,path,expressway, freeway, thruway, interstate."
eece1523fc,Sex,"generation,intimacy,Informal, marriage."
eece1523fc,Police,"detective,police,force,bear,blue,bull,heat."
96824489d6,Then,"after,next action,next duty"
96824489d6,Towel,"cloth,using after bathing,soft"
96824489d6,Highway,"road,broad,can more vehicles run at the same time"
96824489d6,Sex,"male,female,intercourse,hot"
96824489d6,Police,"cop,honesty,uniform,cap,traffic,department,secure"
cc0fd23c05,Then,"thence, indeed, then, thus, so, and so, and then, thusly, hence, therefore"
cc0fd23c05,Towel,"tow car  ,towel bar,  towel horse"
cc0fd23c05,Highway,"way, alley, course, lane, path, route, avenue, driveway, pass, pathway, street, bridle-path, highroad, passage, road, thoroughfare, channel, highway, passageway, roadway, track"
cc0fd23c05,Sex,"sexual practice, sexual activity, sexuality, sex activity, sexual urge, gender"
cc0fd23c05,Police,"legal philosophy, natural law, practice of law, police, constabulary, law of nature, jurisprudence, police force, law"
24a08f9d6b,Then,"Next in time, space, or order; immediately afterward,In addition; moreover; besides,at a specific prior time."
24a08f9d6b,Towel,"A cloth,paper used for wiping ,used for drying,Bath towel,dish towel, dishtowel, tea towel ,piece of cloth, piece of material , a separate part consisting of fabric."
24a08f9d6b,Highway,"a public road that all may use,a main route for any form of transport,national highway,a direct path or course,expressway, freeway, parkway, turnpike."
24a08f9d6b,Sex,"Inter course,an extreme state of sexual desire,the practice of finding satisfaction in activities related to fleshly desires and appetites,a love of obscenity."
24a08f9d6b,Police,"Police Department,the governmental department, charged with the regulation ,control of the affairs of a community, chiefly the department established to maintain order, enforce the law, prevent and detect crime."
95e2618c28,Then,"Next in time, space, or order; immediately afterward"
95e2618c28,Towel,A piece of absorbent cloth or paper used for wiping or drying
95e2618c28,Highway,"a public road that all may use, a main route for any form of transport"
95e2618c28,Sex,The property or quality by which organisms are classified as female or male on the basis of their reproductive organs and functions.
95e2618c28,Police,"The governmental department charged with the regulation and control of the affairs of a community, now chiefly the department established to maintain order, enforce the law, and prevent and detect crime."
af2803583c,Then,"At that time (referring to a time specified, either past or future)."
af2803583c,Towel,A piece of absorbent cloth or paper used for wiping or drying.
af2803583c,Highway,"A main public road, especially one connecting towns and cities."
af2803583c,Sex,commonly refers to the act in which a male's penis enters a female's vagina for the purposes of sexual pleasure or reproduction.
af2803583c,Police,"The organized body of civil officers in a city, town, or district, whose particular duties are the preservation of good order"
153fbbab45,Then,I was working in the city then.
153fbbab45,Towel,The school provides  paper  towels for the children to dry their hands on.
153fbbab45,Highway,a coastal/interstate highway
153fbbab45,Sex,What sex is your cat?
153fbbab45,Police,I think you should call  the  police.
6be52007c6,Then,immediately or soon afterward
6be52007c6,Towel,A piece of absorbent cloth or paper used for wiping or drying.
6be52007c6,Highway,a main route for any form of transport
6be52007c6,Sex,"either the male or female division of a species, especially as differentiated with reference to the reproductive functions."
6be52007c6,Police,"The governmental department charged with the regulation and control of the affairs of a community, now chiefly the department established to maintain order, enforce the law, and prevent and detect crime."
2a6566d746,Then,"at that time ,after that"
2a6566d746,Towel,"used  to wipe up somthing wet ,colorful,comes in various designs,ab absorbent cloth ."
2a6566d746,Highway,"main road ,connecting two cities ,usually used by heavy automobiles."
2a6566d746,Sex,"physical pleasure,intercourse,enjoyment,natural need."
2a6566d746,Police,"official people aquired by government to keep public in order,who takes care of country and its people ,who maintain law and order in country."
2b15616b23,Then,means asking for what next
2b15616b23,Towel,a king of cloth
2b15616b23,Highway,a neatly designed main road between two cities
2b15616b23,Sex,means gender
2b15616b23,Police,is a person who captures thief or responsible for public goodness
f433c3fbfe,Then,next
f433c3fbfe,Towel,make dry
f433c3fbfe,Highway,road
f433c3fbfe,Sex,gender
f433c3fbfe,Police,control
6e487b9cb7,Then,at the time
6e487b9cb7,Towel,Wipe with a towel
6e487b9cb7,Highway,A major road for any form of motor transport
6e487b9cb7,Sex,Activities associated with sexual intercourse
6e487b9cb7,Police,Watch over or guard
4b511fafa3,Then,"What to next, Used to speak often, used to tell something"
4b511fafa3,Towel,"Use to swipe after bath, dry hair, as a dress, protecting, to sleep"
4b511fafa3,Highway,"Lorry, bus, road, National highway, State high way, traffic free road,"
4b511fafa3,Sex,"Male, female, romance, emotional"
4b511fafa3,Police,"cob, Protection, Dress, Man, truth,"
f62e2a0e07,Then,"next in line,"
f62e2a0e07,Towel,absorbing cloth
f62e2a0e07,Highway,"long stretch of road, from city to city"
f62e2a0e07,Sex,"intercourse, male or female"
f62e2a0e07,Police,"law enforcement agency, to protect and to serve"
6c04a7f4c1,Then,"after doing some work ,wt is the next work to continue"
6c04a7f4c1,Towel,uses after bath
6c04a7f4c1,Highway,the road which is uesd to travel
6c04a7f4c1,Sex,"a human relation ship female for women,men for male"
6c04a7f4c1,Police,the person of government job to serve people
c57efba744,Then,after
c57efba744,Towel,"cloth, material"
c57efba744,Highway,road
c57efba744,Sex,internal relationship between a male and female
c57efba744,Police,civil officer
5f6fadae3f,Then,"next, moreover,after, therefore"
5f6fadae3f,Towel,"piece of cloth, paper"
5f6fadae3f,Highway,"main route, public path, direct road, road"
5f6fadae3f,Sex,"male or female, determine the sex"
5f6fadae3f,Police,"person having rights for law, military, neat, control"
eb09612a37,Then,SO
eb09612a37,Towel,CLOTH
eb09612a37,Highway,NATIONAL WAY
eb09612a37,Sex,MALE/FEMALE
eb09612a37,Police,OFFICER
0da623e05b,Then,means after
0da623e05b,Towel,used to absorb wetness from body
0da623e05b,Highway,long stretch of road without any sudden turns
0da623e05b,Sex,the organ which differentiate male and female
0da623e05b,Police,an organized civil force for maintaining discipline
d3ff15ce47,Then,Then whats going in T.V?
d3ff15ce47,Towel,Towel is to clean our body.
d3ff15ce47,Highway,This road is Highways.
d3ff15ce47,Sex,Sex is whether male or female?
d3ff15ce47,Police,Police is safety for us
2622f61522,Then,"and so, and then, so"
2622f61522,Towel,"Cloth, Bath, Wet"
2622f61522,Highway,"Road, Big road, lot vehicle"
2622f61522,Sex,"sexual activity, sexual practice, gender, sexuality, sexual urge, arouse, excite"
2622f61522,Police,"constabulary, law, police force, patrol"
ab266a6b3c,Then,"after that, in continuity, in relation to one thing"
ab266a6b3c,Towel,"made of cloth, used to dry body, has various colours"
ab266a6b3c,Highway,"related to traffic, road, used for transport"
ab266a6b3c,Sex,"a desire, related to male and female, necessary for birth of off springs."
ab266a6b3c,Police,"a force, controls crime, uniformed men"
5cf41e6737,Then,answer of when
5cf41e6737,Towel,cloth
5cf41e6737,Highway,road
5cf41e6737,Sex,body requirement
5cf41e6737,Police,helper
5146be6c32,Then,soon after that and next in order of time
5146be6c32,Towel,an absorbent cloth or paper for wiping or drying
5146be6c32,Highway,"A highway is any public road. In American English, the term is common and almost always designates major roads"
5146be6c32,Sex,"sex is a process of combining and mixing genetic traits, often resulting in the specialization of organisms into a male or female variety"
5146be6c32,Police,"to control, regulate, or keep in order by use of police"
3ffa10e4f4,Then,"is an adverb,for starting a new sentence i think :)"
3ffa10e4f4,Towel,"soft,soaking,for cleaning ,bathroom use."
3ffa10e4f4,Highway,"wide road,a lot of strips,for faster driving"
3ffa10e4f4,Sex,"a couple,man and woman,expression feelings"
3ffa10e4f4,Police,"law,guns,jail"
f433c3fbfe,Control,Manage
f433c3fbfe,Disease,virus
f433c3fbfe,Values,principles
f433c3fbfe,Subtract,take away
f433c3fbfe,Sand,polish
ab6d427bc7,Control,Control: The power to influence or direct people's behavior or the course of events
ab6d427bc7,Disease,"Disease: A disorder of structure or function in a human, animal, or plant, esp. one that produces specific signs or symptoms or that affects"
ab6d427bc7,Values,"Values: The regard that something is held to deserve; the importance or preciousness of something: ""your support is of great value"""
ab6d427bc7,Subtract,Subtract: Take away (a number or amount) from another to calculate the difference.
ab6d427bc7,Sand,"Sand: A loose granular substance, typically pale yellowish brown, resulting from the erosion of siliceous and other rocks and forming a major"
95e2618c28,Control,"To exercise authoritative or dominating influence over; direct,To adjust to a requirement; regulate"
95e2618c28,Disease,"any impairment of normal physiological function affecting all or part of an organism, esp a specific pathological change caused by infection, stress, etc., producing characteristic symptoms; illness or sickness in general"
95e2618c28,Values,"An amount, as of goods, services, or money, considered to be a fair and suitable equivalent for something else; a fair price or return."
95e2618c28,Subtract,"To perform the arithmetic operation of subtraction.,to calculate the difference between (two numbers or quantities) by subtraction"
95e2618c28,Sand,Small loose grains of worn or disintegrated rock.
33cd6db15a,Control,"To direct,To be under the power,Take over,Have no say,Tightening the reins,Checks,Sanctions,Within limit,Under restriction."
33cd6db15a,Disease,"Unhealthy,Pathogens,Germ attack,Not stable,Sickly,Attack of germs,Break in immune system,Not well,Illness,Convalescent,Debilitating,Sickness,Traumatic care."
33cd6db15a,Values,"Rate,Fare,Cost,Amount or cost to buy a thing,Strength of character,Moral assertions, goodness."
33cd6db15a,Subtract,"Deduct,Reduce,Minus,Coming down,Rate cuts,Deductions made,Negative points,Set off,Loss,Less."
33cd6db15a,Sand,"Small grains of stone and rock,Fine stone powder,River bed sediments,Minute particles of stone."
eaecffb8af,Control,"limit,rules,condition"
eaecffb8af,Disease,"virus,unhealthy,suffer"
eaecffb8af,Values,"quality,cost"
eaecffb8af,Subtract,"minus,calculation,reduction"
eaecffb8af,Sand,"earth particles,small metals"
cc0fd23c05,Control,"controller, mastery, ascendancy, command, ascendency, ascendance, dominance, restraint, ascendence, control condition"
cc0fd23c05,Disease,"disease, affection, disorder, indisposition, sickness, ailment, distemper, infirmity, unhealthiness, complaint, illness, malady, unsoundness"
cc0fd23c05,Values,"valuelessness , value orientation , valuer , value statement"
cc0fd23c05,Subtract,"derive, set forth, infer, subtract, take off, start out, take time off, part, start, lift off, deduct, get off the ground, depart, withhold, recoup, set out, deduce"
cc0fd23c05,Sand,"grit, moxie, gumption, backbone, guts"
6e487b9cb7,Control,Power.
6e487b9cb7,Disease,abnormal condition .
6e487b9cb7,Values,standards.
6e487b9cb7,Subtract,to remove.
6e487b9cb7,Sand,naturally occurring granular material.
fa3c004b84,Control,"in charge, authority, compose, to lead, leaders, domination, rule, regulations, iron fist, dictator, order,"
fa3c004b84,Disease,"illness, death, sick, sad, discovery, medicine, hospital, cure, doctors, specialists, cancer, health insurance,"
fa3c004b84,Values,"beliefs, standards, important, social, ethical, morals, religions, family,"
fa3c004b84,Subtract,"minus, negative, reduce, to take off, less, deduct, lost"
fa3c004b84,Sand,"beach, sea, beige, beach volleyball, sand castle, sunbathing, bikini, Frisbee, boomerang, sun, summer,"
075bbbca89,Control,"the power to influence people's behaviour or the course of events. the restriction of an activity, tendency, or phenomenon."
075bbbca89,Disease,"die1 
n	verb (dies, dying, died) 
1	stop living. (die out) become extinct. be forgotten. 
2	(often die away/down) become less loud or strong. 
3	informal used to emphasize strong desire, embarrassment, shock, etc.: I nearly died when I saw them. (be dying for/to do something) be very eager for something."
075bbbca89,Values,the regard that something is held to deserve; importance or worth. material or monetary worth. the worth of something compared
075bbbca89,Subtract,verb take away (a number or amount) from another to calculate the difference. remove (a part of something).
075bbbca89,Sand,"a loose granular substance, typically pale yellowish brown, resulting from the erosion of siliceous and other rocks and forming a major constituent of beaches, river beds, the seabed, and deserts. (sands) an expanse of sand. technical sediment whose particles are larger than silt."
153fbbab45,Control,"If you can't control your dog, put it on a lead!"
153fbbab45,Disease,a contagious/infectious disease
153fbbab45,Values,"the value or price which is shown on, for example, a stamp, a coin or a bank note"
153fbbab45,Subtract,the process of removing one number from another
153fbbab45,Sand,Mix one part sand to three parts cement.
bba2068b29,Control,power to direct or determine
bba2068b29,Disease,an impairment of health or a condition of abnormal functioning
bba2068b29,Values,beliefs of a person or social group in which they have an emotional investment (either for or against something)
bba2068b29,Subtract,"deduct, take off"
bba2068b29,Sand,a loose material consisting of grains of rock or coral
8298f6c5c0,Control,to handle in a restricted way
8298f6c5c0,Disease,a life threatening sickness
8298f6c5c0,Values,core morality and beliefs
8298f6c5c0,Subtract,minus
8298f6c5c0,Sand,a sediment that is found at the ocean
210f1c9d9b,Control,"limiting,regulating,intensity,limit the level"
210f1c9d9b,Disease,"suffering,affecting,symptoms"
210f1c9d9b,Values,"quantity,judgement,estimate"
210f1c9d9b,Subtract,"calculations,decrease the size,symbol"
210f1c9d9b,Sand,"paint,overlay,coating"
b0af56c46c,Control,limiting
b0af56c46c,Disease,ailment
b0af56c46c,Values,grade
b0af56c46c,Subtract,"to minus,"
b0af56c46c,Sand,silica
6be52007c6,Control,"To exercise authoritative or dominating influence over; direct. See Synonyms at conduct.
2. To adjust to a requirement; regulate:"
6be52007c6,Disease,To derange the vital functions of; to afflict with disease or sickness; to disorder; -- used almost exclusively in the participle diseased.
6be52007c6,Values,"An amount, as of goods, services, or money, considered to be a fair and suitable equivalent for something else; a fair price or return"
6be52007c6,Subtract,To take away; deduct.
6be52007c6,Sand,"Small loose grains of worn or disintegrated rock.
b. Geology A sedimentary material, finer than a granule and coarser than silt, with grains between 0.06 and 2.0 millimeters in diameter."
7b5feaf707,Control,avoiding something
7b5feaf707,Disease,Common symptoms which occurs in human body
7b5feaf707,Values,Worth of a product are a material
7b5feaf707,Subtract,a arithmetic operation which minus a value from another one
7b5feaf707,Sand,a particles from the mountain
3c84e2112e,Control,"to put under regulation, regulate, minimize, stop,"
3c84e2112e,Disease,"disorder, communicable,noncommunicable,genetic, epedemics"
3c84e2112e,Values,"ethics, rules, price, respect, market value"
3c84e2112e,Subtract,"minus, reduce, opposite of addition, to abate, lessen"
3c84e2112e,Sand,"type of soil, deserts, sandy places,  water absorbent,"
7c3ee16479,Control,to limit something
7c3ee16479,Disease,illness of people
7c3ee16479,Values,amount of money which can be received for something
7c3ee16479,Subtract,to remove a number from another number
7c3ee16479,Sand,soil found on beaches which is made of small grains of rock
a99eff3ef7,Control,The power to direct
a99eff3ef7,Disease,"A disease is an illness or sickness with specific, well defined symptoms that affects a person, plant or animal"
a99eff3ef7,Values,to rate at a certain price
a99eff3ef7,Subtract,to take away or deduct one number or quantity from another
a99eff3ef7,Sand,"loose, gritty particles of eroded or weathered rock"
082a87a862,Control,"Power, limit, position, agree, self determination"
082a87a862,Disease,"can be bacterial or viral, has symptoms, precaution not to spread, must consult doctor, must take medication"
082a87a862,Values,"worthy, has power with feelings, counts a lot, should be critical and right"
082a87a862,Subtract,"mathematics sign, minus, differences between two"
082a87a862,Sand,"earthy matter, seen in beach, sand bath, usefull for building construction"
e180b38ede,Control,authority
e180b38ede,Disease,defective or harmful
e180b38ede,Values,strong family beliefs
e180b38ede,Subtract,minus or less with number
e180b38ede,Sand,which can be found in desert.
fd1a1cbbc3,Control,"control condition, control 
a standard against which other conditions can be compared in a scientific experiment"
fd1a1cbbc3,Disease,"disease, affection, disorder, indisposition, sickness, ailment, distemper, infirmity, unhealthiness, complaint, illness, malady, unsoundness"
fd1a1cbbc3,Values,beliefs of a person or social group in which they have an emotional investment (either for or against something)
fd1a1cbbc3,Subtract,"derive, set forth, infer, subtract, take off, start out, take time off, part, start, lift off, deduct, get off the ground, depart, withhold, recoup, set out, deduce, set off"
fd1a1cbbc3,Sand,"grit, moxie, gumption, backbone, guts"
2cfb3bdbcd,Control,operate
2cfb3bdbcd,Disease,virus
2cfb3bdbcd,Values,worth
2cfb3bdbcd,Subtract,less
2cfb3bdbcd,Sand,stone
5225b2e028,Control,To be able to completly manipulate an item or a person
5225b2e028,Disease,A form of illness.
5225b2e028,Values,Items that we as humans feel strongly about.
5225b2e028,Subtract,To take away.
5225b2e028,Sand,The oposite of lay.  The position the body is in when work is performed.
ebc4f95447,Control,keep power
ebc4f95447,Disease,causes
ebc4f95447,Values,marks
ebc4f95447,Subtract,divide
ebc4f95447,Sand,soil
24a08f9d6b,Control,"To adjust to a requirement; regulate: controlled trading,control Systems,control rooms,Robot control,to check, limit, curb, or regulate; restrain to control."
24a08f9d6b,Disease,"Rare diseases,Muscle disease,Skin diseases,illness, sickness, unwellness, malady,congenital disease, genetic abnormality, genetic defect, genetic disease."
24a08f9d6b,Values,"An amount, as of goods, services, or money, considered to be a fair and suitable equivalent for something else; a fair price or return,Worth; in usefulness ;importance to the possessor; utility ; merit."
24a08f9d6b,Subtract,"to calculate the difference between,used in Mathematics,by subtraction,to remove,deduct, take off,calculate, cipher, cypher, figure, reckon, work out ."
24a08f9d6b,Sand,"Sand and Gravel,Sand Filter,Small loose grains of worn ,disintegrated rock,soil."
86dc19ebbd,Control,"manage, organize, run"
86dc19ebbd,Disease,"illness, sickness, ailment"
86dc19ebbd,Values,"principles, standard, moral"
86dc19ebbd,Subtract,"take away, take from"
86dc19ebbd,Sand,"rub down, smooth, sandpaper"
5f6fadae3f,Control,"influence, direct, regulate, power"
5f6fadae3f,Disease,"organ, failure, cause, infection, defect"
5f6fadae3f,Values,"amount, goods, services, standard, principle"
5f6fadae3f,Subtract,"deduction, take away"
5f6fadae3f,Sand,"grain, soil"
1c7639828f,Control,"resist, to hold, dominate"
1c7639828f,Disease,"not well, abnormal condition of body, unhealthy"
1c7639828f,Values,"amount, relative worth, importance"
1c7639828f,Subtract,"reduce, to withdraw, deduct."
1c7639828f,Sand,"small loose rock, granular material ,"
5146be6c32,Control,"To adjust to a requirement, regulate and controlled trading on the stock market."
5146be6c32,Disease,A disease is an abnormal condition affecting the body of an organism. It is often construed to be a medical condition associated with specific symptoms and signs
5146be6c32,Values,"A personal or cultural value is an absolute or relative ethical value, the assumption of which can be the basis for ethical action."
5146be6c32,Subtract,"subtraction is one of the four basic binary operations, it is the inverse of addition."
5146be6c32,Sand,Sand is a naturally occurring granular material composed of finely divided rock and mineral particles.
b6763f7c1d,Control,"I Control my life, control panel, delivery control, signal control,"
b6763f7c1d,Disease,"He is having a disease, viral disease, mental disease,"
b6763f7c1d,Values,"life is full of values, values are increasing,"
b6763f7c1d,Subtract,"Subtract the sum, Reducing,"
b6763f7c1d,Sand,"Sand is granular, sand is from riverbed, used for construction"
6535a83758,Control,"To manage, curb, crack the whip,"
6535a83758,Disease,"impairment of health, ailment, sickness, affliction"
6535a83758,Values,"principles, ethics, morals, ideals, integrity"
6535a83758,Subtract,"to calculate the difference between two numbers by subtraction, to take away, deduct, withdraw,"
6535a83758,Sand,"formed by disintegration of rocks, a sedimentary material, greyish in colour, granular"
e97ff5f954,Control,power/overcome negatives
e97ff5f954,Disease,depleted state of health
e97ff5f954,Values,principles/traditions/morals/totals/numbers
e97ff5f954,Subtract,deduct/minus/make less
e97ff5f954,Sand,white or brown powder of the earth
5cf41e6737,Control,opposite to uncontroll
5cf41e6737,Disease,ill
5cf41e6737,Values,money
5cf41e6737,Subtract,minus
5cf41e6737,Sand,earth
46db8237d3,Control,To exercise restraint or direction over;dominate;command.
46db8237d3,Disease,Make ill.
46db8237d3,Values,"Equivalent worth or return in money,material,services,etc."
46db8237d3,Subtract,"To take away something or a part,as from a whole."
46db8237d3,Sand,"The more or less fine debris of rocks,consisting of small,loose grains,often of quartz."
5ebb469ae2,Control,"have hold, get into, manage, lead"
5ebb469ae2,Disease,"infection, a cause due to germs, have severe reactions, side effects"
5ebb469ae2,Values,"good points, real asset"
5ebb469ae2,Subtract,"deduct, minus, decrease, opposite of addition"
5ebb469ae2,Sand,"obtained from sea shore, soil, soil found in deserts"
2b15616b23,Control,ability to manage
2b15616b23,Disease,a foreign life entering in foreign body
2b15616b23,Values,result
2b15616b23,Subtract,to minus
2b15616b23,Sand,powder of rock or minute particles of rock
c284e4a997,Control,"Keep calm,be in softness,cautious."
c284e4a997,Disease,"Illness,sick,unable to keep alive."
c284e4a997,Values,"Sovereignty,power,respect."
c284e4a997,Subtract,"A minus,mathematics,going down."
c284e4a997,Sand,"Soil,in rainy times,black or red in co lour."
d6fbaf0859,Control,"to put a stop, to monitor"
d6fbaf0859,Disease,"sickness, infected"
d6fbaf0859,Values,"to regard, to put on higher importance"
d6fbaf0859,Subtract,"to minus, to delete, to lessen"
d6fbaf0859,Sand,grainy in texture used in building houses when mixed with cement
cdf81c2126,Control,to exercise restraint or direction over
cdf81c2126,Disease,"any harmful, depraved, or morbid condition, as of the mind or society"
cdf81c2126,Values,relative worth
cdf81c2126,Subtract,"to take away something or a part, as from a whole"
cdf81c2126,Sand,"the more or less fine debris of rocks, consisting of small, loose grains, often of quartz."
d2ee442783,Control,"Control - The person or a thing under my control, i cannot control my temper, The driver could not control the vehicle speed."
d2ee442783,Disease,"Disease - Illness, date of matured, bad or deadly items"
d2ee442783,Values,"Values - Price of a thing, a person's image or character or his standard"
d2ee442783,Subtract,"Subtract - It can be used in  mathematics, Keeping some materials somewhere and taking from that some to another, Among 10 people taking away 4 people, then we can minus from 10 - 4 = 6"
d2ee442783,Sand,"Sand - Sand is using to build a building/house, this form is from mineral"
eece1523fc,Control,"supervision,restriction,predominate,manipulation,determination,qualification,manage,rulegovern."
eece1523fc,Disease,"affection,breakdown,infection,condition,complaint,temperature,distember,indispostion,disorder."
eece1523fc,Values,"ethics,conduct,beliefs,attitude,integrity,character,conscience,utility."
eece1523fc,Subtract,"remove,detract,withhold,withdraw,discount,diminish,decrease."
eece1523fc,Sand,"stone,soil,physical,decisional,grains."
99822f0efe,Control,"Manipulate, move, regulate, lead"
99822f0efe,Disease,"Illness, germs, virus, spread,, contaminate, vaccine"
99822f0efe,Values,"Morals, character, integrity, teach children"
99822f0efe,Subtract,"Minus, take away, withdraw, decrease"
99822f0efe,Sand,"Grainy,, beach, castles, bucket, waterfront, dig, quicksand"
96824489d6,Control,"prevent,population control,"
96824489d6,Disease,"diabetics,unhealthy,medicine,old age,feeling not well"
96824489d6,Values,"moral,price,human values"
96824489d6,Subtract,"minus,cut,maths,calculation"
96824489d6,Sand,"shore,desert,material used for house building,dust"
eb09612a37,Control,KEEPUP
eb09612a37,Disease,INFECTIONS
eb09612a37,Values,RATE
eb09612a37,Subtract,DIVITION
eb09612a37,Sand,SOIL
ab266a6b3c,Control,"full command, brain controls body, man controls animals"
ab266a6b3c,Disease,"malfunctioning, related to health problem, cancer is disease,"
ab266a6b3c,Values,"habbits, is to character, good part of character"
ab266a6b3c,Subtract,"to exclude, to reduce, to lessen,"
ab266a6b3c,Sand,"have particles, used in construction, sea has sand on beaches"
9b49703872,Control,"ascendancy,operate."
9b49703872,Disease,Health Destoryer
9b49703872,Values,Reputed Image
9b49703872,Subtract,deduct
9b49703872,Sand,moxie
bee7f2ab27,Control,command  rule   regulate  manage
bee7f2ab27,Disease,illness   sickness  ill health   physical disorder
bee7f2ab27,Values,"ideals,   customs,  rules"
bee7f2ab27,Subtract,"deduct,  take away"
bee7f2ab27,Sand,minute fragments of stone
5cee6644e6,Control,Balance
5cee6644e6,Disease,Get rid of disease causing bacteria
5cee6644e6,Values,Moral values are important
5cee6644e6,Subtract,Delete
5cee6644e6,Sand,Beach volley ball
c57efba744,Control,power
c57efba744,Disease,"typhoid fever, malaria fever, cancer, asthma"
c57efba744,Values,customs
c57efba744,Subtract,minus
c57efba744,Sand,mud
6c04a7f4c1,Control,which is under hands
6c04a7f4c1,Disease,some thing illness to body
6c04a7f4c1,Values,important things to follow
6c04a7f4c1,Subtract,which is  reduced from something
6c04a7f4c1,Sand,soil related to mud
619c379252,Control,"to manage, make sure everything stays correct"
619c379252,Disease,"sickness, hospital, medicine, patient,"
619c379252,Values,"morals, decision"
619c379252,Subtract,"to take from, lessen"
619c379252,Sand,"gritty, beach, a mess, tan"
6b2ac0ef88,Control,restrain
6b2ac0ef88,Disease,illness
6b2ac0ef88,Values,a fair price
6b2ac0ef88,Subtract,opposite of addition
6b2ac0ef88,Sand,loose grains of rock
ea75326bfb,Control,when a person tells you what to do
ea75326bfb,Disease,makes people sick
ea75326bfb,Values,things that people respect
ea75326bfb,Subtract,two numbers minus each other
ea75326bfb,Sand,stuff at the beach
fd1a1cbbc3,Chalk,"methamphetamine, methamphetamine hydrochloride, Methedrine, meth, deoxyephedrine, chalk, chicken feed, crank, glass, ice, shabu, trash"
fd1a1cbbc3,Friend,"supporter, champion, acquaintance, ally, admirer, booster, protagonist"
fd1a1cbbc3,Health,"health, wellness 
a healthy state of wellbeing free from disease"
fd1a1cbbc3,Holiday,"vacation, holiday 
leisure time away from work devoted to rest or pleasure"
fd1a1cbbc3,You,mention persons
5cf41e6737,Chalk,writing substance
5cf41e6737,Friend,classmate
5cf41e6737,Health,condition
5cf41e6737,Holiday,not a working day
5cf41e6737,You,i
bee7f2ab27,Chalk,"trace,  marking stuff"
bee7f2ab27,Friend,"partner,  playmate,  companion,  pal"
bee7f2ab27,Health,"freedom from disease,  vigor,  stamina"
bee7f2ab27,Holiday,"vacation,   day of rest,  celebration,"
bee7f2ab27,You,"second person,  person addressed,"
eb09612a37,Chalk,TO WRITE THING
eb09612a37,Friend,TO LOVE PERSON
eb09612a37,Health,BODY CARE
eb09612a37,Holiday,LEAVE DAYS
eb09612a37,You,OPPOSITE PERSON
765fa69c5c,Chalk,"used to write,draw, is a white little calcite"
765fa69c5c,Friend,"supported,companion,admirer"
765fa69c5c,Health,"condition of body and mind,wellness"
765fa69c5c,Holiday,"vaccation, leisure time"
765fa69c5c,You,"the person addressed,pronoun of second person"
24a08f9d6b,Chalk,a mark made with chalk ;a soft white;a point scored in a game ;chalk marks
24a08f9d6b,Friend,one attached to another; by affection or esteem ;one that is not hostile ;a favored companion;friend at court.
24a08f9d6b,Health,"Well-being ;the condition of being sound in body; mind, or spirit;freedom from physical disease;fitness;wholeness."
24a08f9d6b,Holiday,Vacation;national holiday;break;leave;
24a08f9d6b,You,"Thee, thou, ye, your, yours,ones being addressed,the second person."
f71ec0cb16,Chalk,"White in color, to write on black board, is bad conductor of electricity, is usually 5 -10 centimeter in length"
f71ec0cb16,Friend,"May be a boy or a girl, with whom we share our feelings, a good adviser,who can tolerate any fault of us."
f71ec0cb16,Health,"Staying fit, having a good physique, active."
f71ec0cb16,Holiday,"Weekend, Christmas holidays, would love to be on a holiday."
f71ec0cb16,You,"Who am i, what i am doing now, what color of dress i am wearing."
6e487b9cb7,Chalk,A soft whitish calcite
6e487b9cb7,Friend,someone who knows
6e487b9cb7,Health,the state of being well
6e487b9cb7,Holiday,a day when one does not have to work.
6e487b9cb7,You,the person addressed
cdf81c2126,Chalk,"a soft, white, powdery limestone consisting chiefly of fossil shells of foraminifers"
cdf81c2126,Friend,a person attached to another by feelings of affection or personal regard
cdf81c2126,Health,the general condition of the body or mind with reference to soundness and vigor
cdf81c2126,Holiday,any day of exemption from work
cdf81c2126,You,people in general
8298f6c5c0,Chalk,A children's play item that is used on a board made for writing primarily for acedemics.
8298f6c5c0,Friend,A person you like and share fun moments with
8298f6c5c0,Health,Wellness and vitality
8298f6c5c0,Holiday,Described as a special calendar event
8298f6c5c0,You,when we are speaking about another person
a0b780067f,Chalk,"is writing in the black board, is white in color, has dust,"
a0b780067f,Friend,"is feeling, loveable, trust, helping, frank"
a0b780067f,Health,"is most wanted all living thing, is strong, is beautiful, concious, spiritul,"
a0b780067f,Holiday,"is day that great peoples birthday, rest day, spiritual day"
a0b780067f,You,"who is infront of mine, another person, male or female, all other living things"
5146be6c32,Chalk,"Chalk is a soft, white, porous sedimentary rock, a form of limestone composed of the mineral calcite."
5146be6c32,Friend,"Friend is a form of interpersonal relationship generally considered to be closer than association, although there is a range of degrees of intimacy in both friendships and associations and it is called friendship"
5146be6c32,Health,Health is the level of functional or metabolic efficiency of a living being
5146be6c32,Holiday,"A Holiday is a day designated as having special significance for which individuals, a government, or a religious group have deemed that observance is warranted."
5146be6c32,You,"you represent both singular and plural, and both nominative and objective case, in Modern English"
fbcc6f1973,Chalk,it means it can be written in the board
fbcc6f1973,Friend,ones lover to another
fbcc6f1973,Health,a man is necessary for health
fbcc6f1973,Holiday,sunday is a holiday
fbcc6f1973,You,you means she or he
ff2931819c,Chalk,"a white rock,a type of limestone,a chalk like a substance used for writing"
ff2931819c,Friend,"someone who knows and likes another person very well,they are good friends, she is my friend"
ff2931819c,Health,"the stat of being well or ill,good/bad health"
ff2931819c,Holiday,"a day when one does not have to work, Monday is a holiday,I am taking two days holiday in june"
ff2931819c,You,"used with a noun when calling someone something esp something ,I asked you a question"
61cf21f695,Chalk,"is use to draw, is very soft,have a white color"
61cf21f695,Friend,"one who is neer one in life, is a buddy, is a mate"
61cf21f695,Health,is physical condition
61cf21f695,Holiday,"ia vacation,day for rest, day on which we don't work, is a leave"
61cf21f695,You,"is a pronoun,"
2622f61522,Chalk,"chicken feed, crank, deoxyephedrine, glass, ice, meth, methamphetamine,"
2622f61522,Friend,"quaker, acquaintance, ally, admirer, booster, champion,"
2622f61522,Health,wellness
2622f61522,Holiday,vacation
2622f61522,You,"you, your, yourself, that,"
e97ff5f954,Chalk,to assign duties or tasks/a powder white in color
e97ff5f954,Friend,a confidante/ a person you know and trust
e97ff5f954,Health,ability physically and mentally/condition of something
e97ff5f954,Holiday,a break from work/a time for relaxation and fun
e97ff5f954,You,a person/pronoun/plural people or singular person
186db71701,Chalk,"a white ,gray or yellowish lime stone that is soft,a mar or line made with chalk,to write ,draw or mark with chalk,to make pale,to treat with chalk,lime or fertilize,"
186db71701,Friend,"friend means a person that you are fond of with whom you talk or spend time,companion,intimate,confidant,schoolmate,playmate, best friend,close friend,roommate,buddy, fellow,supporter,advocate,colleague."
186db71701,Health,"the definition of health is physical and mental wellness or condition of well being.good condition,fitness,freedom from disease,well being,soundness of body,"
186db71701,Holiday,"a day of freedom from labor,day set aside for leisure and recreation.to take a vacation,feast day,legal holiday,holy day,red letter day,weekend,time off,leave,day off"
186db71701,You,"you is a pronoun used to describe someone that is being spoken to .or describe a hypothetical person or group of people.your self,thee,all of you,you too,you all"
a7cd587df0,Chalk,"adorn, bloom, blush, flush,"
a7cd587df0,Friend,"soul mate, cousin, cohort, partner, buddy,"
a7cd587df0,Health,"constitution, form, euphoria, energy,"
a7cd587df0,Holiday,"vacation, break, celebration, festival"
a7cd587df0,You,me
153fbbab45,Chalk,"chalk   /tʃɔk/ /tʃɑk/  noun   [ C  or  U  ] 



a type of soft white rock, or (a stick of) this rock or a similar substance used for writing or drawing"
153fbbab45,Friend,He's a  family  friend/friend  of the family .
153fbbab45,Health,I had to give up drinking for health reasons.
153fbbab45,Holiday,a camping/skiing holiday
153fbbab45,You,Have you decided where you're going  for  your holiday(s) this year?
d6fbaf0859,Chalk,used in writing in a blackboard
d6fbaf0859,Friend,"companion, with whom you share common thoughts"
d6fbaf0859,Health,"in good state of body and mind, well-being"
d6fbaf0859,Holiday,"no work, off"
d6fbaf0859,You,"myself, I,"
a4da035c8e,Chalk,"used to write, made from calcium carbonate,"
a4da035c8e,Friend,"bond of affection with some body, or form of addressing some one."
a4da035c8e,Health,"free from illness, being sick, ones physical state or mental state"
a4da035c8e,Holiday,"being on a vacation, period of liesure."
a4da035c8e,You,"addressing oneself,or others standing to next to us"
eaecffb8af,Chalk,"white soft limestone,small white stick,used for writing"
eaecffb8af,Friend,"knows well,supporter,sharing feelings"
eaecffb8af,Health,"body condition,physical condition"
eaecffb8af,Holiday,"vacation,independent,free"
eaecffb8af,You,"denotes person,people,specify someone"
cc0fd23c05,Chalk,"glass, methamphetamine hydrochloride, methamphetamine, trash, crank, ice, meth, chicken feed, shabu, deoxyephedrine"
cc0fd23c05,Friend,"supporter, champion, acquaintance, ally, admirer, booster, protagonist"
cc0fd23c05,Health,"wellness, health"
cc0fd23c05,Holiday,holidaymaker  holiday resort  holiday season
cc0fd23c05,You,"I,WE,me"
075bbbca89,Chalk,"noun a white soft earthy limestone (calcium carbonate) formed from the skeletal remains of sea creatures. a similar substance (calcium sulphate), made into sticks and used for drawing or writing."
075bbbca89,Friend,"1	a person with whom one has a bond of mutual affection, typically one exclusive of sexual or family relations. used in polite address to an acquaintance or stranger. 
2	a familiar or helpful thing. 
3	a person who supports a particular cause or organization: the Friends of the Welsh National Opera."
075bbbca89,Health,noun the state of being free from illness or injury. a person's mental or physical condition.
075bbbca89,Holiday,"1	an extended period of recreation, especially away from home. 
2	a day of festivity or recreation when no work is done. 
3	[with modifier] a short period during which the payment of instalments, tax, etc. may be suspended."
075bbbca89,You,"1	used to refer to the person or people that the speaker is addressing. used to refer to the person being addressed together with other people regarded in the same class. 
2	used to refer to any person in general."
ebc4f95447,Chalk,to write thing
ebc4f95447,Friend,loving person
ebc4f95447,Health,body health
ebc4f95447,Holiday,leave days
ebc4f95447,You,opposite person
6c04a7f4c1,Chalk,which is used in writing in black broard
6c04a7f4c1,Friend,which is helpful in life like a human relations
6c04a7f4c1,Health,which is related to human body
6c04a7f4c1,Holiday,which is declared as non working day
6c04a7f4c1,You,which is yourself
ab266a6b3c,Chalk,"calcium stick, limestone, white in colour, tastes bitter"
ab266a6b3c,Friend,"is close relationship, age fellow, shares your thoughts, may b a boy or girl"
ab266a6b3c,Health,"is fitness, related to body functioning,"
ab266a6b3c,Holiday,"vacation, leisure time, no work to do, xmas holidays etc"
ab266a6b3c,You,"a pronoun, may be single or plural, address some one by calling him,"
1c7639828f,Chalk,"soft rock, white in color, used to draw"
1c7639828f,Friend,"companion, person attached by feeling, in deep relationship"
1c7639828f,Health,"good state of body, without any decease, soundness of body"
1c7639828f,Holiday,"not working, day allowed by government, no office at that day"
1c7639828f,You,"a person, addressed, pointing to another"
eece1523fc,Chalk,"soft,white,powdery limestone, drawing."
eece1523fc,Friend,"acquaintance,compatriot,accomplice,supporter,associate,colleague,familiar."
eece1523fc,Health,"constitution,well-being,strength,euphoria,fitness,stamina,energy."
eece1523fc,Holiday,"anniversary,celebration,vacation,festival,liberty,recess,break."
eece1523fc,You,"one,any one,second person."
fa3c004b84,Chalk,"white, powdery, board, school, teacher, games,"
fa3c004b84,Friend,"ally, trust, can tell secrets to, support system,"
fa3c004b84,Health,"doctors, routine medical checkups, exercise, physically & mentally sound, discipline, quality of life"
fa3c004b84,Holiday,"Thanksgiving, Christmas, vacations, trips, cruise, family, gifts, money,"
fa3c004b84,You,"second person, me, yours"
d2ee442783,Chalk,"Chalk - We can use the chalk for writing in the blackboard, A substance  made from mineral or lye"
d2ee442783,Friend,Fried - a friend can be a true or bad.
d2ee442783,Health,Health - A person's character mainly depend upon his/her health.  He/She  physically/mentally fit  means they are always happy.  They state of activity depend on health.
d2ee442783,Holiday,Holiday - A particular day taken for special reason or rest.  A weekly holiday from after six days work.  A religious day.
d2ee442783,You,You - While talking between two persons in their conversation they can salute as you.  The other meaning 'you' is  technologically using in computer YOU TUBE
b0af56c46c,Chalk,plan
b0af56c46c,Friend,mate
b0af56c46c,Health,condition of body
b0af56c46c,Holiday,vacation
b0af56c46c,You,self
a7cece6cf4,Chalk,"Broad, White in color, power & Teacher"
a7cece6cf4,Friend,"Buddy, Secrets, close, dear & Share feelings, fights"
a7cece6cf4,Health,"Food, Hospital, Calcium, Sprouts & Mothers food"
a7cece6cf4,Holiday,"Sunday, Enjoyment, Sleeping late, Movies & Fun"
a7cece6cf4,You,"Human, Happy go lucky, English Word & Beautiful"
a99eff3ef7,Chalk,"a white, gray, or yellowish limestone that is soft, porous, and easily pulverized, composed almost entirely of calcite from minute sea shells"
a99eff3ef7,Friend,"Friend means a person that you are fond of, with whom you talk or spend time"
a99eff3ef7,Health,The definition of health is physical and mental wellness or a condition of well-being
a99eff3ef7,Holiday,a period of leisure or recreation
a99eff3ef7,You,"You is a pronoun used to describe someone that is being spoken to, or to describe a hypothetical person or group of people"
95e2618c28,Chalk,"A soft compact calcite, CaCO3, with varying amounts of silica, quartz, feldspar, or other mineral impurities, generally gray-white or yellow-white and derived chiefly from fossil seashells."
95e2618c28,Friend,"A person whom one knows, likes, and trusts,"
95e2618c28,Health,"The overall condition of an organism at a given time,Soundness, especially of body or mind; freedom from disease or abnormality"
95e2618c28,Holiday,"A day free from work that one may spend at leisure, especially a day on which custom or the law dictates a halting of general business activity to commemorate or celebrate a particular event."
95e2618c28,You,"Used to refer to the one or ones being addressed,Used to refer to an indefinitely specified person"
2cfb3bdbcd,Chalk,glass
2cfb3bdbcd,Friend,mom
2cfb3bdbcd,Health,strong
2cfb3bdbcd,Holiday,enjoy
2cfb3bdbcd,You,yours
ab6d427bc7,Chalk,Chalk: Draw or write with chalk.
ab6d427bc7,Friend,"Friend:  person whom one knows and with whom one has a bond of mutual affection, typically exclusive of sexual or family relations."
ab6d427bc7,Health,"Health: The state of being free from illness or injury: ""he was restored to health""; ""a health risk""."
ab6d427bc7,Holiday,Holiday: A day of festivity or recreation when no work is done.
ab6d427bc7,You,You: Used to refer to the person or people that the speaker is addressing:
932ad1fc41,Chalk,"board,white,colourful,calcium,stick."
932ad1fc41,Friend,"companion,soulmate,girl,boy,best,dear,near."
932ad1fc41,Health,"good,poor,yoga,hospital,medicine,walking,excercise."
932ad1fc41,Holiday,"vaccation,spot,sunday,shopping,movie."
932ad1fc41,You,"fool,stupid,dog,animal,gorgeous."
3c84e2112e,Chalk,"used for writing, made of calcium carbonate, white in colour, used for black board, in schools"
3c84e2112e,Friend,"companion, faithful confidant, friendship is relation between friends, trust- worthy"
3c84e2112e,Health,"physical status of body, wellness,status of body, shows energy level,"
3c84e2112e,Holiday,"non working day, festival holiday, sunday , offices are off, people enjoy holiday..."
3c84e2112e,You,"second person in conversation, first person calls him you, pronoun,"
96824489d6,Chalk,"school,teacher,black board,writing,white"
96824489d6,Friend,"truth,helpful,love,intimate,close,understanding,sharing"
96824489d6,Health,"vegetables,fruits,exercise,medicine,body,smart"
96824489d6,Holiday,"leave, Sunday,festival,enjoy,picnic,rest,no work,relax"
96824489d6,You,"grammar,show,others,personal pronoun,singular,plural"
dc1e49be30,Chalk,"a soft, white, powdery limestone consisting chiefly of fossil shells of foraminifers."
dc1e49be30,Friend,a person attached to another by feelings of affection or personal regard
dc1e49be30,Health,the general condition of the body or mind with reference to soundness and vigor: good health; poor health.
dc1e49be30,Holiday,a day fixed by law or custom on which ordinary business is suspended in commemoration of some event or in honor of some person.
dc1e49be30,You,"the pronoun of the second person singular or plural, used of the person or persons being addressed"
99822f0efe,Chalk,"Sidewalk, hopscotch, board, school"
99822f0efe,Friend,"Buddy, pal, secrets, loyalty, confide, BFF"
99822f0efe,Health,"Strong, doctor, not ill, feel good, history, exams"
99822f0efe,Holiday,"Festive, celebrate, decorate, traditions, off work, vacation"
99822f0efe,You,"Not me, other person, point finger"
bba2068b29,Chalk,soft whitish calcite
bba2068b29,Friend,a person you know well and regard with affection and trust
bba2068b29,Health,the general condition of body and mind
bba2068b29,Holiday,eisure time away from work devoted to rest or pleasure
bba2068b29,You,used to refer to the person or people being spoken or written to
b51378192c,Chalk,"Chalk: is a soft, white, powdery limestone consisting chiefly of fossil shells of for aminifers,a mark made with chalk,a score or tally."
b51378192c,Friend,"Friend: is True friend ,Best friend,Friend poema person attached to another by feelings of affection or personal regard"
b51378192c,Health,"Health:is the general condition of the body or mind with reference to soundness and vigor, good health, poor health"
b51378192c,Holiday,"Holiday:is any day of exemption from work,Holiday sayings,Holiday greetings
Holiday quotes."
b51378192c,You,"You:is one, anyone, people in general, a tiny animal you can't even see,I love you,You lyricsI hate you."
12ab915847,Chalk,"white, used to write on black board, made up of powder, is edible, makes sound while writing, can be engraved, made up of calcium carbonate."
12ab915847,Friend,"partner, lover, mother, with whom anything can be shared, doubles joys and sorrows are reduced, fun and frolic, shopping with him"
12ab915847,Health,"fitness, directly proportional to age, exercise, good food, balanced diet, jogging."
12ab915847,Holiday,"fun and frolic, time to relax, time to rejuvenate, time to refresh, time to spend time with family, strengthens relationships."
12ab915847,You,"caring, affectionate, helpful, emotional, smart, beautiful, tall, white"
6b2ac0ef88,Chalk,substance which is used for writing on a black board
6b2ac0ef88,Friend,persons who understand each other
6b2ac0ef88,Health,freedom from illness
6b2ac0ef88,Holiday,a day free from work
6b2ac0ef88,You,myself
86dc19ebbd,Chalk,to write on blackboard
86dc19ebbd,Friend,"pal, buddy, companion"
86dc19ebbd,Health,"fitness, wellbding, strength"
86dc19ebbd,Holiday,"festival, celebration, public holiday"
86dc19ebbd,You,"person, someone"
33cd6db15a,Chalk,"Draw,To picture,To route,Show way or path,Writing instrument,A tube light part,Plan methods,To depict."
33cd6db15a,Friend,"Colleague,Helper,guide,mentor,A known person,A bosom pal,One who will help in time of need."
33cd6db15a,Health,"Good physique,Without illness,Well being,Vigor,Stamina,Exuberant,Body well being,Vitality."
33cd6db15a,Holiday,"Vacation,Tour and sightseeing,Relaxation,Non working day,Rest,Resort,Office shut down."
33cd6db15a,You,"Third person,Addressing another,Pointing,Specify."
7b5feaf707,Chalk,It is a item which write on the board
7b5feaf707,Friend,Friend is a person who takes care of us deeply
7b5feaf707,Health,Health takes a important role in our body
7b5feaf707,Holiday,Holiday is the most joyful movement
7b5feaf707,You,represent the second person
7c3ee16479,Chalk,a type of soft white rock
7c3ee16479,Friend,a person who you knows well and who you like a lot
7c3ee16479,Health,a condition of the body
7c3ee16479,Holiday,an official day which you donot have to go to work or school
7c3ee16479,You,used to refer the person or people you are speaking or written to
6f44ca6a78,Chalk,"white, powdery, smooth, messy, erasable, brittle, colored, used in teaching, 
used on a blackboard,"
6f44ca6a78,Friend,"listener, supporter, helper, companion, critiquer, honest, comforter, playmate, fun to be with, guardian, loved one, colleague,  partner"
6f44ca6a78,Health,"heartiness, well-being, state of being, good or bad phyisiology, energy level,
abundant in amount, functioning, heartiness, robustness,"
6f44ca6a78,Holiday,"vacation, celebration, time off work, fun trip, change of scenery, 
a special time, restfull time,"
6f44ca6a78,You,"the other person, a separate person, not me, a separate being, (not them, not me) another"
