subject_id,word,answer
64480,level,"even, all are equal, above, a positive thing, an advancement"
63730,level,video games
66433,level,games
66421,level,"tool, straight, guide"
66439,level,"it can gradually increase, it can gradually decrease, it can mark progress, it can take time to get to the next level, it can take not much time to get to the next level"
63862,level,used in video games
62713,level,"straight, balanced, metal, long"
63424,level,"leveling tool, metal, air bubbles, level on computer game, floor on a building"
65599,level,"buildings, games"
65395,level,"used in construction, long, three holes, three things with yellow liquid to tell if it is level"
62872,level,used to make progress
66472,level,"place, up or down, take stairs or elevator to get there, the higher it is the harder it is to get to"
66487,level,proportion
66496,level,Has square edges
66448,level,Flat Balance Long some are lasers is a tool used in construction
66493,level,"something higher, new, different."
66385,level,"uses a bubble to measure, stick, tool"
66511,level,"The word ""level"" can be used in video games. It can also be used by architects when building homes. Also used to interpret one's reading capacity or academic placement. Level can mean a flat surface."
65236,level,"used in construction, has liquid, has a ball, can be used to put up decor evenly"
66133,level,"level is a floor, there cna be different levels"
65263,level,"one, two, three, overcoming an obstacle,"
65752,level,"game, requirement, goal, section, achievement"
64120,level,"is a tool, made of metal or wood, contains liquid, sold at hardware stores, used to make things flat or perpendicular, handheld, often has measuring increments"
66058,level,"keeps things in balance, strong, bubble"
65851,level,"used in construction, usually metal, tests if a surface is parallel or perpendicular to the ground"
66451,level,"flat, tool, used in construction, bubble, liquid inside with air bubble, two lines to indicate levelness"
66541,level,"flat, level, used by carpenters, construction workers, men, green bubble"
63820,level,Video Games
64711,level,"balances, fair v. unfair, steps"
65929,level,"a floor, is parallel to the ground, a certain stage, a set record of ability."
64726,level,must be passable
63610,level,"Long, rectangular"
66568,level,hs bubbles
66427,level,"there are many, used in many types of games, can deal with physical fitness"
66574,level,"beginning, middle, end"
66289,level,below or above something
63238,level,is in videogames. is flat.
62503,level,"measurement, surface area, incriments, flat, balanced"
65620,level,"used to measure, different types of things, placement"
62995,level,"can either be a high level or low level, different levels of a building"
64984,level,"quantity, minimum, maximum"
62506,level,"a floor, a reward in a video game, is often numeral-based, has many different meanings, used for finding balance"
64735,level,"made of metal or plastic, used to make things even"
65521,level,"go through one to get to another, stages, steps"
66598,level,height
63580,level,Moving up or down in a building or even a game.
66331,level,"Measurement,"
64837,level,"in a game, in a house, in a building, up and down, lower and higher, separated by stairs, separated by an elevator, numbered"
63835,level,"long, a little heavy"
64882,level,is a noun
66154,level,up down
64630,level,"used in construction, used to build, even"
64765,level,balancing tool
62335,level,"Type of measurement, a balance, tool, construction, architecture,"
66634,level,"I'm not sure of the meaning of ""level"""
66460,level,"metal, water inside, bubble, tool"
66643,level,"building things, straight, perfect angles"
66646,level,has a bubble
66655,level,"placed in a tool box, neon green in parts, used for construction, made of plastic"
63943,level,rectangular
65839,level,"Flat, Straight Edge, with bubbles and line increments to measure flat surfaces"
66667,level,certain round
66670,level,makes things flat.
62884,level,"tool, measures, used to build things,"
66676,level,"if a surface is even, stages on a game,"
66649,level,"bottom, top,"
66679,level,rising
66607,level,"makes sure surfaces are level, is about the length of a ruler, is the shape of a ruler, has a bubble inside it, is found in a toolshop, is found in a gargage, is found in a workshop, is used on woodworking projects, is owned by many woodworking men"
66688,level,"bubble, water, straight lines"
65968,level,"different missions in a game, different floors in a building, the grade you're in"
64480,garlic,"tangy, used for cooking, smelly, and is known for making people cry, a vegetable"
63730,garlic,used in foods
66433,garlic,cooking
66421,garlic,"smell, taste, odor, used in cooking, ingredient, cloves, Italian"
66439,garlic,"it has a specific aroma, it can be used for cooking, it can be used to ward off vampires, it can be healthy for you"
63862,garlic,is white and oval-shaped
62713,garlic,"strong smell, strong taste, white color"
63424,garlic,"food, strong smell, round, cloves, butter"
65599,garlic,"spice, food"
65395,garlic,"strong smell, white, round, tiny, outer skin"
62872,garlic,found in kitchens
66472,garlic,"smells,, food, vegetable, keeps away vampires, herb, goes good on italian food"
66487,garlic,smell
66496,garlic,is found in the natural world
66448,garlic,Strong smelling cloves white bad taste seasoning used for cooking
66493,garlic,"strong smell, white, consists of little parts, breaks down easily, bad breath, tasty in food"
66385,garlic,"white, strong odor, used in cooking"
66511,garlic,"Garlic can be used for medicine and food. It can often make one's breath smell after consuming it. Garlic is used in the myth of vampires, garlic is said to repel them. It is used as a medicine to prevent heart disease. It has a distinct smell."
65236,garlic,"used in cooking, gets rid of vampires, is a bulb, tastes strongly, gives you bad breath"
66133,garlic,"garlic is a spice, put it on food, increases flavor"
65263,garlic,"smelly, italian, vampires, healthy, bread sticks, spaghetti, some chinese food"
65752,garlic,"food, pizza, vampire, seasoning, cook"
64120,garlic,"grows in the ground, breaks into cloves, tastes very spicy, used to cook with, is white, requires moisture to grow"
66058,garlic,"tasty, stew, powder, sauce, bread, toppings"
65851,garlic,"odorous, vegetable, used in cooking"
66451,garlic,"bulb, strong odor, strong taste, plant, ingredient"
66541,garlic,"kills vampires, smelly, strong taste, used in italian food, used by chefs, is sticky when crushed"
63820,garlic,White
64711,garlic,"tangy, flavorful, spice, plant, can turn in to powder, used in food,"
65929,garlic,"is a vegetable, is crunchy, has a bad odor, can make you cry, is edible, is used in salads."
64726,garlic,"stinky, smelly, delicious"
63610,garlic,"Small, white, and used for cooking"
66568,garlic,smells bad
66427,garlic,"is a food, has no calories, is yummy, makes your breath smell bad"
66574,garlic,"is a spice, strong flavor, used for cooking,"
66289,garlic,Has a outer skin
63238,garlic,is edible. is odorous. is used for cooking. is a seasoning. is healthy
62503,garlic,"food, medical, smell, aroma, poltucie"
65620,garlic,"an herb,used for cookin,smells bad, in movies used to keep vampires away,salt,powder"
62995,garlic,"seasoning, smells bad, tastes good, comes from a plant"
64984,garlic,"smells, strong taste, vegetable used for cooking, used for medicines"
62506,garlic,"is a plant, has white skin, has flaky skin, has many layers, is consisted of several smaller pieces, is edible, used for cooking, used in many foods, used to enhance flavor, is used to keep away vampires"
64735,garlic,"Strong smelling, tastes good"
65521,garlic,"taste, smell, flavor, texture, food, herb"
66598,garlic,harsh smell
63580,garlic,Used in cooking.
66331,garlic,"Used on food, used as a sauce,"
64837,garlic,"clove, is a food, is a spice, used in cooking, crushed or whole, strong taste, strong smell, used in Italian food, garlic bread, voids off vampires"
63835,garlic,"looks like a small onion, smells strong, is a yellow/white color"
64882,garlic,is a noun
66154,garlic,"Spices, bread"
64630,garlic,"it is a spice, it is used to cook"
64765,garlic,"bitter, vampires, seasoning,"
62335,garlic,"spice, used for cooking, strong smell, vampires enemy, Italian food, gives bad breath, grows from the ground"
66634,garlic,"vegetable, bulbous, slimy, strong odor, cooking ingredient, overpowering"
66460,garlic,"food, white, crunchy, spice, used to cook, adds flavor"
66643,garlic,"cooking, seasoning, detering animals"
66646,garlic,flakey skin
66655,garlic,"stinky, ingredient in food, onion like, yellowish"
63943,garlic,white
65839,garlic,"round and yellow resembling small onions, potent and obvious smell"
66667,garlic,an ingredient
66670,garlic,"smelly, tasty, spice, fragrant"
62884,garlic,"spice, used in food,"
66676,garlic,"Vampire killing, spices, is eatable, has a strong scent, grows in the ground"
66649,garlic,"spice, food"
66679,garlic,smelly
66607,garlic,"is small, is white, smells good, has a strong smell, is a vegetable, is used in many Italian foods, is a flavoring"
66688,garlic,"Flakey skin, white"
65968,garlic,"salty, a spice, italian,"
64480,accuse,"to tell someone they did something, to assume"
63730,accuse,them
66433,accuse,liar
66421,accuse,"blame, angry"
66439,accuse,"guilty, wrong, law and order, police, hearsay"
63862,accuse,Girls
62713,accuse,"to blame, to find fault"
63424,accuse,"blame, guilty, fault"
65599,accuse,lies
65395,accuse,never heard of this word
62872,accuse,requires motive
66472,accuse,blame
66487,accuse,law
66496,accuse,blame
66448,accuse,"thinking someone is guilty, opinions"
66493,accuse,"evidence, trial, court room, action"
66385,accuse,"point fingers, suspect, court room, criminal act"
66511,accuse,"assume, blame"
65236,accuse,"point a finger at, yell, angry"
66133,accuse,"blaim, guilty"
65263,accuse,"murder, rape, lie"
65752,accuse,"murder, crime, suspect, investigation, test, witness, testify"
64120,accuse,"to blame someone, assumes someone is guilty without evidence, often made when a law has been broken."
66058,accuse,"angry, mad, upset, hasty, wrong, trial, judge, jail, prision"
65851,accuse,"call out, bismirch"
66451,accuse,"speak against, argument"
66541,accuse,"assigns guilt or blame, usually done emotionally, emphatically"
63820,accuse,trouble
64711,accuse,"anger, jumping to conclusions,"
65929,accuse,"is to place blame, is used in court"
64726,accuse,offense
63610,accuse,Threaten
66568,accuse,to say someone did something
66427,accuse,"sue, arrest, denounce"
66574,accuse,think
66289,accuse,to blame
63238,accuse,done to suspected criminals.
62503,accuse,"berate, justify, actions"
65620,accuse,"blame,prosecute"
62995,accuse,charge of fault or crime
64984,accuse,"find fault, blame, fight, misunderstanding"
62506,accuse,"blame, point finger, scapegoat"
64735,accuse,"confrontational, pointing someone out"
65521,accuse,somoeone else of something
66598,accuse,to blame
63580,accuse,not right
66331,accuse,to blame
64837,accuse,"blame, go to court, sue, prosecute"
63835,accuse,claim someone has done something
64882,accuse,is averb
66154,accuse,victim
64630,accuse,"mean, murder"
64765,accuse,court
62335,accuse,"to assume, blame someone, wrong or right, sate a fact or fiction"
66634,accuse,"agressive, active, negative"
66460,accuse,"blame someone else,"
66643,accuse,blame
66646,accuse,tattle
66655,accuse,"law, lawyer, plantiff, cop, verdict, jury, judge"
63943,accuse,blame
65839,accuse,An accusation
66667,accuse,blame
66670,accuse,blame someone
62884,accuse,is blaming someone
66676,accuse,suggest
66649,accuse,ass of you and me
66679,accuse,snitch
66607,accuse,to blame for
66688,accuse,blame
65968,accuse,"point a finger, prosecute"
64480,bike,another way of transportaion that requires body movement
63730,bike,trail
66433,bike,wheel
66421,bike,"two wheels, fast, seat, brake"
66439,bike,"exercize, red,"
63862,bike,Two wheels
62713,bike,"has two wheels, has gears, has handles, has pedals"
63424,bike,"ride, wheels, handle bars"
65599,bike,wheels
65395,bike,"two wheels, handlebars, seat, fast, breaks, pedals"
62872,bike,has wheels
66472,bike,"two wheels, chains, something to ride"
66487,bike,fall
66496,bike,"two wheeled, transportation, human powered, chain driven, variable speed, workout"
66448,bike,"ride, has two wheels, useful, exercise"
66493,bike,"active, hike, nature, equilibrium"
66385,bike,"has wheels, transportation, handle bars, seat, pedles"
66511,bike,"two wheels (sometimes four for toddlers), two handlebars, can often have a radio or horn on them, used for transportation"
65236,bike,"wheels, bell, helmet"
66133,bike,"ride, transportation, wheels"
65263,bike,"rides, Katy Trail, snacks, fun"
65752,bike,"ride, children, fun, form of transportation, wheels, pedals, handles"
64120,bike,"has two wheels, a handlebar, a seat, pedals, a chain, uses a system of gears, usually has brakes, different variation for mountains or roads, are sold in stores, convenient means of transportation, used for competitive sport."
66058,bike,"21 speeds, bmx,moutain bike, tricks, ramps, jumps, motorcycle"
65851,bike,"can have motor, can have pedals, 2 wheels"
66451,bike,"transporation, two wheels, pedals, force, chain"
66541,bike,"two wheels, fast, economical, green"
63820,bike,two wheels
64711,bike,"metal, movement, air whipping by you"
65929,bike,"is a machine for transportation, is sat on, is exercise equipment"
64726,bike,unicycle
63610,bike,Ride on
66568,bike,vehicle with two wheels
66427,bike,"wheels, transportation, exercise"
66574,bike,"transportation, tour de france"
66289,bike,two wheels that that transport
63238,bike,"is an excersise tool, can be used for transportation."
62503,bike,"weels, breaks, distance, convienence"
65620,bike,"transportation, excerise"
62995,bike,"a thing, has two wheels"
64984,bike,"2 wheels, handle bars, brakes, transport"
62506,bike,"tire, chain, gears, transportation, healthy"
64735,bike,"transportation, eco-friendly"
65521,bike,means of transportation
66598,bike,ride
63580,bike,"you can ride, gets you somewhere, has wheels"
66331,bike,a vehicle with two wheels
64837,bike,"to ride on, two wheels, bike trail, helmet, gear chain, tires, tire pump, handle bars, fun, exercise"
63835,bike,"has wheels, has chains, you ride it"
64882,bike,is a thing is a gift
66154,bike,tires brakes handle bars
64630,bike,"bike ride, marathons, exercise"
64765,bike,an excape
62335,bike,"transportation, tricycle, card, wheels"
66634,bike,"mechanical, simple, expensive, transporting"
66460,bike,"has two wheels, petals, handle bars, ride it outside, different types"
66643,bike,"lance armstrong, transportation, gears"
66646,bike,"trike, harley"
66655,bike,"to ride, shiny, has a horn, found in a grage"
63943,bike,"metal, 2 wheels, used for transportation"
65839,bike,Two Tired Vehicle
66667,bike,tranportation
66670,bike,"has a frame, has a chain, handle bars, pedels, two wheels"
62884,bike,"is a form of transpertaion,"
66676,bike,"the action of biking, object used to transport"
66649,bike,16 speed
66679,bike,ride
66607,bike,"wheels, pedal, kids, 2 wheeler"
66688,bike,ride
65968,bike,"vehicle, exercise, fun"
64480,bite,the act of taking your teeth and putting downward pressure
63730,bite,me
66433,bite,hard
66421,bite,"bug, spider, dog"
66439,bite,"mosquito, animal, rabies, food, chocolate, yummy"
63862,bite,Baby
62713,bite,"uses teeth, do it when eating, dogs do it to people"
63424,bite,"eat, chew, food"
65599,bite,mosquito
65395,bite,"food, chew, eat, ate, meat, teeth"
62872,bite,causes pain
66472,bite,"painful, use of teeth"
66487,bite,hot dog
66496,bite,"chomp, eat, chew"
66448,bite,"eat food, animals, hurts"
66493,bite,"mosquito, dog, marks, painful, scratches"
66385,bite,"chomp down, child, painful, used to eat"
66511,bite,"what one does with their teeth when they eat, what a fish does to a fishing pole,"
65236,bite,"teeth, scar"
66133,bite,"teeth, food"
65263,bite,"hard, blood, teeth, vampires, dog, sharks, tongue"
65752,bite,"dog, snake, can be harmful, hospital, damage, skin can break, blood"
64120,bite,"used as self defense, mechanism for consuming food, involves bringing teeth together, inflicts pain."
66058,bite,"size, hurts, dogs, snakes, animals, pets, mailman, pizza, shrimp"
65851,bite,"used to eat, defense mechanism, instinct"
66451,bite,"teeth, force, pain, penetration, indentation"
66541,bite,"itchy, infected, bleeding, inflicted by dogs, mosquitos, babies,etc"
63820,bite,Teeth
64711,bite,"violent, pain,"
65929,bite,"is a fetish, is how we breakdown food, is how animals attack, is done with teeth, is painful"
64726,bite,masticate
63610,bite,Chewing
66568,bite,to use your teeth
66427,bite,"spider, ouch, pain, teeth"
66574,bite,"big, small"
66289,bite,mouths action
63238,bite,is a self defense mechanism. used to eat food.
62503,bite,"teeth, mouth, food, consume"
65620,bite,"hurt,taste,chew"
62995,bite,"done with teeth, babies bite when teething, to eat food"
64984,bite,pain
62506,bite,"chew, eat, teeth, mouth, hurt, pain, jaw"
64735,bite,"destroying, consuming"
65521,bite,itches
66598,bite,eat
63580,bite,"food, bugs"
66331,bite,sinking teeth into something
64837,bite,"from a bug, from a spider, from a dog, hurt, bleeding"
63835,bite,"red or pink, itches, burns, sometimes swells"
64882,bite,is a verb used for eating
66154,bite,hurt mark eat
64630,bite,"animal, food, teeth, pain"
64765,bite,me
62335,bite,"itches, caused by insects, could be deadly, cause diseases, commonly spiders, venom,"
66634,bite,"agressive, ravenous, instinctual"
66460,bite,"used when eating, hurts, do with teeth,"
66643,bite,"food, teeth"
66646,bite,"shark, dog, cat"
66655,bite,"mark, bug, vampire"
63943,bite,puncture
65839,bite,The way upper and bottom jaw work together
66667,bite,mouth
66670,bite,food
62884,bite,"caused from bugs, makes you itch"
66676,bite,"hurt, pokemon move, mosquitos"
66649,bite,ant
66679,bite,bit
66607,bite,"mosquito, itch, red, bumps"
66688,bite,crunch
65968,bite,"food, teeth, Mike Tyson"
64480,bleach,a cleaning equipment used to disinfect
63730,bleach,clothes
66433,bleach,blonde
66421,bleach,"odor, white, laundry"
66439,bleach,"clothes, white,"
63862,bleach,Laundry
62713,bleach,"cleans things, can ruin clothes"
63424,bleach,"blonde, clean, burn"
65599,bleach,laundry
65395,bleach,"laundry, white clothes, get stains out, disinfect"
62872,bleach,has no color
66472,bleach,"cleans clothes, white, takes out stains"
66487,bleach,washer
66496,bleach,"abrasive chemical, removes color, bad for your skin, cleaner, toxic"
66448,bleach,"cleans, can stain, used on whites, strong smelling"
66493,bleach,"clothes, stains, washer, helper"
66385,bleach,"liquid, strong odor, toxic, white, used with laundry"
66511,bleach,"laundry, different  color, can be used on hair, can kill if consumed."
65236,bleach,"white, strong smelling, teeth"
66133,bleach,"change colors, laundry"
65263,bleach,"laundry, gross smell, disinfectant"
65752,bleach,"hair, color, white, clothes, washer, dryer, clean"
64120,bleach,"used to clean floors, cleans stains, removes color from clothes, can be used to make hair blonde, is poisonous to eat."
66058,bleach,"clorox, cleaner, smells, cheap, kills things, hair, blond,"
65851,bleach,"caustic, alkaline, stain-remover"
66451,bleach,"hazardous, chemical, white, blonde, clothes"
66541,bleach,"clean, burns, turns things white"
63820,bleach,ruins clothes
64711,bleach,"whiten, lighten, smelly, chemically, dangerous"
65929,bleach,"is a chemical for cloths, is a show, can stain clothing"
64726,bleach,detergent
63610,bleach,Colorless
66568,bleach,makes things whiter
66427,bleach,"whiten, wash"
66574,bleach,"clothes, and other household items"
66289,bleach,to change or keep color
63238,bleach,"is used to clean up messes,"
62503,bleach,"clean, chemical, dangerous, concentrate, odor, texture, color"
65620,bleach,white
62995,bleach,"turns things white, decolor"
64984,bleach,"white, detergent"
62506,bleach,"clean, volitile, wash"
64735,bleach,"cleaning, strong, cleansing"
65521,bleach,"used to clean, strong smell"
66598,bleach,clean
63580,bleach,"whites, not colors, stains"
66331,bleach,"making brighter,"
64837,bleach,"hair, blonde, a cleaning product, strong smell"
63835,bleach,"chemical, removes stains"
64882,bleach,is used for cleaning is a noun
66154,bleach,clean
64630,bleach,"hair, cleaning, stains"
64765,bleach,white
62335,bleach,"blonde, white, strip color,"
66634,bleach,"basic, caustic, staining"
66460,bleach,"turns things white, used in laudry, poisonous, burns skin"
66643,bleach,white
66646,bleach,"hair, white, blonde"
66655,bleach,"Comet, white,"
63943,bleach,"chlorine, chemical, cleaning agent"
65839,bleach,"Someone used to writen closes, do not consume"
66667,bleach,white
66670,bleach,"whitens, destroys colored clothes, liquid"
62884,bleach,"toxic, turns clothes white, cleans"
66676,bleach,"makes my whites whiter, stains colors, is poisoness to swallow"
66649,bleach,relax
66679,bleach,white
66607,bleach,"toxic chemical, used to wash clothes, used as a cleaning solution for household items, is poisonous if swallowed"
66688,bleach,soup
65968,bleach,"white, stain remover, Oxy clean guy"
64480,blow,to exhale air out of your mouth
63730,blow,balloon
66433,blow,pop
66421,blow,"sigh, loud, quiet"
66439,blow,"cocaine, punch, wind"
63862,blow,Bubbles
62713,blow,"exhale, do it to candles, uses air"
63424,blow,"job, three little pigs, up"
65599,blow,jobs
65395,blow,"wind, mouth, storming, rain, hair messes up"
62872,blow,requires wind
66472,blow,"pushing air out of mouth, air shifting"
66487,blow,wind
66496,blow,expelling air from the mouth
66448,blow,"air through mouth, cool, exhale"
66493,blow,"wind, cold, candles, birthday cake, action"
66385,blow,"breathe, air, push, pressure, lips"
66511,blow,"breathing out of one's mouth to extinguish candles or bubbles, is a slang word for cocaine, what the wind does"
65236,blow,"mouth, cold air"
66133,blow,"bubbles, mouth"
65263,blow,"up! Kaboom! kisses, away, blow my mind"
65752,blow,"whistle, gum, air, balloon, enlarge, move, force, wind"
64120,blow,"pushes air out of mouth, cools down food, is rude in china, involves movement of air."
66058,blow,"wind, hairdryer, exhale, cool down,"
65851,blow,"exelling air, opposite of suck,"
66451,blow,"lungs, air, force"
66541,blow,"airy, forceful, sometimes from mouth, sometimes from fan"
63820,blow,bubbles
64711,blow,"innocent,"
65929,blow,"is to exhale, is cold, is hot sometimes, is air leaving"
64726,blow,breathe
63610,blow,Breathing out
66568,blow,to push air out of mouth
66427,blow,"hit, collide, smash"
66574,blow,make something bigger
66289,blow,mouth exhales
63238,blow,is a dirty term. is the pursing of the lips followed by a self made wind.
62503,blow,"hit, throw, words, speak, shout, kick"
65620,blow,mouth
62995,blow,"done with the mouth, lets out air"
64984,blow,pain
62506,blow,"air, exhale, mouth, lungs"
64735,blow,"hurts, painful"
65521,blow,wind
66598,blow,air
63580,blow,"bubbles, gum, something hot"
66331,blow,to intentionally exhale heavily
64837,blow,"dry, a blowdrier, air, a blow pop, a bubble"
63835,blow,breathing out
64882,blow,is a drug
66154,blow,fish wind air mouth
64630,blow,"gum, bubble"
64765,blow,"your nose, tissue"
62335,blow,"type of drug, johnny depp, bubbles, dirt, dryer,"
66634,blow,action
66460,blow,"gust of air, effortful breath of air, can move something, cool something off"
66643,blow,"away, wind"
66646,blow,"pop, school"
66655,blow,"fish, finding nemo,"
63943,blow,exhale
65839,blow,Exhaling breath
66667,blow,wind out your mouth
66670,blow,job
62884,blow,is caused by the wind
66676,blow,a type of drug
66649,blow,smoke
66679,blow,wind
66607,blow,"wind, air, movement"
66688,blow,wind
65968,blow,"cocaine, action with your mouth"
64480,cans,an object used to hold liquids
63730,cans,food
66433,cans,of soup
66421,cans,"aluminum, pop, metal"
66439,cans,"aluminum, plastic, drinks, silver"
63862,cans,Soup
62713,cans,"hold food, lots of them at a store, are metal, have labels"
63424,cans,"beer, food, metal"
65599,cans,trash
65395,cans,"food, soda, donation, recycle, throw away"
62872,cans,made of tin
66472,cans,"aluminum, holds liquids and solids"
66487,cans,metal
66496,cans,"soda, beer, drinks"
66448,cans,"aluminum, contains food, recyclable"
66493,cans,"diet coke, active social, recycle"
66385,cans,"found in the kitchen, hold food, perserves, metal, round top"
66511,cans,"what soda is often placed in, a round container for beverages, has tabs on the top"
65236,cans,"aluminum, holds liquid, can be crushed, can be recycled"
66133,cans,"cans are aluminiun, can drink soda out of them"
65263,cans,"homless people, vegetables without nutrients"
65752,cans,"aluminum, bottles, beverage, soda, contain, plastic, open"
64120,cans,"made of tin, hold food goods, can be reused as a container for nails, are recyclable, come in varying sizes."
66058,cans,"trash, soda, homeless, shopping carts, food, industry, can opener, soup"
65851,cans,"aluminum, non-perishable"
66451,cans,"sealable, holders, tin, cylindrical"
66541,cans,"made of metal, sometimes they contain soda, sometimes food, can be recycled, sometimes for money"
63820,cans,can drive
64711,cans,"tin, metal, cold, smooth,"
65929,cans,"is a metallic container, are litered around big citys"
64726,cans,bottles
63610,cans,Tin
66568,cans,what food is kept in
66427,cans,"bottle, package, tin"
66574,cans,"recycle, pop cans,"
66289,cans,sealed can
63238,cans,contain beer.
62503,cans,"food, drink, spread"
65620,cans,"drink,storage"
62995,cans,"aluminum, container, food storage"
64984,cans,"tin, recycle, colourful, cylinder, containers"
62506,cans,"container, metal, tin, sealed, loud, bulky, heavy, cold, mass-produced, preserved, sharp, round, cylendrical, labelled"
64735,cans,"hold things, storage for food"
65521,cans,food
66598,cans,metal
63580,cans,"recycle, coke, sprite"
66331,cans,small storage for a food or drink
64837,cans,"food, food drive, aluminum, pop tab, soup, beans, soda"
63835,cans,"tin, aluminum"
64882,cans,is a noun
66154,cans,pop soup
64630,cans,"canned food, vegetables"
64765,cans,soda
62335,cans,"food, recycled, homeless collect, soda pop,"
66634,cans,"metallic, loud, containing"
66460,cans,"aluminum, holds food, get it at the grocery store, cylindrical"
66643,cans,"soup, liquid, make noises"
66646,cans,"soda, boobs"
66655,cans,"aluminum, sharp edges, found in a pantry, metal, silver in color"
63943,cans,"alluminum, round, containers"
65839,cans,Metal cylinders used which contain liquids
66667,cans,food holders
66670,cans,"made out of tin, clyndrical"
62884,cans,"contains food or beverage,"
66676,cans,"Aluminum, are recyclable, contain liquids"
66649,cans,recycle
66679,cans,soda
66607,cans,"soda, beer, juice"
66688,cans,soda
65968,cans,"parties, soda, recycle"
64480,cough,the act of getting something that's in your throat out
63730,cough,drops
66433,cough,cold
66421,cough,"cold, sneeze, ache, sick"
66439,cough,"bad, itchy, elbow, hands, handkerchief"
63862,cough,Sickness
62713,cough,"can hurt, happens when you have a cold"
63424,cough,"syrup, medicine, mucus"
65599,cough,sickness
65395,cough,"cold, sick, sore throat,"
62872,cough,has sound
66472,cough,uncontrollable push of air out through lungs
66487,cough,sick
66496,cough,"sickness, irritation of the throat, annoyance"
66448,cough,"annoying, painful, medicine"
66493,cough,"flu, symptom, germy"
66385,cough,"sick, cold, throat, cover mouth, loud"
66511,cough,"often associated with colds, a noise one makes when they are sick, people should cover up their mouth when they cough, cough drops can help with sickness"
65236,cough,"sneeze, sore throat, choke"
66133,cough,"you do not want this, cough means a cold, happens when you are sick"
65263,cough,"sick, flu, snot, germs, spit, ilness"
65752,cough,"symptom, lungs, air, medicine, sickness, mucus, congestion"
64120,cough,"a symptom of being sick, they can be heard, mucus is coughed up. alleviated by cough drops."
66058,cough,"sore throat, cold,"
65851,cough,"expel air forcefully, clear airways"
66451,cough,"irritation, soreness, ill, projection of saliva"
66541,cough,"illness, violent, hacking-sound, abrupt"
63820,cough,cold
64711,cough,"sicknes, cold chills, fever"
65929,cough,"is a sign of illness, is disgusting, is a function of the body"
64726,cough,sneeze
63610,cough,Cold
66568,cough,what you do when you are sick
66427,cough,"sick, fever, sneeze, germs, smoker"
66574,cough,sick
66289,cough,a sickness through the lungs
63238,cough,is a symptom of the sick.
62503,cough,"cold, phlem, abnoxious"
65620,cough,"sick,loud,"
62995,cough,"sick, noise made from mouth"
64984,cough,"sickness, virus"
62506,cough,"sick, air, gross, winter, allergies, mucous"
64735,cough,"Sick, irritating"
65521,cough,"cold, sick, allergies"
66598,cough,sick
63580,cough,sick
66331,cough,"sickness,"
64837,cough,"syrup, cold, mucus, sickness, miserable, medicine, lozenge"
63835,cough,"comes with a cold, irritating to the throat"
64882,cough,is averb
66154,cough,covering mouth loud
64630,cough,"sick, cold, sound, soar throat"
64765,cough,bless you
62335,cough,"sick, clear flem, congested, under the weather, choking, clearing throat"
66634,cough,"involuntary, loud, disease-spreading"
66460,cough,"sickness, cold, throat ache, make a loud noise"
66643,cough,"illness, sick, disease"
66646,cough,"cold, whooping"
66655,cough,"sickness, bacteriea"
63943,cough,"hack,"
65839,cough,Exhale air involuntaraly
66667,cough,sick
66670,cough,"hurts, you are sick"
62884,cough,"sickness, cold season,"
66676,cough,what happens when dust gets into someones throat
66649,cough,sick
66679,cough,sneeze
66607,cough,"is often caught in the winter months, makes your throat dry"
66688,cough,bark
65968,cough,"winter, sickness, annoying"
64480,country,where mass amounts of people live
63730,country,United States
66433,country,USA
66421,country,"Mexico, Canada, England"
66439,country,"music, accents, twang, rope, horses, cowboy boots"
63862,country,Map
62713,country,"has borders, is a portion of land, has a capital city"
63424,country,"england, USA, china"
65599,country,music
65395,country,"gravel roads, tractors, hay, trucks, ponds, cows, chickens, pigs, farms, farmers"
62872,country,has open space
66472,country,"plain, boring, home for crops and farm animals"
66487,country,america
66496,country,"music, the middle of nowhere, the boonies"
66448,country,"Parts of continent, USA, governments, leaders"
66493,country,"Romania, not a country girl"
66385,country,"50 in the US, United States, president of each, many around the world"
66511,country,"a genre of music, open area, often includes farm and cattle, can be a place on the map (America is a country)"
65236,country,"cowboy boots, tractor, open fields, hills, trucks"
66133,country,"hicktown, music"
65263,country,"third world, America, Europe"
65752,country,"established, president, large, land"
64120,country,"has a government, ours is made of states, usually has an army, inhabited by people, contains different sights, has its own culture, usually has speaks one language, has a flag. has a history."
66058,country,"United States, war, guns, tears, blood, governent, the law, freedom, whole, large area"
65851,country,"has a government, has laws, wilderness, untamed"
66451,country,"inhabitants, several districts, anthem, flag, nationalism, land mass, borders"
66541,country,"terrible genre, sell outs, glorifies mediocrity"
63820,country,United States
64711,country,"international, global, order, boundaries"
65929,country,"is a collective of states, is a large area"
64726,country,western
63610,country,USA
66568,country,place where people live
66427,country,"community, land, society"
66574,country,"farm, music, dirt roads, fourwheelers, hunting"
66289,country,to be a nation
63238,country,is a type of music.
62503,country,"multiple, tensions"
65620,country,"music,nation"
62995,country,"place, United States"
64984,country,"people, flag, politics, social and economic environment"
62506,country,"government, land, people"
64735,country,"unified, pride"
65521,country,"place to live, customs"
66598,country,land
63580,country,"music, farms"
66331,country,"a nation, composed of cities, has an independent government"
64837,country,"music, cooking, roads, farms, horses, cows, nation, United States of America, foreign"
63835,country,"U.S.A., an area that is all farmland"
64882,country,is a place is a noun
66154,country,united states unity
64630,country,"dirt roads, cows, farm, trucks, boots"
64765,country,America
62335,country,"outdoors, opposite of city, farm animals, middle of nowhere, cowboys"
66634,country,"open, vast, uninhabited, natural"
66460,country,"united states, bigger than states, within a continent"
66643,country,"western, cowboys, trucks, cattle, dirt, outside in the elements, pastures, deer and turkey, lower income"
66646,country,"music, rascal flatts, kenny chesney"
66655,country,"quiet, animals, red barns, gravel roads"
63943,country,"farm, crops, animals, fields"
65839,country,A place consisted of cities or states
66667,country,america
66670,country,"land, has borders"
62884,country,"rural, farms,"
66676,country,"America is, there are many in the world"
66649,country,United States
66679,country,state
66607,country,United States
66688,country,state
65968,country,United states
64480,crack,"a split in something, often causes problems"
63730,crack,open
66433,crack,butt
66421,crack,"opening, wide, narrow"
66439,crack,"cocaine, bad, butt, plumbers, drug addicts, dry skin"
63862,crack,Drugs
62713,crack,"is a flaw, can get worse"
63424,crack,"cocaine, butt, slit"
65599,crack,floor
65395,crack,"broken, throw, glass, sidewalk"
62872,crack,can be heard
66472,crack,a break in something
66487,crack,drugs
66496,crack,"break, fissure, opening"
66448,crack,"split, starts to break, small, metal"
66493,crack,"egg, joke, broken, needs fixing"
66385,crack,"in the sidewalk, jagged, split, broken"
66511,crack,"can be used to describe a drug (crack cocaine), can be a split between the floor, cracking one's knuckles,"
65236,crack,"cocaine, white"
66133,crack,"break, hole"
65263,crack,"pop your back, break, fault"
65752,crack,"type of drug, window, repair, fix, bones, skull, damage"
64120,crack,"the gap between, can break objects, represents old age, a lack of wholeness."
66058,crack,"cocaine, drugs, illegal, black, cops, addicted, violent, butt, plumber"
65851,crack,"crevasse, cleaved in two"
66451,crack,"break, cosmetic malfunction, seperate"
66541,crack,"stimulant, let's water in through the windshield, probably need to pull your pants up"
63820,crack,cocaine
64711,crack,"dark, cement, ground, cold"
65929,crack,"is an area thats partly broken, is a name for a drug, is referred to as your butt at times, is rough, is jagged"
64726,crack,hole
63610,crack,Irregular
66568,crack,a parting in the sidewalk
66427,crack,"egg, break, ruin"
66574,crack,"bad, drug"
66289,crack,to break
63238,crack,is a drug that should not be legal.
62503,crack,"trip, flaw, depth, length, material, cement, wood, wall"
65620,crack,"open,broken,"
62995,crack,opening
64984,crack,"unnatural small opening, walls,"
62506,crack,"break, brittle, hazardous, jagged, rough"
64735,crack,"popping, loud"
65521,crack,sidewalk
66598,crack,divided
63580,crack,"sidewalks, walls"
66331,crack,small narrow opening
64837,crack,"sidewalk, break your mother's back, line, drugs, crack head, cracker jacks, crack a joke, crack me up"
63835,crack,slightly break something
64882,crack,is a drug is a noun
66154,crack,butt drug
64630,crack,"sidewalk, drugs"
64765,crack,grand canyon
62335,crack,"walls, porecelin, butt, bottle, type of illegal drug,"
66634,crack,divisive
66460,crack,"stone, concrete, broken"
66643,crack,"on the ground, wear and tear"
66646,crack,"attack, sidewalk"
66655,crack,"cocaine, pipe"
63943,crack,"break, seam, split"
65839,crack,A divide in a material
66667,crack,break
66670,crack,"in the ground, wide, deep"
62884,crack,"can be found in walls, can be found in floors"
66676,crack,"cocaine, plumbers, a split in concrete"
66649,crack,split
66679,crack,head
66607,crack,"not solid, drugs"
66688,crack,long
65968,crack,"drug, floors, butt"
64480,dance,an acitivity that requires full body movement
63730,dance,the night away
66433,dance,athlete
66421,dance,"movement, ballet, modern, exercise, jazz"
66439,dance,"ballet, ball, jazz, African, Asian, money, beautiful, graceful, hip-hop,"
63862,dance,Irish Dance
62713,dance,"done to music, takes talent, has to be learned"
63424,dance,"sway, move, break"
65599,dance,studio
65395,dance,"slow dance, dancing fast, music, people movng around"
62872,dance,requires rythm
66472,dance,moving to music
66487,dance,culture
66496,dance,"movement, fine art, visually appealing, fun"
66448,dance,"fun, women, many forms,"
66493,dance,"party, friends, action, burns calories, fun"
66385,dance,"energy, movement, music, romantic, moves"
66511,dance,"a movement of the body, used as a form of entertainment or expressing onself, a hobby, a motion performed to music, what one does at a club"
65236,dance,"studio, shoes, music"
66133,dance,"music, fun, competition"
65263,dance,"enjoyment, fun, short dresses, high heels, sweat, hot, heat"
65752,dance,"movement, way to exercise, fun, performance, theater, audience, entertainment"
64120,dance,"a motion of the body, corresponds with music, can be synchronized with other people, is commonly done at parties."
66058,dance,"with the starts, tv shows, fun, swing, line, classes, styles"
65851,dance,"art, movement, expression"
66451,dance,"grace, practice, rhythm, fluid, beat"
66541,dance,"technical, flexible, physical, feminine, tights"
63820,dance,Music
64711,dance,"moving, fun,"
65929,dance,is to freely express emotion through body movement
64726,dance,rhythm
63610,dance,Moving
66568,dance,to move to music
66427,dance,"girate, move your body, bump and grind"
66574,dance,"ballet, tap, jazz, hip hop"
66289,dance,artistic form of communication
63238,dance,is an excersise.
62503,dance,"tap, tango, ballet, grind"
65620,dance,"move,feel"
62995,dance,"movement of the body, lets out feelings and emotions"
64984,dance,"energy, fun, music, moves, steps"
62506,dance,"movement to music, social gathering, awkward, not much fun"
64735,dance,"happy, loose, fun"
65521,dance,move
66598,dance,is a movement
63580,dance,"hip-hop, fast, sweaty"
66331,dance,moving to rythm of music
64837,dance,"music, ballet, jazz, tap, salsa, ballroom, swing, partner, modern, lyrical, clog, Irish"
63835,dance,aerobic movement
64882,dance,is a verb used for exercise
66154,dance,party moving
64630,dance,"ballet, music, dance shoes"
64765,dance,fun
62335,dance,"expressive, emotions, demanding of the body, graceful, good feet, tall, skinny,"
66634,dance,"active, vigorous, sweaty, sensual"
66460,dance,"move your body, move to music,"
66643,dance,"to the music, movement, fun"
66646,dance,"crazy, ballet, jazz, tap"
66655,dance,"ballerina, christmas, prom, ball gowns"
63943,dance,"social gathering, event, ball, formal"
65839,dance,Moving to a beat
66667,dance,entertainment
66670,dance,"it's an art, people use it to exercise too"
62884,dance,an event help with many people and music
66676,dance,"floor, at a club"
66649,dance,music
66679,dance,pop that thang
66607,dance,"movement, music, fun, prom, dates, boys"
66688,dance,slow
65968,dance,"music, fun, drunk"
64480,dinner,"a meal served at night, meant for people to be able to talk about their days."
63730,dinner,supper
66433,dinner,starving
66421,dinner,"supper, food, nourishment"
66439,dinner,"barbecue, family, chocolate, conversation, cookies"
63862,dinner,Date
62713,dinner,"set at a table, uses plates/forks/knives/glasses, has food"
63424,dinner,"food, eat, time"
65599,dinner,stead
65395,dinner,"supper, food, dessert, dishes, silverware"
62872,dinner,has food
66472,dinner,eating in the afternoon
66487,dinner,smell
66496,dinner,"last meal of the day, best meal of the day, night time, family"
66448,dinner,"food, end of day, big meal, family"
66493,dinner,"delicious, expensive, take out, frozen meals, pasta"
66385,dinner,"meal at night, family gathering, food"
66511,dinner,"a meal eaten at night, normally eaten by the whole family together, one of the three important meals of the day"
65236,dinner,"meat, potatoes, family, table"
66133,dinner,"food, good, family"
65263,dinner,"vegan, burritos, time for over eating"
65752,dinner,"food, family, lunch, breakfast, meat, eat, late"
64120,dinner,"eaten late in the day, usually evening time, is preceded by breakfast and lunch, usually is the biggest meal of the day, eaten at a table, before sleep."
66058,dinner,"date, best meal, Meat, steak, fancy, tv, candles, time, home cooked"
65851,dinner,"meal, lunch"
66451,dinner,"food, energy, consumption, prehension, mastication, degludation"
66541,dinner,"in the evening, at the dinner table, served by mom, enjoyed in the company of family"
63820,dinner,supper
64711,dinner,"filling, satsifaction, warm"
65929,dinner,"is when food is served, is around 12PM, is normally with family, is left over food at times, is going out with someone special"
64726,dinner,breakfast
63610,dinner,Food
66568,dinner,meal ate at night
66427,dinner,"is a meal, is in the evening, supper, food"
66574,dinner,"late, family"
66289,dinner,to eat at night
63238,dinner,is the meal you eat after lunch. what you take a date to.
62503,dinner,"food, drink, family, separate"
65620,dinner,"hungry,food,eat"
62995,dinner,"something to eat, yummy, delicious"
64984,dinner,"food, table, people,"
62506,dinner,"food, healthy, family"
64735,dinner,"Warm, with family, filling."
65521,dinner,the latest meal in the day that you eat
66598,dinner,food
63580,dinner,"tasty, filling, homecooked"
66331,dinner,gathering to eat
64837,dinner,"food, late, supper, full, is a meal, cook, eat"
63835,dinner,"supper, meal time in the evening"
64882,dinner,is an event
66154,dinner,food drink fork knife spppon napkin
64630,dinner,"food, family, table"
64765,dinner,and a movie
62335,dinner,"near end of night, family,"
66634,dinner,"delicious, family-oriented"
66460,dinner,"after lunch, night time meal, family meal,"
66643,dinner,"food, meal, fullness"
66646,dinner,"steak, chicken"
66655,dinner,"family, when you eat, The Metro, food, silverware"
63943,dinner,"meal, food, eaten in the evening"
65839,dinner,Food at night
66667,dinner,eat
66670,dinner,"smells good, tasty"
62884,dinner,"food you eat at night, large meal"
66676,dinner,food
66649,dinner,lunch
66679,dinner,snack
66607,dinner,"meal, supper"
66688,dinner,lunch
65968,dinner,"food, family, talking"
64480,earth,"the main componet of life, complex, peaceful, and wonderful"
63730,earth,world
66433,earth,sun
66421,earth,"round, oceans, land"
66439,earth,"dirt, grass, ocean, mud baths, carbon, clay masks, oxygen"
63862,earth,Green
62713,earth,"mostly water, 3rd planet from sun, has one moon"
63424,earth,"round, the world, dirt"
65599,earth,world
65395,earth,"planets, sun, moon, life, land, water"
62872,earth,contains magma
66472,earth,"where we live, hold people and water and land"
66487,earth,water
66496,earth,"supports life, where we live, the embodiment of everything"
66448,earth,"round, rotates, supports life, milky-way galaxy"
66493,earth,"astronomy, layers, home, green and blue, continents"
66385,earth,"rotates, where we live, in orbit, spherical"
66511,earth,"third planet from the sun, only planet with water, the planet everyone lives on, natural characteristics of the planet"
65236,earth,"green and blue, soil, pure"
66133,earth,"globe, land"
65263,earth,"mother nature, plants, vegans, hippies"
65752,earth,"round, green, blue, large, home, planet, galaxy, water, land"
64120,earth,"Large, round, populated, composed of water and land, cold at north and south, warm near equator, has an atmosphere, hosts living organisms, has a liquid core, part of a solar system."
66058,earth,"rotation, large, alot of water, islands, sea, axis, green, animals, beautiful"
65851,earth,"solid, dirt, sturdy, circular"
66451,earth,"planet, solar system, life-sustainable, water, land, atmosphere"
66541,earth,"good for planting crops, also inhabitable, lots of nutrients or resources"
63820,earth,lots of water
64711,earth,"home, diverse,"
65929,earth,"is a planet, is the ground, is a element, is where we live"
64726,earth,planet
63610,earth,Big
66568,earth,"where we live, a planet"
66427,earth,"planet, sun, water, land"
66574,earth,"planet, 7 continents, huge,"
66289,earth,our planet
63238,earth,is a planet. is dying.
62503,earth,"round, dirt, food, water, plants, animals"
65620,earth,"world, existance"
62995,earth,"life, round, blue and green, where we live"
64984,earth,"land, water, people. orbit"
62506,earth,"where I live, round, huge, unique, made up of land and water"
64735,earth,"large, beautiful, full of mystery"
65521,earth,"planet, where we live"
66598,earth,life
63580,earth,"huge, water, land"
66331,earth,"round, full of water, blue and green, planet,"
64837,earth,"planet, galaxy, universe, home"
63835,earth,"the planet we live on, 3rd rock from the sun"
64882,earth,is place
66154,earth,plante life
64630,earth,"planet, where we live"
64765,earth,world
62335,earth,"planet we inhabit, 70% water, continents, land, orbits, one moon, high tide, low tide,"
66634,earth,"blue, green, vibrant, alive"
66460,earth,"the planet we live on, round, green and blue, in the solar system,"
66643,earth,"big, round, life"
66646,earth,"wind, fire"
66655,earth,"round, solar system, the planet we live on, terrestrial"
63943,earth,"dirt, large round object in space, planet"
65839,earth,A planet in the milky way
66667,earth,All humans
66670,earth,"round, mostly water, inhabited by many creatures, not created by god"
62884,earth,"planet, is round, is a source of life"
66676,earth,"dirt, where we leave"
66649,earth,ground
66679,earth,crust
66607,earth,"is round, holds people, holds animals, home to land, home to waters"
66688,earth,sun
65968,earth,"ocean, land, countries"
64480,floor,"hard ground, stable, wood, is always needed, and is helpful"
63730,floor,tile
66433,floor,rug
66421,floor,"carpet, hardwood, tile"
66439,floor,"cold, wood, carpet"
63862,floor,Hardwood
62713,floor,"solid, flat, has carpet/tile/wood"
63424,floor,"dance, carpet, boards"
65599,floor,tile
65395,floor,"carpet, wooden, tile, clean, sweep, mop, dirty"
62872,floor,has foundation
66472,floor,"ground, something to stand on"
66487,floor,wood
66496,floor,"surface, surface for walking, supports us indoors"
66448,floor,"walk on, hard, carpet, wood, supports, bottom of house"
66493,floor,"cold, white, ground"
66385,floor,"hard, cold, wood, cement, ground, rug, what you walk on"
66511,floor,"what people walk on, can be tile, wood, or carpet, spills often take place on it"
65236,floor,"carpet, walk on, lay on, mop"
66133,floor,"tile, ground"
65263,floor,"hard wood, carpet, sleep-overs"
65752,floor,"carpet, wood, carpenter, furnish, buffer, vacuum, clean, mess"
64120,floor,"is stood on, can be made of dirt, wood, or tile. cleaned with a mop."
66058,floor,"wood, concrete, carpet, wet, oak, stain, buffer, polix, wax, sweet, mop, track over"
65851,floor,"stood upon, sturdy"
66451,floor,"pushes back, down, foundation"
66541,floor,"flat, even, on the bottom, used by feet mostly"
63820,floor,Tiles
64711,floor,"hard, tile, carpet, hardwood, feet, sturdy, immovable"
65929,floor,"is the ground, is what we stand on, can be soft or hard"
64726,floor,ground
63610,floor,Hard
66568,floor,the opposite of ceiling
66427,floor,"ground, wood, carpet, building"
66574,floor,"we walk on, sit on, something on it"
66289,floor,the ground how we transport
63238,floor,the artificial ground in structures.
62503,floor,"wood, walk, density, length, boards, brick, dirt, foundation"
65620,floor,"walk, move"
62995,floor,"where one walks, the bottom level"
64984,floor,"tiles, carpets, footsteps"
62506,floor,"hard, cold, provides support, walking surface, uncomfortable, carpeted, wooden, laminated"
64735,floor,"below you, supports you"
65521,floor,"rug, what you walk on"
66598,floor,the ground
63580,floor,"hardwood, tile, carpet"
66331,floor,material covering the ground
64837,floor,"carpet, wood, tile, rug, lamp, plan, blueprint, levels, elevator, stairs"
63835,floor,"you walk on it, carpet, wood, tile"
64882,floor,is a uesed in houses
66154,floor,dirt tile carptet
64630,floor,"wood, carpet, walking, cold"
64765,floor,tile
62335,floor,"on ground, walk on, trample, base of house"
66634,floor,"hard, cold, dirty"
66460,floor,"in a house, below the cieling, tile or carpet,"
66643,floor,"ground, carpet, wood"
66646,floor,"ceiling, ground, dirty"
66655,floor,"granite, tile, carpet"
63943,floor,"flat, solid"
65839,floor,The ground
66667,floor,stand on
66670,floor,"the lowest you can go, flat, firm"
62884,floor,"can be walked on, can be hard,"
66676,floor,"hard surface, carpet, dance on, the main sales area were most of the selling takes place"
66649,floor,carpet
66679,floor,clean
66607,floor,"carpet, wood, stone, hardwood, marble, linoliem"
66688,floor,boards
65968,floor,"sturdy,"
64480,fly,"deals with birds, also airplanes, is in the air"
63730,fly,away
66433,fly,airplane
66421,fly,"bird, plane, jet, sky"
66439,fly,"wings, gross, dirty, malaria, disease, freedom"
63862,fly,Kite
62713,fly,"is small, is black, has wings, has six legs, is annoying"
63424,fly,"away, plane, wings"
65599,fly,bug
65395,fly,"travel, airplane, helicoptor"
62872,fly,requires lift
66472,fly,"soaring through the air, use of wings"
66487,fly,plane
66496,fly,soaring through the air
66448,fly,"planes, birds, glide, soar"
66493,fly,"kill, flies, hard to reach, sound, annoying, plane, high"
66385,fly,"bug, big eyes, wings, flys, die,flyswatter"
66511,fly,"birds fly, one can ""fly"" by plane to travel, in the air, defying gravity, a slang word for cool"
65236,fly,"wings, wind, sky, free"
66133,fly,"plane, birds, run fast"
65263,fly,"airplanes, birds, get away"
65752,fly,"pest, insect, travel, transportation, plane, movement, wings, flap"
64120,fly,"a type of insect, has six legs, two wings, is very common, throws up every time it lands, small, black, likes to swarm."
66058,fly,"planes, birds, superman, rockets"
65851,fly,"in the air, wings"
66451,fly,"wings, lift, wind resistance, thrust, physics, birds,"
66541,fly,"wings, six legs, bulgy eyes, vomit mouth"
63820,fly,birds
64711,fly,"air, buzz, small, winged, clouds, airplane"
65929,fly,"is what planes do, is what birds do, is to travle in the air."
64726,fly,soar
63610,fly,Birds
66568,fly,a small insect
66427,fly,"bug, annoying, land on me"
66574,fly,an insect or up in the air
66289,fly,to travel through air
63238,fly,is a fast means of travel. takes place in the air.
62503,fly,"air, fall, crash, chuckle"
65620,fly,sky
62995,fly,"insect, has wings, has antennas, small, buzzes"
64984,fly,"annoying sound, grey, 3 body parts, irritating"
62506,fly,"bug, sky, high, airplane, helicopter, wright brothers, like a g6"
64735,fly,"in the air, above, quick"
65521,fly,in the air
66598,fly,soar
63580,fly,"birds, airplanes"
66331,fly,"bug, insect, what an airplane does"
64837,fly,"airplane, helicopter, bird, butterfly, bee, dragonfly, superhero"
63835,fly,"insect with wings, lands on food, very annoying, fast"
64882,fly,is a verb
66154,fly,airplane birds
64630,fly,"planes, insect, superpowers"
64765,fly,by
62335,fly,"birds, airplanes, peter pan, insects,"
66634,fly,"annoying, buzzing, gross"
66460,fly,"to be in the hair, normally with wings, in the sky,"
66643,fly,"birds, planes, flutter"
66646,fly,"by, butterfly,plane"
66655,fly,"bird, plane, rocket"
63943,fly,"insect, bug, dirty"
65839,fly,Ability to get lift from gravity
66667,fly,soar
66670,fly,"small, black, pesky"
62884,fly,"occurs in the air, birds do this"
66676,fly,"a bug, a form of transportation"
66649,fly,superman
66679,fly,stay
66607,fly,"birds, cool"
66688,fly,swim
65968,fly,"gangster, airplane, bird"
64480,fog,"it is hard to see in, makes driving difficult, is brought on from rain, annoying"
63730,fog,morning
66433,fog,clouds
66421,fog,"gray, thick, overcast"
66439,fog,"blurry, thick, scary, accident, heavy"
63862,fog,Thick
62713,fog,"is thick, hard to see through, usually in morning or evening"
63424,fog,"lack of vision,"
65599,fog,night
65395,fog,"cold, usually in mornings, hard to see, kind of scary"
62872,fog,lacks visibility
66472,fog,"hard to see through, low cloud"
66487,fog,night
66496,fog,"low visibility, clouds on the ground, causes accidents"
66448,fog,"morning, blurs vision, hazardous while driving"
66493,fog,"hard to see, misty, can't drive, not pleasant"
66385,fog,"thick, hard to see through, dangerous, low cloud"
66511,fog,"cloudy, hard to see, moist, can be related with scary movies"
65236,fog,"scary, moist, lights"
66133,fog,"couldnt see, dense air"
65263,fog,"errie, mysterious, bright lights, fear, car wrecks, feeling aggrivated"
65752,fog,"london, thick, moisture, eerie, hard to see, weather"
64120,fog,"hard to see through, opaque, made of moisture, cooled down, close the ground, a type of cloud, looks smokey."
66058,fog,"cloud, early mornings, thick, fog lights,"
65851,fog,"water vapor, suspended above ground, opaque"
66451,fog,"moisture, dense, less visibility, drop in temperature"
66541,fog,"visual obstruction, can be steamy, near lakes or rivers"
63820,fog,Hard to see
64711,fog,"unclear, uncertain, white, no visual, limits senses, cold"
65929,fog,"is hard to see in, is humid, is hazerdos when driving"
64726,fog,cloud
63610,fog,Misty
66568,fog,low clouds
66427,fog,"can't see, water in the air, creepy"
66574,fog,"gloomy, gray"
66289,fog,a mist
63238,fog,was a movie. is a weather condition.
62503,fog,"distraction, danger, stratus, soak"
65620,fog,grey
62995,fog,"hard to see through, dreary, scary"
64984,fog,"grey, cold, unclear"
62506,fog,"hard to see, moist, weather"
64735,fog,"hard to see, dense"
65521,fog,"hard to see, tyope of precipitation"
66598,fog,a smear
63580,fog,hard to see while driving
66331,fog,hard to see in
64837,fog,"difficult to see, thick, road, sky"
63835,fog,"hard to see through, thick low lying clouds"
64882,fog,is a thing is a noun
66154,fog,air dew
64630,fog,"clouds, hard to drive, night, early morning"
64765,fog,rain
62335,fog,"hard to see through, found in the morning usually, condensation from the ground, type of weather"
66634,fog,"obscuring, spooky, dangerous"
66460,fog,"humidity, in the air, thick air,"
66643,fog,"mysterious, dense, dark"
66646,fog,"smog, hazy"
66655,fog,"at the break of down, made of water vapor, like a cloud"
63943,fog,"dense, white, hard to see through"
65839,fog,Dense air
66667,fog,smoke screen
66670,fog,"low hanging cloud, creepy looking"
62884,fog,"is condensation, makes it hard to see,"
66676,fog,"hard to see, caused by a cloud, cause trouble in the movie the mist"
66649,fog,mist
66679,fog,smoke
66607,fog,"is a movie, clouds on earth, is thick, causes drivers to see less on the roads"
66688,fog,mist
65968,fog,"ugly, hard to see things, damp"
64480,fold,to make a crease in something
63730,fold,over
66433,fold,cards
66421,fold,"crease, bend"
66439,fold,"laundry, clothes, neat, unwrinkled, order"
63862,fold,Laundry
62713,fold,"leaves a crease, reduces size, organized neat"
63424,fold,"paper, cards, poker"
65599,fold,towels
65395,fold,"laundry, lay in half, clothes, paper"
62872,fold,has creases
66472,fold,making a crease in something
66487,fold,paper
66496,fold,"crease, transformation"
66448,fold,"bend, bend in half, saves space"
66493,fold,"clothes, dryer, laundry, towels, clean room"
66385,fold,"crease, paper, clothes"
66511,fold,"changing the way a piece of paper or clothing looks ""folding it"""
65236,fold,"laundry, sheets, clean"
66133,fold,"napkin, cut in half"
65263,fold,"sheets, towels"
65752,fold,"crease, napkin, close up, tablecloth, sheets"
64120,fold,"a crease in something, comprised of an angle, used in origami, used to keep laundry organized."
66058,fold,"five, cloths, towels, napkins, sheets, crease, lines"
65851,fold,"to crease, to half"
66451,fold,decrease size
66541,fold,"halved, creases, something that happens to your clothes"
63820,fold,laundry
64711,fold,"give up, make smaller, compact"
65929,fold,"is to make a crease, is even, is sometimes uneven"
64726,fold,crease
63610,fold,Crease in a paper
66568,fold,to crease someting
66427,fold,"bend, layer, tuck"
66574,fold,"laundry, towels, clothes, put away"
66289,fold,to break in half
63238,fold,is a poker term. is what should be done to clothes.
62503,fold,"closet, drawer, obsessive"
65620,fold,crease
62995,fold,to bend
64984,fold,not straight
62506,fold,"neat, arranged, crease, clean"
64735,fold,"making smaller, compressing"
65521,fold,in half
66598,fold,organizing
63580,fold,"papers, letters"
66331,fold,bending something half
64837,fold,"paper, origami, on the line, to give up"
63835,fold,a crease
64882,fold,is a verb
66154,fold,paper poker
64630,fold,"clothes, organized, clean"
64765,fold,neat
62335,fold,"oragami, hotdog style, hamburger style, in half, poker,"
66634,fold,"tidy, clean"
66460,fold,"bend in half, pressed, can do with paper or clothes"
66643,fold,"laundry, clothes,"
66646,fold,"paper, oragami"
66655,fold,"oragami, mousse"
63943,fold,crease
65839,fold,A crease in paper or other object
66667,fold,make smaller
66670,fold,acute angle
62884,fold,is a wrinkle in an object
66676,fold,"laudry, paper, to quit a hand in poker"
66649,fold,bend
66679,fold,fold
66607,fold,"folder, crease"
66688,fold,dismantel
65968,fold,"hamburger, hot dog, poker"
64480,freedom,to be able to have the right to do what you want
63730,freedom,rings
66433,freedom,USA
66421,freedom,"free, liberty"
66439,freedom,"blacks, collage students, no parents,"
63862,freedom,Freedom Writers
62713,freedom,"something everyone wants, not everyone has it"
63424,freedom,"do as you wish,"
65599,freedom,college
65395,freedom,"peace, 1st amendment, consitution, liberty"
62872,freedom,has meaning
66472,freedom,being able to do what you want
66487,freedom,flag
66496,freedom,"libterty, ability to do whatever you want, a good feeling"
66448,freedom,"happy, wanted, USA, nice to have"
66493,freedom,"college, away, whatever, whenever, by yourself, break"
66385,freedom,"privlage, flag, right of United States, allowed to do as one wishes"
66511,freedom,"doing whatever you wish, not controlled, the most valued trait of america"
65236,freedom,"flag, soldier, thankful"
66133,freedom,"freedom is being seperate, able to do what u want, America is free"
65263,freedom,"of speech, utter euphoria, choices, life, america"
65752,freedom,"liberty, rights, happiness, open, happiness, adventure"
64120,freedom,"having rights that allow you to do as you please, given by a country, upheld by the law, differ state to state."
66058,freedom,"feel freedom, no worries, all your neads meet, to be rich with life"
65851,freedom,"independence, autonomy"
66451,freedom,"liberation, opposite of enslaved, rights, america, comes at price"
66541,freedom,"america, isn't free"
63820,freedom,rights
64711,freedom,"America, power, happy,"
65929,freedom,"to make any decision, to not be enslaved, is used in politics, is limited in some countrys"
64726,freedom,choice
63610,freedom,To do what you wish
66568,freedom,to do what you want
66427,freedom,"liberty, pursuit of happiness, America"
66574,freedom,free from people
66289,freedom,power to be free
63238,freedom,is percieved.
62503,freedom,"liberty, burdon, restriction"
65620,freedom,america
62995,freedom,independence
64984,freedom,"independence, unrestricted"
62506,freedom,"free, America, choice"
64735,freedom,"open, non-constrained"
65521,freedom,United States
66598,freedom,open
63580,freedom,United States of America
66331,freedom,"not being controlled by anyone or anything, doing what you want to do."
64837,freedom,"liberty, bill of rights, fight, founding fathers"
63835,freedom,our rights to do whatever we want
64882,freedom,is a thing is a noun
66154,freedom,is doing what you want
64630,freedom,"united states, army, solders"
64765,freedom,fighters
62335,freedom,"america, outside the lines, red, white, and blue, the feeling of being free"
66634,freedom,opportunity-giving
66460,freedom,"to be free, do what you want,"
66643,freedom,"american, democracy, happiness"
66646,freedom,"college, slaves"
66655,freedom,"bells, a right, American flag"
63943,freedom,independence from
65839,freedom,America
66667,freedom,do whatever you want
66670,freedom,"america, choices,"
62884,freedom,"liberty, right"
66676,freedom,"marines fight for, being able to do things how you want"
66649,freedom,united states
66679,freedom,writers
66607,freedom,United States
66688,freedom,slavery
65968,freedom,"United States, military, slavery"
64480,fruit,"a type of food that is good in nutrional value, water"
63730,fruit,strawberry
66433,fruit,grape
66421,fruit,"apple, orange, pear, cherry"
66439,fruit,"healthy, yummy, cantaloupe, watermelon, grapes"
63862,fruit,many different colors and shapes
62713,fruit,"sweet, bright colored, juicy, has seeds"
63424,fruit,"apple, pear, orange"
65599,fruit,juice
65395,fruit,"healthy, strawberries, pineapple, apples, bananas, oranges"
62872,fruit,has vitamins
66472,fruit,"sweet, connected to some sort or plant, edible"
66487,fruit,orange
66496,fruit,"food, nourishment, sweet, grown naturally"
66448,fruit,"healthy, good tasting, apples"
66493,fruit,"healthy, love it, grapes"
66385,fruit,"fresh, apple, grows, gets bad fast, like a vegetable"
66511,fruit,"healthy, apples, pears, oranges, delicious, sweet,"
65236,fruit,"sweet, colorful, juicy, delicious"
66133,fruit,"healthy, apples, grapes"
65263,fruit,"healthy, banans, oranges, apples, pineapple, hyvee produce, vitamin c, citrus, grapefruit, bright colors"
65752,fruit,"sweet, taste, colorful, good for your health, dessert"
64120,fruit,"contains seeds, grows on trees, can be consumed, are often sold at grocery stores, are used to cook with, are sweet tasting."
66058,fruit,"strawberries, banannas, berries, mango, drinks, flies, bugs, healthy, colorful"
65851,fruit,"grows, has seeds, trees or bushes"
66451,fruit,"sweet, natural, juicy, vitamins"
66541,fruit,"has seeds, usually sweet, comes f rom a tree"
63820,fruit,healthy
64711,fruit,"sweet, juicy, textures vary, smoot,  rough, fuzzy"
65929,fruit,"is sweet, is sour, is beared by plants, is edible"
64726,fruit,tree
63610,fruit,Apple
66568,fruit,grows on trees
66427,fruit,"wonderful, banana, apple, healthy"
66574,fruit,"mangos, tomatoes, grapes, strawberries"
66289,fruit,healthy food
63238,fruit,is a sweet and natural food.
62503,fruit,"apple, eat, bannana, rot"
65620,fruit,"apple, food, orange"
62995,fruit,"juicy, delicious, healthy"
64984,fruit,"salads, healthy, essential"
62506,fruit,"healthy, vegatation, seeds, reproduce, sweet, sugary, chewy, beneficial"
64735,fruit,"healthy, tasty"
65521,fruit,"something you eat, sweet, grows from a tree"
66598,fruit,health
63580,fruit,"apple, banana"
66331,fruit,"juicy, naturally grown,"
64837,fruit,"is a food, grown, peaches, apples, orchards, plums, bananas, imported"
63835,fruit,"apple, banana, healthy"
64882,fruit,is a thing used for eating
66154,fruit,is sour sweet
64630,fruit,"apple, orange, banana"
64765,fruit,passion
62335,fruit,"usually sweet, grown from earth, apples, bananas,"
66634,fruit,"sweet, juicy"
66460,fruit,"sweet, grows on a plant, produce, colorful"
66643,fruit,"edible, sweet, colorful"
66646,fruit,"apple, orange, pineapple, watermelon, fly"
66655,fruit,"strawberries, a garden, something to eat, bright colors"
63943,fruit,"different colors, sweet, healthy"
65839,fruit,Vitamin enriched foods that grow from trees
66667,fruit,healthy
66670,fruit,"flavorful, nutritious"
62884,fruit,"is sweet, is healthy"
66676,fruit,type of food
66649,fruit,vegetables
66679,fruit,bowl
66607,fruit,"is sweet, tomato, has seeds"
66688,fruit,tasty
65968,fruit,"healthy, juicy, tasty"
64480,good,doing things that are moral and understanding
63730,good,bad
66433,good,great
66421,good,"opposite of bad, nice, fine"
66439,good,"positive, grades, A, virgin, straight edge"
63862,good,Food
62713,good,"opposite of bad, is positive, is relative"
63424,good,"nice, helpful, tasty"
65599,good,heaven
65395,good,"better, best, great, awesome"
62872,good,lacks bad
66472,good,something pleasant
66487,good,bad
66496,good,positivity
66448,good,"enjoyable, happy"
66493,good,"misleading, impression, bad is the new good"
66385,good,"wanted, not bad, brings happiness"
66511,good,"honorary, respected, tasteful"
65236,good,"innocent, favorable, praised"
66133,good,"well, succeed"
65263,good,"morals, God, pure, white, true, real"
65752,good,"best, happy, reward, great, positive, smile, laugh, adjective"
64120,good,"not bad or evil, does the right thing, is honest, trusting, helps more than hurts, has positive intentions."
66058,good,"positive, battery, kind, holy, church, family, food, feelings"
65851,good,"positive, opposite of bad"
66451,good,"warm, light, opposite of bad, friends"
66541,good,"doing what's right, something pleasant, something satisfying"
63820,good,great
64711,good,"happyness, smiles, warm"
65929,good,"is a rating, is a judgement on personality, is the condition of something"
64726,good,bad
63610,good,Something enjoyable
66568,good,opposite of bad
66427,good,"positive, great, splendid"
66574,good,"wonderful, positive"
66289,good,to be positive
63238,good,is the opposite of evil. is hard to quantify. is a point of view.
62503,good,"pure, coruptiable, time, effort"
65620,good,"happiness,joy"
62995,good,"high quality, excellence, well-behaved, morally acceptable"
64984,good,"behaved, quality"
62506,good,"plesant, nice, well-behaved, heaven"
64735,good,"opposite of evil, positive"
65521,good,right
66598,good,to be well
63580,good,"church, grades"
66331,good,"pleasent, satisfying, enjoyable, nice"
64837,good,"Holy, Holy Spirit, Trinity, Heaven, God, Jesus Christ, righteousness, life"
63835,good,"great, awesome"
64882,good,is opposite of bad
66154,good,nice friendly
64630,good,"good at something, kind, nice"
64765,good,food
62335,good,"opposite of bad, considered good in the eyes of someone else, personal judgement, feeling accomplished"
66634,good,"right, just, virtuous"
66460,good,"opposite of bad, possitive,"
66643,good,job
66646,good,"bad, great"
66655,good,"life, friends, family, what you strive for"
63943,good,favorable
65839,good,Good means Good (no describable)
66667,good,meet requirements
66670,good,"something you buy, usually in a store"
62884,good,opposite of evil
66676,good,"opposite of bad, an adjective"
66649,good,better
66679,good,great
66607,good,not evil
66688,good,bad
65968,good,"respectful, loyal, caring"
64480,hammer,an object used to help put things in other objects
63730,hammer,nails
66433,hammer,nails
66421,hammer,"nail, tool, hit"
66439,hammer,"is used to pound things, metal, heavy, wood"
63862,hammer,Nails and Wood
62713,hammer,"used to drive nails, carpenter's have them"
63424,hammer,"MC, tool, jack"
65599,hammer,tool
65395,hammer,"handle wooden, top round, side with fork like things to pull out nails, heavy"
62872,hammer,found in hardware stores
66472,hammer,"hits things, metal head, wood handle, puts nails in place"
66487,hammer,nail
66496,hammer,"tool, home improvement"
66448,hammer,"hard, heavy, tool, used in construction, hits nails"
66493,hammer,"nails, picture frames, hanging stuff up, hurts, heavy"
66385,hammer,"hard, tool, wood, metal, haldle, pounds things, used with nails"
66511,hammer,"a tool, used to drill in nails, can be harmful"
65236,hammer,"construction, used with a nail, makes loud noises, used in the house"
66133,hammer,"nail, mad of steel, heavy"
65263,hammer,"nail, build, to defeat, MC Hammer, pound, hit thumb, ouch, heavy, iron"
65752,hammer,"type of shark, pound, nails, wall, fix, repair, home, building, picture"
64120,hammer,"a tool, used to place nails in wood, also used to pull nails out of wood, has a wooden handle with a metal head, staple of any tool kit."
66058,hammer,"tool, nails, carpenter, handy man, claw, autobody, toolbox, common"
65851,hammer,"used in construction, metal or rubber, heavy"
66451,hammer,"tool, blunt object, hits nails, prys nails loose, rubber grip, metal"
66541,hammer,"Used in making things, sometimes breaking things, carpenters, dads, paired with nails"
63820,hammer,Tool
64711,hammer,"hard, cold, violent"
65929,hammer,"is a building tool, can be used to break things"
64726,hammer,strikes nails
63610,hammer,to pound with
66568,hammer,hits a nail
66427,hammer,"tool, band, whack"
66574,hammer,"tool, build and break things down"
66289,hammer,to slam
63238,hammer,is a tool for pounding.
62503,hammer,"nail, wood, wall, porch"
65620,hammer,nail
62995,hammer,"a construction tool, used to help build things, hard"
64984,hammer,"nails, hard, noise"
62506,hammer,"tool, metallic, cold, hard, heavy"
64735,hammer,"strong, powerful, drives nails"
65521,hammer,nails
66598,hammer,tool
63580,hammer,"nails, construction"
66331,hammer,"tool, used to hit things"
64837,hammer,"is a tool, hits nails, two sides, pound, pries nails"
63835,hammer,"tool, used for beating nails, building"
64882,hammer,is a tool is a thing
66154,hammer,nail pounding
64630,hammer,"building, nails"
64765,hammer,nail
62335,hammer,"Tool, used for building, nails, pounding, architecture, construction, hanging items,"
66634,hammer,"steel, hard, heavy,"
66460,hammer,"tool, wooden handle, drives nails into wood,"
66643,hammer,"nail, tools, construction"
66646,hammer,"head, nail, tool"
66655,hammer,"found in a tool box, used to nail nails, wooden handle, metal head"
63943,hammer,"metal, used to pound nails into some object"
65839,hammer,A tool used to make tasks easier
66667,hammer,tool
66670,hammer,"metal head, has a handle"
62884,hammer,"used for building, used on nails"
66676,hammer,"used to nail things in the wall, war"
66649,hammer,nail
66679,hammer,head
66607,hammer,"is found in a toolshop, is made of wood and metal, is used to hammer nails, is used to pull out nails"
66688,hammer,chisel
65968,hammer,"tool, building"
64480,hate,"another emtion that is the opposite of love, disgusts"
63730,hate,school
66433,hate,is a strong word
66421,hate,"loathe, dislike, disgust"
66439,hate,"anger, self conflict, aggressiveness, yelling"
63862,hate,Homework
62713,hate,"causes conflict, is negative"
63424,hate,"dislike, fight,"
65599,hate,friends
65395,hate,"dislike, hatred, disgust,"
62872,hate,lacks love
66472,hate,dislike a lot
66487,hate,love
66496,hate,"negativity, lack of interest, distrust, dislike"
66448,hate,"dislike, opposite of love, bad, angry"
66493,hate,"strong, misused"
66385,hate,"dislike, dont want, mean, brings bad feelings"
66511,hate,"strong dislike, negative feeling, anger, opposite of love"
65236,hate,"yell, scream, angry"
66133,hate,"dont like, argue with, dont talk to"
65263,hate,"hair in the drain, pet peeves"
65752,hate,"despise, disgust, feelings, betrayal, emotion, deep, pain"
64120,hate,"strong dislike, very passionate, opposite of love, feels uncomfortable, makes people mad."
66058,hate,"Angry, selfish, disklike, races, all ages, effects everyone, health risk"
65851,hate,"intolerant, unkind"
66451,hate,"intense feeling, disgust, no likeness,"
66541,hate,"immature, fear, misunderstanding"
63820,hate,Envy
64711,hate,"cold, fire, blank, anger"
65929,hate,"is negative stimulus response, is what some people do"
64726,hate,love
63610,hate,Loathing
66568,hate,no strongly dislike
66427,hate,"loathe, despise, intense anger"
66574,hate,"dislike, dont care for it"
66289,hate,something that bugs you
63238,hate,is a strong emotion. leads to violence
62503,hate,"anger, retribution, excitement"
65620,hate,"mean, enemy"
62995,hate,"dislike, anger"
64984,hate,"enemies, bitter"
62506,hate,"dislike, rude, mean, red, opposite of love, satan, hell, cold, stony"
64735,hate,"loathing, detesting something"
65521,hate,to be very unfond of something
66598,hate,to dislike
63580,hate,"bugs, people"
66331,hate,extreme dislike
64837,hate,"evil, grudge, mean, bad, unforgiving, judgmental"
63835,hate,dislike
64882,hate,is a verb
66154,hate,strong no love
64630,hate,"mean, grudge, strong feeling, anger"
64765,hate,mean
62335,hate,"extreme word, powerful, really don't like someone"
66634,hate,"ignorant, unfounded, divisive"
66460,hate,"opposite of love, strong dislike, unhappy with."
66643,hate,"wrong, evil"
66646,hate,love
66655,hate,"love, relationships, boys"
63943,hate,"anger, rage, disgust"
65839,hate,A strong dislate
66667,hate,dislike
66670,hate,anger
62884,hate,is a strong dislike
66676,hate,a strong feeling of anger
66649,hate,Love
66679,hate,love
66607,hate,"is bad, can be good"
66688,hate,dislike
65968,hate,"feelings, resentment"
64480,hear,"to listen, communication being people"
63730,hear,voices
66433,hear,noise
66421,hear,"ear, sound, noise"
66439,hear,"sound, ears, voice"
63862,hear,Music
62713,hear,"use ears, to listen"
63424,hear,"ear, loud, quiet"
65599,hear,ears
65395,hear,"listen, ear, talk, comprehend, learn, audio"
62872,hear,requires vibration
66472,hear,noise coming through ear drum
66487,hear,listen
66496,hear,"sound waves, comprehension, hearing"
66448,hear,"ears, gain knowledge, listening, details"
66493,hear,"noise, sound, pay attention, sense"
66385,hear,"listen, communication, don't talk, noise, sounds"
66511,hear,"what ears are for, to recognize sounds"
65236,hear,"ear, loud, music"
66133,hear,"ears, noise"
65263,hear,"aid, comical"
65752,hear,"ear, sense, smell, touch, feel, interpret, sound, music"
64120,hear,"uses your ears, interpretation of sound waves into language, utilizes brain."
66058,hear,"listen, ears, music, words."
65851,hear,"auditory, interpret sound waves"
66451,hear,"noise, sound, ear, brain"
66541,hear,"Used by ears, sometimes felt, activated by soundwaves"
63820,hear,Listen
64711,hear,"ear, sound, sounwaves, response, senses, noise, sounds"
65929,hear,"is to listen, is used by ears"
64726,hear,sound
63610,hear,To listen
66568,hear,when someone tells you something
66427,hear,"ear, listen, earlobe"
66574,hear,"noises, wind, thunder"
66289,hear,to listen
63238,hear,is a sense. allows people to interpret audible sounds.
62503,hear,"listen, observe"
65620,hear,listen
62995,hear,"sound, listen, loud music, whispers"
64984,hear,"ears, sounds, words"
62506,hear,"listen, audible"
64735,hear,"listening, comprehending"
65521,hear,sound
66598,hear,listening
63580,hear,"people talking, ears, music"
66331,hear,"perceiving sound, done with your ears"
64837,hear,"listen, ears, deaf, loud sounds, hearing aid"
63835,hear,"listening to sound, noises"
64882,hear,is averb used by ears
66154,hear,noises
64630,hear,"ears, music, sounds, people talking"
64765,hear,sound
62335,hear,"listen, sounds, ears, deaf"
66634,hear,"automatic, sensual"
66460,hear,"listening, do with your ear, noise"
66643,hear,"sensing noise, listening, music"
66646,hear,"sound, music"
66655,hear,"to listen, ears"
63943,hear,percieve sound
65839,hear,Sensational of picking up vibrations in the air
66667,hear,listen
66670,hear,when sound waves bounce off your ear drums
62884,hear,occurs in your ears
66676,hear,to comprehend
66649,hear,sound
66679,hear,heard
66607,hear,"sounds, music, tv, people, talking, voices, noises,"
66688,hear,see
65968,hear,"people,"
64480,hotel,where people stay when their away or not at home
63730,hotel,stay
66433,hotel,vacation
66421,hotel,"rooms, room service, beds, vacation"
66439,hotel,"comfort, clean, nice, relaxing"
63862,hotel,Marriot
62713,hotel,"has beds, has lamps, has television, has phone"
63424,hotel,"building, floors, pool"
65599,hotel,dirt
65395,hotel,"motel, holiday inn, swimming pool, contential breakfast, room service"
62872,hotel,has rooms
66472,hotel,"place to stay, costs money,"
66487,hotel,room
66496,hotel,"housing, travel, home away from home, temporary roof over your head"
66448,hotel,"rooms, suits, room service, quiet, pools"
66493,hotel,"Austin TX, losing a plane, big rooms, song, tall building, swimming pool, expensive"
66385,hotel,"place to sleep, serves breakfast, lots of rooms, maids"
66511,hotel,"temporary home, costs money, where one stays while traveling, involves maids and receptionists"
65236,hotel,"luxurious, vacation, expensive"
66133,hotel,"trip, out of town"
65263,hotel,"haunted, soap, dirty sheets, cities, country,"
65752,hotel,"place to stay, comfortable, beds, rooms, service"
64120,hotel,"a big building, more than one story, people sleep there, people pay to be there. sometimes have pools. used while traveling away from home."
66058,hotel,"room, room service, fancy, comfort, pool, cable, free breakfast"
65851,hotel,"can be rented, temporary"
66451,hotel,"payment, bed, television set, indoor pool, lodgings, bathing area, stairs, elevator, front desk, room service, lobby"
66541,hotel,"rundown, dirty, unkempt"
63820,hotel,party
64711,hotel,"sleep, comfort, clean, service"
65929,hotel,"is a place to stay, sells rooms, are near high economic locations"
64726,hotel,motel
63610,hotel,Sleep in
66568,hotel,what you stay in on a trip
66427,hotel,"motel, holiday inn, breakfast"
66574,hotel,home away from home
66289,hotel,lodging
63238,hotel,is a cheap place to stay the night. is used in sexual transactions.
62503,hotel,"money, temporary, travel"
65620,hotel,"place,stay,vacation"
62995,hotel,"motel, place to stay, occupies people"
64984,hotel,"tall building, service, quiet"
62506,hotel,"place to stay overnight, California, traveling, vacation, nice"
64735,hotel,"Clean, Large, People Stay there"
65521,hotel,"visits, vacation"
66598,hotel,a shelter
63580,hotel,"free breakfast, swimming"
66331,hotel,"place where you sleep, full of rooms, usually has hot tub and pool"
64837,hotel,"room, pool, key, maid, continental breakfast, mints on pillows, hot tub, jacuzzi bath tub, free shampoo, free conditioner"
63835,hotel,"a place to sleep, super 8, hampton inn"
64882,hotel,is a place is a noun
66154,hotel,carpet bed bathroom
64630,hotel,"vacations, pool"
64765,hotel,motel
62335,hotel,"out of town, place to stay for a little while,"
66634,hotel,"comfortable, warm, inviting"
66460,hotel,"place to stay. vacation spot, they have bedrooms. bathrooms, lobby"
66643,hotel,"vacation, rooms, suitcases"
66646,hotel,"vacation, bed"
66655,hotel,"motel, travel, a place to stay, swimming pools"
63943,hotel,"room, bed, away from home"
65839,hotel,Temporary Housing
66667,hotel,place to stay
66670,hotel,"building, many rooms, a lot of beds"
62884,hotel,is a place to sleep
66676,hotel,"rowanda, managers, where u stay on vacation"
66649,hotel,motel
66679,hotel,motel
66607,hotel,"a place to stay, has dozens of rooms, has a restaurant, found in highly populated areas, where business is conducted, found near airports, found in big citiies"
66688,hotel,building
65968,hotel,"vacation, fancy, expensive"
64480,immature,"to have the mindset of someone young, when you are in fact old"
63730,immature,boys
66433,immature,children
66421,immature,"young, children"
66439,immature,"boys, anyone can be, young, laughs at everything"
63862,immature,Boys
62713,immature,"more common in younger people, generally grown out of"
63424,immature,"young, silly, child"
65599,immature,"boys, kayla, katia, sam, alex, scott, morgan,"
65395,immature,"young, not independent, selfish, brat"
62872,immature,has no maturity
66472,immature,doing something that you someone younger would do
66487,immature,young
66496,immature,not intelligent
66448,immature,"young, inappropriate, anybody can be this"
66493,immature,"highschool drama, little girls, young, needs time"
66385,immature,"not grown up, little kid, teenager, unpolite"
66511,immature,"not yet grown up, childish, annoying, sometimes dramatic, ignorant"
65236,immature,"child, boys"
66133,immature,"out of control, acting young"
65263,immature,"middle schoolers, boys"
65752,immature,"selfish, childish, behavior, hasn't fully developed, prepubescent, growth"
64120,immature,"Lacking seriousness, characteristic of young people, acting inappropriately, not yet fully developed"
66058,immature,"little kids, selfish, pushy, loud, anoying, mean"
65851,immature,"undeveloped, irresponsible"
66451,immature,"not mature, young, ignorant, scared"
66541,immature,"acting in your own self interest, incapable of seeing other points of view, crude sense of humor"
63820,immature,boys
64711,immature,"children, noisy, irresponsible,"
65929,immature,"is to act like a child, is not fully grown"
64726,immature,young
63610,immature,Kids
66568,immature,to be childish
66427,immature,"young, inexperienced, loud"
66574,immature,boys
66289,immature,not grown up
63238,immature,is a trait of children.
62503,immature,"volitile, high, risk, time, efffort"
65620,immature,childish
62995,immature,"not mature, not fully developed, young"
64984,immature,"silly, childish, reasoning"
62506,immature,"unplesant, rude, unkind"
64735,immature,"young, not ripe"
65521,immature,not mature
66598,immature,young
63580,immature,"little kids, boys"
66331,immature,acting younger than actual age
64837,immature,"child, annoying, silly, young"
63835,immature,"little kids, not acting your age"
64882,immature,is a mood is a state of being
66154,immature,not acting your age
64630,immature,"childish, silly, no common sense"
64765,immature,young people
62335,immature,"all men, children, knows very little, childish,"
66634,immature,"childish, ignorant"
66460,immature,"not mature, acting young, being foolish and nieve"
66643,immature,"young, annoying"
66646,immature,"michael, boys"
66655,immature,"brothers, boys, men"
63943,immature,undeveloped
65839,immature,Someone whom does not act like they are expected to
66667,immature,not mature
66670,immature,"young person, not fully developed"
62884,immature,acting younger than you age
66676,immature,"people who do not act their age, my sister"
66649,immature,kids
66679,immature,rain
66607,immature,"young, naive"
66688,immature,mature
65968,immature,"childish, annoying"
64480,itch,"a senstation on the skin that animals feel, annoying usually"
63730,itch,bite
66433,itch,scratch
66421,itch,"bite, scratch, poison ivy"
66439,itch,"dry, cracked, unhealthy, cough, rashes, allergies"
63862,itch,Mosquito Bite
62713,itch,need to scratch
63424,itch,"rash, annoying, scratch"
65599,itch,rash
65395,itch,"sratch, bug bite, tickles,sore, chicken poxs"
62872,itch,has sensation
66472,itch,sudden discomfort
66487,itch,bumps
66496,itch,scratch
66448,itch,"annoying, scratch, bug bites"
66493,itch,"mosquito bite, red, uncomfortable, scratching"
66385,itch,"irritating, scratch, unwanted, bug bite"
66511,itch,"to scratch, an irritation of the skin, often caused by posion ivy or dry skin"
65236,itch,"scratch, red, rash"
66133,itch,"scratch, annoying"
65263,itch,"chicken pox, chigger bites,"
65752,itch,"scratch, irritate, skin, infection, rash, nails, instinct"
64120,itch,"is unsettling, must be satisfied by scratching, is on the surface of the skin, caused by irritants like poison ivy."
66058,itch,"poision ivy, hives, burn, pain, cream, relief, grass, outdoors, ants, bugs"
65851,itch,"annoying, constant"
66451,itch,"low level of pain, blood to surface of skin, relief of pain"
66541,itch,"needs to be itched, caused by infections and mosquito bites"
63820,itch,scratch
64711,itch,"annoying, nagging,"
65929,itch,"is dryness in the skin, is irritation from something, is irritating, is painful"
64726,itch,scratch
63610,itch,Red
66568,itch,to scratch something
66427,itch,"scratch, bite, red skin"
66574,itch,"scratch, bites,"
66289,itch,to be sensitive scratch
63238,itch,is an irritation.
62503,itch,"irritation, cream, medicine, scratch"
65620,itch,scratch
62995,itch,"scratchy, poison ivy, pain"
64984,itch,"irritate, insect bite, uncomfortable"
62506,itch,"scratch, unpleasant, bug bite, rash"
64735,itch,"annoying, irritating"
65521,itch,something that irritates
66598,itch,scratch
63580,itch,bug bite
66331,itch,an annoying feeling
64837,itch,"scratch, bug bite, rash"
63835,itch,an area on the body that is irritating you
64882,itch,is averb
66154,itch,scratching irritable
64630,itch,"scratch, irritating, bothersome, rub"
64765,itch,scratch
62335,itch,"bug bite, disease, burn, nails, red, bleeds"
66634,itch,"annoying, concerning"
66460,itch,"scratch, tingling, irritated, red, bug bite"
66643,itch,"scratch, bites, annoying"
66646,itch,scratch
66655,itch,"off, irritating, lake, outside, red, puss"
63943,itch,annoying feeling
65839,itch,Irratation that causes a body sensation of discomfort
66667,itch,scratch
66670,itch,"scratch, stinging"
62884,itch,"scratch, on the skin"
66676,itch,"a nuisence, mosquito bites itch, often caused by rashes"
66649,itch,scratch
66679,itch,scratch
66607,itch,"tingling, annoying"
66688,itch,scratch
65968,itch,"scratch, tickle, awful"
64480,journey,"a adventure somewhere with a mission, sight-seeing, exploring"
63730,journey,long
66433,journey,don't stop believin
66421,journey,"long, epic, vacation"
66439,journey,"car, friends, music, gas, drinks, food, camera"
63862,journey,The band
62713,journey,"a trip, is long, takes time"
63424,journey,"dont stop believing, band, train"
65599,journey,pilgrimage
65395,journey,"travel, experience, airplane, bus, taxi, car, camera, money, hotels"
62872,journey,requires travel
66472,journey,traveling long distances
66487,journey,travel
66496,journey,"Rock band, a trip or pathway"
66448,journey,"travel, vacation, other countries"
66493,journey,"to the center of the earth, movie, destination, excitement"
66385,journey,"adventure, go somewhere, discover new things"
66511,journey,"to travel, set out on a quest, name of a store,"
65236,journey,"long trek, seeing new places, having adventures"
66133,journey,"trip, exploration, excitement"
65263,journey,"80's band, self discovery"
65752,journey,"epic, hardship, endurance, strife, goal, determination, motivation, destination"
64120,journey,"moving from one place to another, not easily completed, involves hardship, has some ultimate goal."
66058,journey,"moving, center of the earth, movie, waterpark, jurassic park, forest, fun, friends, treasure"
65851,journey,"a trip, expedition, heed supplies to complete"
66451,journey,"somewhere else, far away, adventure"
66541,journey,"takes a long time, usually covers a wide distance"
63820,journey,Adventure
64711,journey,"completion, end, life"
65929,journey,"is an adventure, is a long hike, is to explore"
64726,journey,adventure
63610,journey,Long
66568,journey,to take a trip
66427,journey,"voyage, adventure, travel"
66574,journey,"trip, vacation, leaving your home"
66289,journey,a mission someone wants to do
63238,journey,is a band. is what heroes undertake in stories.
62503,journey,"travel, time, effort, gas"
65620,journey,"vacation,tour,path"
62995,journey,"explore, travel"
64984,journey,"transport, goals"
62506,journey,"travel, road, freedom, open road"
64735,journey,long trip with a mission
65521,journey,trip
66598,journey,path
63580,journey,"roadtrip, walking"
66331,journey,long travel
64837,journey,"shoes, band, road, is a trip, travel, long, epic"
63835,journey,"traveling, a far distance"
64882,journey,is a band
66154,journey,"items needed, adventure"
64630,journey,"band, adventure"
64765,journey,wheel in the sky
62335,journey,"band, a path, a story,"
66634,journey,"long, difficult, challenging, dangerous"
66460,journey,"trip, long trip, exciting, an ending destination"
66643,journey,"band, trip, adventure, road, car"
66646,journey,dont stop believing
66655,journey,a trip
63943,journey,"voyage, trek,"
65839,journey,A quest or voyage
66667,journey,adventure
66670,journey,"Steve Perry, high vocals"
62884,journey,a trip
66676,journey,"has a song called Don't stop believing, a voyage"
66649,journey,boosie
66679,journey,long
66607,journey,"is a trip, is an extended trip, is an adventure"
66688,journey,adventure
65968,journey,"wilderness, camping, fun"
64480,later,"not now, farther away"
63730,later,on
66433,later,now
66421,later,"after, next, in the future"
66439,later,"procrastination, not now, nightime"
63862,later,Midnight
62713,later,"not now, in the future, not a definite time"
63424,later,"tonight, after, sleep"
65599,later,tomorrow
65395,later,"after while, sometime, busy, i will get to it"
62872,later,needs time
66472,later,happens after something
66487,later,after
66496,later,"not now, in the future"
66448,later,"postponed, opposite of sooner,"
66493,later,"distant, further away, boy, not a fan"
66385,later,"not now, afterwords, put off, procrastinate"
66511,later,"not now, at a different time, now and later candy,"
65236,later,"time, night, procrastinate"
66133,later,"at another time, not now"
65263,later,"late, never going to happen, blow off"
65752,later,"not now, sometime in the future, eventually"
64120,later,"is at another time, a future time. past the time previously discussed, may be at night, or when it has become dark outside."
66058,later,"now and later, candy, goodbye, in the future, evening, not now"
65851,later,"after a period of time, not now"
66451,later,"future, not now, prolonged, procrastination"
66541,later,"now and..., near future, opposite of before"
63820,later,time
64711,later,"procrastination, put off, conviences"
65929,later,"is a reference to a point in time, is a way of saying goodbye"
64726,later,alligator
63610,later,Couple mintues
66568,later,after now
66427,later,"after, put off, procrastinate"
66574,later,"not now, in the future"
66289,later,some other time
63238,later,is the motto of procrastinators.
62503,later,"next, tommorow, convience"
65620,later,future
62995,later,at another time
64984,later,"evening,"
62506,later,"not now, not present, excuse"
64735,later,"After now, still to come"
65521,later,sometime after right now
66598,later,not now
63580,later,"tonight, tomorrow"
66331,later,"something in the future, done after the present"
64837,later,"now, time, procrastination, lazy"
63835,later,after
64882,later,is a time
66154,later,not now
64630,later,"goodbye, see ya later, slang"
64765,later,now
62335,later,"not now, next time, after awhile, in the future"
66634,later,procrastinatory
66460,later,"in the future. after the present, a form of time"
66643,later,away
66646,later,gator
66655,later,"night, dark"
63943,later,"after, past a certain time"
65839,later,Not now
66667,later,in the future
66670,later,not now
62884,later,occurs after the present
66676,later,afterwards
66649,later,now
66679,later,now
66607,later,"not now, in the future"
66688,later,tomorrow
65968,later,"goodbye, sometime after now"
64480,law,a rule that everyone has to abide by
63730,law,and order
66433,law,and order
66421,law,"rules, guidelines, lawyer, follow, punishment if broken"
66439,law,"books, studying, money, suits, politics"
63862,law,Court
62713,law,"keeps order, needs to be obeyed, commonly resented"
63424,law,"police, obide, rules"
65599,law,book
65395,law,"obey, police, judge, court house, jail, attroney"
62872,law,has order
66472,law,a rule that must be abided by
66487,law,prosecute
66496,law,"definition of good and bad, keeps society sane and out of harms way"
66448,law,"protects, many, enforced, cops"
66493,law,"pre-law, school, break the law, fines"
66385,law,"rules, lawyer, do not break, enforced"
66511,law,"rules, what people must obey in states, a set guideline"
65236,law,"court, lawyer, trouble"
66133,law,"doctorite, good at arguing"
65263,law,"government, lies, requirements"
65752,law,"obey, enforced, judge, jury, court, rules, prohibit, abide"
64120,law,"made by congress, defines what we can and can't do, is interpreted by the supreme court, upheld by the executive branch. can be interpreted in different ways."
66058,law,"dog, sherrif, cops, western movies, responsibility, corrupt, guns"
65851,law,"rule, used in arbitration"
66451,law,"rules, enforcement, punishment"
66541,law,"must be followed, if not, there will be negative consequences"
63820,law,lawyer
64711,law,"fair, balance, just, legal, safety, blind, justice"
65929,law,"is a rule, is what we follow, is something that people break, is the study of politics, is what police enforce"
64726,law,order
63610,law,Enforced
66568,law,things you have to follow
66427,law,"police, jail, speeding"
66574,law,"rules, regulations"
66289,law,the rules
63238,law,is a type of school. is not favored by criminals
62503,law,"order, criminals, fines, court, justice"
65620,law,"rules,ethics"
62995,law,something to abide by
64984,law,"lawyers, judges, control"
62506,law,"order, containment, peace"
64735,law,"Protects us, restrains us"
65521,law,rules for safety
66598,law,rule
63580,law,must follow
66331,law,"rules, regulations, code for society to follow"
64837,law,"practice, lawyer, a rule, to follow, to break, legislation, Congress, Senate, bill"
63835,law,rules set by the government that we have to follow
64882,law,is a thing
66154,law,doing whats right
64630,law,"rules, government"
64765,law,and order
62335,law,"Obey, Follow, Trouble, Hard to follow, strict, law is the law, what is accepted, legal system a society follows,"
66634,law,"decisive, changing, important, powerful"
66460,law,"rules you must obide by, enforced by police or other officials,"
66643,law,"rules, job, school"
66646,law,enforcement
66655,law,"lawyer, law school, what one must obey, police officer, handcuffs"
63943,law,"rule, requirement"
65839,law,A set of rules that society sets for governing purposes
66667,law,have to follow
66670,law,"rule, government enforced"
62884,law,"politics, rule, government"
66676,law,rules
66649,law,rule
66679,law,court
66607,law,"rules, regulations, guidelines"
66688,law,rules
65968,law,"rules, police, judges"
64480,learn,to be able to understand knowledge and grasp the idea
63730,learn,more
66433,learn,school
66421,learn,"school, teacher, books"
66439,learn,"school, education, memory, intelligence, tests, quizzes"
63862,learn,School
62713,learn,"done at school, increases knowledge"
63424,learn,"school, knowledge, learning methods"
65599,learn,education
65395,learn,"education, school, going to classes, degree, major, college"
62872,learn,has new concepts
66472,learn,aquiring of new knowledge
66487,learn,book
66496,learn,"comprehend, gain knowledge"
66448,learn,"classes, listening, gain knowledge, useful in life"
66493,learn,"school, university, life, school of life, action"
66385,learn,"teach, school, teacher, knowledge"
66511,learn,"to gain more knowledge, mature, can be benificial if one ""learns"" new things"
65236,learn,"class, study, teacher, brain"
66133,learn,"Think, smart, textbook"
65263,learn,"words, lettes, shapes, math, theroies"
65752,learn,"develop, teachers, students, interaction, environment, mind, intelligence"
64120,learn,"acquiring knowledge, acquires knowledge, often at schools, but everywhere growing up, results from mistakes."
66058,learn,"school, spanish, english, monkeys, children, power, grades, form, art, abailty to do"
65851,learn,"to grow, become more educated, to advance"
66451,learn,"experience, changing, adapting"
66541,learn,"intake of knowledge, produced by conditioning and reinforcement"
63820,learn,School
64711,learn,"teach, absorb, in take"
65929,learn,"is to understand, is what we do all the time"
64726,learn,teach
63610,learn,Being taught
66568,learn,what you do in school
66427,learn,"understand, gather, hear"
66574,learn,"reading, writing, math, science, the way between right and wrong, and common sense"
66289,learn,education
63238,learn,how people progress. how society evolves.
62503,learn,"observe, grow, exercise"
65620,learn,"comprehend,acedemics"
62995,learn,"to acquire knowledge, memorize"
64984,learn,absorb information that can be used later
62506,learn,"take in knowledge, always happening, important"
64735,learn,"comprehending, gaining insight"
65521,learn,to be educated
66598,learn,information
63580,learn,"school, work, homework"
66331,learn,to aquire knowledge of something
64837,learn,"school, interesting, boring, teachers, students, textbooks, notes"
63835,learn,to discover new knowledge
64882,learn,is a verb
66154,learn,smart good
64630,learn,"school, class, news, people, brain"
64765,learn,teacher
62335,learn,"school, knowledge, power, methods of teaching, books, reading, science, math, action, stimulating the mind"
66634,learn,"action, inherent"
66460,learn,"to educate yourself, get to know new information"
66643,learn,"students, young people, teaching"
66646,learn,"school, class"
66655,learn,"school, college, books, glasses"
63943,learn,understand
65839,learn,Comprehending a concept
66667,learn,knowdledge
66670,learn,to obtain knowledge
62884,learn,occurs at school
66676,learn,to become cabale of doing something
66649,learn,educate
66679,learn,read
66607,learn,"knowledge, teachers, school, life"
66688,learn,educate
65968,learn,"school, teachers, studying"
64480,leaves,"things that fall off the trees in the fall, and bloom in the spring"
63730,leaves,fall
66433,leaves,fall
66421,leaves,"tree, fall, turn red and yellow"
66439,leaves,"crunchy, green, fall, big, small, pain, pretty"
63862,leaves,Fall
62713,leaves,"turn colors in fall, fall of trees, have to be cleaned up"
63424,leaves,"tree, autumn, green"
65599,leaves,fall
65395,leaves,"trees, fall, change color, rack them up, burn them, play in them"
62872,leaves,has more than one
66472,leaves,"change color, attatched to a tree"
66487,leaves,tree
66496,leaves,"fall, attached to trees, on the ground, green, red, gold, amber"
66448,leaves,"changes colors, trees, fall, beautiful"
66493,leaves,"fall, colorful, red, yellow, mushy, ground, wetness"
66385,leaves,"on trees, yellow, green, brown, fall, different shapes"
66511,leaves,"plantlike things that are often on the ground in autumn, change colors, hang off branches of trees"
65236,leaves,"fall, crunchy, colorful"
66133,leaves,to go
65263,leaves,"fall, autumn, trees, orange, red"
65752,leaves,"trees, fall, autumn, changing colors, cycle, food for insects"
64120,leaves,"grow on trees and other plants, usually green, contain chlorophyll, dry out and die in the fall, turn brown/red/yellow, fall to the ground, are raked up, sometimes burned, feed insects and herbivores."
66058,leaves,"fall, rake, work, horrible, cold, bags, leaf blower, fun, compost"
65851,leaves,"used in photosynthesis, contain chlorophyll, contain fibers"
66451,leaves,"fall, trees dying, discoloration"
66541,leaves,"colorful in autumn, green in spring, fall to the ground, veiny, chloroplasty, provide nutrients"
63820,leaves,fall
64711,leaves,"crunchy, brown, red, green, yellow, vibrant"
65929,leaves,is to exit from a place
64726,leaves,rustle
63610,leaves,On trees
66568,leaves,fall from trees
66427,leaves,"fall, foliage, green"
66574,leaves,"fall, color changing"
66289,leaves,human nature
63238,leaves,fall in the fall.
62503,leaves,"fall, lawn mower, bag"
65620,leaves,"autumn, fall, brown"
62995,leaves,"pretty colors, fall off trees, crunchy"
64984,leaves,"green, brown, autumn, trees and branches, light, crisp when dry, fragile"
62506,leaves,"crunchy, autumn, fall, trees, orange, colorful, messy"
64735,leaves,"Crunchy, Colored, on trees"
65521,leaves,"on trees, fall to the ground"
66598,leaves,fall
63580,leaves,"fall, trees, cold, brown, green"
66331,leaves,"things grown on trees, fall during autmumn, usually green but change color"
64837,leaves,"autumn, fall, crunchy, colorful, red, orange, yellow, change, green, spring"
63835,leaves,"come from trees, fall, orange, brown, red, yellow, crunchy"
64882,leaves,is a thing found on trees
66154,leaves,fall crunchy colorful
64630,leaves,"tree, colorful, fall"
64765,leaves,trees
62335,leaves,"crunchy, step on them, rake them, falls off trees, grows on plants, play in them, leaf blower, season fall,"
66634,leaves,"green, vibrant, veined, alive"
66460,leaves,"fall in autumng, green, on trees, crunch on the ground,"
66643,leaves,"on the ground, fall, autumn"
66646,leaves,"tree, fall, colors"
66655,leaves,"autumn, in a pile, october, november, red, orange"
63943,leaves,"trees, different shapes"
65839,leaves,Tree
66667,leaves,fall of trees
66670,leaves,"thin, many colors, light"
62884,leaves,"are green, are on trees and plants"
66676,leaves,"change color, found on trees"
66649,leaves,fall
66679,leaves,fall
66607,leaves,"fall, autumn, red, orange, golden, green, brown"
66688,leaves,snow
65968,leaves,"fall, trees"
64480,liar,someone that doesn't tell the truth
63730,liar,compulsive
66433,liar,liar liar
66421,liar,"bad, can't trust"
66439,liar,"sketchy, not truthful, boys, politicians"
63862,liar,"The Movie Liar, Liar"
62713,liar,"not trustworthy, not truthful"
63424,liar,"jim carey, dishonest, decieptful"
65599,liar,judge
65395,liar,"lie, person who does not tell the truth"
62872,liar,has no truth
66472,liar,doesn't tell the truth
66487,liar,mean
66496,liar,"untruthful, a negtive person"
66448,liar,"wrong, not being truthful, not good friends"
66493,liar,"boys, frustrasting, annoying, don't  like it, not necessary"
66385,liar,"not truthful, dislike, sneaky"
66511,liar,"dishonesty, negative trait in most people,"
65236,liar,"cheater, bad, steal"
66133,liar,"not telling the truth, saying something untrue"
65263,liar,"untrue, hypocrite, white lie, sinful"
65752,liar,"deceptive, hides the truth, unreliable, lack of trust"
64120,liar,"does not tell the truth, usually received negatively, exaggerates statements, makes themselves look better than they are, does not follow through with promises."
66058,liar,"con man, car dealerships, weather forcast, disshonest, mean, white, cheaters"
65851,liar,"untrustworthy, deplorable"
66451,liar,"lawyer, washington d.c., not truthful, withholding the truth"
66541,liar,"truthless, often self-serving, can be protective"
63820,liar,men
64711,liar,"dirty, scummy, low down, no morals"
65929,liar,"is someone who doesn't tell the truth, is an accusation"
64726,liar,pants on fire
63610,liar,Not telling the truth
66568,liar,untruthful
66427,liar,"fibber, no good, cheat"
66574,liar,"dishonest, crook, robber"
66289,liar,to say whats wrong
63238,liar,is dishonest. is a cheat.
62503,liar,"untruth, fool, bend"
65620,liar,"bad,mean,wrong,not true"
62995,liar,"untrustworthy, deceitful"
64984,liar,"gossip, unreliable, trouble"
62506,liar,"thief, rude, untrustworthy, unpleasant, shady, salesmen, my sister"
64735,liar,"untruthful, not trustworthy"
65521,liar,not honest
66598,liar,not the truth
63580,liar,cheater
66331,liar,someone who does not tell the truth
64837,liar,"dishonest, rude, irresponsible"
63835,liar,doesn't tell the truth
64882,liar,is an adjective
66154,liar,no good falso
64630,liar,"unable to trust, cheater, thief"
64765,liar,not saying what is right
62335,liar,"one who is not truthful, lawyers, pants on fire,"
66634,liar,"cheater, untrustworthy"
66460,liar,"tells lies, cheat, not tell the truth"
66643,liar,"cheater, low life, not pure"
66646,liar,pants on fire
66655,liar,"boyfriends, girls, liar"
63943,liar,"unreliable, untrustworthy, unfaithfull"
65839,liar,Someone who does not tell the truth
66667,liar,not the truth
66670,liar,not telling the truth
62884,liar,not telling the truth
66676,liar,someone who doesn't tell the truth
66649,liar,distrust
66679,liar,lied
66607,liar,"not truthful, fake"
66688,liar,honest
65968,liar,"idiot, loser, selfish"
64480,look,"to see and respond, to observe"
63730,look,down
66433,look,eyes
66421,look,"glance, eye, glare"
66439,look,"eyes, sight, glasses"
63862,look,Window
62713,look,uses eyes
63424,look,"see, eyes, distinguish"
65599,look,eyes
65395,look,"see, watch, hear, observe, spectulate"
62872,look,requires sight
66472,look,"facial expression, turn of a head"
66487,look,like
66496,look,"vision, seeing"
66448,look,"watch, see, stare,"
66493,look,"good looks, action"
66385,look,"see something, sight, take notice, characteristics"
66511,look,"to see with one's eyes, to admire something"
65236,look,"eyes, stare, sneak"
66133,look,"eyes, direction"
65263,look,"appereance, conceit, superfisial,"
65752,look,"appearance, observe, study, eyes, sense, watch"
64120,look,"indicates how someone feels, made from facial expressions, is universally understood around the world, is projected towards other people as communication."
66058,look,"landscape, the look, appearance"
65851,look,"viewing, seeing, witnessing"
66451,look,"eyes, eye movement, color, light, dark, shades, expression, emotion"
66541,look,"glance, sometimes has a facial expression, somtimes can be rather quick"
63820,look,see
64711,look,"sense, eyes are used,"
65929,look,"is what eyes do, is to perceive"
64726,look,see
63610,look,Seeing
66568,look,to use your eyes
66427,look,"eyes, gaze, vision"
66574,look,"at sights, people, things"
66289,look,appearance
63238,look,one of five senses. how we visually interpret.
62503,look,"see, observe, obtain"
65620,look,"see,judge"
62995,look,"eyes, to see"
64984,look,"clothes, makeup, accessories"
62506,look,"see, peer, visual, glasses, eyes, brain, healthy, advantageous"
64735,look,"seeing, seeking"
65521,look,see
66598,look,eyes
63580,look,"house doors, car doors, dorm room"
66331,look,"directing visual attention, an expression on someones face"
64837,look,"see, both ways, stare, glance, appearance, pretty, ugly"
63835,look,"see, glance"
64882,look,is a verb
66154,look,eyes face
64630,look,"eyes, eyesight"
64765,look,see
62335,look,"see, see surroundings, taking a closer inspection"
66634,look,"emotional, variable"
66460,look,"to see, done with your eyes,"
66643,look,"around, eyes, sight"
66646,look,"book, glasses, up, out"
66655,look,"to gaze, to see, do so with your eyes"
63943,look,appearance
65839,look,"Ability to see,"
66667,look,sight
66670,look,the way someone dresses
62884,look,occurs with your eyes
66676,look,to gaze at
66649,look,glance
66679,look,like
66607,look,"is a current style, is fasion"
66688,look,glare
65968,look,"sight,"
64480,make,to take things and make something bigger
63730,make,dinner
66433,make,cookies
66421,make,"create, invision, destroy"
66439,make,"creation, materials, crafty"
63862,make,Cookies
62713,make,"to create, to build, to put together"
63424,make,"create, force, invent"
65599,make,food
65395,make,"food, projects, crafts"
62872,make,has creation
66472,make,creating something
66487,make,model
66496,make,"construct, building"
66448,make,"create, accomplish, achieve, goals"
66493,make,"craft, art, creative, imagination"
66385,make,"put things together, project"
66511,make,"to create, to work things out (make up, make a mends),"
65236,make,"hands, create, clay"
66133,make,"do something, food"
65263,make,"belive, create, sculpt, imagine"
65752,make,"create, bake, construct, skills, change"
64120,make,"describes the brand of something, a type of car, where the object was created."
66058,make,"shift, to do, build, invent, use hands, create, produce, cookies"
65851,make,"create, to construct"
66451,make,"create, build, new, put together"
66541,make,"to build, the reproduce, to recreate"
63820,make,bake
64711,make,"do, action, create"
65929,make,"is to create, is done by people, is done by animals and plants"
64726,make,create
63610,make,Putting things together
66568,make,to build something
66427,make,"create, construct, accomplish"
66574,make,"believe, make stories, make crafts, make things"
66289,make,to build
63238,make,is to create.
62503,make,"bake, create, form, concentrate"
65620,make,accomplish
62995,make,produce
64984,make,"crafts, hands, work"
62506,make,"create, learn, bake, cook, share, creative, artistic"
64735,make,"creation, creativity"
65521,make,build
66598,make,to create
63580,make,crafts
66331,make,"form, accomplish"
64837,make,"fun of, food, drinks, money"
63835,make,forming something new
64882,make,is a typoe of car
66154,make,productive
64630,make,"food, crafts, clothes, do with hands"
64765,make,love
62335,make,"the act of doing something, foods,"
66634,make,creative
66460,make,"build, constuct, to do something"
66643,make,"food, drinks, projects"
66646,make,shake n bake
66655,make,"Play do, to do"
63943,make,"build, appearance, design, type, model"
65839,make,To Create
66667,make,do
66670,make,the type of thing it is like the make of a car
62884,make,create something
66676,make,model
66649,make,create
66679,make,male
66607,make,"producer of an automobile, car companies"
66688,make,believe
65968,make,"complete something, dinner"
64480,mold,a substance that comes from the laying of water
63730,mold,bread
66433,mold,gross
66421,mold,"green, black, growth"
66439,mold,"green, bad, unhealthy, can be grown"
63862,mold,Old House
62713,mold,used to shape something
63424,mold,"dirty, gangreen, infection"
65599,mold,bread
65395,mold,"bacteria, grows on bread, anything damp, black looking, dangerous"
62872,mold,has bacteria
66472,mold,"mildew, living organism"
66487,mold,old
66496,mold,"uncleanliness, moisture, gross looking"
66448,mold,"forms objects, makes impression, found on foods"
66493,mold,"gross, smells bad, green"
66385,mold,"growth, old, nasty, green, unhealthy"
66511,mold,"occurs on old food, disgusting, green and yellow, can cause illnesses, or sculpting something (tracing) or ""molding"""
65236,mold,"green, cheese, old, gross"
66133,mold,"green, slimy, gross"
65263,mold,"clay, create, morphe"
65752,mold,"damage to health, old, moist, green, fungus, smell, fuzz"
64120,mold,"a type of fungus, grows in moist areas, can be toxic if inhaled, common in showers, grows on old food, usually looks ""fuzzy"""
66058,mold,"clay, facial, reproduce, liquid to sold, compress, oil, art"
65851,mold,"fungus, can be harmful, can be beneficial"
66451,mold,"unhealthy, expired, airborne, damp, dark"
66541,mold,"organic, smelly, shape, default"
63820,mold,old food
64711,mold,"fuzzy, green, white, damp, dark"
65929,mold,"is bad on food, is a growth, is a fungi."
64726,mold,shape
63610,mold,Fugus
66568,mold,what grows on old bread
66427,mold,"shape, submit, pattern"
66574,mold,"play doh, forming"
66289,mold,figure into
63238,mold,is a means of shaping. is what happens to old food.
62503,mold,"unhealthy, cheese, food, milk, shower"
65620,mold,"gross,green,smelly"
62995,mold,"green, bacteria, sick"
64984,mold,"off green, numerous fungi, dangerous, wet, moist,"
62506,mold,"dirty, bad"
64735,mold,"gross, old, fungus"
65521,mold,grows in cold damp places
66598,mold,stinky
63580,mold,"art, mudd"
66331,mold,fungus found on old food or dirty bathrooms
64837,mold,"black, gross, yellow, blue, bread"
63835,mold,"green, gross, grows on trees, rocks, buildings"
64882,mold,is a thing is a noun
66154,mold,green bad
64630,mold,"bread, bacteria, gross"
64765,mold,spores
62335,mold,"fungus, can be deadly, in houses, grows on plants,expired foods, considered disposable"
66634,mold,"green, slimy, gross, dangerous"
66460,mold,"old food, green, smelly, furry"
66643,mold,"shape, disease, cast"
66646,mold,"clay, play dough, green"
66655,mold,"bread, green, blue, nasty, smelly"
63943,mold,"dangerous,"
65839,mold,Mossy bateria that grows usually on flora or food
66667,mold,bacteria
66670,mold,"grows, blue colored"
62884,mold,a type of fungus
66676,mold,what happens when food gets old
66649,mold,mouthpeice
66679,mold,old
66607,mold,"grows on bread, is where penicilin was found, can be blue, can be white, can be green, can be colored yellow, can be toxic, can be harmful, is gross"
66688,mold,disease
65968,mold,"green, bacteria"
64480,motion,how something is moving with gravity
63730,motion,less
66433,motion,sensor
66421,motion,"movement, jump, leap"
66439,motion,"science, newton, blow"
63862,motion,Body-in-Motion
62713,motion,object while moving
63424,motion,"loco, train, move"
65599,motion,lights
65395,motion,"move, look, run, walk"
62872,motion,requires movement
66472,motion,movement
66487,motion,ocean
66496,motion,movement
66448,motion,"quick, moving, cars"
66493,motion,"muscles, movement, doing something, physics"
66385,motion,"movement, creates energy, transportation"
66511,motion,"movement, used to describe how high a horse's legs go when they trot, can be a hand gesture"
65236,motion,"air, wave"
66133,motion,"to move, signal"
65263,motion,"movement, excercise, running, swimming, sweat, endorphins, freedom of body"
65752,motion,"movement, muscle, momentum, physics, education, force"
64120,motion,"is made through movement, fast or slow, directional,  more motion generates heat"
66058,motion,"energy, movement, legs, run, jump, gravity, resistance, wheels"
65851,motion,"not staying in place, momentum, action"
66451,motion,"physics, math, space"
66541,motion,"going fast, blurred"
63820,motion,Fast
64711,motion,"movement, visual, feel air moving"
65929,motion,is the movement of something
64726,motion,go
63610,motion,Moving
66568,motion,to move
66427,motion,"pass, change, mobile"
66574,motion,"hand motions, face motions, body motions"
66289,motion,to move
63238,motion,is movement.
62503,motion,"movement, time, creativity"
65620,motion,body
62995,motion,movement
64984,motion,"move, kinetic, energy"
62506,motion,"movement, healthy, natural"
64735,motion,"moving, fluid, controlled"
65521,motion,movement
66598,motion,movement
63580,motion,"dancing, walking, running"
66331,motion,movement of something
64837,motion,"fast, slow, movement"
63835,motion,movement
64882,motion,is a verb
66154,motion,movement
64630,motion,"movement, ocean, water, cars"
64765,motion,picture
62335,motion,"newton's laws, dance, movement, sensor,"
66634,motion,"active, fast, exciting"
66460,motion,"to move, uses energy, done with your body,"
66643,motion,"dance, movement"
66646,motion,"potion, sex"
66655,motion,"sickness, dramamine, bouncy balls"
63943,motion,movement
65839,motion,Moving
66667,motion,movement
66670,motion,used in courts
62884,motion,movement of an object
66676,motion,movement
66649,motion,shaking
66679,motion,run
66607,motion,movement
66688,motion,movement
65968,motion,"movement, action, exercise"
64480,movement,to go from one spot to another
63730,movement,trail
66433,movement,dance
66421,movement,"motion, dance, hop"
66439,movement,"velocity, running, legs, arms, body, heart"
63862,movement,Exercise
62713,movement,used to get from place to place
63424,movement,"run, walk, dance"
65599,movement,sports
65395,movement,"move, walk, run, switch position"
62872,movement,has motion
66472,movement,shifting body
66487,movement,car
66496,movement,"dance, motion, entertainment"
66448,movement,"active, exercise, travel"
66493,movement,"can't sleep, everywhere"
66385,movement,"motion, back and forth, transportation, creates energy"
66511,movement,"not standing still, exercising, traveling to a different place,"
65236,movement,"motion, dancing, running"
66133,movement,"sway, rock, back and forth"
65263,movement,"motion, excercise, calories burning"
65752,movement,"muscle, momentum, physics, force, body, transportation"
64120,movement,"An act of motion, directional, can be achieved using vehicles, can be achieved on foot, getting somewhere new."
66058,movement,"wheels, energy, parts, body, living things, machines"
65851,movement,"motion, action, not staying in place, momentum, velocity"
66451,movement,"motion, all directions"
66541,movement,"motionlike, fast or slow, repetitive or abrupt, ambiguous"
63820,movement,run
64711,movement,"motion, feel wind, journeys"
65929,movement,"is the reaction of limbs moving, is noticable, is neccessary, is done by living things"
64726,movement,motion
63610,movement,Moving something
66568,movement,the act of motion
66427,movement,"motion, energy, move it move it"
66574,movement,"exercise, dance,"
66289,movement,to be active
63238,movement,is the act of moving.
62503,movement,"motion, observance, effort, existance, time"
65620,movement,"dance,walk, run"
62995,movement,body
64984,movement,transfer
62506,movement,"directional displacement, speed, velocity, motion"
64735,movement,"life, getting from one place to another"
65521,movement,to excercies
66598,movement,expressions
63580,movement,"running, walking, dancing"
66331,movement,being in motion
64837,movement,"dance, voluntary, involuntary, fast, slow, exercise, energy"
63835,movement,"running, walking"
64882,movement,is a verb
66154,movement,driving running walking
64630,movement,"dancing, walking, exercise"
64765,movement,motion
62335,movement,"motion, action of any kind, jumping jacks, cartwheel, walking, running"
66634,movement,"active, energy-expending"
66460,movement,"to be moving, any action made, uses energy"
66643,movement,"run, hop, skip, jump, dive, dance"
66646,movement,"water, osmosis"
66655,movement,"slavary, womens rights"
63943,movement,change in position
65839,movement,Ability to use joints and muscles to move
66667,movement,traveling
66670,movement,emergence of a new idea
62884,movement,a group of people who are trying to get something changed
66676,movement,"fast,"
66649,movement,walk
66679,movement,move
66607,movement,"animals migrate, cars moving, airplanes flying, hunting"
66688,movement,still
65968,movement,"walking, running, civil rights"
64480,necklace,something that goes around someone's neck for eye pleasure
63730,necklace,friendship
66433,necklace,tiffany's
66421,necklace,"jewlry, diamond, pearl"
66439,necklace,"expensive, cheap, cute, a present, beautiful"
63862,necklace,Pearls
62713,necklace,"goes around neck, most commonly metal chain, has jewels or charms"
63424,necklace,"gold, silver, present"
65599,necklace,jewelery
65395,necklace,"jewerly, diamonds, expensive, elegany"
62872,necklace,has connection
66472,necklace,"wear around neck, different styles"
66487,necklace,fashion
66496,necklace,"jewlery, worn around the neck, pendant, diamonds, silver, gold"
66448,necklace,"around neck, expensive, gold, silver"
66493,necklace,"name, around neck, occasion, long"
66385,necklace,"jewelry, worn around neck, silver or gold, thin, light"
66511,necklace,"worn around someone's neck, can be diamond, gold, or metal, jewelry, beneficial for appearance, often used as a christmas or birthday gift from a husband to wife"
65236,necklace,"pretty, sparkles, women and men wear them,"
66133,necklace,"Diamond, expensive"
65263,necklace,"jewlery, expensive, greed, diamond"
65752,necklace,"beautiful, woman, gaudy, silver, gold, present, gift, affection"
64120,necklace,"worn around the neck, usually is jewelry, is valuable, has a string or links, two connecters. worn by people."
66058,necklace,"jewlery, diamond, pearls, chain,"
65851,necklace,"encircles the neck, jewelry, ornamental"
66451,necklace,"body wear, circular, oblong, design"
66541,necklace,"circular, feminine, dressy"
63820,necklace,pearls
64711,necklace,"gift, love, women, cold, rough to touch, metals"
65929,necklace,"is jewlery, is around the neck, is fancy"
64726,necklace,bracelet
63610,necklace,Something to wear
66568,necklace,jewelry
66427,necklace,"jewelry, accessory, women"
66574,necklace,"pretty, diamonds, gold, silver, platinum"
66289,necklace,jewelry
63238,necklace,is shiny. is expensive. is a gift.
62503,necklace,"ornament, quality, gems"
65620,necklace,beads
62995,necklace,"pretty, accessory, shiny, elegant, expensive"
64984,necklace,"beads, pearls, expensive"
62506,necklace,"wear around the neck, present, jewelry, girls"
64735,necklace,"pretty, flattering, complimenting"
65521,necklace,somthing you wear
66598,necklace,jewelry
63580,necklace,"present, Mother"
66331,necklace,string or chain worn around the neck
64837,necklace,"jewelry, beautiful, diamonds, gems, gold, silver, platinum"
63835,necklace,"jewelry, wear it around your neck"
64882,necklace,is a thing is a noun
66154,necklace,neck person
64630,necklace,"jewelry, wedding"
64765,necklace,gold
62335,necklace,"worn around neck, jewlery, meaningful, style, short, long"
66634,necklace,"expensive, jeweled, symbolic"
66460,necklace,"goes around the neck, jewelry, can be a gift, can be gold or silver"
66643,necklace,"diamonds, goes around neck"
66646,necklace,"pearl, diamond"
66655,necklace,"diamonds, silver, to wear around your kneck"
63943,necklace,"jewlry,"
65839,necklace,Jewerly worn around the neck
66667,necklace,jewerly
66670,necklace,"expensive, hangs around ones neck, pretty"
62884,necklace,"is jewelry, is worn on the neck,"
66676,necklace,a piece of jewelry worn on ones neck
66649,necklace,jewelry
66679,necklace,chain
66607,necklace,"gold, silver, platinum, sterling silver, diamonds, jewelry"
66688,necklace,bracelet
65968,necklace,"luxurious, gift"
64480,octopus,"an animal that lives in the sea, has tentacles, often is mysterious, often scary"
63730,octopus,ocean
66433,octopus,tentacles
66421,octopus,"eight legs, sea creature"
66439,octopus,"eight, big, small, ink, cartoons, sea world"
63862,octopus,Sea
62713,octopus,"has eight legs, is squishy, lives in ocean, inks"
63424,octopus,"8, sea, tenticles"
65599,octopus,ocean
65395,octopus,"big, round, eight arms, lives in ocean, dangerous"
62872,octopus,has multiple limbs
66472,octopus,"eight tenticles, lives in ocean"
66487,octopus,water
66496,octopus,"eight legs, tentacles, sea creatures, sea exploration, marine biology, glass bottomed boat, ink, finding nemo"
66448,octopus,"tentacles, water, edible"
66493,octopus,"sea, vicious, fatal, big, taste good, purple"
66385,octopus,"8 legs, large head, lives in ocean"
66511,octopus,"eight legs, lives in the ocean, can be eaten by people,"
65236,octopus,"eight, slimy, ocean"
66133,octopus,octupus is an animal
65263,octopus,"eight legs, purple, deep ocean, buried treasure, pirates, sail boats, dolphins"
65752,octopus,"animal, ocean, living, eight arms, suction cups, large"
64120,octopus,"Has eight tentacles with suction cups, lives in the ocean, eats mollusks, squirts ink, varies in color, is eaten in certain parts of the world."
66058,octopus,"ocean, legs, tenticles, books, movies, food, killer,purple, deep underwater"
65851,octopus,"cephalopod, 8 limbs, excretes ink when distressed"
66451,octopus,"eight legs, sea creature, tentacles, suction"
66541,octopus,"slimy, from the ocean, many tentacles"
63820,octopus,eight
64711,octopus,"sucking, dwelling, scary, frightening"
65929,octopus,"is a sea creature, has 8 limbs, is able to eject oil, is edible, is served at restraunts"
64726,octopus,squid
63610,octopus,Eight legs
66568,octopus,animal with 8 legs
66427,octopus,"sea, creature, squid"
66574,octopus,"animal, 8 legs"
66289,octopus,a animal
63238,octopus,has 8 arms. is aquatic. shoots ink.
62503,octopus,"tenticles, water, salt, ink, Food"
65620,octopus,"ocean,legs,food"
62995,octopus,"an animal, eight legs, slimy, lives in the ocean, salt water animal, large"
64984,octopus,"eight, water, big, scary"
62506,octopus,"eight, under water, lives in the ocean, cool"
64735,octopus,"many legged, sea creature"
65521,octopus,has tentacles
66598,octopus,legs
63580,octopus,ocean
66331,octopus,"eight legs, sea creature, squirts ink"
64837,octopus,"eight legs, an animal, underwater, ocean, ink"
63835,octopus,"8 tenticles, large squid, inks"
64882,octopus,is an animal is in ocean
66154,octopus,tentacles salt water ocean
64630,octopus,"eight legs, water"
64765,octopus,water
62335,octopus,"lives in the sea, has 8 tenicals, eats fish and such, sea creature"
66634,octopus,"large, dangeours, inky"
66460,octopus,"eight tentacles, lives the in ocean, slimy, has suction cups on the tentacles"
66643,octopus,"tenticles, ocean"
66646,octopus,eight
66655,octopus,"soup, eight"
63943,octopus,"live in the sea, 8 tentacles,"
65839,octopus,Animal that lives in the ocean with 8 tentacles
66667,octopus,animal
66670,octopus,"eight tenticals, wiggly, aquatic"
62884,octopus,"is in the ocean, has eight legs,"
66676,octopus,"sea creature, has 8 limbs"
66649,octopus,squid
66679,octopus,eight
66607,octopus,"has 8 legs, lives in the ocean, squirts oil when threatened, has suckers on its legs"
66688,octopus,tenticals
65968,octopus,"slimy, ocean"
64480,old,something that is not young
63730,old,fashion
66433,old,saggy
66421,old,"not young or new, aged"
66439,old,"sad, wrinkles, short, gray, friendly, cute"
63862,old,Grandparents
62713,old,"broken down, out of date"
63424,old,"OAP, wheelchair, baking"
65599,old,people
65395,old,"antique, ancient, brought dow from generations, fragile"
62872,old,has wrinkles
66472,old,aged
66487,old,new
66496,old,"not new, aged, been around for a long time"
66448,old,"antique, ancient, age"
66493,old,"grandparents, fear, death, community service, nursing home, love"
66385,old,"not new, wrikley, smelly, unwanted, slow"
66511,old,"not young, aging, been around for a long time, a late trend"
65236,old,"dusty, creaky, rusty"
66133,old,ancient
65263,old,"people, bad drivers, wrinkles, canes, wheel chairs"
65752,old,"used, tattered, worn, progression of age, elderly, grandparents"
64120,old,"no longer young, has been around for a long time, worn out, tired, broken, loses novelty."
66058,old,"men, home,"
65851,old,"wisdom, experience, frail"
66451,old,"not young, seasoned, wise, changed"
66541,old,"graying/losing hair, repeating yourself, waking up early"
63820,old,grandparents
64711,old,"wrinkled, smelly, color changed"
65929,old,"is a type of person, is aged around 50 and higher, is something of little value"
64726,old,new
63610,old,Grandpartent
66568,old,when you grow up
66427,old,"antique, vauable, wise"
66574,old,ancient antique
66289,old,to grow
63238,old,no longer new. is unwanted. is vintage.
62503,old,"weak, decrepid, medication, nursing home"
65620,old,ancient
62995,old,"outdated, advanced, wise"
64984,old,"age, physical appearenace, flexibility"
62506,old,"wise, aging, wrinkly, require attention, close to death, senile, hospital, family"
64735,old,"aged, ancient, out-dated"
65521,old,something that has been around for a while
66598,old,wise
63580,old,nursing homes
66331,old,in existence for a long time
64837,old,"people, grandparents, nursing home, antique, rotting, sick, dying"
63835,old,something that has been around for a long time
64882,old,is an adjective
66154,old,eldery wrinly
64630,old,"grandparents, stories, music"
64765,old,history
62335,old,"decades past, men, grandpa, grandma, books, past, trends after a week, rusty, historic, valued, respected"
66634,old,"wise, antiquated"
66460,old,"opposite of young, general term for age,"
66643,old,"grandparents, breaking down, weathered"
66646,old,"new, nursing home"
66655,old,"clothes, wholes,"
63943,old,"aged, slow, wrinkled"
65839,old,Aged
66667,old,not new
66670,old,age
62884,old,no longer young
66676,old,"grandparents, aged, antique"
66649,old,new
66679,old,cold
66607,old,"is aged, something that has gotten a lot of use, something not new"
66688,old,young
65968,old,"gray, wrinkly, worn"
64480,party,where people go to socialize and have fun
63730,party,tonight
66433,party,birthday
66421,party,"music, crowd, dance, food"
66439,party,"red cups, fun, pictures, happy, drinks, food,"
63862,party,Drinking
62713,party,"has music, usually has alcohol"
63424,party,"drinks, dance, fun"
65599,party,condoms
65395,party,"music, food, drinking, dancing, having a good time, loud, hot"
62872,party,has people
66472,party,celebrating
66487,party,drinking
66496,party,"fun, a way to let go, possibly alcohol or drugs, music, dancing, fun"
66448,party,"birthday, celebrations, friends, family,"
66493,party,"fun, friends, drinks, someone's house, dance a lot, songs, pictures"
66385,party,"loud, lots of people, fun, food, music, entertainment"
66511,party,"gathering of people, often involves alcohol, loud music, balloons, a celebration for birthdays or anniversaries, the act of drinking or going out can be referred to as ""partying"""
65236,party,"music, dancing, laughing, drinking"
66133,party,"fun, music, drinks"
65263,party,"fun, lots of people, alcohol, people acting like idiots, anxiety, peer pressure, drugs, birthdays"
65752,party,"fun, wild, friends, family, gathering, music, dance, drink, relax, enjoy, smile, laugh"
64120,party,"where people go to socialize, often involves drinking, celebrates special occasions, sometimes presents are exchanged."
66058,party,"animals, fun, dancing, drinking"
65851,party,"social gathering, usually jubilant, boisterous"
66451,party,"fun, music, friends, conversation, refreshments"
66541,party,"food, excessive intake of, what the cool kids do, typical"
63820,party,drinking
64711,party,"loud, crowded, yelling, packed, laughing, dancing, music"
65929,party,"is a fun gathering, is a small group of individuals"
64726,party,fiesta
63610,party,Birthday
66568,party,birthday and presents
66427,party,"people, loud, crazy"
66574,party,"alcohol, boys, slutty girls,"
66289,party,to have fun
63238,party,can be fun. can be political.
62503,party,"drink, food, music, conversation"
65620,party,"fun,dance,drink"
62995,party,"hanging with friends, fun"
64984,party,"music, fun,"
62506,party,"drinks, food, people, socialize"
64735,party,"fun, drinking, lots of people"
65521,party,fun
66598,party,fun
63580,party,"fun, friends, dancing"
66331,party,a gathering of people for enjoyment or a special occasion
64837,party,"games, friends, music, fun, birthday party, Christmas party, office party, decorations, party hats, cake, punch, small talk, dancing"
63835,party,"gathering place for friends, fun, loud, wild"
64882,party,is an event
66154,party,dancing music
64630,party,"drinking, friends, fun"
64765,party,drinking
62335,party,"celebration, decorations, frats,"
66634,party,"fun, energetic, loud"
66460,party,"to have fun, with friend, gathering of people"
66643,party,"college, meeting people, birthdays"
66646,party,"hardy, rowdy, alcohol"
66655,party,"alcohol, drugs, sex, rock n roll, tea"
63943,party,"loud, crazy, lots of people, music"
65839,party,A get together of people
66667,party,social
66670,party,"event, held in celebration on a person"
62884,party,"fun, lots of people"
66676,party,"are fun, are used to celebrate"
66649,party,club
66679,party,time
66607,party,"alcohol, dancing, games, fun, night time, no sleep, friends, college"
66688,party,beer
65968,party,"beer, girls, cops"
64480,patience,to be able to wait for something and not be anxious
63730,patience,virtue
66433,patience,time
66421,patience,"virtue, quality, wearing thin"
66439,patience,"controlled temperature, calm, relax,"
63862,patience,My dad
62713,patience,"is a virtue, is not common"
63424,patience,"virtue, wait, time"
65599,patience,virtue
65395,patience,"time, wait, calm, impatience, not in a hurry"
62872,patience,is a virtue
66472,patience,waiting for something
66487,patience,virtue
66496,patience,waiting
66448,patience,"wait, calm, compromise"
66493,patience,"required, great characteristic to have"
66385,patience,"waiting, calm, take turns, stand in line"
66511,patience,"not in a hurry, polite, waiting your turn for something, a valued trait"
65236,patience,"virtue, mother"
66133,patience,"being patient, being quiet, relaxing"
65263,patience,"tedious, annoyance"
65752,patience,"reserve, time, quiet, wait, reward, eventually, virtue"
64120,patience,"has the ability to wait a long time, not hurried, not easily upset, very flexible, outgoing around people."
66058,patience,"virture, waiting, calm"
65851,patience,"enduring, tolerant"
66451,patience,"wisdom, maturity, silence"
66541,patience,"virtuous, holding out for the future"
63820,patience,waiting
64711,patience,"caring, understanding, familiar"
65929,patience,"is the ability to tolerate, is nice to have, is a virtue, is not acquired by all"
64726,patience,calm
63610,patience,Waiting
66568,patience,when you can wait for something
66427,patience,"calm, humble, peace"
66574,patience,"is a virtue, watiing"
66289,patience,to wait
63238,patience,is the ability to wait.
62503,patience,"clam, mellow, depth, concent"
65620,patience,calm
62995,patience,waiting
64984,patience,"waiting, lines, characteristic, abstract"
62506,patience,"virtue, ability to wait"
64735,patience,"willing to wait, not in a hurry"
65521,patience,not high strung
66598,patience,time
63580,patience,"friends, parents, teachers, siblings"
66331,patience,ability to wait for something
64837,patience,"virtue, impatience, quality, trait"
63835,patience,being calm
64882,patience,is an adjective
66154,patience,waiting
64630,patience,waiting
64765,patience,peace
62335,patience,"a virtue, doctors offices, a teacher needs to have this, being able to wait, not ancy"
66634,patience,"virtuous, rare, mature"
66460,patience,"waiting, polite, anxiouos"
66643,patience,"maturity, waiting"
66646,patience,is a virtue
66655,patience,required in life
63943,patience,understanding
65839,patience,Ability to wait for rewards
66667,patience,ablity to wait
66670,patience,not easily frustrated
62884,patience,being calm when waiting for something
66676,patience,being able to wait
66649,patience,waiting
66679,patience,wait
66607,patience,"is useful, is hard to have sometimes"
66688,patience,virtue
65968,patience,"calm, caring"
64480,personality,"how someone is in life, how they react to certain situations and etc."
63730,personality,disorder
66433,personality,bubbly
66421,personality,"shy, outgoing, introvert, extravert"
66439,personality,"funny, angry, nice, mean, silly, serious"
63862,personality,Type A or B
62713,personality,what makes a person unique
63424,personality,"ego, nice, acting"
65599,personality,trait
65395,personality,"they way people act, selfish, shy, outgoing, loves to have fun"
62872,personality,has emotion
66472,personality,"traits, people have them"
66487,personality,nice
66496,personality,"traits that make you the way you are, the most important part of finding a mate"
66448,personality,"traits, who a person is, loyal, respectful, funny"
66493,personality,"warm, people, strong willed, key characteristic"
66385,personality,"traits, everyone has one, inner person, how one acts"
66511,personality,the traits that make people unique
65236,personality,"funny, cute, friendly"
66133,personality,"head, how you act"
65263,personality,"one of a kind, unique, funny, charasmatic, pesamistic, type a, type b"
65752,personality,"type, behavior, social, positive, negative, defines who we are"
64120,personality,"describes a persons mannerisms, can be kind, patient, etc. the way someone generally acts."
66058,personality,"bubbly, sweet, kind, fun, ditzy, funny, woman, outgoing, everyone"
65851,personality,how a person expresses themselves
66451,personality,"not physical,  identity, unique"
66541,personality,"Sense of humor, associated with interests, serious, solemn, lighthearted"
63820,personality,outgoing
64711,personality,"important, invididual, unique,"
65929,personality,"is what makes up your behaviour, is your traits"
64726,personality,characteristics
63610,personality,Yourself
66568,personality,who you are
66427,personality,"charm, nature, self, individual"
66574,personality,good or bad
66289,personality,persons actions
63238,personality,everyone has one. allows for personal expression
62503,personality,"anger, sad, distressed, melow, chill"
65620,personality,character
62995,personality,"nice, mean, bubbly"
64984,personality,"honest, greedy, humble, quiet"
62506,personality,"important, what makes a person truly unique, not shallow, interesting"
64735,personality,"who you are, what you do"
65521,personality,"character, lively"
66598,personality,person
63580,personality,"fun, honest, trustworthy"
66331,personality,"way people view you, social status"
64837,personality,"good, bad, obsessive, personality test"
63835,personality,"the way someone acts, the things they do"
64882,personality,is a thing can change
66154,personality,is who you are
64630,personality,"unique, mean, nice, funny"
64765,personality,trate
62335,personality,"trait, something acquired, based on background of childhood, makes you original"
66634,personality,variable
66460,personality,"how you act, who you are, what you do"
66643,personality,"person, different kinds"
66646,personality,"disorder, unique, funny"
66655,personality,"traits, what everyone has, nice"
63943,personality,"behavior, trait, characteristic"
65839,personality,A person
66667,personality,characteristics
66670,personality,"the way someone acts,"
62884,personality,someones character
66676,personality,how a person acts or carries themself
66649,personality,character
66679,personality,bubbly
66607,personality,"funny, nice"
66688,personality,the way they are
65968,personality,"happy, sad, angry"
64480,plane,a transportation object that helps people get places and fly
63730,plane,fly
66433,plane,travel
66421,plane,"large, fly, noisy"
66439,plane,"safety, wings, doors , high altitude, passengers"
63862,plane,Closterphobic
62713,plane,"can fly, has wings, has wheels, has engines"
63424,plane,"air, wiz khalifa, wings"
65599,plane,air ports
65395,plane,"travel, fly, helicoptor"
62872,plane,has wings
66472,plane,"flies, has wings, transportation"
66487,plane,fly
66496,plane,"surface, axis"
66448,plane,"flies, transportation, travel, used on vacations"
66493,plane,"Romania, flying, high, white, big, expensive, has little windows, claustrophobic"
66385,plane,"flys through the air, large, holds lots of people, transportation"
66511,plane,"flies in the air, made of metal, can seat many people, travels long distances, often mistaken for stars"
65236,plane,"wings, metal, transportation"
66133,plane,"fly, sky"
65263,plane,"ride, ticket, travel, journey, exotic places"
65752,plane,"transportation, fly, wings, passengers, suitcases, people, destination"
64120,plane,"a vehicle of transportation, flies through the air, fastest way to get somewhere, has two wings, has an engine, is manned by at least one pilot."
66058,plane,"crash, air, turbine, paint, wing span, airports, costly, passangers"
65851,plane,"has coordinates, metal, aerodynamic, used to fly"
66451,plane,"thrust, flying, great distances, fast, modern, jumbo, altitude"
66541,plane,"a flat, or has wings, can fly"
63820,plane,fly
64711,plane,"clouds, steel, loud, humming"
65929,plane,"is a flat surface, is a machine that flys"
64726,plane,fly
63610,plane,Fly in
66568,plane,flies in the air
66427,plane,"air, pilot, air force"
66574,plane,"traveling, fast"
66289,plane,transportation
63238,plane,a vehicle used in flight.
62503,plane,"fly, level, conciousness, air"
65620,plane,"fly,air,fast"
62995,plane,"flies, glides, has two wings, has engines, makes loud noise, accelerates, holds things"
64984,plane,"high, air, movement"
62506,plane,"fly, airborne, security, expensive, large, metal, heavy"
64735,plane,"Flies, fast, transports"
65521,plane,gets you from one place to another
66598,plane,to fly
63580,plane,"in the sky, travel"
66331,plane,"vehicle that flies, has wings"
64837,plane,"air, ride, to fly, airport, security, crash, hydroplane, graph"
63835,plane,"flying, goes high, goes fast"
64882,plane,is a thing used for flying
66154,plane,air flying
64630,plane,"vacation, new people, peanuts"
64765,plane,parachute
62335,plane,"fly, in sky, cockpit, passengers, first class, takes less time, transportation"
66634,plane,"large, metal, heavy, machine"
66460,plane,"flies, carries people, starts at an airport, has wings and an engine"
66643,plane,"in the air, flying, airports, noisy"
66646,plane,"trains and automobiles, vacation"
66655,plane,"the wright brothers, used to travel with, contains pilots and passengers, contains luggage, alegiant"
63943,plane,"metal, loud, used for transportation, diverse"
65839,plane,An object capable of getting lift from gravity and transporting people
66667,plane,transportation
66670,plane,"made of metal, flys, carries passengers"
62884,plane,"is made of metal, can fly, is big,"
66676,plane,"object used for flying, surface"
66649,plane,fly
66679,plane,fly
66607,plane,"fly, clouds, airport, travel"
66688,plane,fly
65968,plane,"transportation, airport, vacation"
64480,poker,a game that is played with a deck of cards
63730,poker,face
66433,poker,cards
66421,poker,"game, bet, win, lose"
66439,poker,"cards, lying, money, chips, deceit"
63862,poker,Boys Night Out
62713,poker,"uses cards, uses chips, sometimes uses green felt table"
63424,poker,"cards, face, money"
65599,poker,face
65395,poker,"cards, card games, money, bets, people involved, food, drinks"
62872,poker,has cards
66472,poker,"gambling, winning, losing, cards, dealer"
66487,poker,table
66496,poker,"face, card game, chips, cards, casino, casino royale"
66448,poker,"gambling, cards, royal flush, addicting"
66493,poker,"poker face, song, game, money gained, money lost, Las Vegas"
66385,poker,"card game, money, chips, played around a table, gamble"
66511,poker,"a game mostly played by guys, can cause people to lose their money, cigars are usually involved when playing, or there are fire pokers, which move logs around in fires to keep the flame burning"
65236,poker,"cards, vegas, casino"
66133,poker,"Poker is a game, usually bet, played with chips"
65263,poker,"bluff, lots of cards"
65752,poker,"game, bet, fire, gambling, cards, smoke, drink, money"
64120,poker,"made of metal, used to control fires, pointy tip, also a game played with cards, extremely competitive, five card variation, seven card variation,  with different rules"
66058,poker,"face, cards, chips, millions of dollars, bet, gamble,"
65851,poker,"can be a card game, can be a metal rod, stirs fires"
66451,poker,"card game, probability, math, strategy, lying"
66541,poker,"associated with gambling, mostly men who are smoking, wearing sunglasses indoors, and visors"
63820,poker,blackjack
64711,poker,"bet, gamble, win, lose, luck of the draw,"
65929,poker,"is a card game, is a utensil ment to poke, is to jab with your finger"
64726,poker,card game
63610,poker,Playing cards
66568,poker,a card game
66427,poker,"poker face, lady gaga, cards"
66574,poker,"game, cards, bluffing"
66289,poker,gambling
63238,poker,is a card game.
62503,poker,"face, cards, money, entertainment"
65620,poker,"play,game"
62995,poker,card game
64984,poker,"cards, smoke, alcohol, men"
62506,poker,"game, cards, fun, money"
64735,poker,"risky, fun, with friends"
65521,poker,"game, chips"
66598,poker,gambling
63580,poker,"money, Las Vegas"
66331,poker,"game played with cards and chips, form of gambling"
64837,poker,"game, face, bluff, fold, gamble, bet, win, lose, money, cards, full house, straight"
63835,poker,a card game
64882,poker,is an occupation
66154,poker,gambling
64630,poker,"gambling, vegas, cards"
64765,poker,tournament
62335,poker,"Strategic, gambling, certain mindset, win big, lose lots, life changing, hobby, casinos, cards, chips, old men, strip, game"
66634,poker,"risky, fun, exciting"
66460,poker,"pokes fire, moves logs"
66643,poker,"game, face, gambling"
66646,poker,"face, texas hold em"
66655,poker,"face, lady ga ga, Las Vegas, chips, cards, gambling, money"
63943,poker,"long, pointed"
65839,poker,A Card Game
66667,poker,gamble
66670,poker,"a game, uses cards"
62884,poker,"game, gambling, cards"
66676,poker,"card game, object used to move wood in the fireplace"
66649,poker,cards
66679,poker,face
66607,poker,"gambling, Las Vegas, Sin City, money, risks, debt"
66688,poker,gambling
65968,poker,"gamble, money, debt"
64480,pot,something that people cook food in
63730,pot,stove
66433,pot,mary jane
66421,pot,"cooking untinsil, found in kitchen, cook food in"
66439,pot,"cooking, green, boiling, healthy, temperature, drugs"
63862,pot,Cooking
62713,pot,"used to cook in, can boil water in, can hold things"
63424,pot,"drugs, flower, clay"
65599,pot,drug
65395,pot,"pan, cook, food, stove, oven"
62872,pot,made of metal
66472,pot,"vase, holds dirt"
66487,pot,tea
66496,pot,"container for plants, slang term for a drug"
66448,pot,"cooking, metal, boil,"
66493,pot,"boiling, food, pasta, water"
66385,pot,"holds food, used for cooking, found in the kitchen, goes on the stove"
66511,pot,"slang term for marijuana, a metal object used for cooking, a slang term for toilet"
65236,pot,"pan, black, cooking"
66133,pot,"round, aluminum"
65263,pot,"head, marijuna,"
65752,pot,"type of drug, cook, container, hot, stove, oven, food, storage, metal"
64120,pot,"used to cook food, sits on stove, heats up fluids, has a copper bottom, has an accompanying lid."
66058,pot,"illegle, high, stoners, hippies"
65851,pot,"pan, metal, used in cooking, usually in a kitchen"
66451,pot,"metal, tool, cooking, container"
66541,pot,"used to cook with, sometimes to smoke, illegal or delicious"
63820,pot,tea
64711,pot,"metal, hot and cold, heavy"
65929,pot,"is a kitchen utensil, holds liquids, holds food, is metallic"
64726,pot,vase
63610,pot,Holds flowers
66568,pot,what you plant a plant in
66427,pot,"weed, pans, cooking"
66574,pot,"drug, stupid"
66289,pot,the winners money
63238,pot,is a substance that should be legal.
62503,pot,"drugs, cook, food, boil"
65620,pot,kettle
62995,pot,"kettle, metal, round, container"
64984,pot,"cook, silver or black, absorbs heat"
62506,pot,"cooking, iron, metal, heavy, hard, cool, stovetop"
64735,pot,"Cooks, Boils, Holds things"
65521,pot,something you bake food in
66598,pot,cook
63580,pot,flowers
66331,pot,"bowl, used for storing things"
64837,pot,"pan, cook, silver, stew, soup, to stir"
63835,pot,used for cooking
64882,pot,is a noun is a drug
66154,pot,toilet drug
64630,pot,"plant, leaves, drug"
64765,pot,pot luck
62335,pot,"used to plot plants, dirt, seeds, smoked, get high, Illegal,"
66634,pot,"metal, useful, cooking instrument"
66460,pot,"hot, cook food in it, put on a stove, store in the kitched"
66643,pot,used for cooking
66646,pot,"pan, weed"
66655,pot,"flowers, seeds, dirt, something used to hold a flower, breakable"
63943,pot,"round, metal, used for cooking"
65839,pot,A container used in cooking
66667,pot,cook things
66670,pot,"drugs, leaf, green, smells"
62884,pot,hold food you cook
66676,pot,"mary jane, what you cook in"
66649,pot,Pan
66679,pot,weed
66607,pot,"is a cooking utensil, is made out of metal, is used to boil water"
66688,pot,pan
65968,pot,"weed, cooking"
64480,present,"in the now, what's happening today and not tomorrow"
63730,present,past
66433,present,past
66421,present,"gift, give, birthday"
66439,present,"wrapping paper, ribbons, colorful"
63862,present,Christmas
62713,present,"given on birthdays and Christmas, are wrapped"
63424,present,"christmas, birthday, wrapping paper"
65599,present,christmas
65395,present,"gift, multiple gifts, christmas, birhtdays, give, share"
62872,present,has past
66472,present,"gift, suprise, something you want"
66487,present,christmas
66496,present,"presentation, giving something, a gift, as message"
66448,present,"current time, gift, used many ways"
66493,present,"right now, make it or break it"
66385,present,"gift, Christmas, given to someone, brings joy"
66511,present,"a gift from someone, the current time, alternative word for ""here"" often used for attendance"
65236,present,"gift, bow, excited"
66133,present,"gift, christmas"
65263,present,"Christmas, state between the past and future"
65752,present,"past, future, time, gift, kindness, holiday, affection"
64120,present,"something you give to someone else, usually wrapped in paper, has a bow, given away on christmas and other special occasions. has a to/from tag."
66058,present,"christmans, birthday, weeding, something nice, expensive, creative"
65851,present,"now, gift, to show"
66451,present,"now, in the moment, instantaneous, gift, sign of affection"
66541,present,"giving, selfless, christmas time"
63820,present,Christmas
64711,present,"now, here, not the future or past, gift,"
65929,present,"is current time, is a gift, are given during holidays"
64726,present,gift
63610,present,Today
66568,present,time that is happening now
66427,present,"gift, the ghost of christmas present, time"
66574,present,"christmas, birthday, gifts"
66289,present,to teach
63238,present,what is under a christmas tree.
62503,present,"time, memory, lie, life"
65620,present,"time,gift"
62995,present,gift
64984,present,"bows, gift wraps, share"
62506,present,"now, happening, important, gift, Christmas, today, not yesterday or tomorrow, alive"
64735,present,"gift, free, christmas"
65521,present,"Christmas, gifts"
66598,present,now
63580,present,"birthday, christmas"
66331,present,the current time or place
64837,present,"setting, here and now, today, gift, colorfully wrapped, has a bow, free, generosity, is a thing, is a surprise, for Christmas, for a birthday, for an anniversary"
63835,present,"a gift givin to you, the moment we are in right now"
64882,present,is a gift
66154,present,past furture
64630,present,"christmas, now, gift"
64765,present,christmas
62335,present,"what's happening now, christmas, birthdays, holidays, to show something, introducing someone"
66634,present,"joy, love, special"
66460,present,"gift, something unexpected, surprise, get them on holidays"
66643,present,"christmas, gift, birthdays"
66646,present,"past, future"
66655,present,"Christmas, Birthday, Cake, Coach"
63943,present,gift
65839,present,A gift
66667,present,happening now
66670,present,"boxes, wrapped"
62884,present,what is happening now
66676,present,"birthday or christmas, being somewhere"
66649,present,here
66679,present,gift
66607,present,"now, currently"
66688,present,box
65968,present,"christmas, birthday"
64480,rare,something that doesn't happen a lot
63730,rare,form
66433,rare,meat
66421,rare,"unique, artifact, find"
66439,rare,"animal, food, purse, name"
63862,rare,Diamonds
62713,rare,"uncommon, not east to find, valuable"
63424,rare,"uncommon, steak, hard to find"
65599,rare,meat
65395,rare,"not known, very few, extinction"
62872,rare,not often found
66472,rare,doesn't happen often
66487,rare,animal
66496,rare,"uncommon, hard to find"
66448,rare,"hard to find, unusual, unique,"
66493,rare,unique
66385,rare,"not common, special, search for"
66511,rare,"not common, close to being extinct"
65236,rare,"precious, intriguing"
66133,rare,"doesnt happen often, not usual"
65263,rare,"jewlery, stone, rock, mineral, one of a kind"
65752,rare,"endangered, animal, near extinction, precious, valuable, gold"
64120,rare,"hard to find, is obscure, is old or no longer made, is valuable, is unique"
66058,rare,"special, fancy, delicate, metal, pawn stars, collectors, coins, toys, guns, cars"
65851,rare,"unique, hard to obtain"
66451,rare,"hard to find, not occuring often"
66541,rare,"high value, hard to come by, money"
63820,rare,meat
64711,rare,"important, valuable, uncommon, not done"
65929,rare,"is a event that normally dosent occur, is a precious item"
64726,rare,unique
63610,rare,Not found often
66568,rare,something you can't find often
66427,rare,"steak, collectible, expensive"
66574,rare,"diamonds, emeralds, rubies"
66289,rare,cant find
63238,rare,how stakes can be cooked. is a hard to find item.
62503,rare,"limited, hard, difficult, distressed"
65620,rare,meat
62995,rare,"different, unique"
64984,rare,"diamonds, blood type, disease"
62506,rare,"valuable, special, hard to find, expensive, one-of-a-kind, unique, precious"
64735,rare,"not commonly found, exciting"
65521,rare,"way to cook a steak, or not common"
66598,rare,unlikely
63580,rare,rainbows
66331,rare,"not seen very often, unusual,"
64837,rare,"find, treasure, unique, endangered, animals, jewels"
63835,rare,"way to cook meat, one in a million"
64882,rare,is a ine of a kind
66154,rare,unfrequently
64630,rare,"endangered species, unique"
64765,rare,valuable
62335,rare,"hard to find, unusual, breed, species, expensive,"
66634,rare,"expensive, treasured"
66460,rare,"uncommon, not everyone has it, jewels or gems"
66643,rare,expensive
66646,rare,"meat, unique"
66655,rare,"Rubies, Expensive, Money, White Tiger"
63943,rare,"not common, unnusual"
65839,rare,Valuable
66667,rare,not often
66670,rare,"not fully cooked, still very red inside"
62884,rare,very few
66676,rare,"not common, hard to find"
66649,rare,tigers
66679,rare,steak
66607,rare,"animals, meat, not common"
66688,rare,unique
65968,rare,"unique, not common, honest people"
64480,referee,"makes judgements, should be fair, and should always be equal"
63730,referee,sports
66433,referee,soccer
66421,referee,"game, whistle, flag"
66439,referee,"soccer, volleyball, basketball, football"
63862,referee,Hockey
62713,referee,"wears stripes, has a whistle, carries flags, regulates sports"
63424,referee,"black and white, whistle, sport"
65599,referee,soccer
65395,referee,"sports, basketball, football, softball, baseball, help regulate game, calls fouls"
62872,referee,has a stripped shirt
66472,referee,"calls penalties, regulates game"
66487,referee,game
66496,referee,"adjudicator, overseer, official"
66448,referee,"sports, football, black and white, penalties"
66493,referee,"soccer, game, not loved, Halloween, whistle, black and white, stripes"
66385,referee,"enforce rules of sports, wears black and white, whistles"
66511,referee,"someone who calls the plays in sports, often wear black and white striped shirts, blow whistles, people often get angry with them"
65236,referee,"stripes, whistle, flag"
66133,referee,"official, rules, penalties"
65263,referee,"fat men, white and black, bad calls,"
65752,referee,"sport, game, conduct, score, whistle, blow, numbers, uniform"
64120,referee,"judges sporting events, observes games and upholds the rules, wears black and white stripes, has a whistle, makes money."
66058,referee,"basketball, sporting games, judge, offical, accurate, equall,"
65851,referee,"arbitrator, judge"
66451,referee,"stripes, whistle, officiating, object of anger, neutral"
66541,referee,"black and white stripes, has a whistle, usually an older gentleman"
63820,referee,whistle
64711,referee,"black and white, order keeper, enforcer, whistles"
65929,referee,"is a enforcer of rules, keeps games safe"
64726,referee,judge
63610,referee,Fairness
66568,referee,official of a game
66427,referee,"whistle, game, soccer"
66574,referee,"controls games, right or wrong"
66289,referee,to judge
63238,referee,calls games. makes decisions.
62503,referee,"game, sports, soccer, football, hockey, mother, father"
65620,referee,"middle,rules,judge"
62995,referee,"person, makes judgements, wheres white and black stripes"
64984,referee,"rules, whistle"
62506,referee,"judge, peacekeeper, overseer, black and white"
64735,referee,"keeps peace, enforces rules"
65521,referee,to judge
66598,referee,judge
63580,referee,basketball
66331,referee,"official at a sports game, wears white and black shirt, blows a whistle"
64837,referee,"soccer, basketball, black and white stripes, whistle, flag, penalty, foul, argument"
63835,referee,"judges sporting events, umpire"
64882,referee,is an occupation
66154,referee,enforcing
64630,referee,"soccer, basketball, football, black and white, whistle, uniform"
64765,referee,football
62335,referee,"knows all rules, watches games, knows the right and wrong, makes calls"
66634,referee,official
66460,referee,"striped shirt, sports game, whistle, tall socks"
66643,referee,"sports, authority"
66646,referee,"white and black, whistle, soccer"
66655,referee,"black and white, basketball, The Courts, Nikes, an official, a whistel, a buzzer"
63943,referee,"supervisor, rule keeper"
65839,referee,A person that decides plays in sports
66667,referee,official
66670,referee,"judge of a basketball or football game, wear black and white striped shirts"
62884,referee,"is a rule enforcer,"
66676,referee,"calls sports, wear black and white, have whistles"
66649,referee,sports
66679,referee,stripes
66607,referee,"black and white striped jerseys, judge"
66688,referee,zebra
65968,referee,"sports, authority, zebra"
64480,refrigerator,a place where you keep your food
63730,refrigerator,cold
66433,refrigerator,cold
66421,refrigerator,"freezer, cold, food storage"
66439,refrigerator,"cold, food, frozen, yummy, plastic, metal, sterling silver, wood"
63862,refrigerator,Small Cubicle in my room
62713,refrigerator,"tall, white, cold, put food inside, has lights, has handles"
63424,refrigerator,"storage, food, cool"
65599,refrigerator,food
65395,refrigerator,"cold, frozen, food, drinks, temperature"
62872,refrigerator,contains a lack of heat
66472,refrigerator,"cold, keeps food, keeps liquid, heavy"
66487,refrigerator,food
66496,refrigerator,"keeps cold food cold, food storage"
66448,refrigerator,"cool, stores food, found in most households, utility, appliance"
66493,refrigerator,"food, cold beer, minifridge, magnets"
66385,refrigerator,"keeps things cold, freezer on top, food inside, door, white"
66511,refrigerator,"keeps food items cold, located in most people's kitchens, an appliance"
65236,refrigerator,"keeps food cold, in the kitchen, big appliance, uses electricity"
66133,refrigerator,"cold, milk, food"
65263,refrigerator,"cold, smelly, bright, white"
65752,refrigerator,"appliance, home, keeps food cold, beverage, ice, temperature"
64120,refrigerator,"is tall, usually has accompanying freezer, stores food and drink, is magnetic, keeps things cold, runs on electricity, generates ice."
66058,refrigerator,"sears, running,"
65851,refrigerator,"keeps food cool, in kitchen, metal"
66451,refrigerator,"cold, preservation"
66541,refrigerator,"cold, metallic, nourishing, used by mom, left open by everyone else"
63820,refrigerator,cold
64711,refrigerator,"cold metal, preserving"
65929,refrigerator,"is to keep food cold, is sometimes in vehicles"
64726,refrigerator,freezer
63610,refrigerator,Keep things cold
66568,refrigerator,where you keep food and drink cold
66427,refrigerator,"cold, food, light, white"
66574,refrigerator,"food, drinks"
66289,refrigerator,to keep cold
63238,refrigerator,is often running. keeps food cold. has a light.
62503,refrigerator,"cold, fresh, taste"
65620,refrigerator,"storage,food,cold"
62995,refrigerator,"holds things, is cold"
64984,refrigerator,"cold, fruits, vegetables, leftovers, electricity, big"
62506,refrigerator,"cold, keeps things fresh, large, heavy, metallic, magnetic"
64735,refrigerator,"keeps things cool, large"
65521,refrigerator,keeps food cool
66598,refrigerator,cold
63580,refrigerator,"food, cold"
66331,refrigerator,"electronic, cabinet, cold, stores food"
64837,refrigerator,"food, cold, white, big, appliance, preservation"
63835,refrigerator,"an appliance, keeps food and drinks cold"
64882,refrigerator,is a thing is a noun used in kitchen
66154,refrigerator,cold storage
64630,refrigerator,"food, cold, crisper"
64765,refrigerator,cold
62335,refrigerator,"cold, store pershiables,"
66634,refrigerator,"cold, metallic"
66460,refrigerator,"cold, in the kitchen, with a freezer, keeps food cold"
66643,refrigerator,"cold, tall, wide, deep"
66646,refrigerator,"door, cold, food"
66655,refrigerator,"found in the kitchen, made of metals, holds food, keeps things cold"
63943,refrigerator,cold
65839,refrigerator,Vacuum used to cool food by sucking out hot air
66667,refrigerator,cold
66670,refrigerator,"it's a box, white or black, keeps food fresh"
62884,refrigerator,"contains food, keeps things cold, is an appliance"
66676,refrigerator,object used to cool food
66649,refrigerator,freezer
66679,refrigerator,cold
66607,refrigerator,"cold, cool, milk, juice, meats"
66688,refrigerator,sink
65968,refrigerator,"food, cold, electricity"
64480,rent,an option for housing payments
63730,rent,due
66433,rent,apartment
66421,rent,"apartment, house, money"
66439,rent,"apartment, house, condo, expensive, transvestites"
63862,rent,House
62713,rent,"costs money, usually for living quarters, usually too high"
63424,rent,"dead money, home, car"
65599,rent,house
65395,rent,"house, apartment, available space, monthly payment"
62872,rent,requires money
66472,rent,"pay for living, loan"
66487,rent,home
66496,rent,"bills,"
66448,rent,"houses, cars, expensive, establishes credit"
66493,rent,"way too high, hard to pay, my roommate, coming up on me"
66385,rent,"borrow, temporary, pay money, not yours, need"
66511,rent,"to borrow, lend a house for a short time, name of a movie"
65236,rent,"check, apartment, life"
66133,rent,"house, pay"
65263,rent,"appartment, -out"
65752,rent,"borrow, temporary, movie, room, only for a moment"
64120,rent,"given to a landlord, usually in the form of money, is exchange for living somewhere, gives you access to a location."
66058,rent,"landlord, payment, responsibility, evection, house, car, boat, books, apartment"
65851,rent,"to borrow, temporary"
66451,rent,"payment, monthly, living expense, apartments, cars, money"
66541,rent,"bad idea, no equity, monthly installments"
63820,rent,Money
64711,rent,"money, home, house, dues to be paid"
65929,rent,"is a price to live, is to pay to borrow, is a value."
64726,rent,money
63610,rent,Paying for something
66568,rent,what you pay to borrow something
66427,rent,"payment, lease, borrow"
66574,rent,pay every month
66289,rent,to borrow
63238,rent,what is paid to live in an aparment.
62503,rent,"money, used, borrowed"
65620,rent,"money,job,home"
62995,rent,a payment
64984,rent,"temporary, borrowed, money,"
62506,rent,"use without owning, monthly fee"
64735,rent,"payment owed, not owned object"
65521,rent,house
66598,rent,payment
63580,rent,houses
66331,rent,paying to use for a small amount of time
64837,rent,"musical, pay, expensive, landlord, late"
63835,rent,"money you pay to land lord, living in someone elses leased building"
64882,rent,is a noun
66154,rent,borrow
64630,rent,"apartment, house, play"
64765,rent,paying for housing
62335,rent,"house, apartment, college students, musical,"
66634,rent,"due, unyielding"
66460,rent,"pay, apartment, money, cost to live somewhere,"
66643,rent,"cars, houses, tools, movies, video games"
66646,rent,apartment
66655,rent,"expensive, apartment, landlord, an amount you pay monthly"
63943,rent,"money, borrow"
65839,rent,The amount of money someone pays to live in a residence
66667,rent,not own
66670,rent,fee paid for living somewhere
62884,rent,the amount of money someone pays for something they don't own
66676,rent,"gay movie, what one pays to live somewhere"
66649,rent,Own
66679,rent,to own
66607,rent,"money, poor"
66688,rent,buy
65968,rent,"landlord, apartment, roommates"
64480,shake,a motion used between two people
63730,shake,hands
66433,shake,steak
66421,shake,"rattle, move, roll"
66439,shake,"milk, whipped cream, cherries, ice cream, chocolate, strawberry, vanilla"
63862,shake,Steak-n-Shake
62713,shake,"to rattle, to move alot"
63424,shake,"steak, milk, wiggle"
65599,shake,ice cream
65395,shake,"food, something to drink, milk, fruit, ice cream, smooth and creamy"
62872,shake,has scales for skin
66472,shake,"quick movement of something, moving rapidly uncontrollably"
66487,shake,milk
66496,shake,"chocolate, milk, thick drinks"
66448,shake,"move quickly, ice cream, toss"
66493,shake,"handshake, chocolate shake, calories, friendly, good tasting, money"
66385,shake,"a drink, ice cream, liquid, colorful, treat"
66511,shake,"milkshake, moving someone to wake up (""shaking"" them), what one often does when they are cold or nervous"
65236,shake,"chocolate, cold, frosty, burger"
66133,shake,"salt, stir, mix"
65263,shake,"n bake, n steak, milk shakes, maraccas, sluty rap videos"
65752,shake,"rattle, rapid movement, shiver, muscle, nervouse, scared, fear"
64120,shake,"made of ice cream, tastes sweet, has a cherry on top, is mixed with milk, comes in a variety of flavors, part of americana"
66058,shake,"a leg, bake, crumbs, icecream, strawberry, good, health"
65851,shake,"to move back and forth, a mixture, can be fruity"
66451,shake,"back and forth motion, mix, atoms smashing together"
66541,shake,"creamy, smooth, cold, delicious, found at ice cream parlors"
63820,shake,booty
64711,shake,"cold, icy, shivers, goosebumps."
65929,shake,"is to move something violently, is a drink,"
64726,shake,rattle
63610,shake,Hands
66568,shake,move something with an up and down motion
66427,shake,"girate, whip your hair, tremble"
66574,shake,"bottles, things, your body"
66289,shake,mix
63238,shake,is a movement. can be applied to milk.
62503,shake,"mix, drink, batter, fluid, cleaning"
65620,shake,move
62995,shake,rattle
64984,shake,"milkshake, side movemnt, dance."
62506,shake,"bake, rattle, back and forth"
64735,shake,"Delicious, milky, flavorful"
65521,shake,rattle
66598,shake,move
63580,shake,"milk, hands"
66331,shake,to move rapidly
64837,shake,"chocolate, vanilla, strawberry, Steak 'n shake, a drink, ice cream, cold, thick, vigorously, to shake hands, to wiggle, to shiver, to tremble"
63835,shake,move up and down quickly
64882,shake,is a verb used in dancing
66154,shake,rapid movements
64630,shake,"milkshake, steak and shake, movement"
64765,shake,and bake
62335,shake,"Margarita, ice cream desert, weight, mix, combine items,"
66634,shake,"vigorous, active"
66460,shake,"move quickly, to mix things,"
66643,shake,"drink, meeting someone"
66646,shake,"hand, milk"
66655,shake,"chocolate, whip cream, chocolate chips"
63943,shake,move back and forth
65839,shake,Move in a repetitive motion
66667,shake,motion
66670,shake,"a baby rattle, makes noise, sometimes red"
62884,shake,can occur to the ground in an earthquake
66676,shake,"weight, milk, to tremble"
66649,shake,seziure
66679,shake,shook
66607,shake,"is made from icecream, is made from chocolate sauce"
66688,shake,stir
65968,shake,"dance, ice cream"
64480,slide,a motion that happens when something is slick
63730,slide,into
66433,slide,playground
66421,slide,"playground, children, fun"
66439,slide,"red, purple, McDonald's, children, fun, laughter"
63862,slide,Powerpoint
62713,slide,"is on a playground, is usually tall, is usually metal"
63424,slide,"water, fun, play area"
65599,slide,pool
65395,slide,"playground, children,, fun, games,"
62872,slide,lacks friction
66472,slide,"slippery, fun, goes down,"
66487,slide,water
66496,slide,"smooth, kept outdoors, angled, elevated beginning"
66448,slide,"fun, slick, for children, long, curvy"
66493,slide,"mudslide, winter, snow, hurts, sisters"
66385,slide,"playground, go down, ladder up, child activity"
66511,slide,"can be used for pools, often at playgrounds, landslides, to slip,"
65236,slide,"children, laughing, swings"
66133,slide,"water, something you go down"
65263,slide,"excercise, to the right, slide to the left, two hops this time, cha cha slide"
65752,slide,"fun, children, playground, recreation, movement, gravity, pull, slippery"
64120,slide,"is made of metal or plastic, has a smooth angular surface, found on playgrounds, has a ladder side. is sat on and ridden downward."
66058,slide,"playground, baseball, little kids, water, tunnels, twists, fun, excitment"
65851,slide,"minimal friction, movement"
66451,slide,"down, motion"
66541,slide,"fun, for kids slippery, hard to climb up"
63820,slide,playground
64711,slide,"innocence, laughing, plastic, hard, movement, air"
65929,slide,"is to push off on a slippery surface, is at parks, is smooth"
64726,slide,push
63610,slide,Playground
66568,slide,at a park
66427,slide,"electric slide, slip, projector"
66574,slide,activity
66289,slide,sly
63238,slide,is played on by kids. is at a playground
62503,slide,"slip, break, fall, destruction, assistance, elderly"
65620,slide,"fun, move"
62995,slide,"steep, fun to play with, for kids, slick"
64984,slide,ease
62506,slide,"fun, plastic, fast, water, park, children, childhood, long, wavy, circular"
64735,slide,"Fun, used as a kid"
65521,slide,to move across
66598,slide,slip
63580,slide,softball
66331,slide,natural movement
64837,slide,"fun, at a park, kids, to play, ladder"
63835,slide,playground equipment
64882,slide,is a verb and a noun
66154,slide,sloped down
64630,slide,"park, water park"
64765,slide,sly
62335,slide,"slip, baseball, let things get past, on side, on back,"
66634,slide,"toy, fun, spiral"
66460,slide,"slippery, slick. to fall, move quickly across"
66643,slide,"playground, slippery,  young children, fun, downward sloping"
66646,slide,playground
66655,slide,"at a park, shocks you, silver, summer"
63943,slide,"at a playground, diverse,"
65839,slide,Slanted wedge usually made of metal or plastic
66667,slide,fun
66670,slide,"transparent, projection"
62884,slide,is playground equipment for children
66676,slide,object on a playground
66649,slide,playground
66679,slide,slid
66607,slide,"playground, kids, slick, tall, steep"
66688,slide,glide
65968,slide,"playground, dance"
64480,spread,to take one thing and put it all over something else
63730,spread,disease
66433,spread,jelly
66421,spread,"disperse, move around, wipe"
66439,spread,"bread, cheese, spinach and artichoke, butter, jam, fruit, meat"
63862,spread,Spread Eagle
62713,spread,what you do with butter
63424,spread,"butter, knife, table"
65599,spread,butter
65395,spread,"butter, bread, peanut butter, sandwiches"
62872,spread,lacks containment
66472,spread,less in one spot
66487,spread,butter
66496,spread,division
66448,spread,"move around, separate"
66493,spread,"butter, all over the place, spill, garlic spread"
66385,spread,"on bread, whipe, put something on another thing"
66511,spread,"a word often used to smear butter on toast, viruses can spread or travel, one can perform a spread eagle with their legs"
65236,spread,"peanut butter, knife, bread"
66133,spread,"sickness, spread std's"
65263,spread,"peanut butter, sweet house or apartment"
65752,spread,"butter, jelly, jam, bread, movement, smooth, knife. across"
64120,spread,"measures distance apart, easy to run over bread, plans or blueprints, sometimes flavorful."
66058,spread,"jelly, sandwich, to seperate"
65851,spread,"layed out, expanded, flat"
66451,spread,betting term
66541,spread,"covers, goes well on toast"
63820,spread,peanut butter
64711,spread,"thin,"
65929,spread,"is a wide variety of food, is a yoga position, is to evenly distribute"
64726,spread,cover
63610,spread,Over a wide area
66568,spread,to pull apart
66427,spread,"bread, butter, span"
66574,spread,to make something grow
66289,spread,to sperate
63238,spread,to cover an area with something.
62503,spread,"thin, distill, dilute"
65620,spread,"butter,food"
62995,spread,"giving things to others, extend, stretch"
64984,spread,"share,"
62506,spread,"distribute, even"
64735,spread,"not close together, offense used in college football often"
65521,spread,to move apart
66598,spread,rub
63580,spread,"butter, jelly"
66331,spread,to make wider
64837,spread,"butter, peanut butter, jelly, cheese, on a knife, gossip, to make even, to diffuse"
63835,spread,"wide set,"
64882,spread,is a verb
66154,spread,covering mass
64630,spread,"butter, knife, bread, legs"
64765,spread,butter
62335,spread,"butter, margarine, cooking, bread, array of food"
66634,spread,"action, with knife"
66460,spread,"butter, creamy"
66643,spread,"eagle, painting"
66646,spread,butter
66655,spread,"butter, bread, knife"
63943,spread,"cover, extend"
65839,spread,The ability to distribute food
66667,spread,food
66670,spread,usually put on food
62884,spread,space out something
66676,spread,"butter, to displace something across a surface"
66649,spread,butter
66679,spread,butter
66607,spread,"can be cream cheese, used on bagels, used as cheese on crackers"
66688,spread,confine
65968,spread,butter
64480,state,"where people live, they each have their own unique boundaries and things to do, also different climates"
63730,state,missouri
66433,state,Missouri
66421,state,"Missouri, Kansas, Texas"
66439,state,"mind, depression, fifty, speak, different"
63862,state,Missouri
62713,state,"part of a country, has own rules sometimes"
63424,state,"USA, new york, mess"
65599,state,missouri
65395,state,"Missouri, Kansas, Arkansas, Hawaii, Flordia, Mississippi"
62872,state,contains land
66472,state,place we live
66487,state,missouri
66496,state,"missouri, fifty, provinces"
66448,state,"fifty in USA, Missouri, has towns within them,"
66493,state,"Missouri, state of mind, visit"
66385,state,"collection of cities, different laws, mayor"
66511,state,"mental well-being, or a section of a country"
65236,state,"country, 50, region"
66133,state,"land territory, missouri"
65263,state,"of mind, territory, emotional being"
65752,state,"the united states, president, situation, circumstance, position"
64120,state,"in the U.S. they are districts of the country, contain their own governments, have a state motto, a state bird, a state rock, etc. Are broken up into smaller districts and towns, an area of land."
66058,state,"united, 50 of them, senate, government, represenative, building"
65851,state,"a configuration of matter, a condition"
66451,state,"a division, self governing, popular sovereignty"
66541,state,"bounded by landmarks such as rivers and mountain ranges, otherwise the boundaries are arbitrary"
63820,state,missouri
64711,state,"govermental, boundaries"
65929,state,"is a place where citys/towns reside, is the condition of something"
64726,state,region
63610,state,Contians cities and counties
66568,state,missouri
66427,state,"attitude, mood, natire"
66574,state,United states has 50 of them
66289,state,to portray
63238,state,is a large collection of cities. is united
62503,state,"entity, power, orginazation, government"
65620,state,place
62995,state,"place, rank, position, where one lives"
64984,state,"specific place, laws, taxes"
62506,state,"part of a nation, Missouri, government, status, current status"
64735,state,"part of the nation, government"
65521,state,where someone lives
66598,state,place
63580,state,missouri
66331,state,"area within a country, has a government within the federal government, composed of cities"
64837,state,"is a place, Missouri, United States, State of the Union, being, state of mind, state of health"
63835,state,"50 states in the U.S., liquid, solid, gas"
64882,state,is a place
66154,state,parts making a whole
64630,state,"province, country, taxes"
64765,state,of mind
62335,state,"city, where you  live, united states, 50, of mind"
66634,state,boundary-creating
66460,state,"has cities, 50 in the U.S. within a country, bigger than a county"
66643,state,"50, united, mental"
66646,state,"missouri, florida, arizona"
66655,state,"Missouri, a place to live, on of fifty"
63943,state,location
65839,state,A area under a government
66667,state,divided in the US
66670,state,"has borders, inhabited by people"
62884,state,"boundary, location,"
66676,state,"how one is, a part in a country"
66649,state,arkansas
66679,state,property
66607,state,United States
66688,state,Missouri
65968,state,territory
64480,station,where a certain group of people go to converse
63730,station,train
66433,station,train
66421,station,"fire, police, ranger"
66439,station,"gas, candy, magazines, restroom"
63862,station,Train Station
62713,station,"where trains stop, lots of people"
63424,station,"train, bus, people"
65599,station,gas
65395,station,"subway, transportation, police station"
62872,station,has tracks
66472,station,"place, many different kinds"
66487,station,train
66496,station,"stop, trains, scavenger hunts"
66448,station,"trains, planes, transportation"
66493,station,"train, bus, bearline, wait, stop, car"
66385,station,"gas, train, to meet, come together, collect materials"
66511,station,"a place where one waits for a train or bus, police ""station"" where cops are located, a set place for something"
65236,station,"train, gas, bus"
66133,station,"radio, railroad, union"
65263,station,"train, army"
65752,station,"train, pitstop, people, travel, tickets, point, destination"
64120,station,"facilitates transportation, trains stop and go, people buy tickets there, has a building, and railroad tracks, delivers you to another station."
66058,station,"gas, convient, weigh, trucks, service, cars, police, news"
65851,station,"meeting area, gathering point, building"
66451,station,"building, train, gas"
66541,station,"rest, destination,"
63820,station,gas
64711,station,"base camp, meeting place, formal"
65929,station,"is where radio brodcasts, is where buses stop at, is where trains stop at"
64726,station,train
63610,station,Train
66568,station,where you can get gas
66427,station,"train, stop, assignment"
66574,station,"music, an activity"
66289,station,to stay
63238,station,is a specific broadcast of television.
62503,station,"ary, gas, food, prices, expensive"
65620,station,"place,trains"
62995,station,"stopping place, position for things"
64984,station,"noise, commotion, people"
62506,station,gas
64735,station,trains stop here
65521,station,a place to get gas
66598,station,place
63580,station,"fire, police"
66331,station,place where something is operated
64837,station,"gas, train, bus, busy, loud, crowded"
63835,station,"a place set up for certain things, gas station"
64882,station,is a place is a noun
66154,station,"weigh station, train ect"
64630,station,"radio, tuner, gas"
64765,station,train
62335,station,"trains, set place, place where you suppose to be,"
66634,station,"loud, crowded"
66460,station,"trains leave from here, place to stop and rest,"
66643,station,"train, people, travelers,"
66646,station,train
66655,station,"train, 9 4/4, Harry Potter"
63943,station,"hub, terminal, port"
65839,station,A place for a hub of something
66667,station,place
66670,station,"a place where something is, usually has people at it"
62884,station,a place to get gasoline
66676,station,"radio, police"
66649,station,train
66679,station,stat you down
66607,station,"has gas, where cars get fuel, has a convient store"
66688,station,rest stop
65968,station,"train, gas"
64480,tell,to communicate to someone with words
63730,tell,them
66433,tell,secret
66421,tell,"share, say, inform"
66439,tell,"girls, gossip,"
63862,tell,Secrets
62713,tell,to communicate something to another person
63424,tell,"inform, show, story"
65599,tell,secrets
65395,tell,"say, said, story, about"
62872,tell,has revealing
66472,tell,"speak, tattling"
66487,tell,sell
66496,tell,"speaking, giving information"
66448,tell,"talking, quietly, conversations"
66493,tell,"gossip, talk for nothing, he said she said"
66385,tell,"talk, inform someone, share, communicate"
66511,tell,"to explain, to predict (tell the future), ""show and tell"" is used for little kids"
65236,tell,"secret, tattletale, whisper"
66133,tell,"tell on people, tell someone a story"
65263,tell,"all, tabloids, gossip, truth"
65752,tell,"speak, communicate, mouth, answer, explain, words"
64120,tell,"giving away information, done using voice, can be written, can be typed. is received by someone through hearing if spoken."
66058,tell,"to express, communicate, language"
65851,tell,"to talk, confide, direct"
66451,tell,speak to someone
66541,tell,"Used by the tongue and mouth, activates soundwaves, spoken words, informative"
63820,tell,secrets
64711,tell,release
65929,tell,"is to talk about a subject, is what the mouth does"
64726,tell,show
63610,tell,Speaking
66568,tell,to speak
66427,tell,"speak, say, demand"
66574,tell,"stories, secrets"
66289,tell,to say whats right
63238,tell,is what snitches do.
62503,tell,"truth, information, lies"
65620,tell,explain
62995,tell,"narrate, said, voice"
64984,tell,"pass information,"
62506,tell,"speak, reveal, not secret"
64735,tell,"speaking, informing"
65521,tell,story
66598,tell,snitch
63580,tell,"secrets, information"
66331,tell,informing someone of something
64837,tell,"to speak, to confess, to talk, teller, at a bank"
63835,tell,to speak to someone
64882,tell,is a verb
66154,tell,speaking
64630,tell,"truth, lie, talking"
64765,tell,me baby
62335,tell,"act of expressing, talking, a story, words, sentences"
66634,tell,"active, spoken, variable"
66460,tell,"to speak something, to give information to others, done with your mouth, information transfered"
66643,tell,"talking, communication"
66646,tell,"all, the truth"
66655,tell,"to talk, to speak, to write, to read"
63943,tell,explain
65839,tell,To inform someone
66667,tell,let someone know
66670,tell,give away
62884,tell,occurs when saying something to someone
66676,tell,inform
66649,tell,speak
66679,tell,tattle
66607,tell,"speak, tattle"
66688,tell,communication
65968,tell,communicate
64480,thing,any object in life
63730,thing,homework
66433,thing,1 & 2
66421,thing,"object, it"
66439,thing,"object, dr. seus, monster, existence"
63862,thing,Dr. Seuss
62713,thing,used to refer to an object
63424,thing,"something, object, unrecognised"
65599,thing,toys
65395,thing,"object, something,"
62872,thing,has substance
66472,thing,an obect
66487,thing,object
66496,thing,"anything, object, person, place, thing"
66448,thing,any object
66493,thing,"overused, vague, replacement"
66385,thing,"many different objects, materials, colors,"
66511,thing,"an object, what two people share with each other that is similar to a relationship"
65236,thing,"weird, strange, unknown"
66133,thing,anything is a thing
65263,thing,"stuff, thing one and thing two,"
65752,thing,"unidentified object, unknown, unimportant, useless, doesn't matter"
64120,thing,vague term that describes a noun. depends on context. usually and object of some kind.
66058,thing,"object, thingy majig, candy bars, lever, button, person, animal"
65851,thing,"object, idea, noun"
66451,thing,object of any nature
66541,thing,"not an idea, not a place, usually an object, inanimate"
63820,thing,noun
64711,thing,"nondiscribt, general, generic"
65929,thing,"is commonly used, is a lable for the unknown"
64726,thing,object
63610,thing,It
66568,thing,an object
66427,thing,"stuff, trait, item"
66574,thing,nouns
66289,thing,person or place or thing
63238,thing,is any type of object.
62503,thing,"existance, random, object, name"
65620,thing,objects
62995,thing,"material, matters"
64984,thing,"one, specific"
62506,thing,"generic, inspecific, stuff"
64735,thing,"object, unsure of what it is exactly"
65521,thing,an object
66598,thing,an object
63580,thing,"camera, phone, purse"
66331,thing,"object, idea,"
64837,thing,"stuff, materialism, noun"
63835,thing,an object
64882,thing,is a noun
66154,thing,any object
64630,thing,"object, adams family"
64765,thing,"thing 1, thing 2"
62335,thing,"description of something indescribable, an object, doctor suess"
66634,thing,various
66460,thing,"any object, any action"
66643,thing,"person, object"
66646,thing,"1 and 2, desk, table"
66655,thing,one and thing two
63943,thing,object
65839,thing,Anything
66667,thing,object
66670,thing,made of matter
62884,thing,can be any object
66676,thing,"fantastic four super hero, object"
66649,thing,dog
66679,thing,thing
66607,thing,"anything, something, everything"
66688,thing,object
65968,thing,object
64480,virgin,something that has never had sex before
63730,virgin,girl
66433,virgin,mary
66421,virgin,Mary
66439,virgin,"is a good person, is usually a girl, is rare among collage age kids, is pure"
63862,virgin,Madonna
62713,virgin,hasn't had sex
63424,virgin,"airline, richard branson, purity"
65599,virgin,white
65395,virgin,"never had sex, virgin mary, saving self til right time or marriage"
62872,virgin,contains purity
66472,virgin,hasn't had sex
66487,virgin,sex
66496,virgin,"innocent, untouched"
66448,virgin,"loyal, sexually inactive"
66493,virgin,"boy, movie, someone young"
66385,virgin,pure
66511,virgin,"one who has never had sex, purity, innocence , or used to describe a non-alcoholic drink"
65236,virgin,"pure, innocent, clean"
66133,virgin,never done something
65263,virgin,"pure, good, morals, sweet, youth, girl, Mother Mary, Christ,"
65752,virgin,"sexuality, sex, male, female, abstinence"
64120,virgin,"Lacking in something, non-alcoholic, someone who has not had sexual intercourse, young people."
66058,virgin,"pure, abstanance, healthy, woman, christian, good, self respect"
65851,virgin,"unaltered, unadulterated, not tampered with"
66451,virgin,"pure, respectable, believer, self-disciplined"
66541,virgin,"innocent, good in women, bad in men"
63820,virgin,no sex
64711,virgin,"pure, untouched, innocent"
65929,virgin,"is a person who does not drink alcohol, is a person who has not had sex, is sometimes a minor"
64726,virgin,hasn't had sex
63610,virgin,Pure
66568,virgin,innocent
66427,virgin,"immaculate, chaste, mary"
66574,virgin,no sex
66289,virgin,had sex
63238,virgin,someone who hasn't had sex. is laughed at. is 40 years old.
62503,virgin,"waste, unfortunate, irritation, blessing, curse"
65620,virgin,pure
62995,virgin,pure
64984,virgin,"Mary, pure, new"
62506,virgin,"clean, white, immaculate"
64735,virgin,"pure, untouched"
65521,virgin,one who has not experienced
66598,virgin,pure/purity
63580,virgin,"good,"
66331,virgin,never had sex before
64837,virgin,"Mary, sex, holy, innocent, pure"
63835,virgin,"pure, someone who hasn't had sex"
64882,virgin,is an island is a person
66154,virgin,islands non sex
64630,virgin,"marry, sex"
64765,virgin,mary
62335,virgin,"mary, untouched, marriage, alcoholic drinks, unexperienced, unknown"
66634,virgin,"white, untouched"
66460,virgin,"never had sex, Mary"
66643,virgin,"mary, young child, pure"
66646,virgin,mary
66655,virgin,"Mary, 16, Chris"
63943,virgin,unexperienced
65839,virgin,Type of cooking oil
66667,virgin,no sex
66670,virgin,"tight, bleed, suicide bombers"
62884,virgin,someone who hasn't had sex
66676,virgin,"person who hasnt had sex, telephone company,"
66649,virgin,sex
66679,virgin,ho
66607,virgin,never had sex
66688,virgin,pure
65968,virgin,"strong willed, shy, religious"
64480,volcano,"hot lava, known to kill, amazing to watch, destructive"
63730,volcano,errupt
66433,volcano,erupt
66421,volcano,"lava, erupt, rock, chaos"
66439,volcano,"hot, red, lava, crust"
63862,volcano,Hawaii
62713,volcano,"is tall, is hot, smokes, erupts"
63424,volcano,"erupt, lava, pompei"
65599,volcano,lava
65395,volcano,"erupts, dangerous, mount st helen, hot, lava, red, burn"
62872,volcano,has lava
66472,volcano,"holds lava, erupts, moutain"
66487,volcano,lava
66496,volcano,"eruption, dangerous"
66448,volcano,"erupts, harmful, hot, lava, ash"
66493,volcano,"eruption, lava, hot, massive, island, Italy"
66385,volcano,"errupts, mountain, crater at top, lava"
66511,volcano,"an eruption of lava, can be deadly, very hot"
65236,volcano,"erupt, lava, hawaii"
66133,volcano,"erruption, fire"
65263,volcano,"lava, danger"
65752,volcano,"erupt, dangerous, hot, lava, science experiment, children, school, red"
64120,volcano,"is a type of mountain, releases lava, smokes, can explode, sometimes causes earthquakes, often found around pacific rim."
66058,volcano,"lava, hot, colorfull, powerfull, amazing, red, coal, boil, crack"
65851,volcano,"mountain, escape point for lava"
66451,volcano,"eruption, heat, lava, tall, magma, ash, new beginning, destrucion"
66541,volcano,"violent, explosive, dangerous"
63820,volcano,erupt
64711,volcano,"hot, fire, lava"
65929,volcano,"is hot, is from the earth, shoots lava"
64726,volcano,lava
63610,volcano,Magma
66568,volcano,erupts lava
66427,volcano,"erupt, mountain, hawaii"
66574,volcano,"dangerous red, magma, destroys"
66289,volcano,human nature
63238,volcano,is destructive. has lava flows.
62503,volcano,"ash, lava, rebirth, heat, exposure"
65620,volcano,lava
62995,volcano,"explodes, red lava forms, scary"
64984,volcano,"fire, sudden, eruptions, danger, lava, heat,"
62506,volcano,"explode, lava, smoke, rock, dangerous, hot, explosive, apocalyptic"
64735,volcano,"destructive, hot, lava"
65521,volcano,"erupts, lava, dangerous"
66598,volcano,erupt
63580,volcano,"hot, scary"
66331,volcano,"mountain that shoots lava, erupts"
64837,volcano,"lava, eruption, islands, island formation, molten rock"
63835,volcano,"shoots lava, black, smokes"
64882,volcano,is a thing has lava
66154,volcano,lava ashes
64630,volcano,"hot, lava"
64765,volcano,boom
62335,volcano,"eruption, magma, lava, hot core, ticking time bomb"
66634,volcano,"dangerous, dormant, explosive, hot, steaming"
66460,volcano,"eruptive, in hawaii, from techtonic plates, lava comes out of them"
66643,volcano,"blows up, hot, lava, mountaneous"
66646,volcano,"lava, fire, hot, hawaii"
66655,volcano,"lava, magma, red, rock, molten core, Hawaii"
63943,volcano,"tall, dangerous,"
65839,volcano,A rock that spews rock and ash from the earth's core
66667,volcano,explodes
66670,volcano,"spews out lava, looks like a mountain"
62884,volcano,"is hot, is explosive"
66676,volcano,created the hawain islands
66649,volcano,erupt
66679,volcano,hot
66607,volcano,"will erupt, found in Hawaii, found near fault lines, contains smoking gases, contains hot lava, creates problems"
66688,volcano,ashes
65968,volcano,"erupt, red, hot"
64480,write,"expressing one's self in words, being open, being yourself."
63730,write,paper
66433,write,stories
66421,write,"paper, pen, scribe"
66439,write,"paper, pens, novels, books, author, harry potter"
63862,write,Letter
62713,write,"use pen/pencil and paper, put ideas down"
63424,write,"paper, pen, story"
65599,write,letter
65395,write,"pen, paper, desk, pencil, school, notebook, classes"
62872,write,has structure
66472,write,penciling down words
66487,write,pencil
66496,write,"writing, telling stories"
66448,write,"essays, topics, hard, long, letters, books"
66493,write,"novel, english class, action, journal"
66385,write,"words, class, paper, pencil, pen, information, used to remember"
66511,write,"what one does with their pencil, one will normally ""write"" to tell a story or send a letter to someone"
65236,write,"pen, paper, creativity"
66133,write,"notes, pen, pencil"
65263,write,"love to write, freedom of the pen, passionate, loving, excitment, longing for, poetry"
65752,write,"scribble, creativity, express, pen, pencil, paper, skill, school, learn"
64120,write,"created with pen or pencil, on paper, can make a letter, can be part of artwork or advertising, made up of alphabetical letters."
66058,write,"to create, write image, pens, pencils, oil, paper, tree, creativity,its free, read"
65851,write,"record, uses writing utensil"
66451,write,"mark, language, recording"
66541,write,"has words, language, generally comprised of coherent sentences that form paragraphs"
63820,write,pen
64711,write,"words, communication"
65929,write,"is to create words into a document, is done various ways"
64726,write,draw
63610,write,Pen and paper
66568,write,to use a pencil on paper
66427,write,"literature, pencil, poem"
66574,write,"stories, papers, journals, diaries"
66289,write,to express feelings
63238,write,how authors pen papers.
62503,write,"paper, material, person, information, trust"
65620,write,"express, words"
62995,write,"scribble, jot down"
64984,write,"creativity, ideas"
62506,write,"communicate, school, classes"
64735,write,"boring, old"
65521,write,publish
66598,write,express
63580,write,"school work, poems"
66331,write,"Marking information, to compose something, done with a pen or pencil"
64837,write,"paper, story, poem, song, pencil, paper, computer"
63835,write,putting our thoughts and feelings in to words on paper
64882,write,is a verb
66154,write,paper pen
64630,write,"essay, paper, poem"
64765,write,paper
62335,write,"learn, practice, stories, books, novels, ideas expressed,"
66634,write,"decisive, permanent"
66460,write,"to spell words, do it on a paper,"
66643,write,"writing letters down, story telling, papers"
66646,write,"paper, news, journal"
66655,write,"poetry, JK Rowling, books, magazines, articles, websites"
63943,write,"record, transcribe"
65839,write,Recording of words
66667,write,form of communication
66670,write,putting pencil to paper to make a letter
62884,write,"occurs from pens, can be found on paper"
66676,write,"a letter, communication"
66649,write,paper
66679,write,wrote
66607,write,"with a pen, on paper, for a newspaper, a book, an essay"
66688,write,read
65968,write,"book, homework, diary"
