subject_id,word,answer
65023,airplane,fly
65662,airplane,"You fly in it, Its big, it is fast, They are expensive, they are at an airport, you have to be trained to fly it, there are lots of seats, they get very high up"
63859,airplane,"flying, big, loud"
64606,airplane,"large, in air, carries people, uses gas"
64102,airplane,"has wings, has nose, flies, fast, holds people, need oil, large"
65833,airplane,"it is a machine, it is large, it flies in the air, it transports people from different places, tranportation, smells like coffee, crowded, cold, metal, used as a weapon, some people are frightened by them, they have wings, a pilot controls them, 9/11"
63349,airplane,"white, fly, air, go some where, location"
65653,airplane,"can fly, is big, travel, vacation, pilots, passengers, luggage"
65503,airplane,"long, large, several windows, several people on it, several workers"
65875,airplane,"is large, white, many windows."
64006,airplane,"jets, interior seats, bagage, emergency exits, pilot, co pilot, passengers"
65893,airplane,"the wings, the engine, the seats, the doors, the storage, the pilot"
65719,airplane,"is a sort of transportation, travel. carries people and luggage, takes off and flies in the air,"
65920,airplane,flys engine wings wheels seat pilot tail wheel passenger flight attentdent food pillow time sky turblance transportation
62311,airplane,"big,flies in the sky, used for travel"
65728,airplane,"large, metal, carries passengers, flys fast, flys high, long distance trips"
64666,airplane,"it flies, has an engine, has wings, seats people,"
63292,airplane,"has wings, has a tail, runs on gas"
63034,airplane,"Wings, Body, Flies, Travel"
63535,airplane,"it flies, has wings, people ride in it, its big, it has a jet, has pilots, can crash, transports people"
63871,airplane,"huge, windows, wings, people"
65740,airplane,"flies, grey, wings, fuel, windows"
65218,airplane,"used to bring people from one place to another, air travel, has propellers, used in combat, different sizes allows different amounts of seating, has a pilot"
64774,airplane,It flies. When they crash its big and firey. it holds people. it is flown by two people. It has two wings. It is large. It has a tail. It has wheels. It has windows.
64546,airplane,"Large, Aerodynamic"
62839,airplane,"it flies, has wings, uses gas, used for travel"
65335,airplane,flies high in the sky
63541,airplane,"fly, air, physics, milestones, passenger, wars, wings, used to transport, difference lays in engines, fast, high up, mile high club"
64873,airplane,"has wings, has an engine"
66028,airplane,"it flies,made of steel,holds passengers,travels quickly, runs on fuel, expensive, has a pilot,has wings,has an engine"
64498,airplane,"it can fly, it's heavy, its on land, it's in the air, people ride in it, people work on it, it's built from parts, it has cabins, it's warm, it's cold, it has an engine, it can go across country, it has passengers, it has a pilot, it's large"
64093,airplane,"to travel from country to country, state to state. Carry things such as mail, weapons, packages, packages, people."
66055,airplane,"air, wind, engines, technology, math, physics, crashes, heights, fear of heights, anxiety"
62935,airplane,"flying, heights, fear, 9/11, pilot, the movie ariplane"
63838,airplane,"An airplane has wings, engines, and has the abiliy to fly."
66067,airplane,"wings, it flys, modern technology, has passengers, requires a pilot, can be dangerous, runs on gas, used for travel"
66061,airplane,"long, wide, strong, heavy, metal, tough, durable"
62797,airplane,"it has wings, inside has seats, has large engines, runs on fuel"
65656,airplane,Wings Engine Pilot Cockpit Tail
65956,airplane,"it flies, can be large, can be small, it transports"
65083,airplane,"is big, is heavy"
63043,airplane,"flies, holds people, moves people, very big"
64198,airplane,"air, clouds, loud, high, wings, sky, big, found at airports"
64276,airplane,"they fly, aerodynamic, very large, possibly dangerous"
63475,airplane,"transport people, fast, aerodynamic,"
65803,airplane,"Fly in the air, take off on the ground, have wings, have wheels, passengers sit in them, pilots conduct them. must pay money to have a flight on one, run on gas. has seats. has seatbelts, gives drinks and peanuts on a flight. Are usually big."
65107,airplane,"flying, wing, pilot"
66151,airplane,flying
62854,airplane,flies
63199,airplane,"flies, has engines, white, loud, big, makes lift, runs on jet fuel"
64702,airplane,"wings, flys, pilot, cockpit, uses gas, faster travel"
62827,airplane,"transplantation, flying"
66178,airplane,are meant to fly. Help us travel. runs on fuel. is also a movie. can be big or small.
63925,airplane,"is made of metal,  carries passengers, travels quickly, looks neat, is multicolored, is made in factories, is long, inside has equipment, runs on gas, can be become hot, is a neccessety, inside has food, inside has seats, inside has technology"
65416,airplane,"is a transportation, runs on gas, used to travel"
63520,airplane,"wings, engines, passengers, pilot(s), vary in size and color"
64840,airplane,"flies, carries people, carries cargo, made of metal, has engines, driven by pilot, goes long distances"
65557,airplane,"flies, fast, has wings, has lift, made of steel, has windows, carries passengers, large, heavy"
64042,airplane,metal
65449,airplane,"Flys, used for travel"
63598,airplane,wings
65311,airplane,"Large, flys, made of metals, aerodynamic, burns fuel,seats passengers."
65692,airplane,"flight attendent, 9/11, peanuts, pilots, wings, sky, landing, travel"
66307,airplane,"flies, runs on gas, steered by a pilot, holds people, holds luggage, is big, made of metal, has wings, has engines, has windows"
64624,airplane,clouds
63322,airplane,"a form of transportation, flies, make of metal, funs on fuel,"
64216,airplane,"large. produces heat, flies, holds people"
65152,airplane,"have wings, transport, flies"
62281,airplane,"Is a vehicle, uses an engine, uses gasoline, used to carry passengers, travels distances, flies, has wings, found in airports, multiple types."
63718,airplane,"is transportation, is expensive, it's full of people, it can be used for mass destruction, it is suppose to be the safer way to travel."
65329,airplane,"is a form of transportation, flies, is made of metal, runs on gas, is big, used by people, has wings"
62557,airplane,"has wings, can fly, made of metal"
66346,airplane,"large, run on jet fuel, made of people, transports goods and people"
65788,airplane,"Is an object that flies, cylindrical shaped body, provides quick travel, is fast, made of metal, carries passengers, runs on fuel, can travel long distances"
66043,airplane,"has wings, forn of transportation, carries people, flying"
64915,airplane,"runs on fuel, flies, can hold people, mode of transportaion, fastest mode of transportation, has jet engines, two pilots,"
65023,surfboard,water
65662,surfboard,"It is used to surf, Its a hard long surface, Like a skateboard for water"
63859,surfboard,"hard, is long"
64606,surfboard,"long, in water, small fin , uses for fun"
64102,surfboard,"smooth, flat, long, colorfull, used for surfing"
65833,surfboard,"they are long, fun, used in the ocean, California, made of wood, they allow you to ride on waves, they are for entertainment, contests"
63349,surfboard,"water, ocean, swim,"
65653,surfboard,"is long, ocean, wet, california, coasts, ride"
65503,surfboard,"is flat, hard, slippery, long"
65875,surfboard,"is long, multiple colors, dirty from sand."
64006,surfboard,"cool, hard, fun, colorful"
65893,surfboard,"the actual board, the design"
65719,surfboard,"used in the ocean, a fun exercise, used on waves,"
65920,surfboard,wax wave surfer rock shark turtles ocean water swiming trunks salt contest
62311,surfboard,"flat, hard, long"
65728,surfboard,"glides on the water, recreation, fun, sport, holds someone on top of the water"
64666,surfboard,"flat, it floats, goes in water, colorful, long"
63292,surfboard,"is long, made out of wood"
63034,surfboard,"Water, Sharks, Hawaii"
63535,surfboard,"it floats, in the ocean, people ride on them, different colors"
63871,surfboard,"rough, long, hard, colorful"
65740,surfboard,"fiberglas, wood, floats,"
65218,surfboard,"used on the ocean, used to surf"
64774,surfboard,Its long. It is used to stay above water. It has fins. they have a string that attaches to you. Its made of fiberglass. usually expensive.
64546,surfboard,"Flat, Float, Hard"
62839,surfboard,"sturdy, long, used for surfing, used in oceans"
65335,surfboard,used by large bodies of water to go surfing
63541,surfboard,"hard, smooth, used on water, guys use them, guys with tans use them, hurley, tough to learn,"
64873,surfboard,it is made of wood
66028,surfboard,"floats, used for surfing,is colorful, made of fiberglass, is a piece of sports equipment, is smooth, is long"
64498,surfboard,"long, narrow, it can have a person on it, it can be in water, it can be waxed, its shiny, its dull, its wet, its dry, it's in tropical areas, it's colored, it's white, it can be ridden, it's on waves, it costs money, used for surfing"
64093,surfboard,To glide on waves in the ocean.  Used for recreation and a sport
66055,surfboard,"water, saltwater, sand, blond hair, beaches, waves, tans, sunlotion, wax, sharks, bikini"
62935,surfboard,"used for surfing, beach, sand, swimsuit, waves, oceans"
63838,surfboard,Surfboards can float and glide through water with ease.
66067,surfboard,"wood, elongated board, used for surfing, rides waves, has fin"
66061,surfboard,"smooth, sleek, versital, aerodynamic"
62797,surfboard,"is long, floats in water"
65656,surfboard,Wood Water Fin Wax
65956,surfboard,"hard, durable. wet"
65083,surfboard,"is long, is smooth"
63043,surfboard,"floats, made of wood, made of plastic, carries people in the water"
64198,surfboard,"water, long, waves, floats"
64276,surfboard,"bouyant, long, used as water sport, made of foam"
63475,surfboard,"ridged, hard, smooth, colorful, used in water"
65803,surfboard,Use them in the water. Are found usually near the ocean. Can ride waves with it. Made of wood. Can be long. Can be short. Surfboarding is considered a sport. Wear swimming suit while using one. Can be dangerous.
65107,surfboard,"slick, smooth, shiny, has a fin, pointy on both ends"
66151,surfboard,water
62854,surfboard,floats
63199,surfboard,"Long, wood or fiberglass, has fin, used in water, floats, has ankle strap"
64702,surfboard,"waxed, wooden, on water, floats"
62827,surfboard,"ocean, Outdoors activity"
66178,surfboard,"is on the ocean, is what surfers use, are different colors"
63925,surfboard,is long
65416,surfboard,"found on the beach, smooth, glides in water"
63520,surfboard,"skiny, smooth, floats, found on beach and in water"
64840,surfboard,"flat, long, floats, used by surfers"
65557,surfboard,"fiberglass, smooth, long, has stablizing fins, pointy"
64042,surfboard,long
65449,surfboard,is oval used in water
63598,surfboard,surfer
65311,surfboard,"wood, water, long, fins, hard to balance,pointed, feels smooth"
65692,surfboard,"wax, water, beach, suffer, waves"
66307,surfboard,"is long, is multi colored, used in ocean, has wax, rides waves, rode by surfers"
64624,surfboard,beach
63322,surfboard,"is smooth, found at the beach, used for surfing made of wood or plastic, floats"
64216,surfboard,"long, plastic. multiple fins, differnt colors"
65152,surfboard,"For which to surf, long, made of fiberglass, made of wood, has fins,"
62281,surfboard,"flat, glides on water, has a fin, used for recreation, found near oceans, used by a person"
63718,surfboard,"Sufer's use it to surf, it must be sanded down, they break on coral, they are different sizes and they are used for advertising."
65329,surfboard,"is a wooden board, is long, is slippery, floats on water, is sharp, used by athletes"
62557,surfboard,"it floats, it has a distinct shape"
66346,surfboard,"handmade, used on water, waxy"
65788,surfboard,"is a piece of wood, used for sport, dangerous, exciting, challenging, found on oceans, has a smooth surface"
66043,surfboard,"long, gets wet, needs a surfer, rides waves"
64915,surfboard,"can be short or long, used mainly by bodies of water, first thought when someone brings up Hawaii, any colors, has fins,"
65023,alert,storms coming
65662,alert,fire
63859,alert,aware
64606,alert,"wake up, timing"
64102,alert,"weather alert, nosie, fear,"
65833,alert,"alarm, fire, awake"
63349,alert,"alarm, wake up, shock, think, critical"
65653,alert,"alarm, alive, detectors, smoke alarm, fire, loud"
65503,alert,"awake, aware, sharp"
65875,alert,red
64006,alert,warning
65893,alert,"to pay attention, the police"
65719,alert,something that makes someone feel ready
65920,alert,alarm noise caution danger warnging
62311,alert,"watchful, prepared, threat"
65728,alert,warning
64666,alert,"focused, awake, paying attention"
63292,alert,"awake, paying attention"
63034,alert,"loud, annoying"
63535,alert,"an emergency, is bad, can be serious, involves an alarm"
63871,alert,a loud sound
65740,alert,"awake, wide eyed, warning"
65218,alert,"on watch, good observer, a warning, an announcement"
64774,alert,To warn you about something. Danger alerts
64546,alert,"awake, aware"
62839,alert,"to make known, is a warning, means to warn, can be loud, causes concern, makes aware of something, announces something"
65335,alert,awake associated with the color red
63541,alert,"awake, not tired, watchful, on the look out, listener not a talker, deals with information, passes it on to others,"
64873,alert,"a loud warning, associated with red"
66028,alert,"ready, not tired"
64498,alert,"alarm, awake, ready, after a scary movie"
64093,alert,"fire, tornado, tell people there is danger"
66055,alert,"warning, fire, attention, red lights"
62935,alert,"paying attention, ready, instincts,"
63838,alert,warning
66067,alert,"to warn, somethign bad, out of norm"
66061,alert,"announce, important, loud, look-up, listen"
62797,alert,"alarm, loud, warning, danger"
65656,alert,"WArning, Alarm"
65956,alert,"sound, loud, speak, urgent"
65083,alert,alarm
63043,alert,"awake, warning, concious, alive, aware of your surroundings"
64198,alert,"Alarm, warning, caution, important,"
64276,alert,watchful
63475,alert,"attention, knowing"
65803,alert,To be aware of something.
65107,alert,"alarm, aware, excite"
66151,alert,aware
62854,alert,system
63199,alert,"fire, national security, weather, fugitive on the loose"
64702,alert,"notification, message"
62827,alert,know what going on
66178,alert,if a child is missing.
63925,alert,"waring, alarm, loud, chronic, people, anger, peopl, hectic"
65416,alert,"signal, beeping, for caution, helps people in dangerous situation"
63520,alert,"warning, warn, tell others"
64840,alert,awareness
65557,alert,"alarm, loud,"
64042,alert,sound
65449,alert,"to be wide awake and cautious, looking out for something peticular."
63598,alert,noise
65311,alert,"Aware, ready for action"
65692,alert,"awake, ready, prepared"
66307,alert,emergency
64624,alert,fire
63322,alert,capable of abserving ones surroundings
64216,alert,"aware, on gaurd, assertive"
65152,alert,"high level of focus, increased security"
62281,alert,"wary,"
63718,alert,"Amber, emergency, watchful, keep and eye out"
65329,alert,"to be aware, loud, siren"
62557,alert,awake
66346,alert,"alarm, tell, panic"
65788,alert,"lights, sirens, ambulance, red"
66043,alert,loud noice
64915,alert,"to make you aware of something. an alarm can alert an owner about an intrusion, an email can alert you that you have a test in the next week"
65023,annually,every year
65662,annually,happens each year
63859,annually,year round
64606,annually,"year round, months, days"
64102,annually,"contunial, pay or interest,"
65833,annually,"once a year, not very often, sale, shopping"
63349,annually,"year, long time, holiday, seasons"
65653,annually,"years, money, interest, rates, paid, salary, jobs"
65503,annually,"every year, tradition, memories"
65875,annually,yearly
64006,annually,yearly
65893,annually,"every year, anniversary, birthday"
65719,annually,once a year
65920,annually,yearly birthday christmas meetings grades
62311,annually,"reocurring, happened more than once, tradition"
65728,annually,happens every year
64666,annually,"once a year, at the same time each year"
63292,annually,"every week, month, or year"
63034,annually,"once a year, parades, carnivals"
63535,annually,"a year thing, every year, holidays involve this, celebrations"
63871,annually,every year same time
65740,annually,"yearly, physical, taxes"
65218,annually,once a year
64774,annually,once a year. celebration usually.
64546,annually,every year
62839,annually,"happens once a year, occurs once every fifty two weeks, is not very often, is a consistent occurence"
65335,annually,"yearly, yearly sales"
63541,annually,"one per year, reoccuring, on a schedule"
64873,annually,something that happens yearly
66028,annually,once a year
64498,annually,"once a year, interest rate, sales, semi-annual,"
64093,annually,happens once a year
66055,annually,"yearly, leaves, autumn"
62935,annually,"every year, tradition,"
63838,annually,"every year, or at a specific time"
66067,annually,yearly
66061,annually,"once year, special, important,"
62797,annually,"accounting, business"
65656,annually,"YEarly, Occasion"
65956,annually,"every year, consistant"
65083,annually,birthday
63043,annually,"yearly, once a year, often"
64198,annually,"year, once, tradition,"
64276,annually,every 365 days
63475,annually,"once per year, birthdays"
65803,annually,Happens every year. Can describe an event that happens once a year.
65107,annually,"year, holidays, age"
66151,annually,yearly
62854,annually,seasonal
63199,annually,"yearly, birthday, holiday, sale"
64702,annually,"year round, happens once a year"
62827,annually,once a year
66178,annually,once in a while.
63925,annually,"yearly, tradition, family, clubs, schools, teams, contests, fairs, parades,"
65416,annually,"every year, meetings,"
63520,annually,"yearly, not monthly, every year"
64840,annually,occurs once a year
65557,annually,"yearly, holidays, payments"
64042,annually,yearly
65449,annually,once a year.
63598,annually,all the time
65311,annually,"year round, coming up, work, school."
65692,annually,"once a year, tradition"
66307,annually,"once a year, event"
64624,annually,year
63322,annually,reacuring
64216,annually,"once a year, christmas, birthdays"
65152,annually,yearly
62281,annually,"date, yearly"
63718,annually,"taxes, interest, picnics, fundraisers"
65329,annually,"is every so often, an anniversiry"
62557,annually,"every year, salary"
66346,annually,"yearly, flowers"
65788,annually,"yearly, festival, event, vacation"
66043,annually,happens once a year
64915,annually,"every year, christmas, birthday, school, parties,"
65023,apple,fruit
65662,apple,fruit
63859,apple,fruit
64606,apple,"grown on trees, red, gree, yellow, worms, type of food"
64102,apple,"fruit, clean teeth, can be green red and pink, grows on trees, can have worms"
65833,apple,"crisp, fresh, clean"
63349,apple,"computer, fruit, pear, banana"
65653,apple,"computer, i-pods, music, fruit, green, red, is yellow, soft"
65503,apple,"green, red, yellow, sweet, sour"
65875,apple,red
64006,apple,"red, big small, juicy, ripe, sweet"
65893,apple,"computer, fruit, of my eye"
65719,apple,"a fruit, red or green skin, white inside, has a stem, has seeds"
65920,apple,green red sour fruit
62311,apple,"fruit, has seeds, grows on trees"
65728,apple,"fruit, baseball sized, sweet, sour,"
64666,apple,"edible skin, different kinds, red, gala, juicy, had a core, has seeds"
63292,apple,"red, crunchy, healthy"
63034,apple,"red, hard, juicy"
63535,apple,"is red, is yellow, is crunchy, is juicy, poeple eat these, healthy food"
63871,apple,"red, juicy"
65740,apple,"fruit, pie, red, green, golden,"
65218,apple,"sweet or sour/ bitter, pies, desserts, covered in caramel, grown on trees, Snow White, orchard,"
64774,apple,Red. Green. Yellow. Keeps doctor away. Worms like them. Good gift for teacher. Grows on tree. Has a stem. Made into pies
64546,apple,"fruit, seeds, red, green, yellow, stem"
62839,apple,"is a fruit, can be eaten, apple-flavored, is healthy, is nutritious, comes in different flavors"
65335,apple,a food item a fruit red grown on trees
63541,apple,"red, simple, round, green, healthy, popular, common, crisp, food, fruit, does it contain worms, hand picked, nature, childhood"
64873,apple,"grow from a tree,  they are healthy, have natural sugars, are red, are green, are yellow"
66028,apple,"is a food, is a fruit, is red, green, or yellow, is healthy"
64498,apple,"fruit, seeds, star, cut, apple dippers, mcdonalds, red, yellow, gala, granny smith"
64093,apple,"fruit, red, green, yellow, pie"
66055,apple,"red, sweet, green, tart, round, newton, math, boring"
62935,apple,"iPod, iPad, Mac,"
63838,apple,"fruit, computer company"
66067,apple,"red,green, juicy, type of food, used in cooking, tasty, grown on trees, picked by children and people"
66061,apple,"Johnny apple seed, fuji, green, red, yellow, tasty, juicy, fruit"
62797,apple,"fruit, orange, red, seeds, core, juice"
65656,apple,"Pie, Fall, Red, Green, Crsip"
65956,apple,"food, company, juicy, rotten, edible, core, grows on trees"
65083,apple,fruit
63043,apple,"fruit, juicy, red, green, healthy, grows on a tree, has skin"
64198,apple,"fruit, grocery store, orchard, red, green, yelloe, good with peanut butter, good with caramell"
64276,apple,nutrional
63475,apple,"juicy, colorful"
65803,apple,"Edible. A fruit. Can be yellow, red, or green. Have a stem. Have seeds. Grow on trees."
65107,apple,"crisp, sweet, nutritious, laptop"
66151,apple,fruit
62854,apple,pie
63199,apple,"smoke, red, granny smith, green , apple picking"
64702,apple,"red, edible, a fruit, juicy, grows from a tree, has seeds, a stem, could be green or yellow as well, and mainly a baseball size"
62827,apple,fruit
66178,apple,varies in color.
63925,apple,"sweet, sour, green, red, large, small, seeds, skin, tasty, nutrients, juice, vitamins"
65416,apple,"on trees, green, red, tastey, juicy"
63520,apple,"eat, fruit, tree, healthy"
64840,apple,"fruit, red peel, give to teachers, computers, ipod"
65557,apple,"tastes good, red, green"
64042,apple,red
65449,apple,"can have red skin or green skin, can be mushy, gets brown when not fresh, can be crisp,used for fruit salad, a fruit, grows from a tree"
63598,apple,orange
65311,apple,"fruit, food, nutritious"
65692,apple,"red, picking, pie"
66307,apple,"red, juicy, green, yellow, sour, sweet, has stem, has seeds"
64624,apple,pie
63322,apple,fruit
64216,apple,"food, trees, fruit, seeds"
65152,apple,"fruit, containing seeds,"
62281,apple,"edible, red, round, grown on tree, has stem, has a core, has seeds"
63718,apple,"Johnny Appleseed, caramel apples, fairs, halloween, bobing for apples"
65329,apple,"is red, is food, is hard, yellow inside, smells fresh"
62557,apple,"round, juicy, delicious"
66346,apple,"red, green, yellow, big, small, juicy"
65788,apple,"red, green, fruit, tree, delicious"
66043,apple,comes from a tree
64915,apple,"fruit, reminds me of teachers, red, crunchy, tasty, seeds, has a core,"
65023,ass,hairy
65662,ass,poop
63859,ass,butt
64606,ass,"donkey, in movie shrek"
64102,ass,"donkey, africa, eats grass, in zoos"
65833,ass,butt
63349,ass,"butt, donkey, jerk, hole, cuss"
65653,ass,"donkey, body-part, butt, mean, dumb"
65503,ass,"donkey, butt"
65875,ass,titties
64006,ass,"rude,"
65893,ass,"donkey, butt, you can act like a, kick this"
65719,ass,"a donkey, a mammal"
65920,ass,butt poop fart smelly grosse
62311,ass,"donkey, profanity, reference to butt"
65728,ass,"donkey, butt, fool"
64666,ass,"a  donkey,a  butt, a jerk"
63292,ass,"donkey, rude person"
63034,ass,"donkey, butt, cuss word"
63535,ass,"a donkey, poeple have this, body part, has teeth, has a tail, is an animal, is a horse breed"
63871,ass,butt
65740,ass,"idiot, donkey"
65218,ass,"donkey, butt"
64774,ass,Hair. Poop gets caught in the hair. Gay Fags Do each other up it.
64546,ass,rear-end
62839,ass,"is an animal, is stubborn, is an insult, strong, is a rear, someone who is stubborn"
65335,ass,"a butt, a donkey- gray can me seen in the movie shrek and at the zoo, a mean person"
63541,ass,"bog booty bitches, anal, the first thing you look at, should be tight and smooth, something you touch, dirty, off-limits"
64873,ass,"could be a donkey, could be referring to a human's butt"
66028,ass,"attached to body, made of fat"
64498,ass,"donkey, butt, jerk, cuss word, unacceptable,"
64093,ass,"donkey, butt"
66055,ass,"mule, women, hole, dumb, jerk"
62935,ass,"booty, sex, sexy"
63838,ass,"donkey, mule, arogant person"
66067,ass,"donkey, animal"
66061,ass,"butt, donkey, toilet, jerk, number 2, bottom"
62797,ass,"hole, mean, donkey"
65656,ass,"Donkey, Boyfriends"
65956,ass,"donkey, animal, body part, derogatory term"
65083,ass,mean
63043,ass,"butt, donkey, rear end, rude person"
64198,ass,"donkey, animal, farm. Butt, bottom, rear, caboose. Potty-word, mean name, cuss-word."
64276,ass,Rude person
63475,ass,"a butt, hairy"
65803,ass,Another word for butt. Can describe someone mean. Or a word for a donkey. Which is a four legged animal. A mammal. With hair. And a tail. And ears.
65107,ass,"donkey, butt, jerk, idiot"
66151,ass,donkey
62854,ass,butt
63199,ass,"toosh, donkey, hole, wild"
64702,ass,"parts of a mammals body, used for exiting solid out of our body, upper thighs, smells like tuna, should be covered up"
62827,ass,donkey
66178,ass,a donkey.
63925,ass,"rude, mean, coniving, nieve, sneaky, charming"
65416,ass,"donkey, foul language, term given to people if mean, or body part"
63520,ass,"asshole, donkey, butt"
64840,ass,"donkey, body part, curse word"
65557,ass,"donkey, carrier, butt,"
64042,ass,donkey
65449,ass,"A donkey, mean, used for riding or transport of goods,."
63598,ass,butt
65311,ass,"donkey, animals backsides, someone who is stupid, anger"
65692,ass,donkey. cheeks
66307,ass,"donkey, is gray, has fur"
64624,ass,jack
63322,ass,an animal that look similar to a hourse
64216,ass,"donkey, jerk, dick"
65152,ass,"mule, hind end, someone who is a brash social idiot"
62281,ass,"butt, on mammals, used to remove excrement"
63718,ass,"Donkey, jerk, buttocks,"
65329,ass,"is a donkey, is small, is furry, is grey, has ears, annoying"
62557,ass,"Donkey, mammal"
66346,ass,"butt, mean to call someone"
65788,ass,"donkey, hole, fool, shake, crab"
66043,ass,bowel movement
64915,ass,"butt, can be used in ""Dumb ass"" ""smart ass"" ""ass hole"", usually holds a derogatory meaning"
65023,attempt,trying
65662,attempt,try
63859,attempt,to try
64606,attempt,"a try at something, to work at, go hard"
64102,attempt,"work, try, usefull"
65833,attempt,tried
63349,attempt,"try, accomplish, give up"
65653,attempt,"try, failure, gym, weights, success"
65503,attempt,"to try, strive, effort"
65875,attempt,effort
64006,attempt,"try,"
65893,attempt,"to try,"
65719,attempt,"to try to do something,"
65920,attempt,try give-a-go succeed fail
62311,attempt,"try, involves a new experience, effort"
65728,attempt,try
64666,attempt,"to try, takes effort, performed by amimals or humans"
63292,attempt,"try, fail, achieve"
63034,attempt,"practice, failure, win"
63535,attempt,"try to do something, may fail, may complete, can be hard, involves a problem"
63871,attempt,trying
65740,attempt,"try, confuse"
65218,attempt,to try
64774,attempt,top make tries at. To work to acomplish something.
64546,attempt,try
62839,attempt,"is to try, is a try, taking a chance, means giving something a shot, trying something new"
65335,attempt,try to do something
63541,attempt,"challenge, not a noun, fail, succeed, pitiful, striving, hopeful, two-sided"
64873,attempt,"trying to do something, not succeeding"
66028,attempt,"try, is making an effort"
64498,attempt,"try, work towards something, don't give up, to do something"
64093,attempt,trying to do something but failing
66055,attempt,"try, fail, effort, halfhearted"
62935,attempt,"trying, effort, failing"
63838,attempt,to try
66067,attempt,"trying, taking a chance"
66061,attempt,"try, want to,"
62797,attempt,try
65656,attempt,"Try, Practice"
65956,attempt,"try, succeed, fail"
65083,attempt,try
63043,attempt,"try, make an effort"
64198,attempt,"try, change"
64276,attempt,"plan out, try"
63475,attempt,"to try, give it your best"
65803,attempt,To try something or try to achieve something.Taking a chance at succeeding in an action.
65107,attempt,"try, uncertainty, improvement"
66151,attempt,try
62854,attempt,confidence
63199,attempt,"try, 3 strikes, feeble"
64702,attempt,"to try, make an effort"
62827,attempt,try to
66178,attempt,trying something.
63925,attempt,"try, fail, success, multiple"
65416,attempt,"trying to do something,"
63520,attempt,"try, succeed or fail"
64840,attempt,"try, success or failure"
65557,attempt,"try, succeed, fail"
64042,attempt,try
65449,attempt,"to try to complete, you dont know if you can do it but you still want to try, to give your best try."
63598,attempt,try
65311,attempt,"Try,"
65692,attempt,"try, effort"
66307,attempt,"try, not always successfull"
64624,attempt,try
63322,attempt,a trial
64216,attempt,"try, retry, quit"
65152,attempt,to try
62281,attempt,"try,"
63718,attempt,"failure, success, trying hard"
65329,attempt,"to give a fair effort, good sport"
62557,attempt,"try, sometimes success, sometimes no success"
66346,attempt,"try, fail, succeed"
65788,attempt,"try, failure, to do something"
66043,attempt,trying
64915,attempt,"try, attempts are usually fails,"
65023,band,musicians
65662,band,instruments
63859,band,music
64606,band,"plays music, mostly guys, long hair stereotype"
64102,band,"marching, music, interment, play, rock music"
65833,band,"big hats, loud music, high school, football games"
63349,band,"guitar, sing, drums, piano, songs, music"
65653,band,"garage, big, instruments, fun, rock music, concerts"
65503,band,"music, instruments, songs"
65875,band,drums
64006,band,"brass, woodwind, percussion"
65893,band,"performance, rock, make cds."
65719,band,a group of people who each play instruments
65920,band,marroon 5 blink 182 high school college music instruments
62311,band,"hold something together, restrain, hold tight"
65728,band,"musical, members, instruments"
64666,band,"musical, rubber, marching, has instruments, has a singer, formed by people, holds things together"
63292,band,"choir, orchestra"
63034,band,"guitar, drums, bass"
63535,band,"creates music, can be bad, can be good, involves beats, has a rythme, can dance to this, are on the radio, are on tv"
63871,band,"noise, drums"
65740,band,"rock, orchestra, musicians"
65218,band,"long fiber, bracelet, group of musicians"
64774,band,makes music. Has members. sometimes screams. Get in trouble with tabloids. has a steriotype. Uses drugs.
64546,band,"instruments, loud"
62839,band,"muscial group, a narrow or wide strip, makes music, uses instruments"
65335,band,a group of people that play music together using instruments can also be like a marching band
63541,band,"dear in the headlights, circa survive, brand new, chevelle, eminem, Ipod"
64873,band,"has several members, travels, makes records"
66028,band,"has bandmembers, plays music"
64498,band,"marching, music, bracelet, instruments, sound, off key, on key, pitch, harmony, rubber, hairtye"
64093,band,"music, rock or metal"
66055,band,"rock, music, instrument, stage, speakers, audience, exciting"
62935,band,"music, instruments, singing"
63838,band,"musical groups, to wrap bands around"
66067,band,"multiple people, instraments, music, group effort"
66061,band,"together, music, instruments, group"
62797,band,"music, instruments, metal"
65656,band,"Music, Group, Together"
65956,band,"music, instrument, vocal"
65083,band,music
63043,band,"marching band, plays instruments, marches, uniform, loud"
64198,band,"music, drummer, singer, guitarist, itunes,"
64276,band,musicians
63475,band,"loud, popular"
65803,band,"Play music. A group of people. Usually involves a guitar, drums, singer. Can play shows in public."
65107,band,"instruments, musicians, singer, stage, concert"
66151,band,drums
62854,band,practice
63199,band,"rock, drugs, hair,"
64702,band,"plays music with drums, guitars, or trumpets, flutes, drums, tuba etc, form of music"
62827,band,plays music
66178,band,seen in many bars.
63925,band,"people, music, fans, lines, ranks, files, instruments, directors, gurad, flads, steps, shoes"
65416,band,"instruments, conductor, plays music"
63520,band,"rubber band, wedding band, high school band"
64840,band,"orchestra, jazz, rock, musical, group of musicians"
65557,band,"music, group together"
64042,band,play
65449,band,multiple people playing music together.
63598,band,group
65311,band,"Music, drummer, guitar, singer, fans"
65692,band,"music, instraments"
66307,band,"different types of instruments, perform"
64624,band,stand
63322,band,plays music
64216,band,"rock, concerts, beer, party"
65152,band,"musical group, a continuous loop used for holding something, i.e.; rubber band"
62281,band,"uses instruments, has at least two people, makes noise, used for enjoyment,"
63718,band,"rock,country, muscians, high school, jazz"
65329,band,"is made of several people, has a drummer, has a guitarist, has a bassist, has a singer, entertains crowds,fun"
62557,band,an item that wraps around another item
66346,band,"something worn like jewerly, or like a music band"
65788,band,"instrument, The Beatles, guitar, music, entertainment"
66043,band,instruments
64915,band,"a group who plays musical instruments, can be a garage band or a marching band, could include guitars, bass, drums, horns, percussion, rhythm section, woodwinds, many genres"
65023,bean,refried
65662,bean,food
63859,bean,food
64606,bean,"green, eat at grilling, brown"
64102,bean,"food, mexican resutrants main food side, cooked, can be made into soups and chilli"
65833,bean,"brown, mushy consistancy, mexican food"
63349,bean,"lima bean, burrito, soup, eat, food"
65653,bean,"plants, food, healthy, soup, stew, is green, is brown"
65503,bean,"food, cooked"
65875,bean,black
64006,bean,little
65893,bean,"stalk, baked, food, grows in the ground"
65719,bean,"grown, a crop, black, brown, or fried"
65920,bean,FOOD gross disgusting bad taste
62311,bean,"edible, seed, green"
65728,bean,"burried in the ground, needs water, needs sunlight, grows into a plant"
64666,bean,"it is small, round, and edible"
63292,bean,"green, lima, baked"
63034,bean,"chilli, black, brown, mushy,"
63535,bean,"can be eaten, different kinds of these, can be green, is a vegiitable"
63871,bean,"food, brown"
65740,bean,"green, lima, black, chile, pole"
65218,bean,"plant, eaten, food, different types, size of a pebble"
64774,bean,Many different colors. Magic beans make things grow.
64546,bean,"food, meat"
62839,bean,"can be eaten, used for food, comes from plant, cooked"
65335,bean,"a food, many kinds of them, edible, are able to plant them"
63541,bean,"mexican, disgusting, only useful for counting, a vegetable, has a recognizable smell"
64873,bean,"can be green, can be black, can be red"
66028,bean,"is a vegetable, comes in many varieties, is eaten by people all around the world, is small"
64498,bean,"jelly, pinto, black, brown, in bags, sold at walmart, make gas, chilli"
64093,bean,"vegetable, green, good with butter"
66055,bean,"pork, can, food, farts, protean, refried beans, mexican"
62935,bean,"tacos, canned beans, pork and beans"
63838,bean,seed produced from legume plant
66067,bean,"food, used in cooking, dicot"
66061,bean,"Jack, green, chili, soft, smooshy"
62797,bean,"sprout, baked, protein, soy, green"
65656,bean,"Coffee, Green, Veggies, Plant"
65956,bean,"edible, grow, green, black, food"
65083,bean,plant
63043,bean,"brown, vegetable, grows on a plant, edible"
64198,bean,"chips and dip, mexican food, burritos, jack and the bean stock,"
64276,bean,facilitate gas
63475,bean,"colored, healthy"
65803,bean,Edible. Can be refried or plain. Cooked. Don't tast good. Served usually with Mexican food.
65107,bean,"coffee, legume, small"
66151,bean,food
62854,bean,chilli
63199,bean,"jelly belly, pinto, black, mexican, fart"
64702,bean,"vegetable, edible, can be cooked, used in chili, really has no taste"
62827,bean,"vegetable, food, good for you, green"
66178,bean,goes on tacos
63925,bean,"stalk, shell, giant, food, protein"
65416,bean,"type of food, mexican food, burrito"
63520,bean,"kidney beans, baked beans, butter beans"
64840,bean,"green, lima, baked, refried"
65557,bean,"rice, mexican, pinto, smushy"
64042,bean,baked
65449,bean,"a vegetable found in a plant, gets you gassy"
63598,bean,black
65311,bean,"vegetable, food, healthy"
65692,bean,"stock, brown, gross"
66307,bean,"different colors, different types, baked, boiled"
64624,bean,jack
63322,bean,comes from a plant
64216,bean,"food, cook, eat, bean stalk"
65152,bean,"a vegetable, dietary staple, magical fruit"
62281,bean,"small, round,"
63718,bean,"Jack and the bean stalk, magic beans, ham and beans"
65329,bean,"is a food, is small, is cooked"
62557,bean,"I immediately think of Kurt Cobain and Courtney Love's daughter, Francis Bean"
66346,bean,"dip, mexican food, burritto"
65788,bean,"pork, lima, black, pinto, kidney, nutrition, gas"
66043,bean,edible
64915,bean,"lima bean, pinto bean, refried beans, mexican food, give you gas, some come from a beanstalk, which would make the giant come down from his home in the clouds"
65023,carry,belongings
65662,carry,hold
63859,carry,"hold, to move"
64606,carry,"to hold, walk with, holding under or in your arm, carry on bag,"
64102,carry,"hold, can be name, movie, action"
65833,carry,"books, weight, items"
63349,carry,"hold, heavy, strong, mom, dad, help"
65653,carry,"hands, arms, back, gloves, moving, furniture"
65503,carry,"hold, transfer"
65875,carry,heavy
64006,carry,hold
65893,carry,"weight on your shoulders, a child,"
65719,carry,to hold something and it get somewhere else
65920,carry,hold football back credit money fruit
62311,carry,"support, transport, lift"
65728,carry,"bring, hold, take"
64666,carry,"lift and move,"
63292,carry,"lifting, moving"
63034,carry,"people, baskets, clothes, merchandise"
63535,carry,"picking something up, move something, can be heavy, can be light"
63871,carry,holding something
65740,carry,"hold, transport, move"
65218,carry,"to lift, to bring somewhere, to place in one's arms"
64774,carry,To transport. Use baskets.
64546,carry,"hold, protect"
62839,carry,"it to transport, takes something somewhere, to move to another place, is how to move something"
65335,carry,to hold something
63541,carry,"a burden, something that slows you down"
64873,carry,transporting something
66028,carry,"keep with you, hold"
64498,carry,"lift, hold, take somehwere, holding something, moving something"
64093,carry,to bring something or someone somewhere
66055,carry,"duty, work, effort, burden, job"
62935,carry,"football, basketball, helping"
63838,carry,"to hold, lift, transport"
66067,carry,"object, lifting, holding"
66061,carry,"baby, purse, two hands, careful, transport"
62797,carry,"move, pick up"
65656,carry,"Hold, Baby, Boxes,"
65956,carry,"hold, pick up, touch"
65083,carry,away
63043,carry,"hold, transport, move, lift, weight, baby"
64198,carry,"hold, take with, cuddle, smuggle, craddle, swing, container"
64276,carry,pick up
63475,carry,"to hold, to move"
65803,carry,To hold something. To take something along with you.
65107,carry,"hold, have, transport, move"
66151,carry,bags
62854,carry,heavy
63199,carry,"delivery, moving, task. heavy"
64702,carry,to hold an object
62827,carry,hold an item
66178,carry,can be heavy.
63925,carry,"hold, lift, help, love"
65416,carry,"to hold, a basket, can be heavy"
63520,carry,"hold, take somewhere"
64840,carry,lifting
65557,carry,"hold, protect"
64042,carry,haul
65449,carry,to hold for a little bit while the other person does something else.
63598,carry,drop
65311,carry,"Hold, babie, football, basketball"
65692,carry,"books, grocries,"
66307,carry,"groceries, with arms, with bag, into the house"
64624,carry,out
63322,carry,moving while holding something
64216,carry,"hold, baggage, trip"
65152,carry,to hold an object for transport
62281,carry,"weight, boxes, lifting, struggling"
63718,carry,"babies, goods, the team, the work load"
65329,carry,"to hold,  to support another person"
62557,carry,hold
66346,carry,"purse, bookbag"
65788,carry,"lift, hoist, trouble"
66043,carry,bringing along
64915,carry,"to help someone through something, to pick someone up, you carry things to class, in your arms, in your hands"
65023,children,cute
65662,children,fun
63859,children,"short, annoying"
64606,children,"families, small, girls, boys, young"
64102,children,"little, off spring, loud, cute, humorous, play, innocent"
65833,children,"marriage, sports, fun, laughter"
63349,children,"babies, toddlers, fun. playful, crazy, cute"
65653,children,"funny, youth, football, candy, family, annoying, babysitting, kids"
65503,children,"several, always learning, young"
65875,children,playful joy
64006,children,"little, big"
65893,children,"marriage, play together, go to school"
65719,children,"little humans who like to play, be outside, and are the ages from 3-12"
65920,children,nice fun interjetic fast outgonig
62311,children,"human being, young, family"
65728,children,kids
64666,children,"little, young, happy, not fully developed"
63292,children,"kids, school"
63034,children,"loud, school, young"
63535,children,"from adults, involves sex, can be annoying, you take care of them, they learn, boys and girls"
63871,children,"crazy, toys"
65740,children,"kids, play, smiles, noise,"
65218,children,"small humans, pre-puberty, go to elementary school, short stature, higher voices"
64774,children,Noisy. Little version of parents. Has many toys
64546,children,"small, precious, future"
62839,children,"are young, are playful, are products of reproduction, talk, eat sleep, run, have energy, are learning constantly, are our future"
65335,children,little kids ages 4-12 run around a lot still in grade school preschool and kindergarten
63541,children,"young, differenct, carefree, innocent, elementary school, our biggest responsibility"
64873,children,"are loud, can be cute, love to play games"
66028,children,"are small, are learning, go to school, live at home"
64498,children,"kids, diapers, terrible two's, runny noses, sick, elementary school, teenagers, toys, messy rooms, sticky fingers"
64093,children,"kids, candy, sticky, family, screaming"
66055,children,"kids, fun, laughing, playful, dorks, sticky, gross, loud"
62935,children,"future, little people, responsibility"
63838,children,"young humans, not mature"
66067,children,"family, loving"
66061,children,"young, kid, little, dumb, future"
62797,children,"cute, fun, annoying, cry, play"
65656,children,"Play, Young, Innocent, Colors, Fun"
65956,children,"age, small, immaturity, learn"
65083,children,stress
63043,children,"kids, offspring, energetic, small, young, cute, noisy, creative"
64198,children,"fun, little, young, playful, parks, dirty, need to be cleaned,"
64276,children,young
63475,children,"joy, hyper"
65803,children,Kids. Born by a mother and father. Can be found all over the world. Can be boy or girl.
65107,children,"innocent, candor, toys, playing"
66151,children,little
62854,children,generation
63199,children,"kids, annoying, short, i hate kids"
64702,children,"ages 0-12, playful, messy, toys, cries a lot, picky, always learning"
62827,children,offspring
66178,children,young person.
63925,children,"brain, organs, heart, lungs, flesh, limbs, emotions, ideas, thoughts, love"
65416,children,"young, boys or girls, playing, laughing"
63520,children,"kids, grandchildren, siblings"
64840,children,"growing, playful, learning"
65557,children,"kids, noise,"
64042,children,kids
65449,children,"young people, can be annoying but needs a lot of learning.Innocent"
63598,children,kids
65311,children,"loud, young, imaginative, loving, gental"
65692,children,"loud, cute, little, innocent"
66307,children,"have parents, like to play, are small"
64624,children,play
63322,children,humans younger than 18 years of age
64216,children,"kids, birth, first step"
65152,children,young offspring
62281,children,"kid, young adult,"
63718,children,"babies, husband,wife, teenage mother"
65329,children,"are small, are messy, fun, smelly, funny"
62557,children,gifts from God
66346,children,"loud, annoying, costly"
65788,children,"laughter, play, fun, learning, promise, future"
66043,children,are childish
64915,children,"babies, fun, have an imagination, know how to have fun when given nothing,"
65023,church,God
65662,church,jesus
63859,church,jesus
64606,church,"worship, singing, praising, God, coming together, the Bible"
64102,church,"cross, has preist, learn, God, pray, love, marrage, tradition, bibles, rows, friends"
65833,church,"Sundays, family, food, faith, peace of mind"
63349,church,"God, Jesus, cross, pastor, love, hope, worship"
65653,church,"religion, faith, commitment, God, Bible, baptist, catholic"
65503,church,"God, praise, faith"
65875,church,preaching
64006,church,"worship, serve"
65893,church,"sundays, christ, dress nicely"
65719,church,a religious place known to hold services or mass for hold people
65920,church,bible god preist sunday nice suit
62311,church,"Catholic, worship, religion"
65728,church,"house of God, mass,"
64666,church,"a building, a chapel, stained glass, has pews, has bibles, has a priest, has a choir, people attend it,"
63292,church,"steeple, rows"
63034,church,"pews, bread, wine, people"
63535,church,"involves god, you pray there, a preacher is there, a choir is there, involves the bible, different religions"
63871,church,"bible, god"
65740,church,"cathedral, hymms, organs, pastors, pews"
65218,church,"house of God, place of worship, Christian, pews, alter, pulpit"
64774,church,"Steeple. Pastor, youth group. Congregation. bible. Has services. Takes offering. Give communion. Has a choir. Candles.."
64546,church,"God, priest, faith, bible"
62839,church,"is a place of worship, house of God, gathering of believers, meeting place for fellowship, part of religion"
65335,church,a place to go and worship many different religions have these
63541,church,"a building, a figurative place, God, Jesus, Sundays, welcoming, closely tied with a religion, a place of worship, where a tired soul goes to inhale"
64873,church,"place of worship, religiousp place"
66028,church,"is a place of worship, where people of same religion gather"
64498,church,"god, jesus, sunday, worship, sin, hell, heaven, angels, song, prayer, help, hope, love, peace, sanctuary"
64093,church,"worship whatever you believe in. prayer, singing"
66055,church,"hypocracy, atrocity, murder, villany, zealot, preacher, black, jesus, bible, descriminaion, hatred, biggotry"
62935,church,"God, pews, bible, Sundays"
63838,church,place of worship
66067,church,"praying, group of believers, higher power, minister"
66061,church,"sunday, jesus, christ, bible, learn"
62797,church,"religion, religious, christian, catholic, jewish"
65656,church,"Wedding, Service, Pray, God, Worship,Bells,Candles, Confession"
65956,church,"sanctuary, religion, fellowship, building, family, relationships"
65083,church,god
63043,church,"where people pray, holy place, big building, has chairs"
64198,church,"god, religeous, bible, heaven, hell, sinning, different religions, fasting, baptisms, confirmations, communion, bible school, sunday,  wednesday"
64276,church,obligation
63475,church,"welcoming, god"
65803,church,"Where you go to pray. Priests found in them, Bibles and holy water. Bread and wine. Have crosses at the top."
65107,church,"pastor, Sunday school, sermon, choir, potluck"
66151,church,religion
62854,church,god
63199,church,"singing, pews, sunday"
64702,church,"place to forgive sins, reading, bible, lord, savior, body of christ, sundays, Christ, priest, father, praying, amen, prayers"
62827,church,"religion, god"
66178,church,a religious place.
63925,church,"religon, family prechers, bible, frends, hope, faith God, love"
65416,church,"a building, full of people, on Sundays, spirti"
63520,church,"God, preacher, hymns, sermon, scriptures"
64840,church,"steeple, Christian, Sundays"
65557,church,"Bible, God, baptist, catholic, big, preacher, pues, chior"
64042,church,God
65449,church,"a place to worship, a place for comunnity to share common beliefs of religion and socail aspects as well."
63598,church,cross
65311,church,"Boring, old building, preacher, choir, members, pews.worship"
65692,church,"Religion, family, God"
66307,church,"worship, safe place, fellowship"
64624,church,bell
63322,church,why of thinking
64216,church,"god, worship, prayer, give money"
65152,church,a religious building
62281,church,"religion, place of worship"
63718,church,"marriage,baptisim, worship"
65329,church,"is a gathering place, God's house, is white, has stain glass windows, is peaceful"
62557,church,"Christ, place of worship, brick and mortar"
66346,church,"god, jesus, religion"
65788,church,"community, people, deity, faith, religion"
66043,church,should be full on sunday
64915,church,"christianity, religion, god, cross, singing, full of love, friendly, accepting"
65023,clam,seafood
65662,clam,cold
63859,clam,food
64606,clam,"type of animal, found with pearl"
64102,clam,"in ocean, made into soups, may have pearl"
65833,clam,"cold, water"
63349,clam,"beach, sea, shell, sand, pearl"
65653,clam,"hands, soft, gross, wet, food, weird"
65503,clam,"sea animal, food"
65875,clam,chowder
64006,clam,"shell, clammy, slimey"
65893,clam,"chowder,"
65719,clam,an animal in a shell
65920,clam,relaxed not worried unstressed summer
62311,clam,"hard, water, organism"
65728,clam,"animal, lives in water, lives in a shell"
64666,clam,"lives in a shell, lives in the ocean, a mucsle,"
63292,clam,"Ocean, Food"
63034,clam,"edible, squishy, shell"
63535,clam,"is in the ocean, can be eaten, people catch them, live in water"
63871,clam,relaxing
65740,clam,"shell, ocean, tough"
65218,clam,"creates pearls, closed tightly, lives in the ocean"
64774,clam,Found in the ocean. Has a fishy smell.
64546,clam,"pearl, meat, food, ocean"
62839,clam,"is an animal, can be eaten, is used in food, can mean shut tight, lives in water"
65335,clam,waters a seafood thought of as pink with a pearl inside
63541,clam,"a food, cheap if fried, expensive if anything but fried, delicious, in a shell, small, seafood, make pearls"
64873,clam,"mollusk, can be eaten"
66028,clam,"is an animal, lives in water, can be eaten, has a shell"
64498,clam,"sea, seafood, allergic, shell, food, white, living, sea creature, texture of skin,"
64093,clam,"live in the ocean, we eat them, beavers eat them to"
66055,clam,"peaceful, relaxed, funeral, death, meditation, simplicity, enlightened"
62935,clam,"water, food,"
63838,clam,"sea food, organism"
66067,clam,"freshwater, mussels"
66061,clam,"ocean, water, food, pearl, reef"
62797,clam,"chowder, soup, fish"
65656,clam,"ocean, Sea food, Creature, Marine"
65956,clam,"food, animal, hard outside, soft inside, in water, edible"
65083,clam,peace
63043,clam,"shelfish, in a shell, contains meat, found in the ocean, good to eat, chewy"
64198,clam,"seafood, grose, slimey, shell, hard"
64276,clam,underwater creature
63475,clam,"shell, sea water"
65803,clam,Found in the ocean. Have shells. Are usually white or gray. Can be eaten.
65107,clam,"shells, meat, slimy, found in ocean"
66151,clam,pearl
62854,clam,pearl
63199,clam,"spongebob, mollusk, snail, sea, salt"
64702,clam,"edible, like oysters or mollusks"
62827,clam,peaceful
66178,clam,is in the ocean
63925,clam,"shell, oyster, pearl. water, sea, ocean floor, river floor, food"
65416,clam,"ocean, type of food, tastey"
63520,clam,"pearl, oyster"
64840,clam,"living creature, food"
65557,clam,"ocean, tasty, white"
64042,clam,shell
65449,clam,a muscle. might have pearls in them . found in water
63598,clam,oyster
65311,clam,"ocean, food, muscle"
65692,clam,"pearl.ocean, oyster"
66307,clam,"slimy, has pearl, opens, lives in water, outside is brown, inside is pink"
64624,clam,layed back
63322,clam,lives in the ocean
64216,clam,"food, salt water, ocean, jobs"
65152,clam,a water dwelling creature
62281,clam,"emotion, relaxed"
63718,clam,"chowder, sea, rivers, pearls"
65329,clam,"lives in the sea, has a hard shell, can be food, is slimy inside"
62557,clam,"delicious, slimy"
66346,clam,"chowder, crackers, ocean"
65788,clam,"chowder, seafood, shell, saltwater, hide"
66043,clam,pearl
64915,clam,"in the ocean, make pearls, kind of food, hard to open,"
65023,clipper,basketball team
65662,clipper,cut
63859,clipper,cutting
64606,clipper,"los angeles, basketball team, cuts hair,"
64102,clipper,"Cut, hair, sharp, used in babars shops, clean,"
65833,clipper,cutting
63349,clipper,"cut, toe nail, hair, scissors,"
65653,clipper,"basketball, paper, news, information, binding, holding"
65503,clipper,"cut hair, scissors"
65875,clipper,boy hair trimmers
64006,clipper,"sharp, painful"
65893,clipper,"nails,"
65719,clipper,"used to cut things, toe-nail clippers, tree clippers"
65920,clipper,baseketball baron davis LA ship
62311,clipper,"cutting, instrument, shortening"
65728,clipper,"technical term for a weather front, tool that clips, basketball team"
64666,clipper,"cuts things, can be sharp"
63292,clipper,"bush, scissors"
63034,clipper,"bush, tree, hair"
63535,clipper,"cuts things, can be sharp, can cut hair, used bey a barber, makes things shorter"
63871,clipper,nail
65740,clipper,"ship, sails, ropes, Yankee"
65218,clipper,"something that trims something else, scissors"
64774,clipper,Cuts things. Has blades.
64546,clipper,"razor, cut"
62839,clipper,"trims, cuts, can cut nails, is an object, has sharp ends"
65335,clipper,used to cut hair grass and nails makes them shorter
63541,clipper,"used to cut hair, battery operated or plugged in, costs 25 USD, makes a buzzing sound"
64873,clipper,"used for cutting hair, elctric tool"
66028,clipper,is used to cut or trim something
64498,clipper,"to cut nails, to trim hedges, silver, metal, cold, shiny, sharp, rounded or straight"
64093,clipper,hair clippers
66055,clipper,"scissors, hedge, machine, bush, sheer"
62935,clipper,"LA, basketball, hair cut"
63838,clipper,"sail boat, cutting tool"
66067,clipper,"blades, trimmer, hair"
66061,clipper,"basketball, eric gordon, bad, suck, hair, trim"
62797,clipper,"nails, basketball team"
65656,clipper,"Hair, Cut, Snip, Paper"
65956,clipper,"silver, sharp"
65083,clipper,sissors
63043,clipper,"scissors, cuts things, sharp, blade, used to cut shrubs"
64198,clipper,"scissors, schears, hair, bushes, trees, shrubbery, nails"
64276,clipper,sharp parts
63475,clipper,"sharp, metal"
65803,clipper,Cuts nails. If scissors it can cut hair. Or if its for the yard it can be used in the grass like a lawn mower. Trims something. Makes an item shorter.
65107,clipper,"nail, hedge, shop, shape"
66151,clipper,scissors
62854,clipper,haircut
63199,clipper,"hair, buzzzzz, expensive"
64702,clipper,"cutting, hair removal, barber shop"
62827,clipper,cuts things
66178,clipper,cut nails
63925,clipper,"sharp, germy, gross, necessary, small, metal, shiny, gray, tiny"
65416,clipper,"cuts hair, metal"
63520,clipper,"cut, trim, shave"
64840,clipper,for fingernails
65557,clipper,"hair trimmer, LA"
64042,clipper,wood
65449,clipper,"used to cut hair with A PAIR of these, sharp, usually a silver"
63598,clipper,cut
65311,clipper,"Hair,barber, trees, bushes, leaves"
65692,clipper,"nails, hair, grass"
66307,clipper,fingernails
64624,clipper,toe nail
63322,clipper,sharp
64216,clipper,"hair cut, basketball teams"
65152,clipper,"a ship, a device for shearing objects"
62281,clipper,"used my humans, cuts things, vary in size,"
63718,clipper,"hair, buzz head, finger nails"
65329,clipper,"is sharp, is a big pair of scissors, is shiny"
62557,clipper,trims hair or nails
66346,clipper,used to trim toes
65788,clipper,"ship, nostalgia, Moby Dick, masts, sails"
66043,clipper,cuts hair
64915,clipper,"to shear sheep's wool, to cut hair,"
65023,construction,building
65662,construction,building
63859,construction,build
64606,construction,"machines, men at work,"
64102,construction,"work, road, repair, build,"
65833,construction,"loud noises, vests, yellow hats, men"
63349,construction,"building, worker, brick, house, foundation"
65653,construction,"workers, labor, outside, build, buildings, is orange"
65503,construction,"workers, loud noises, machines"
65875,construction,hard hat
64006,construction,loud
65893,construction,"hats, yellow, orange, noisy, buildings"
65719,construction,"people working on creating something new, could use tools"
65920,construction,men build house hammer nail wood metal hot cold
62311,construction,"building, planning, team"
65728,construction,"building, making, working"
64666,construction,"building, wood, nails, hammers, saws, pipes, metal, electricity"
63292,construction,"Hard Hats, tractor"
63034,construction,"concrete, orange hats, dirt"
63535,construction,"making something, usually with buildings, people do this, hard work"
63871,construction,carpenter
65740,construction,"build, detour, change, fence, signs, warnings"
65218,construction,to build
64774,construction,Hard Hat. Building something. Orange vest.
64546,construction,"building, tools, lumber"
62839,construction,"is in the process. means building, is loud, it takes time"
65335,construction,"building, loud, obnoxious at types, workers wear hard hats"
63541,construction,"men, hard hats, a major part of industry, provides infrastructure, wood, metal, large projects,  work towards a common goal"
64873,construction,"use tools, construction site, yellow caution tape, hard hats"
66028,construction,"is done to change an area or building, takes time, takes money, takes machinery"
64498,construction,"dangerous, CAT, bulldozer, machinary, workers, buildings, blueprints, land, trucks, dirt, progress"
64093,construction,"build, construct, make things for people to live in or work in"
66055,construction,"work, dirt, concreate, steel, skyscraper"
62935,construction,"hard hats, road blocks, detours"
63838,construction,"building structures, heavy machinery, labor, demoltion"
66067,construction,"building, making, group effort, wood, tools"
66061,construction,"hammer, nails, wood, building, hard hats, men"
62797,construction,"buildings, house, apartment"
65656,construction,"Rocks, Cranes, Bricks, Men, Summer, buildings"
65956,construction,"build, create, construct, fix, redo, add on"
65083,construction,work
63043,construction,"dirty, noisy, has big equipment, builds things"
64198,construction,"building, wood, architecture, hard hats, plumbing, electricity, blue prints"
64276,construction,building
63475,construction,"build things, nails"
65803,construction,Work being done. Can be found on the road or a building. Labor work. Wear bright highlighter colors. Must slow down if its work on the road.
65107,construction,"hard hat, dump truck, holes, dirt, concrete"
66151,construction,dirt
62854,construction,management
63199,construction,"loud, hard hats, men, takes a long time"
64702,construction,"to build, to destroy, hammers, nails, workers, orange signs, double fines for speeding,"
62827,construction,"building, loud, dirty"
66178,construction,on buildings.
63925,construction,"men, wood, tailers, setbacks, detours, metal, equipment, people, buildings, roads"
65416,construction,"building, workers, materials: wood, steel, hammers, nails"
63520,construction,"worker, build, make something"
64840,construction,"workers, buildings, progress"
65557,construction,"build, hard hats,"
64042,construction,site
65449,construction,"a sight  and project where people repair buildings, and roads."
63598,construction,orange
65311,construction,"Buildings, wood, plywood, large, wide, can hold people,hard hats, machinery, trucks"
65692,construction,"noise, men, buildings, hard hats,"
66307,construction,"build, new, workers, job"
64624,construction,worker
63322,construction,building soming
64216,construction,"building, hard hats, warning zone, builders, equipment"
65152,construction,"a structure that is being worked on,"
62281,construction,"loud, uses machines, many people, large or small,"
63718,construction,"site, highways, buildings, Cadet,Cat"
65329,construction,"is done by people, used to make buildings"
62557,construction,"build, create"
66346,construction,"houses, costly, construction workers, hardhats"
65788,construction,"building, carpenter, laborers, foreman, hammer, nail, machinery, project, concrete"
66043,construction,is a filthy job
64915,construction,"to build, there is a lot of construction on campus, there is a lot of construction in my hometown, building, makes new things,"
65023,cook,pans
65662,cook,heat
63859,cook,food
64606,cook,"makes food, a job, works at restaurant,"
64102,cook,"food, apron, book, fast food, resturant, home cook, personal cook, can be mom or dad"
65833,cook,"food, smells, family, my mom"
63349,cook,"chef, food, restaurant, culinary"
65653,cook,"fork, knife, spatchula, oven, stove, microwave, food"
65503,cook,"food, smells good"
65875,cook,food
64006,cook,food
65893,cook,"food, breakfast, kitchen"
65719,cook,someone who provides food for other people
65920,cook,food fat yummy skilled fun hard
62311,cook,"food, person who makes food, appliances"
65728,cook,"make, prepare, one who prepares food"
64666,cook,"makes food, boils, bakes, chops, dices, blends, mixes,"
63292,cook,"pot, pan, spoons, ingredients"
63034,cook,"stove, microwave, oven"
63535,cook,"makes food, can be good, can be bad wears a white hat"
63871,cook,shef
65740,cook,"make, prepare, chef, grill"
65218,cook,"chef, to make something to eat"
64774,cook,Food. Making things hot. Uses many tools
64546,cook,"food, heat, utinsels"
62839,cook,"is to prepare food, someone who prepares food, to make a meal, a food worker, is to heat"
65335,cook,somebody who makes food so that your belly is satisfied
63541,cook,"kitchen, heat, time, takes preparation, the end result is an art"
64873,cook,"preparing and making food, uses spices"
66028,cook,"is to make food, takes time, takes ingredients"
64498,cook,"chef, dinner, meals, oven, stove, microwave, apron, heat, fridge, makes meals, is a human"
64093,cook,food
66055,cook,"prepare, chef, food, dinner, steak"
62935,cook,"food, chef, restaurant"
63838,cook,prepares food
66067,cook,"makes food, uses food in many ways, employment/employer"
66061,cook,"chef, ingredients, smell, food"
62797,cook,food
65656,cook,"Prepare, Food, pots, pans, spices, season, dinner"
65956,cook,"food, prepare, hobby, profession, activity, chore"
65083,cook,food
63043,cook,"bake, feed people, requires preparation, to make food, dinner"
64198,cook,"food, delicious, home, mom, fresh, healthy, left-overs, family meals, oven mittens, aprin, chef's hat"
64276,cook,profession
63475,cook,"makes food, prepare food"
65803,cook,"Done in the kitchen. Uses food. Uses utensils. To feed someone. Can be taught in classes, on television, or in a book."
65107,cook,"fry, make, create, food"
66151,cook,white hat
62854,cook,dinner
63199,cook,"food, chef, hat, kitchen, restaurant"
64702,cook,"act of baking foods, oven, could be put in oven, makes food taste better"
62827,cook,to make food
66178,cook,different foods
63925,cook,"fat, experienced, good, adaptable"
65416,cook,"food, meals, grown on trees or on the ground, prepared for others"
63520,cook,"prepare a meal, chef, meal"
64840,cook,"skilled, good sense of taste"
65557,cook,"chef, food, bake"
64042,cook,clean
65449,cook,"to prepare food, a job for a person,"
63598,cook,chief
65311,cook,"food, hungry, timers, heat,"
65692,cook,"food, hunger, taste, smels"
66307,cook,"makes food, works in restaurant, serves people, creates dishes"
64624,cook,kitchen
63322,cook,involves food
64216,cook,"gril, boil, bake"
65152,cook,"a person who makes things with a heat source, the act of making something with a heat source"
62281,cook,"food,"
63718,cook,"restuarant, submarine, dinner,lunch,breakfeast"
65329,cook,"to make food, to use stove"
62557,cook,create
66346,cook,"food, hot, stove, oven"
65788,cook,"clean, food, dishes, oven, fryer, pan, broiler, pot, bar-be-que"
66043,cook,measuring
64915,cook,"the one who cooks you food, fat, chef's hat, apron"
65023,cover,pictures
65662,cover,get under something
63859,cover,not show
64606,cover,"to hide, pull over, type of protector"
64102,cover,"Book, closes, has pictures and words, tells about text, paper,"
65833,cover,"blankets, messes"
63349,cover,"album cover, book, hard back"
65653,cover,"music, protection, warmth, large, bed, sleeping"
65503,cover,"put something over, hide, conceal"
65875,cover,warmth
64006,cover,"warm, comfy"
65893,cover,"dont blow this, of a magazine, take this in a storm"
65719,cover,the beginning of a book or first page of a paper
65920,cover,book resume title words front picture first
62311,cover,"protection, conceal, hiding"
65728,cover,"blanket, to blanket, sheet, to disperse evenly"
64666,cover,"used to keep warm, a blanket, to protect yourslef"
63292,cover,keep out of rain
63034,cover,"blanket, cozy, fluffy, fuzzy"
63535,cover,"on top of something, can make something warm, can hide something"
63871,cover,the beginning
65740,cover,"blanket, quilt, top,"
65218,cover,"to hide, charge at a club, lid, blanket, to put on top of something to obscure it"
64774,cover,To protect things. Keep from damage
64546,cover,"hide, warm"
62839,cover,"to put something over, keeps something hot or cool, used as a blanket, keeps you warm, keeps something out"
65335,cover,to a book or letter the first thing you see can also cover up an object so others wont see it
63541,cover,"what you get behind, useful in sleeping and in warfare, can be soft or hard, used to conceal, used for protection from something"
64873,cover,"hides something, helps protect something"
66028,cover,"is used to conceal something, is used to keep something warm"
64498,cover,"blankets, cold, to hide something, over a car, duck,"
64093,cover,"magazine, to hide from something"
66055,cover,"banket, sheet, shield, protect"
62935,cover,"books, sleeping, warmth"
63838,cover,"protection, warmth, quilt, shelter"
66067,cover,"hide something,"
66061,cover,"blanket, soft, warm, protect"
62797,cover,"sheet, blanket, cold"
65656,cover,"Hide, Scared, Protect, Sheild"
65956,cover,"lid, protect, hard. solid"
65083,cover,of a book
63043,cover,"to hide something, tarp, foil covers food, clothes cover people"
64198,cover,"over, outside, first, front page, top"
64276,cover,put on top of
63475,cover,"to hide something, to protect"
65803,cover,Keeps you warm. Can be thick or thin. Found on a bed or couch. Usually comfortable. Made of some sort of cloth. Can be any color.
65107,cover,"protect, shield, hide"
66151,cover,blanket
62854,cover,this
63199,cover,"book, lie, CD, don't judge a book by its..."
64702,cover,"on top, to lay over"
62827,cover,"warm, goes over"
66178,cover,hiding.
63925,cover,"protection, duarble, large, thick, comforting"
65416,cover,"blanket, soft, protection,"
63520,cover,"hide, cold, blanket"
64840,cover,"blanket, camoflauge"
65557,cover,"warmth, bar entry, fluffy"
64042,cover,blanket
65449,cover,"to protect something, like pages on a book, can be used to be on a bed, to cover from the cold"
63598,cover,blanket
65311,cover,"warm,hiding, shield,"
65692,cover,"hide, put away"
66307,cover,"keeps in heat, on bed, comforter"
64624,cover,sheet
63322,cover,goes over another object
64216,cover,"to get under a blanket, warm, house"
65152,cover,"blanket, protective apparatus,"
62281,cover,"enclose,"
63718,cover,"blankets, duvet, comforter"
65329,cover,"a blanket, soft, warm, fuzzy"
62557,cover,something that goes over something else
66346,cover,"for warmth, protection"
65788,cover,"blanket, warmth, house, cave, trees"
66043,cover,warmth
64915,cover,"on your bed, a blanket, warm, comforting"
65023,dagger,shiny
65662,dagger,sharp
63859,dagger,knife
64606,dagger,"knife, kills, very sharp, shiny, metal"
64102,dagger,"small knife, priates, medival, weapon,"
65833,dagger,"sharp, blood, pain"
63349,dagger,"knife, kill, stab, murder"
65653,dagger,"knife, hero, enemy, throwing, ninjas, pain, sharp"
65503,dagger,"dangerous, rough, bloody, sharp"
65875,dagger,sharp
64006,dagger,dark
65893,dagger,"knife, is filled with jewels"
65719,dagger,weapon
65920,dagger,knife kill stab blood ninja injury
62311,dagger,"knife, weapon, defense"
65728,dagger,"short sword, knife, blade"
64666,dagger,"a knife, used to stab, especially in Shakespeare's plays"
63292,dagger,"knife, sharp, dangerous"
63034,dagger,"sharp, silver"
63535,dagger,"sharp, like a knife, can kill someone, can cut, can stab"
63871,dagger,knife
65740,dagger,"knife, kill, slit"
65218,dagger,"knife, weapon, used for stabbing,"
64774,dagger,Sharp ended. Used to kill people. Make of metal. has a handle. Small in size.
64546,dagger,"sharp, mini-sword"
62839,dagger,"is a weapon, is a small knife, is sharp, used for centuries, is uncommon tool"
65335,dagger,"a little knife, not a pleasant way to die from can be used to hunt"
63541,dagger,"a knife that is used in a sinister way, used for a specific purpose, sharp, pionted, with a handel, used for violence"
64873,dagger,"is silver, used to hurt others, used to defend"
66028,dagger,"is sharp, pointed, has a handle"
64498,dagger,"stab, wound, knife, rigid, video games, medievel times, used by people, kill, harmful, painful, weapon"
64093,dagger,"romeo and juliet, weapon"
66055,dagger,"sharp, spine, pointed, cloak, sneaky, stab, small, hidden"
62935,dagger,"stabbing, Indians, hunting, weapons"
63838,dagger,knife
66067,dagger,"sharp, pointy, hilt, could be used for murder, could be used to hurt"
66061,dagger,"knife, sharp, hurt, blood, murder, short"
62797,dagger,"knife, sword, weapon"
65656,dagger,"Knife, Stab, Death"
65956,dagger,"kill, hurt, injure, strike, damage, solid, sharp, blunt"
65083,dagger,knife
63043,dagger,"knife, blade, used in ancient times, weapon, sharp, long, short"
64198,dagger,"sharp, stabbing, ouch, pain, knife"
64276,dagger,sneaky weapon
63475,dagger,"sharp, dangerous"
65803,dagger,Like a knife. Is pointy. Is dangerous. Is sharp. Used for stabbing
65107,dagger,"stab, sharp, weapon, metal"
66151,dagger,knife
62854,dagger,knife
63199,dagger,"killing, romeo and juliet, short, archaic"
64702,dagger,"small knife, sharp, draws blood, could kill, iron"
62827,dagger,"used to hurt, sharp"
66178,dagger,a small sword
63925,dagger,"long, short, sharp, deadly"
65416,dagger,"a type of knife, dangerous, in horror films"
63520,dagger,"knife, long, stab"
64840,dagger,"weapon, stabbing, easily concealed"
65557,dagger,"death, sword, sharp, pointy"
64042,dagger,knife
65449,dagger,"a sharp tool, silver, has a handle, small sword."
63598,dagger,candle
65311,dagger,"stab, rouge, games, throwing"
65692,dagger,"knife, weapon, harm"
66307,dagger,"weapon, old school, short, sharp"
64624,dagger,knife
63322,dagger,sharp
64216,dagger,"knife, death, stab"
65152,dagger,"small sword,"
62281,dagger,"blade, small,"
63718,dagger,"medieval, hidden away, untrustworthy"
65329,dagger,"is like a knife, is sharp, is deadly, capable of hurting another being"
62557,dagger,"sharp, pointy, short, easily hidden"
66346,dagger,"knife, stab, sheath"
65788,dagger,"knife, sword, sharp, jagged, killer, protection"
66043,dagger,sharp
64915,dagger,"knife, stab, sharp, pointy, deadly,"
65023,deodorant,smells good
65662,deodorant,smell
63859,deodorant,"white, smelling"
64606,deodorant,"strip, white, prevents odor, comes in a stick"
64102,deodorant,"gets ride of armpit smell and ichy, can cause rash and reddness,"
65833,deodorant,"smells good, everyone should wear it"
63349,deodorant,"smell, underarm, BO, gross"
65653,deodorant,"smell, brands, spray, arm-pit, hygiene"
65503,deodorant,"smells good, stops odor, fragrance"
65875,deodorant,fresh
64006,deodorant,"smells good, rolls on, smooth"
65893,deodorant,"sweat, store, secret,"
65719,deodorant,put on to prevent smell and perspiration
65920,deodorant,smell armpit pleasant men women old spice
62311,deodorant,"put under arm, covers BO, white"
65728,deodorant,"no stink, no sweat,"
64666,deodorant,"used under arms, comes in a stick, has different odors, is usually white, has a lid, protects against body odor,"
63292,deodorant,"perfume, smelly"
63034,deodorant,"smells, hard, spray, flowery, fruity"
63535,deodorant,"can be white, can be clear, poeple use this, smells good, put under arms, can be clear, can be white"
63871,deodorant,"smell, white, liquid"
65740,deodorant,"smell, underarm, spray, roll on,"
65218,deodorant,"worn on underarms for body odor, stick or gel"
64774,deodorant,Used to stop Body oder.
64546,deodorant,"smell, essential, body odor"
62839,deodorant,"smells nice, prevents bad smells,  is hygiene product"
65335,deodorant,"put on your armpits so you dont have BO, usually smells good, different brands for girls and guys"
63541,deodorant,"smells good, contains tin, know to the state of california to cause cancer, because we sweat, AXE and OLDSPICE, everyday routine, you do it for others"
64873,deodorant,"makes people smell better, is for hygeine purposes"
66028,deodorant,"smells fresh, keeps people or objects from smelling bad"
64498,deodorant,"anti perspirent, dove, scent, smell good, white, clear, gel, spray, girls, guys, after shower"
64093,deodorant,use to not have body oder
66055,deodorant,"stench, skanky, artificial, smell, gel, stick"
62935,deodorant,"axe, old spice, smell"
63838,deodorant,smell good
66067,deodorant,"smell be gone, anit stink"
66061,deodorant,"smell, sweat, tube, cheap, gel, spray"
62797,deodorant,"smell, stink, strong, gel, spray"
65656,deodorant,"Smell, Sweat, Odor, Protection, Commercial"
65956,deodorant,"used to clean, powder, gel, scent, oder, anti-perspirant"
65083,deodorant,smell
63043,deodorant,"antiperspirent, smells good, used for sweat, prevents odor"
64198,deodorant,"fresh, hygene, smell, armpit, degree"
64276,deodorant,zinc oxide
63475,deodorant,"smell good, eliminate odors, soft"
65803,deodorant,Put under armpits. Helps with perspiring. Smells good. Can be all different scents. Gel or powder.
65107,deodorant,"stick, scented, hygiene, clean"
66151,deodorant,stinky
62854,deodorant,old spice
63199,deodorant,"smell, necessary"
64702,deodorant,"repels odor, good smell, under your arms, could spray or rub on, not edible"
62827,deodorant,makes you smell good when you sweat
66178,deodorant,is worn on armpits.
63925,deodorant,"scents, sweet, inhaling, lust"
65416,deodorant,"to avoid stink, under your arms, many types, bought at the store"
63520,deodorant,"anti-persperant, armpit, underarm"
64840,deodorant,"goes in armpits, removes odor"
65557,deodorant,"smells good, white,"
64042,deodorant,smell
65449,deodorant,"can make a person cover up there armpit oder, diffrent brands, has commercials to sell them."
63598,deodorant,odor
65311,deodorant,smell good
65692,deodorant,"clean, white, smell"
66307,deodorant,"smells good, put on armpits, body odor blockers"
64624,deodorant,perfume
63322,deodorant,placed on arm pits
64216,deodorant,"freshness, arm pits, hair"
65152,deodorant,substance that prevents odor
62281,deodorant,"antiperspirant, smell, anti odor"
63718,deodorant,"armpit, stinch, sweat"
65329,deodorant,"is white, is made of powder, smells fresh"
62557,deodorant,masks smelliness
66346,deodorant,"smells good, prevents sweat"
65788,deodorant,"stink, smells good, useful, anti-perspirant, sweat, exercise, Old Spice"
66043,deodorant,blocks bad smells
64915,deodorant,"smells good, armpits, necessary in every day life,"
65023,dolphin,mammal
65662,dolphin,smart animal
63859,dolphin,animal
64606,dolphin,"smartest animal, lives in water, mammal,not a fish"
64102,dolphin,"fish, mamual, fin, eats fish, swims fast, jumps high, sea world, Ocean"
65833,dolphin,"they are always happy, ocean, blue, they make squeaky noises, a nice animal"
63349,dolphin,"swim, ocean. sea, salt water, sand, gray, smart, fish"
65653,dolphin,"football, dan marino, ocean, florida, wet, loud, friendly"
65503,dolphin,"animal, mammal, fin, blow hole, gray, happy, swimmer"
65875,dolphin,ocean
64006,dolphin,"cute, mammal, fins, eyes, bottle nosed"
65893,dolphin,"florida, animal, sea world, ocean"
65719,dolphin,"an animal, a mammal, swims int he ocean, eats fish, smooth texture of skin"
65920,dolphin,mamamal water ocean beak swim protective jumps
62311,dolphin,"lives in water, not a predator, friendly"
65728,dolphin,water dwelling mammal
64666,dolphin,"friendly, gray, has a fin, has a pointed mouth, lives in water"
63292,dolphin,"fin, tail"
63034,dolphin,"water, blue, smart"
63535,dolphin,"eats little fish, a nice fish, is a fish, can swim, is very smart, can jump out of the water, people can train them, people swim with them"
63871,dolphin,"ocean, fun, you can swim with them, sea world"
65740,dolphin,"porpoise, happy, grey, dorsal fin, quick"
65218,dolphin,"lives in the ocean, mammal, Sea World, intelligent, pods, can recognize itself in a mirror"
64774,dolphin,Has a dorsal fin. Have a snout. Are leathery. Can be trained to do tricks. Very smart. Speak in clicks and whistles.
64546,dolphin,"mamal, ocean, smart"
62839,dolphin,"is an animal, lives in the ocean, is grey, eats fish, has fins, jumps out of water"
65335,dolphin,"a friendly animal, can do flips and tricks seen at sea world also found in the ocean"
63541,dolphin,"sleek, intelligent compared to, wet, in Seaworld, communicates, smooth, jumps up in the air to get attention"
64873,dolphin,"lives in the ocean, salt water fish, grey body, has fins"
66028,dolphin,"is an animal, is a mammal, lives in the ocean, swims in pods, eats fish"
64498,dolphin,"fish, ocean, jump, swim, fins, snouts, sea world, tricks, grey, sleek,"
64093,dolphin,"animal, ocean, flipper"
66055,dolphin,"smart, gray, blue, fast, strong, pointy, ocean, sharks"
62935,dolphin,"Miami, water, ocean"
63838,dolphin,"mammal, swims,"
66067,dolphin,"animal, mammel, in the sea,"
66061,dolphin,"ocean, cute, mammal, fish, blow hole, likeable, wet"
62797,dolphin,"mammal, fish, fins"
65656,dolphin,"cute, fun, mysterious, smart, beautiful, energetic ,ocean"
65956,dolphin,"animal, lives in water, mammal, live birth, wet, intellegent"
65083,dolphin,ocean
63043,dolphin,"fish, swims, breathes air, slick, slimy, fast, animal"
64198,dolphin,"ocean, flipper, mamal, fins, cute"
64276,dolphin,smart
63475,dolphin,"mammal,"
65803,dolphin,"An animal, A mammal. Lives in the water. Has a spout. Has a tail. Has fins. Swims in the ocean. Can be trained to do tricks."
65107,dolphin,"mammal, intelligent, friendly, slick, shiny"
66151,dolphin,mammal
62854,dolphin,flipper
63199,dolphin,"Promethius, Cancun, swimming with"
64702,dolphin,"mammal, lives underwater, eats fish, protects humans, playful, dorsal fins, snout, gills, tail fin, smooth silky skin"
62827,dolphin,"ocean animal, graceful,"
66178,dolphin,creature in the ocean
63925,dolphin,"mammel, water, loving, nice, cute, hope, smart"
65416,dolphin,"ocean, jumping, glides through water"
63520,dolphin,"fish, water, fun"
64840,dolphin,"in ocean, mammal, intelligent"
65557,dolphin,"grey, bottlenose, flipper, dorsal fin,"
64042,dolphin,shark
65449,dolphin,a smart  mamal that lives in the water. used by milllitary to find underwater bombs used for entertainment
63598,dolphin,whale
65311,dolphin,"Ocean, mammal, air, fish"
65692,dolphin,"ocean, blue, slimy, swimming"
66307,dolphin,"lives in ocean, is blue, has fins, has snout, barks, saves people, has tail"
64624,dolphin,ocean
63322,dolphin,lived in the ocean
64216,dolphin,"fish, trained, walt disney world"
65152,dolphin,intelligent water mammal
62281,dolphin,"animal, has fin, swims, ocean"
63718,dolphin,"smart, only other mammal to make love for pleasure and not strictly to mate"
65329,dolphin,"lives in the ocean, are blue and white, big nose, slimy"
62557,dolphin,"slick, beautiful, lives in ocean or some rivers"
66346,dolphin,"mammal, water, protection, smart, can be trained"
65788,dolphin,"mammal, fun, gray, noisy, show, jump"
66043,dolphin,lives in the water
64915,dolphin,"beautiful, smoothe, live in the ocean, you can pet them at Sea World, you can swim with them in the ocean, live in families"
65023,dress,clothing for girls
65662,dress,girl
63859,dress,girl
64606,dress,"females wear, white, wedding dress, fancy,"
64102,dress,"to wear, cute or plain, for girls, and women, for all ocasions"
65833,dress,"long or short, fun, colorful, summer, warm outside, cotton, silk, nit, laughter"
63349,dress,"girl, pretty, dance, special occasion"
65653,dress,"skirts, clothing, colorful, mornings, nice"
65503,dress,"clothes, occasion, special occasion"
65875,dress,tulle
64006,dress,"flowing, cute"
65893,dress,"shopping, store, prom, wedding"
65719,dress,"a piece of clothing mostly worn by women,"
65920,dress,girl up attire clothes nice fancy
62311,dress,"clothes, person, article of clothing"
65728,dress,"to clothe, an artical of clothing"
64666,dress,"clothing for girls, made of cloth, can be long or short"
63292,dress,"pants, shirt, underwear"
63034,dress,"short, white, black, long"
63535,dress,"women wear this, not pants, can be long, can be short,"
63871,dress,"fancy, short long"
65740,dress,"dinner, date, heels, special occasion"
65218,dress,"to clothe, women's clothing, attire"
64774,dress,Article of clothing. Usually one piece.
64546,dress,"formal, pretty, feminine"
62839,dress,"is feminine, is what we wear, how we dress, a feminine article of clothing, nice apparel"
65335,dress,a cloth item that girls wear when they want to dress up
63541,dress,"can be long or short, pretty, put on for somebody else, women, elegant, flower"
64873,dress,"women wear them out, white for weddings"
66028,dress,"is an one piece article of clothing usually worn by women, worn on special occasions"
64498,dress,"to wear, clothing, hung in a closet, wore by a girl, strapless. sweet heart, prom, wedding, bridesmaid"
64093,dress,"Something you wear to a nice place, dance, or party.  Long or short, sparkly, boring, black or other colors. pretty"
66055,dress,"formal, pink, pretty, woman, princess, costume"
62935,dress,"little black dress, girls, important events,"
63838,dress,"to put clothes on, clothing for women"
66067,dress,"pretty, formal, long"
66061,dress,"women, classy, cute, sexy, beautiful, look nice"
62797,dress,"dance, short, long"
65656,dress,"Material, Girl, Pretty, Occasion, Party"
65956,dress,"clothing, length, color, material"
65083,dress,fancy
63043,dress,"what girls wear, clothes, type of clothes, dress a turkey"
64198,dress,"fancy, prom, tuxes"
64276,dress,put clothes on
63475,dress,"girl, bright colors"
65803,dress,Article of clothing. Girls wear them. Can be short or long. Made of some sort of cloth.
65107,dress,"flowing, fancy, patterned, dancing, dress-up"
66151,dress,clothing
62854,dress,up
63199,dress,"long, girl, cross-dresser, getting dressed"
64702,dress,"mainly what girls wear, one piece, fans out at bottom"
62827,dress,"silk, long, nice"
66178,dress,is cloth.
63925,dress,"long, pretty, colorful, prom, wedding, party, interview, meeting, initiation"
65416,dress,"women's attire, formal, flowy"
63520,dress,"sundress, church, prom, elegant"
64840,dress,"worn by females, formal, casual, long, short"
65557,dress,"pretty, long"
64042,dress,skirt
65449,dress,"something females usually wear, usdually one peice used for formal occasions."
63598,dress,red
65311,dress,"Wedding, parties, proms"
65692,dress,"summer, short"
66307,dress,"something a girl wears, pretty, different lengths"
64624,dress,blouse
63322,dress,mostly found on women
64216,dress,"wedding, prom, homecomming, fancy dinner"
65152,dress,"to clothe, covering worn on the body, typically female"
62281,dress,"clothes,"
63718,dress,"up, girl , summer, easter, christmas"
65329,dress,"is clothing, is long, is soft, flows, covers body"
62557,dress,"long, short, or medium length, made of various materials"
66346,dress,"worn by women, can be long or short, noramlly used to look nice"
65788,dress,"girl, pretty, long, short, summer, party, dance, prom"
66043,dress,traditionally worn by females
64915,dress,"what a girl wears to a ball, party, event, fancy, flowy, long or short, made out of many different fabrics, made of many different colors"
65023,dusk,sunset
65662,dusk,late
63859,dusk,dawn
64606,dusk,"at the night,sun going down"
64102,dusk,"sun going down, near darkness, when animails start to sleep, stories"
65833,dusk,"purple, right before night, cool temperture, pretty sky"
63349,dusk,"dark, sunset, night, evening, afternoon"
65653,dusk,"night, sunset, cold, sky, colorful, is red, is yellow, is orange"
65503,dusk,"time of day, early, dusk til dawn"
65875,dusk,calmness
64006,dusk,"night, dark"
65893,dusk,"early in the morning,"
65719,dusk,right before night time
65920,dusk,dark light colorful different sports spring
62311,dusk,"Early, a little light, morning"
65728,dusk,sun setting
64666,dusk,"the sun is setting, the sky turns pretty colors,"
63292,dusk,"dawn, night, day"
63034,dusk,"purple, pink, yellow, almost night"
63535,dusk,"about dark, not the morning, more in the evening, not light, can be scary, in movies"
63871,dusk,before dark
65740,dusk,"sunset, lite, dim,"
65218,dusk,"evening, when the sun goes down"
64774,dusk,Dark. Usually gets cold. People go to sleep around then.  vampires come out.
64546,dusk,"twilight, sun, night"
62839,dusk,"is at night, the sunset, is before dark, is the end of something, is beautiful"
65335,dusk,the time between day and night when the sun goes down when the sun sets
63541,dusk,"dark, cool, calm, a slower part of the day"
64873,dusk,"pretty colors in the sky, around 6 o'clock"
66028,dusk,"is between daytime and the night, is short, happens everyday"
64498,dusk,"sun down, orange skyline, opposite of dawn, sunset, right before night, time to stop playing as a child, streetlights come on"
64093,dusk,"nighttime, sunset, beach"
66055,dusk,"dawn, twilight, evning, night, color, shadows, silouets"
62935,dusk,"the movie dusk til dawn, vampires, sun setting"
63838,dusk,when the sun goes down
66067,dusk,"beginning of darkness, after twilight, sun at the horizon"
66061,dusk,"dark, night, pool, quiet, sleep"
62797,dusk,dawn
65656,dusk,"Twilight, Night, Fall"
65956,dusk,"dark, not lit"
65083,dusk,dawn
63043,dusk,"dawn, sunset, sun, dark, brings night, end of the day"
64198,dusk,"dark, night, sunset, late"
64276,dusk,sunset
63475,dusk,"dark, cool"
65803,dusk,"Opposite of Dawn, At the end of the day. When the sun goes down. Before it is about to get dark. Happens anywhere."
65107,dusk,"cool, twilight, stars, blue"
66151,dusk,cold
62854,dusk,dawn
63199,dusk,"sun, hill, pink sky, soothing"
64702,dusk,"sun goes down, becoming dark, in the afternoons, time of day"
62827,dusk,at night
66178,dusk,the time between day and night.
63925,dusk,"ending, beginning, sweet, sour, bright, hope"
65416,dusk,"opposite of dawn, morning,"
63520,dusk,"nighttime, not dawn, west"
64840,dusk,"sunset, nightfall"
65557,dusk,"quiet, gorgeous, lots of color"
64042,dusk,dawn
65449,dusk,between dark and daylight
63598,dusk,dark
65311,dusk,"sun going down, cool, calm, peaceful,"
65692,dusk,"dim, twilight"
66307,dusk,"multi colored, pretty, at night"
64624,dusk,dawn
63322,dusk,when the sun sets
64216,dusk,"dark, night, moon"
65152,dusk,"late evening, twilight,"
62281,dusk,"sun, beginning of night,"
63718,dusk,"dawn,night, time"
65329,dusk,"takes place in the early morning, is fog, is thick"
62557,dusk,"evening, beautiful"
66346,dusk,"night, dark, sunset"
65788,dusk,"dark, night, gorgeous"
66043,dusk,bedtime
64915,dusk,"right before nightfall, hardest time to drive, twilight, most beautiful time of the day, sunset"
65023,east,west
65662,east,right
63859,east,to the right
64606,east,"direction, west, north, south"
64102,east,"deriction, on maps, helps find places, middle east, contry, east food,"
65833,east,"New York, cold, busy"
63349,east,"west, north, south, direction, location, map"
65653,east,"direction, compass, sports, sun, moon"
65503,east,"direction, compass"
65875,east,sea coast
64006,east,direction
65893,east,"direction, coast, winds,"
65719,east,"compass, north south west"
65920,east,left asia opposite of west
62311,east,"direction, horizon, sun rise"
65728,east,"not west, right on a map"
64666,east,"opposite of west, Maine, coast, middle east"
63292,east,"west, north, south"
63034,east,"coast, jersey, new york"
63535,east,"a direction, describes a place, on a map, can be a direction to a place, one of the four main directions"
63871,east,the side you are sitting on
65740,east,"sun rises, coast, West, North, South"
65218,east,"cardinal direction, between North and South,"
64774,east,A direction. Asia is located there.
64546,east,"Atlantic, direction"
62839,east,"is opposite west, is a direction, a region, is an area of the world"
65335,east,on the compass rose a sense of direction
63541,east,"to the right, a long way away, Virginia, Afganistan"
64873,east,"opposite of west, east coast"
66028,east,a direction
64498,east,"direction, coast, virginia, south and north carolina,"
64093,east,"compass, east coast, cold, NEW YORK!"
66055,east,"west, start, compas, astrology, sailing"
62935,east,"New York, Atlantic Ocean, east coast"
63838,east,"opposite of west, direction"
66067,east,compass
66061,east,"new york, florida, europe, africa"
62797,east,"coast, West, New York, Pacific Ocean"
65656,east,"Side, North, South, West"
65956,east,"opposite of west, direction"
65083,east,west
63043,east,"West, sun rise, Afganistan, direction"
64198,east,"florida, virginia, kentucky, tenessee, main, massechusettes, new york, new jersey, maryland, pennsylvania. direction, coast, ocean,"
64276,east,new york
63475,east,sun rises from here
65803,east,Opposite of West. A direction. Can be abbreviated with the letter E.
65107,east,"New England, Atlantic Ocean, coast, beaches"
66151,east,direction
62854,east,west
63199,east,"right, Carolinas, middle"
64702,east,"cardinal direction, going clockwise its after North"
62827,east,not west
66178,east,is a direction.
63925,east,"wind, breeze, storm, weather, river, ocean"
65416,east,"opposite of west, a direction"
63520,east,"west, north, south, sunrise"
64840,east,"coast, hemisphere, direction"
65557,east,"coast, direction"
64042,east,west
65449,east,"Oreintal countries , Russia, eatsern Culture, more personable, more family oriented,"
63598,east,west
65311,east,"NewYork, country, asia"
65692,east,"direction, east coast"
66307,east,"north carolina, the opposite of west, never ending"
64624,east,west
63322,east,found by looking at a compass
64216,east,"Russia, middle east, west"
65152,east,opposite of west
62281,east,"direction, maps,"
63718,east,"west, boarding school, red soxs"
65329,east,a direction
62557,east,"India, point on a map"
66346,east,"west, north, south"
65788,east,"New York, Red Sox, Yankees, Massachusetts, colony"
66043,east,that way
64915,east,"opposite of west, east coast, Atlantic ocean, right,"
65023,egypt,country
65662,egypt,pyramids
63859,egypt,pyramids
64606,egypt,"in africa, very hot, pyramids"
64102,egypt,"contry, pryimds, pharohs, kings, cario, anne rice and the mummy, movies"
65833,egypt,"pyraminds, gold, dark hair, paintings"
63349,egypt,"ancient, mummies, cleopatra, pyramids, desert"
65653,egypt,"pyramid, bible, dust, sand, hot, dessert, lizards"
65503,egypt,"sand, desert, pyramids, egyptians"
65875,egypt,pyramid
64006,egypt,"sand, hot"
65893,egypt,"pyramids, africa, gold, heiroglyphics"
65719,egypt,"a place, a desert, sand, tombs, pyramids"
65920,egypt,africa pyriamid mummiies sand movie
62311,egypt,"country, desert, pharoh"
65728,egypt,"pyramids, pharoes, Nile river"
64666,egypt,"a country, had mummies, has pyramids, has deserts"
63292,egypt,"Nile, River"
63034,egypt,"egyptians, hot, sandy"
63535,egypt,"is a country in africa, has deserts, has pyramids, has egyptions"
63871,egypt,egyption
65740,egypt,"Cairo, nile, pyramids, sand, pharoah"
65218,egypt,"part of Africa, pyramids, once ruled by pharoahs, Nile river"
64774,egypt,Sandy. Pharoahs. Cats. Pyramids. Desert. Moses was born there. Hyroglyphics. Make people mummys before putting into sarcarphaguses.
64546,egypt,"pyramids, sand, sphinx, desert"
62839,egypt,"is a country, mostly desert, is in Africa, has much history, had pharohs, is where the pyramids are, place of an ancient empire"
65335,egypt,a place with many pyramids desert barren lands
63541,egypt,"they have pyramids, they have sand, they have a long history, they used to have cats"
64873,egypt,"arab republic, has egyptians"
66028,egypt,"is a country, has pyramids, is hot, has sand,"
64498,egypt,"country, egyptians, pyramids, heiroglyphics, sand, desert, king Tut, cats, mummies, burials, first born, cairo, river"
64093,egypt,"place, pyramids, people live here, people travel here"
66055,egypt,"pyramid, sphynix, ancient, advanced, slavery, makeup, cruelty"
62935,egypt,"desert, pyramid, far away"
63838,egypt,cotton and wheat producing country in Africa
66067,egypt,"place, pyramids"
66061,egypt,"pyramids, hot, moses, mummy, africa"
62797,egypt,"Europe, sphinx"
65656,egypt,"Tombs, Pharaoh, Sphinx, Mummy, Jackals"
65956,egypt,"country, people, geography, great sphinx"
65083,egypt,pyramid
63043,egypt,"pyramid, desert, tombs, is hot, King Tut"
64198,egypt,"pyramids, pheros. sand, mummies, archeologists, anthropologists, treasures, tan, nile, moses and the red sea"
64276,egypt,ancient society
63475,egypt,"dry, pyramids"
65803,egypt,A country. In the tip of Africa. People live there. A desert.
65107,egypt,"Exodus, Moses, pharaoh, Sphinx"
66151,egypt,pharo
62854,egypt,hot
63199,egypt,"Giza, Middle east, ancient,"
64702,egypt,"country, africa, pyramids, kings, pharaohs, gold, temples, sahara desert, dry"
62827,egypt,"country, pyramids, old"
66178,egypt,has pyramids
63925,egypt,"hot, dry, pyramids, Nyle River, sphinx, Rosetta stone, Cleopatra, African Americans, chariots, smog, horses, sand dunes, scorpians, people, pharophs, gin"
65416,egypt,"pyramid, country, sand, Egyptians"
63520,egypt,"pyramids, desert, emporers"
64840,egypt,"has desert, has nile river, has pyramids, Northeast-African country"
65557,egypt,"large, the bible, powerful"
64042,egypt,Cairo
65449,egypt,"a place in africa, has a storng m,uslim pressence, had a great ancient empire."
63598,egypt,pyramid
65311,egypt,"cats, Pyramids, sand, desert, pharaohs, slaves, workers, africa"
65692,egypt,"tombs, pyraminds, pharaohs, cats"
66307,egypt,"country, egyptians, have pyramid"
64624,egypt,king
63322,egypt,country
64216,egypt,"pyramids, sand, nile, pharrohs"
65152,egypt,"country, early civilization"
62281,egypt,"country, Africa, desert, prymids"
63718,egypt,"Pharoah, cats, pyriamds, landmark, nile, moses"
65329,egypt,"is huge, is a country, people live there"
62557,egypt,"Far East, ancient coulture"
66346,egypt,"pyramids, pharhoas, sand, hot"
65788,egypt,"pharaoh, desert, pyramids, oil"
66043,egypt,has pyrimids
64915,egypt,"used in the term BFE, pharaohs, pyramids, the Nile river, cats,"
65023,expensive,something nice
65662,expensive,money
63859,expensive,money
64606,expensive,"too much money, type of description, out of your budget"
64102,expensive,"how much moeny, price, ripe off"
65833,expensive,"money, nice cars, celebrities, diamonds, shoes,"
63349,expensive,"rich, money, price, jewelry, gold"
65653,expensive,"money, is green, technology, inflation, market, business"
65503,expensive,costs a lot of money
65875,expensive,money
64006,expensive,rich
65893,expensive,"clothes, jewelry, diamonds, college,"
65719,expensive,"something that costs a lot, uses a lot of money"
65920,expensive,money range rover gold diamonds cash
62311,expensive,"high price, high quality, high demand"
65728,expensive,costing a lot of money/time/energy
64666,expensive,"costs a lot of money, cars, houses, boats,vacations"
63292,expensive,"diamonds, gold, silver"
63034,expensive,"gucci, dolce and gabanna, purses"
63535,expensive,"a lot of money, people buy these type of things, not a good thing"
63871,expensive,alot of money
65740,expensive,"rich, lavish,"
65218,expensive,more than someone can afford or is willing to pay
64774,expensive,Diamonds are expensive. You have to pay a lot to get something.
64546,expensive,"high quality, nice"
62839,expensive,"costs money, means it is unaffordable, cannot be bought cheap, requires much money, in demand"
65335,expensive,not cheap costly not sale items
63541,expensive,"everything, a difficult choice, somehow better than the others, diamonds, someone else put their time into it and therefore it is expensive"
64873,expensive,"is for the rich, things are costly"
66028,expensive,"costs a lot of money, is valuable"
64498,expensive,"broke, no money, can't afford, Coach, cars, college, kids"
64093,expensive,"cars, jewelry, clothes, houses, need lots of money to buy and your cool if you have it"
66055,expensive,"regret, irritation, unfairness, bandit, screwed"
62935,expensive,"cars, houses, stressful"
63838,expensive,"not affordable, cost too much, out of price range"
66067,expensive,"costly, cash, money, cars"
66061,expensive,"money, great amount, nice, cool"
62797,expensive,"money, value, rich, poor"
65656,expensive,"Diamonds, Designer, MAnsion"
65956,expensive,"not cheap, price, money"
65083,expensive,money
63043,expensive,"houses, jewelry, school, money, wealthy, not cheap"
64198,expensive,"clothes, cars, houses, school, phones, books, makeup, computers, food, femanine hygene products, lingre, shoes, cuttlery, photoshoots, movies, medications, doctors visits, physical therapy"
64276,expensive,costs money
63475,expensive,"gold, owning unnecessary things"
65803,expensive,Something that costs a lot. Can be bought or traded.
65107,expensive,"money, too much, pricey, high quality"
66151,expensive,money
62854,expensive,cheap
63199,expensive,"money, out of reach, something to work for"
64702,expensive,"costly, no shape or form, would empty your wallet"
62827,expensive,"a lot of money,"
66178,expensive,something that cost a lot.
63925,expensive,"nice, rich, class, royalty"
65416,expensive,"not cheap, large item, cost is high"
63520,expensive,"a lot of money, high in price, not cheap"
64840,expensive,luxury
65557,expensive,"pricey, cars, houses, watches, rings, necklaces, gold"
64042,expensive,money
65449,expensive,a lot of money usually cant afford it.
63598,expensive,pricy
65311,expensive,"cars, houses, money, jewelry, living, electronics"
65692,expensive,"money, college, school"
66307,expensive,a lot of money
64624,expensive,purse
63322,expensive,high in price or worth
64216,expensive,"cars, money, rich, nice houses"
65152,expensive,incurring a large cost
62281,expensive,"money, well built, doesnt break down"
63718,expensive,"name-brands, houses, cars children"
65329,expensive,"is too much money, a new dress, a new house"
62557,expensive,pricey
66346,expensive,"alot of money, cars, houses, children"
65788,expensive,"Fancy, exotic"
66043,expensive,cost a lot of money
64915,expensive,"costs a lot, cars, houses, laptops, dates,"
65023,explain,part of a question
65662,explain,to go in depth
63859,explain,describe
64606,explain,"definition, more in detail, not understanding,"
64102,explain,"discrib word, voice to say, to solve"
65833,explain,"in trouble to state what you were doing, going into detail"
63349,explain,"answer, understand, help"
65653,explain,"present, comprehend, teachers, students, learning"
65503,explain,"talk, reasons, decribe"
65875,explain,reasoning
64006,explain,"question, how to"
65893,explain,"a concept, math problems, a story"
65719,explain,"to talk about, to make clear"
65920,explain,evaluate structure math how things work science
62311,explain,"clear up, distinguish, make clear"
65728,explain,"to talk about,"
64666,explain,"verbal or written, or psysical, show an idea"
63292,explain,reexamine
63034,explain,"understand, words"
63535,explain,"telling people something, directions, involve a task, teachers give them to students, can be complicated, can be understood easily"
63871,explain,reasoning
65740,explain,"detail, write out, answer"
65218,explain,"to describe, to help someone understand"
64774,explain,descriptions. details. reasons. truths.
64546,explain,elaborate
62839,explain,"is to clarify, make self clear, have a reason, is making something known"
65335,explain,define something answer on your test or where you were at
63541,explain,"what school teaches you to ask, use a complete sentence, a way of teaching, what your kids are going to ask you everyday, can be easy, can be hard, a question must be posed first, never complete enough"
64873,explain,to make understandable
66028,explain,"is to tell, let someone know how to do something"
64498,explain,"details, go into depth, elaborate, go on, to broad, speech, hard words"
64093,explain,to give your own definition of something
66055,explain,"complicated, inform, detail,"
62935,explain,"information, details, examples, teachers"
63838,explain,to give reason
66067,explain,"deciphering, giving directions, to understand, trying to help someoen understand"
66061,explain,"tell, show, announce, communicate"
62797,explain,"directions, answers, questions"
65656,explain,"Describe, Teach"
65956,explain,"speak, teach, interact"
65083,explain,understand
63043,explain,"give examples, describe something, teach someone"
64198,explain,"hard, difficult, not easy, lots of words"
64276,explain,detail
63475,explain,"understanding,"
65803,explain,To give a description. Give more detail. Give directions. To tell someone how to do something.
65107,explain,"break down, tell, help, define"
66151,explain,description
62854,explain,discribe
63199,explain,"answer, essay, question, prying"
64702,explain,to put in detail
62827,explain,describing
66178,explain,make understand.
63925,explain,"inform, varify, request information"
65416,explain,"to give detail, people talking to one another, needed information"
63520,explain,"explanation, describe, be more specific"
64840,explain,story
65557,explain,tell about
64042,explain,talk
65449,explain,to give information about.
63598,explain,talk
65311,explain,To tell what you know
65692,explain,"confussion, talking, teacher"
66307,explain,"words, give understanding"
64624,explain,solve
63322,explain,detail on a subject
64216,explain,"describe, descript, tell someone"
65152,explain,to provide clarification of information
62281,explain,describe
63718,explain,"teach, describe, demonstrate."
65329,explain,"is a form of communication, is used to teach"
62557,explain,reason
66346,explain,"tell, describe"
65788,explain,"yourself, facts, lecture, direction,"
66043,explain,conversation
64915,explain,"what I'm trying to do in this experiment, to give meaning to, to help one understand,"
65023,food,essential
65662,food,taste
63859,food,pizza
64606,food,"essential for live, fruits, grown everywhere, meat"
64102,food,"eat, engery, many ways to cook and perpare, good,"
65833,food,"feels good, warmth, comfort"
63349,food,"yum, hunger, nutrition, fruits and vegetables"
65653,food,"is good, pleasure, pizza, meal plans, cafeteria, chew"
65503,food,"tastes good, variety"
65875,food,warm
64006,food,"fruit, veggies, bread, meat"
65893,food,"hungry, kitchen, lunch, dinner, fight"
65719,food,"what humans, animals, and every living thing needs to survive"
65920,food,hungry cheese burger pizza taco delicous
62311,food,"eat, nutrition, substance"
65728,food,"taste, eat, necessary, healthy"
64666,food,"edible, necessary for living, made of ingredients, hot or cold, fruit, vegetables, dairy, protien, carbohydrates, sugars, fats"
63292,food,"ice cream, cookies, apples, editable"
63034,food,"bananas, meat, apples"
63535,food,"eaten, survival need, can be good, can be gross, can be hot, can be cold"
63871,food,variety
65740,food,"restaurant, grocery store, market, prepare, cook"
65218,food,"nutrition, natural and artificial, can be grown, can be bought, junk food, vitamins and minerals, food pyramid, needed for survival"
64774,food,Vitil for growth. Needed for energy
64546,food,"utensils, filling, essential"
62839,food,"is edible, goes in our mouths, tastes, has flavor, provides nutrition"
65335,food,yummy satisfies the belly different groups sweet salty etc.
63541,food,"continous, an urge, a craving, a social interaction, expensive, can make you sick, can satisfy you, mom's home cooking, made of nutrients and protien and fat that you body needs, a constant search for more, you keep reserves of it at all times"
64873,food,"can taste all sorts of ways, can go bad"
66028,food,"is eaten, is used to stay alive, is neccessary"
64498,food,"to be eaten, all kinds, some allergic reactions, sea, chinese, korean, italian, necesarry, calories, sugar,"
64093,food,"eat, crackers, bread, candy, vegetables, fruit, cereal,"
66055,food,"pleasurable, tasty, cheap, nasty, delicious, colorful, exciting, salty, crunchy, greasy"
62935,food,"taste, enjoyment, savory"
63838,food,source of energy
66067,food,"hunger, tasty, calories, cooked or uncooked, many kinds, hot or cold, different in cultures"
66061,food,"tasty, hungry, smell, eat, plate, fork, knife, spoon"
62797,food,"baked, fried, healthy, cooked"
65656,food,"Pasta, Warm, Full, Family"
65956,food,"edible, variety, prepare, texture, flavor, scent, taste"
65083,food,taco
63043,food,"energy, feeds people, prevents starvation, nutrients, grown by farmers"
64198,food,"delicious, filling, fattening, found in the kitchen, restarants, dinning halls, food stash, grocery store"
64276,food,nourishment
63475,food,"warm, filling"
65803,food,Put in our mouths. Must eat to stay alive. Can be healthy or unhealthy.
65107,food,"survival, cooking, vegetables, farming"
66151,food,eat
62854,food,good
63199,food,"yum, necessary"
64702,food,"edible, different types, gives you energy, you need it"
62827,food,tasteful
66178,food,can be mexican.
63925,food,"good, nessary, tasty, sweet, sour, bitter, nasty, variety"
65416,food,"smells good, spicy, sweet, at resturants and at home, can be expensive"
63520,food,"eat, munch, lunch, dinner, breakfast"
64840,food,"breakfast, lunch, dinner, dessert, digestion, sustinence, taste"
65557,food,tasty
64042,food,eat
65449,food,"Consumable, anything that will give nutrients can be alive or dead."
63598,food,pizza
65311,food,"pizza, Chinese, hunger fulfilling"
65692,food,"hunger, stomach, cook"
66307,food,"different kinds, satisfies need, less hungry"
64624,food,drink
63322,food,edible
64216,food,"energy, fat, calories"
65152,food,prepared things that are edible
62281,food,"editable, nutritious, gives minerals"
63718,food,"fast, restuarnt, favorite food"
65329,food,"is hot, is eaten with a fork"
62557,food,"sustainance, delicious or disguisting"
66346,food,"eat, tasty, calories"
65788,food,"fish, pizza, nutrition, salad, cheeseburger, hot dog, turkey, thanksgiving"
66043,food,humans need it
64915,food,"nourishes, necessary, many types of foods, can be sweet or sour, salty, come from different countries, my pyramid,"
65023,fox,animal
65662,fox,animal
63859,fox,"red/orange, animal"
64606,fox,"lives outside, small, red, white, animal"
64102,fox,"red sometimes white, cute, fast, hunters, clever"
65833,fox,"red, chasing"
63349,fox,"hound, fluffy tail, animal, red fur"
65653,fox,"animals, hairy, sly, fast, is red, is orange, is brown, wild"
65503,fox,"animal, furry, hunted, hunter"
65875,fox,sneaky
64006,fox,"cute, furry, hairy"
65893,fox,"orange, forest, and the hound"
65719,fox,"an animal, a mammal, lives in the woods"
65920,fox,wolf animal mammal 4 legs teeth bite predator
62311,fox,"lives in forests, mammal, has a tail"
65728,fox,"small mammal, pointy ears, fluffy tail, sharp teeth"
64666,fox,"has a tail, has fur, has sharp teeth, often red, likes to play, carnivor"
63292,fox,"sly, tail, legs, fur"
63034,fox,"red, small, cunning, woods"
63535,fox,"are sly, are studied, makes noise, has a tail, has teeth, is orange, can be white, lives in woods, is a dog, different kinds of these"
63871,fox,"red, mean, medium size"
65740,fox,"animal, small, red, bushy tail, woods,"
65218,fox,"good looking, mammal, scavenger, comes out at night,"
64774,fox,Bushy tail. Red. Very sly.
64546,fox,"red, animal"
62839,fox,"is an animal, hunts, is beautiful, is scary, predator, lives in woods"
65335,fox,an animal that is a deep orange food in the woods/forest
63541,fox,"sly, red, furry, eats meat, hard to see, likes the outdoors, long nose, fast, more scared of me than i am of it, skinny"
64873,fox,"is red, is a predator"
66028,fox,"is an animal, is in the canine family, is red and white, is small"
64498,fox,"animal, woods, furry, orange, fox and the hound, movie, long nose, fast,"
64093,fox,"animal, network on tv"
66055,fox,"smart, evil, fast, crafty, sneaky, cruel, tricksy"
62935,fox,"fox and the hound, hunting, quick"
63838,fox,"a small mammal, atv clothing company"
66067,fox,"animal, has a tail, walks on four"
66061,fox,"suspicious, red, spy, quiet, mischevious, predator"
62797,fox,"wolf, animal, orange, tail"
65656,fox,"News, Sly"
65956,fox,"animal, predator, prey, furry, small, agile"
65083,fox,sly
63043,fox,"dog, red, has fur, swift, sly, wild"
64198,fox,"animal, orange, fox and the hound,"
64276,fox,smart
63475,fox,"quick, sly"
65803,fox,Can be red. Found in the woods. An animal. A mammal. A vertebrate. Has four legs. Has a tounge. Has a tail. Has fur.
65107,fox,"tv channel, red, soft, whiskers, sneaky"
66151,fox,animal
62854,fox,hound
63199,fox,"sly, cunning, orange, robin hood"
64702,fox,"animal, mammal, carnivore, dog-like, reddish"
62827,fox,red
66178,fox,a mammal.
63925,fox,"animal, heart, instincts, fear, love, protection"
65416,fox,"an animal, red, character in fairy tales, thought to be mean"
63520,fox,"sly, sneaky, animal"
64840,fox,"red, gray, white, sneaky, small"
65557,fox,"red, grey. furry"
64042,fox,hound
65449,fox,a small canine that is usally wild. coats vary usually dpeicted as red.
63598,fox,hound
65311,fox,"hound, pest, fast, sneaky, someone who is shifty"
65692,fox,"aniaml, fast, orange, hunting,"
66307,fox,"is red, is small, eats small animals, has paws, has pointy ears"
64624,fox,woods
63322,fox,small animal with a bushy tail
64216,fox,"tv network, animal, red coat, white coat"
65152,fox,"a canine animal, small, red, gray, long tail, perky ears"
62281,fox,"animal, eats chickens, small, long tail"
63718,fox,"and the Hound, disney,"
65329,fox,"is a small animal, is red, are furry"
62557,fox,"small, wild dog, bushy tail"
66346,fox,"small, eats other animals, sly"
65788,fox,"red, gray, teeth, scavenge, roadkill, elusive"
66043,fox,swiper the fox
64915,fox,"red animal, eats rodents, friends with the hound, hunted by hunters, white ears, long nose"
65023,gin,juice
65662,gin,alcohal
63859,gin,alcohol
64606,gin,"alcohol, drink, mixer"
64102,gin,drink
65833,gin,not good
63349,gin,"alcohol, drunk, drink, brown bag, vodka"
65653,gin,"drunk, alcohol, drink, is  liquid,"
65503,gin,"alcohol, gin and tonic"
65875,gin,juice
64006,gin,happy
65893,gin,"alcohol, and juice, bottle"
65719,gin,grin
65920,gin,engin alcholal drunk
62311,gin,"alcohol, cards, seeds"
65728,gin,"card game, alcohol"
64666,gin,"a card game, a kind of liqour, played, spoken, dranken"
63292,gin,"alchol, drunk"
63034,gin,"alcohol, brown, potent"
63535,gin,"in an alchohol, people drink this, can effect peoples actions"
63871,gin,alcohol
65740,gin,"card game, vodka, tonic, lime"
65218,gin,"alcohol, dark colored, too much makes someone intoxicated"
64774,gin,Type of alcohol. makes stupid things funny
64546,gin,"alcohol, tonic"
62839,gin,"is a liquor, is a type of game, is played with cards, can be a drink, is alcoholic"
65335,gin,"an alcoholic beverage, can be mixed with other drinks such as coke is tasty"
63541,gin,"seagrams, dry, harsh, mixed with tonic, gentlemans drink, appreciated, fine women"
64873,gin,alcoholic drink
66028,gin,"is an alcohol, is popular with tonic water"
64498,gin,"alcohol, rum, shot, on the rocks, with ice, mixer, in drinks, used by alcoholics, nasty"
64093,gin,"and tonic, alcohol"
66055,gin,"ichymaru, drink, juice, african-american, rap, bitter, disgusting, cheap"
62935,gin,"alcohol, drunk, party"
63838,gin,"tool for separating cotton, alcohol"
66067,gin,"alchohol, bad taste"
66061,gin,"liqour, alcohol, drunk, fun, relax"
62797,gin,"alcohol, juice"
65656,gin,"MArtini, Alcohol, PArty, Bar"
65956,gin,alcohol liquid
65083,gin,drink
63043,gin,"alcohol, vodka, martini"
64198,gin,alcohol?
64276,gin,alcohol
63475,gin,collect cotton
65803,gin,A type of alcohol.  A beverage. Can be served with juice. If you drink too much you can get drunk.
65107,gin,"tonic, alcohol, old-fashioned, short glass"
66151,gin,alcohol
62854,gin,juice
63199,gin,"boose, gets you drunk, nasty"
64702,gin,"seasoning, used for baking, put on foods, edible"
62827,gin,machine
66178,gin,is an type of alcohol
63925,gin,"alochol, rum, ancient Egypt, pirates, beer, wine, chaser, rich, ancient China, royalty, parties, celebrities"
65416,gin,"beverage, in cocktails, adult drinks"
63520,gin,"alcohol, ginger"
64840,gin,alcohol
65557,gin,"nasty, alcohol,"
64042,gin,whiskey
65449,gin,"strong Alcohol, yellowish, can be mixed to make cocktails, gets people drunk, diffrent ranges in prices."
63598,gin,beer
65311,gin,"alcohol, drunk, party,"
65692,gin,"tonic, alcohol"
66307,gin,"alcohol, different types"
64624,gin,and juice
63322,gin,a beverage
64216,gin,"whiskey, alcohol, drunk"
65152,gin,"alcohol, device for separating cotton"
62281,gin,alcohol
63718,gin,"Tonic, alcohol, ging, redhead"
65329,gin,"is whiskey, is tough, smells strong"
62557,gin,and tonic
66346,gin,"alcohol, strong"
65788,gin,"Beefeater, drunkenness, England, tonic,"
66043,gin,drink
64915,gin,"whiskey, alcohol"
65023,hello,greeting
65662,hello,goodbye
63859,hello,hi
64606,hello,"greeting, friendly, person to person"
64102,hello,"greeting, english term, freidly introduction"
65833,hello,"meeting someone new, seeing someone you know again, friendliness"
63349,hello,"hi, howdy, hey, hola, aloha, telephone"
65653,hello,"introduction, welcome, communication, nice, restaurants"
65503,hello,"greeting, talk, speak to others"
65875,hello,Aloha
64006,hello,"hi, hey"
65893,hello,"greeting, goodbye,"
65719,hello,"a conversation starter,"
65920,hello,hi whats up how are you
62311,hello,"greeting, conversation, talking"
65728,hello,"greeting, polite, common curtosy, hi, hey"
64666,hello,"a greeting, can be spoken, can be written, can be typed, a word, has five letters, used in the English language"
63292,hello,"hi, welcome, ahola"
63034,hello,"hola, bonjour"
63535,hello,"greeting, people say this to another, introducing, being friendly"
63871,hello,greeting
65740,hello,"hi, welcome,"
65218,hello,"greeting,"
64774,hello,Greeting. Way to meet people
64546,hello,"greeting, poliet"
62839,hello,"is a greeting, said in an introduction, used when meeting people, is a friendly phrase, said at the beginning of a conversation"
65335,hello,a friendly gesture when greeting somebody
63541,hello,"a greeting, a way to make the first two seconds less awkward, abbrviated Hi or Hey"
64873,hello,"greeting, salutation"
66028,hello,"what you say when you meet someone, a greeting"
64498,hello,"hi, how are you, greeting, language, english, slang, niceties"
64093,hello,greeting
66055,hello,"hello, hi, yo, sup, hey, hey-yah, howdy, cowboy"
62935,hello,"greeting, meeting people, conversation"
63838,hello,greeting
66067,hello,"greeting, answering a phone"
66061,hello,"greeting, nice, friendly, nice gesture"
62797,hello,"Hi, communicate, conversation"
65656,hello,"Friends, Greetings, Welcome"
65956,hello,"to greet, to speak, to verbalize, to interact, word, sentence"
65083,hello,goodbye
63043,hello,"bueno, a greeting, welcoming, intorduction"
64198,hello,"greeting, hi, hey, hola, aloha, conversation starter, nice"
64276,hello,greeting
63475,hello,greeting
65803,hello,How to say hi. Or hey. What you do say when you see someone you know. Or someone for the first time.
65107,hello,"greeting, formal, introduction"
66151,hello,goodbye
62854,hello,goodbye
63199,hello,"greeting, stranger, old fashioned, boring"
64702,hello,"to greet, form of politeness, beginning of a sentence"
62827,hello,"greetings, beginning"
66178,hello,is an introduction.
63925,hello,"greeting, love, firends, family, strangers, coworkers"
65416,hello,"a greeting, said when being polite,"
63520,hello,"hi, hey, what's up"
64840,hello,"greeting, wave, introduction"
65557,hello,"hi, greeting"
64042,hello,goodbye
65449,hello,a gesture to say I acknowledge you for the first time in that moment
63598,hello,hi
65311,hello,"wave, goodbye, meeting, new people, friendly"
65692,hello,"goodbye, greeting"
66307,hello,"word, said by people, greeting"
64624,hello,goodbye
63322,hello,greeting
64216,hello,"greeting, introduction, form of communication"
65152,hello,greeting
62281,hello,"greeting,"
63718,hello,"goodbye, greeting, friendly,"
65329,hello,"is a greeting, is a form of communication, friendly, nice"
62557,hello,greeting
66346,hello,"hi, bye,"
65788,hello,"Goodbye, friend, meeting people, phone"
66043,hello,a greeting
64915,hello,"greeting, first thing you say to someone, I say Hi or Hey more than Hello,"
65023,hug,greeting
65662,hug,warm
63859,hug,kiss
64606,hug,"kiss, love, emotion, passionate"
64102,hug,"warm, a show of affection and friendship,"
65833,hug,"friendliness, family, friends, warmth, smiles"
63349,hug,"kiss, XO, love, affection, cute"
65653,hug,"love, welcome, support, warm, comforting, compassionate"
65503,hug,"caring, shared between all, feels good"
65875,hug,comfort
64006,hug,"big, arms"
65893,hug,"comforting, to show compassion, embrace"
65719,hug,"a sign of compassion, arms wrapped around a person"
65920,hug,embrace kiss nice girl guy arms body
62311,hug,"involves another person, involves opening arms, and embracing"
65728,hug,"embrace, hold, tight fit"
64666,hug,"squeeze, loving, caring, friendly, reassuring, supportive,"
63292,hug,"kiss, embrace"
63034,hug,"warm, nice, loving"
63535,hug,"embrace, invilves emotion, involves body, wrap arms around eachother, incolves two or more people, involves embracing"
63871,hug,friendly
65740,hug,"affection, console, touching"
65218,hug,"embrace, two people, arms around each other"
64774,hug,to show adoration. Hugs not drugs. To show affections. Wrapping arms around one another. Tight squeeze
64546,hug,"warm, arms, personal contact"
62839,hug,"is an embrace, feels nice, is affectionate, shows love, is wrapping arms around, is comforting"
65335,hug,wrap your arms around another person out of happiness or whenever can be given to friends and family members usually
63541,hug,"I got one today, a sign of caring, a way of connecting, usually initiated by one party and wanted by one party although two parties must be present, affection, a big bear hug"
64873,hug,"makes people happy, can make people unconfortable"
66028,hug,"uses arms, is used to show affection"
64498,hug,"love, friendliness, free, candy with white chocolate and milk chocolate, between two or more people or animals"
64093,hug,"embrace, welcome, something you give someone to make them feel good or better"
66055,hug,"kiss, embrace, care, friendship, relationship, enjoy"
62935,hug,"love, comfortability,"
63838,hug,to wrap arms around someone
66067,hug,"loving, friendship, family"
66061,hug,"warm, wanted, feel good, tight, touch"
62797,hug,"happy, kiss, love, emotion"
65656,hug,"Warm, Love, Friendly, Cheerful"
65956,hug,"embrace, arms, comfort, touch, feel"
65083,hug,friend
63043,hug,"comforting, giving someone love, warm"
64198,hug,"love, caring, nice, warm, refreshing, hello, goodbye, relationships, friendly"
64276,hug,affection
63475,hug,"embrace, make you feel better"
65803,hug,Wrapping arms around someone or something. Are the O's in XOXO. Done to show affection or thanks. Done when saying hello or good bye in some cultures.
65107,hug,"warm, comfort, safety, love"
66151,hug,loving
62854,hug,bear
63199,hug,"friendly, intimate, making up with someone"
64702,hug,"to grasps  someone physically around your arms, care, shows love, warm feeling"
62827,hug,feeling of acceptance
66178,hug,can be given to anyone.
63925,hug,"love, care, family, friends, people, emotions, sympathy, support, fear, anger, hope"
65416,hug,"emotional, friendly, grasping, heartfelt"
63520,hug,"embrace, bear hug, love"
64840,hug,"embrace, expresses feeling, affection, concern, console"
65557,hug,"feels good, caring, sincere"
64042,hug,kiss
65449,hug,a geture to let people you miss them/ love them. To say goodbye. showing emotion phyiscally.
63598,hug,kisses
65311,hug,"comfort, sorrow, embracing, love, physical contact, meaningful"
65692,hug,"caring, love, friendship"
66307,hug,"warm, between friends, greeting"
64624,hug,kiss
63322,hug,expresses emotion
64216,hug,"hold, love, greet"
65152,hug,to grasp with both arms
62281,hug,"love, kindness, from emotions,"
63718,hug,"Carebears, upset, excited, loving, greeting"
65329,hug,"is a comfort, arms, warmth, peace"
62557,hug,"warmth, embrace"
66346,hug,"nice, to cheer up, for warth"
65788,hug,"kiss, comfort, love, warmth"
66043,hug,arms
64915,hug,"embrace, warm, comforting, friendly, helpful, can make your day, greeting or farewell,"
65023,hurt,cry
65662,hurt,ouch
63859,hurt,painful
64606,hurt,"painful, type of sensory, wound, bleeding"
64102,hurt,"pain, anger, can be emotional"
65833,hurt,"pain, tripping, falling, injury"
63349,hurt,"cut, pain, heart broken, emotions, sad, mad"
65653,hurt,"pain, sorrow, broken, injury, healing"
65503,hurt,"pain, sad"
65875,hurt,pain
64006,hurt,ouch
65893,hurt,"injury, feelings, pain"
65719,hurt,"something that doesn't feel good, physically or emotionally"
65920,hurt,pain agony blood band aid scream
62311,hurt,"pain, physical or emotional, healing"
65728,hurt,"pain, physical, emotional, psychological"
64666,hurt,"physically in pain, emotionally in pain, blood, broken bones, bruise, scratch, hurt feelings, bruised ego"
63292,hurt,"cast, broken"
63034,hurt,"bruise, sprain, cut"
63535,hurt,"is a pain, everyone has this, involves different injuries, can be minor, can be serious"
63871,hurt,"cut, broken leg"
65740,hurt,"wound, pain,"
65218,hurt,"to be in pain, to make someone else be in pain, physically or emotionally"
64774,hurt,Injured. To feel pain. Heartache
64546,hurt,"bad, bruise, blood"
62839,hurt,"in pain, cause pain, to inflict harm, is uncomforable"
65335,hurt,"in pain, not a fun experience, can be from sadness or injury- physically and mentally"
63541,hurt,"Johnny Cash, Nine Inch Nails, an everyday occurance, not as serious as pain, causes you to frown"
64873,hurt,"not feeling normal, could be from an accident"
66028,hurt,"is painful, feels bad"
64498,hurt,"pain, sorrow, throbbing, cut, bleeding, bruised, doctor, fall,"
64093,hurt,"scratch, broken bone, emotionally hurt"
66055,hurt,"pain, agony, despair, depression, affliction, brutal"
62935,hurt,"ankle, back, pain"
63838,hurt,"physical pain, emotional pain"
66067,hurt,"pain, bleeding, internal, external, human body"
66061,hurt,"ouch, pain, cry, bandage, help,"
62797,hurt,"sad, cut, deep, emotional, pain"
65656,hurt,"Sad, Pain, Lost, Confusion"
65956,hurt,"pain, cause damage, harm"
65083,hurt,pain
63043,hurt,"a shot, pain, a bad feeling, mentally, physically"
64198,hurt,"ouch, pain, bandaid"
64276,hurt,"pain, swelling, nerves"
63475,hurt,"abuse, emotional"
65803,hurt,Does not feel good. In pain. Can happen to anyone or anything with feelings.
65107,hurt,"pain, blood, crying, anger, frustration"
66151,hurt,heart broken
62854,hurt,punch
63199,hurt,"emotions, painful, doctor,"
64702,hurt,"to be in pain, heart broken, shows painful emotions"
62827,hurt,painful
66178,hurt,something that can be felt.
63925,hurt,"wound, pain, loss, heartbreak, heart, love"
65416,hurt,"pain, injury, in sports, car accidents"
63520,hurt,"injured, disabled, sore"
64840,hurt,pain
65557,hurt,"ouch, pain, soreness, injury"
64042,hurt,heal
65449,hurt,phyiscal and emotional pain.
63598,hurt,painful
65311,hurt,"Physical, pain, emotional"
65692,hurt,"pain, discomfort"
66307,hurt,"injury, sad, crying"
64624,hurt,harm
63322,hurt,feeling
64216,hurt,"shot, pain, broken bone"
65152,hurt,"to be in physical pain, emotional pain. unhappy feeling"
62281,hurt,"pain, emotion"
63718,hurt,"wound, hospital, bandage,gangreen"
65329,hurt,"is pain, discomfort"
62557,hurt,"pain, fear"
66346,hurt,"pain, sick, broken bones"
65788,hurt,"pain, loss, emptiness, death, injury"
66043,hurt,punching
64915,hurt,"when someone causes you pain, caused by physical pain, like being hit with a rock, or emotional pain like getting dumped, makes you sad, depressed, not want to go out with your friends"
65023,inhale,air
65662,inhale,to breath in
63859,inhale,take in
64606,inhale,"breathe in, uses lungs, co2"
64102,inhale,usefull
65833,inhale,"breathe in, yoga, relaxing"
63349,inhale,"air, consumption, smell, taste, sense"
65653,inhale,"smoking, inhaler, asthma, cars, smoke"
65503,inhale,"oxygen, breathe"
65875,inhale,calming
64006,inhale,deep breath
65893,inhale,"exhale, breathe in, and relax"
65719,inhale,to breath in through nose or mouth
65920,inhale,breathe air oxygen mouth nose lungs
62311,inhale,"breathe in, air way, lungs"
65728,inhale,"breath in, suck in"
64666,inhale,"take a breath, breathe in, fill luns with air, diaphram expands"
63292,inhale,"breathe in, exhale"
63034,inhale,oxygen
63535,inhale,"breath in, can be bad, people need this to survive, usually air, a gas"
63871,inhale,breath
65740,inhale,"deeply, smoke, exhale, breath"
65218,inhale,to breathe in
64774,inhale,Breathe in. Take in substances. Smoke weed.
64546,inhale,"breathe in, exhale, essential"
62839,inhale,"to take a breath in, to takin air in, is relaxing, is necessary for life, used in meditation, happens involuntarily"
65335,inhale,"breathe in, mostly oxygen"
63541,inhale,"smoke, calm down, relax, dont forget to, makes a quiet sound, must be followed by an exhale"
64873,inhale,"breathing in oxygen, use your nose"
66028,inhale,is to breathe in
64498,inhale,"breathe, take in, oxygen, breaths, excersize,"
64093,inhale,beath in
66055,inhale,"exhale, air, breath, lungs, wind"
62935,inhale,"air,breathing, exhale"
63838,inhale,take in air
66067,inhale,"bring in air, breathing"
66061,inhale,"breathe, air, oxygen"
62797,inhale,"exhale, breath, breathe, oxygen"
65656,inhale,Breath
65956,inhale,"opposite of exhale, intake, breath"
65083,inhale,breathe
63043,inhale,"breath in, take a breath, get oxygen"
64198,inhale,"breathing, resperation, gas exchange within capallary beds, exhale"
64276,inhale,breathing
63475,inhale,"breathe, to intake"
65803,inhale,Done with enhale to breathe. Living people do this all the time. Must be done to stay alive. Take in oxygen.
65107,inhale,"breathe, smoking, take in, lungs"
66151,inhale,breathe
62854,inhale,exhale
63199,inhale,"after and before exhale, gives air"
64702,inhale,"breathe, nose, intake air"
62827,inhale,breath in
66178,inhale,take in a breath.
63925,inhale,"take in, air, water, breathe, scents, mouths, noses, people, love"
65416,inhale,"opposite of exhale, breathing in, oxygen, smokers"
63520,inhale,"breathe, deep breath, smoke"
64840,inhale,"breathing, oxygen"
65557,inhale,gasp
64042,inhale,exhale
65449,inhale,a log breath coming into your mouth.
63598,inhale,exhale
65311,inhale,"smoke, asthma, sick, drugs"
65692,inhale,"breathe, inhaler, take in"
66307,inhale,"air, essential, action, involuntary"
64624,inhale,exhale
63322,inhale,breathing in oxygen
64216,inhale,"breath, clean air,"
65152,inhale,"act of breathing inward, consumption with speed"
62281,inhale,breathe
63718,inhale,"exhale, breathing, smokers, black lung"
65329,inhale,"to breath in, oxygen, rush"
62557,inhale,breathe
66346,inhale,"oxygen, carbon dioxide, air, food, drink"
65788,inhale,"exhale, cigarette, cigar, fresh air, food,"
66043,inhale,breathing
64915,inhale,"to breathe in, to smell,"
65023,instrument,music
65662,instrument,Musical devise
63859,instrument,sound
64606,instrument,"produces noise, used in bands,human must use to work"
64102,instrument,"Flute, music, vocal, used in plays and movies, a=sound"
65833,instrument,"brass, long, music, loud, peaceful"
63349,instrument,"piano, drums, guitar, orchastra, band"
65653,instrument,"guitar, noise, trumpet, bands, loud, practice, lessons, tabs"
65503,instrument,"music, loud, orchestra"
65875,instrument,guitar
64006,instrument,"violin, flute, trumpet, sax, piano, chello, bass, viola"
65893,instrument,"band, trumpet,"
65719,instrument,"a object where sounds comes out, piano, trumpet, drums, etc"
65920,instrument,flute saxophone music class song musicain play record
62311,instrument,"tool, musical device, formal document"
65728,instrument,"tool, musical, practical"
64666,instrument,"musical, has strings, has keys, has a mouth piece, is played, makes sound, in bands"
63292,instrument,"drum, paino, trumpet"
63034,instrument,"shiny, loud, wood, strings, brass"
63535,instrument,"creates music, different notes, different kinds, can be brass, can be a woodwind, can have strings, can be difficult to use, different kinds"
63871,instrument,band
65740,instrument,"scientific, musical, play,"
65218,instrument,"creates music, a tool used by someone"
64774,instrument,"Usually noisy, Takes talent to play. Some have strings. Some you hit. Some you blow through."
64546,instrument,Make sound
62839,instrument,"is a tool, used to help make something, a musical object, makes music"
65335,instrument,an item you play in a band at school or with celebrity music everybody enjoys the tunes produced
63541,instrument,"meant to be used, unique, music, brass, means not an end, beautiful, noisy, time consuming, respectful"
64873,instrument,"used to make music, used for medical procedures"
66028,instrument,"is an object used to create music, is made of wood or metal,takes training to play well"
64498,instrument,"to be played, to be used, for a band, to produce music, pitch,"
64093,instrument,"music, harp, guitar, piano"
66055,instrument,"music, tool, guitar, piano, wrench, doctor, surgery, patsy, minion"
62935,instrument,"guitar, drums, microphone"
63838,instrument,"musical tool, tool with specific purpose"
66067,instrument,"used in music, played for fun, possible job"
66061,instrument,"trumpet, piano, violin, cello, guitar, music, sound, chords, rhthym"
62797,instrument,"piano, guitar, music, drums"
65656,instrument,"Tuba, Guitar, Tools"
65956,instrument,"french horn, saxaphone, trumpet, clarinet, flute, drums, guitar, trombone, oboe"
65083,instrument,music
63043,instrument,"band, piano, tuba,makes noise, sometimes large, plays music, has to be played by someone"
64198,instrument,"play, music, band, loud, musicality, keys, tunes, notes, sheet music, orchestra, composer, conductor, symphony"
64276,instrument,medium for music
63475,instrument,"strings, buttons, notes, chords"
65803,instrument,"Can be played. Can be used in a band. Examples of this could be a piano, trumpet, flute, clarinet, violen, guitar, ect."
65107,instrument,"music, guitar, band, orchestra"
66151,instrument,piano
62854,instrument,tuba
63199,instrument,"music, geek, band, metal, notes"
64702,instrument,"plays music, different types, percussion, in bands, melody, brass"
62827,instrument,sounds
66178,instrument,can be a flute.
63925,instrument,"metal, wood, keys, springs, air, strings, heat, pads, corks, necks, bodies,"
65416,instrument,"in the band, big, little, loud, quiet"
63520,instrument,"music, guitar, piano"
64840,instrument,"musical, tool"
65557,instrument,"guitar, sounds good"
64042,instrument,guitar
65449,instrument,"something used to get something done, like a doctors stehascope."
63598,instrument,guitar
65311,instrument,"Music, sounds, talent"
65692,instrument,"music, band, noise"
66307,instrument,"different types, in band, able to be played, make music"
64624,instrument,piano
63322,instrument,tool used to produce music
64216,instrument,"music, dancing, concerts, rock band"
65152,instrument,a device used to supplement work
62281,instrument,"band, different pitches, makes noise,"
63718,instrument,"saxaphone, piano, drums, guitar, voice, orchestra"
65329,instrument,"makes music, is hard, is shiny, is gold, is loud"
62557,instrument,tool
66346,instrument,"used to play music, used to do something, drums, trumpet, flute"
65788,instrument,"guitar, banjo, cello, violin, viola, bass, saxophone, trumpet, music"
66043,instrument,makes music
64915,instrument,"musical instrument, something you can use to make music, trombone, trumpet, guitar, drums, bass, flute, clarinet"
65023,keep,promises
65662,keep,to hold onto
63859,keep,have
64606,keep,"to hold, type of ownership,yours truly"
64102,keep,"to have still, to not give away"
65833,keep,forever yours
63349,keep,"save, hold on to, hide, pack rat"
65653,keep,"horde, stay, like, commitment , facebook, thumbs-up"
65503,keep,"to have, hold on to, retain"
65875,keep,memory
64006,keep,"cherish,"
65893,keep,"secrets, trying, something in your possession"
65719,keep,to hold for yourself
65920,keep,stay out dont give away
62311,keep,"obtain, hold on to, posession"
65728,keep,"to save, to hold,"
64666,keep,"to hold on to, to treasure"
63292,keep,"save, put away"
63034,keep,"items, clothes"
63535,keep,"dont give away, stays yours, being greedy, its yours, can be a treasure"
63871,keep,proporty
65740,keep,"secure, maintain, provide"
65218,keep,"to not give away, to posess"
64774,keep,Not give away. hoard.
64546,keep,important
62839,keep,"is to hold on to, not throwing away"
65335,keep,hold on to an item
63541,keep,"contain, hide, maintain virgin, maintain, seperated from something else, yours, mine"
64873,keep,"to save, not give away"
66028,keep,make something yours
64498,keep,"save, hold onto, memoribilia, keep sake,"
64093,keep,to have something forever
66055,keep,"guard, hoard, protect, hide"
62935,keep,"hold on too, importance, always have"
63838,keep,"to have, to take possesion of, to hold on to"
66067,keep,"central, tower, dungeon, fortress, castle, defended area"
66061,keep,"hold, safe, mine, possession"
62797,keep,"mine, yours, to have"
65656,keep,"Special, Memory, Save"
65956,keep,"preserve, not throw away"
65083,keep,away
63043,keep,"save, dont give away, something useful"
64198,keep,"have, steal, take, collect, own, possesion"
64276,keep,posses
63475,keep,"to own, to love"
65803,keep,To hold onto something. Not giving something away. Opposite of  not taking something.
65107,keep,"hold, use, accept, store, put away"
66151,keep,mine
62854,keep,away
63199,keep,"take, hide, don't let go, stay away"
64702,keep,"to have something, put away"
62827,keep,attain
66178,keep,never get rid of.
63925,keep,"stay, steal, lie, yours, theirs, ours, hide, permanet"
65416,keep,"always have, not giving away, yours"
63520,keep,"possess, mine, yours"
64840,keep,"castle, military, stone, fortress"
65557,keep,"hold, take care of"
64042,keep,give
65449,keep,"to have something, to hold and watch it it's yours,"
63598,keep,important
65311,keep,"mine, not give out,"
65692,keep,"have, take, belong"
66307,keep,"hold on to, not sell or give away"
64624,keep,in touch
63322,keep,hold in ones possecion
64216,keep,"hold, not give away, love"
65152,keep,"a castle, to maintain possession"
62281,keep,"hide, selfish, doesn't share"
63718,keep,"trying, going, keepsake, things"
65329,keep,"to hold, to make yours"
62557,keep,save
66346,keep,"yours, property"
65788,keep,"castle, king, stone, archers, siege"
66043,keep,hold on to
64915,keep,"not to give away, you keep things that mean a lot to you,"
65023,marry,couples
65662,marry,love
63859,marry,to sumit your love
64606,marry,"two people, forever , wedding rings, white, male and female,"
64102,marry,"Name, religous name, saint, Bloody Marry Tudor, medival,"
65833,marry,"love, forever, wedding, life time together"
63349,marry,"ring, wedding, pastor, bride, groom"
65653,marry,"bride, groom, wife, long-term, wedding, tux"
65503,marry,"love, husband, wife, church, invitations, wedding dress"
65875,marry,weddings
64006,marry,someone
65893,marry,"wedding, man and woman, priests do this"
65719,marry,a girl name
65920,marry,man women lifetime white suit happy glad
62311,marry,"vows, 2 people, legally bound"
65728,marry,"to join together, to unite, to become one"
64666,marry,"a girl's name, Jesus' mother, has five letters, is capitalized"
63292,marry,"spouse, wedding"
63034,marry,"groom, wedding, church"
63535,marry,"a commitment, rings, two people, can be ruined, involves a family"
63871,marry,"bride, white dress"
65740,marry,"wed, groom, bride, wedding, cake, toast,"
65218,marry,to legally wed
64774,marry,combine man and woman. exchange vows. make a promise. til death do us part. Exchange of rings. wedding party.
64546,marry,"rings, husban/wife, church, priest"
62839,marry,"to join in matrimony, happens at a wedding, is to make a long term commitment"
65335,marry,two people that are going to spend the rest of their lives together have a ceremony to be this way join to families
63541,marry,"what all my friends are doing, a lie, a front, suppose to be for love, a union, a joining of two forces as one, a denial of self"
64873,marry,"the joining of two lives, rings are symbols"
66028,marry,"is legally wed, had a wedding, two people together"
64498,marry,"in love, elope, become one, change last name, in court, through a wedding, dress, tuxedo, honeymoon, marriage license, car with just married on the back, to bind oneself to another with vows, to love in sickness and in health, to be with one person"
64093,marry,to be with someone forever as husband and wife
66055,marry,"bonded, ring, white, love, truth, honesty, conviction, fortitude, endurance"
62935,marry,"wife, love, lifetime"
63838,marry,to commit life to someone else
66067,marry,"to love, marriage"
66061,marry,"best-friend, forever, love, passion, beutiful, always"
62797,marry,"husband, wife, happy"
65656,marry,"Husband, Wife, Groomsmen, Bridesmaids, Rings, Cake, Dance, Love, Kiss, Pictures, Forever"
65956,marry,"to wed, vows, tears, laughter, joy"
65083,marry,together
63043,marry,"happy, commiting to someone, wedding, joyous, Christmas"
64198,marry,"ceremony, love, engagement, planning, families, fancy, bride, groom,"
64276,marry,commit
63475,marry,"forever, love"
65803,marry,What a man and woman do when they are in love. Usually happens in a church. Propose with rings.
65107,marry,"promise, rings, join, love"
66151,marry,happy
62854,marry,me
63199,marry,"wife, husband, priest, divorce"
64702,marry,"to officially love some one, a commitment, honeymoon, a man and wife, legal documents, church"
62827,marry,to have and to hold
66178,marry,someone you love.
63925,marry,"love, union, bondage"
65416,marry,"groom, bride, happiness"
63520,marry,"holy matrimony, engaged, love"
64840,marry,"wedding, commitment, legal"
65557,marry,"wedding, honeymoon, wife, husband"
64042,marry,divorce
65449,marry,"a wedding,  a ceremonie."
63598,marry,proposial
65311,marry,"love, people, commitment"
65692,marry,"wedding, love , dress, family"
66307,marry,"two people, by a pastor, has a crowd"
64624,marry,divorce
63322,marry,cerimony
64216,marry,"wedding, bachelor parties, alcohol, dancing"
65152,marry,to join something
62281,marry,joining of families
63718,marry,"love, husband,wife, church, wedding gown and cake"
65329,marry,"wife, husband, forever"
62557,marry,commitment of one thing to another
66346,marry,"marriage, kids, life, job, woman, man"
65788,marry,"spouse, woman, man, partnership"
66043,marry,joyful
64915,marry,"love, to be with the one you love forever, connection,"
65023,men,muscular
65662,men,strong
63859,men,strong
64606,men,"athletic, hard working, strong,"
64102,men,"guy boy, male, father and brother"
65833,men,"frustrating, hard to find"
63349,men,"women, males, boys, agressive, energetic,"
65653,men,"football, hunting, fathers, nice, family, celebrities"
65503,men,"strong, muscular, smell good"
65875,men,comfort
64006,men,"tall, short,"
65893,men,"good looking, dating, tall, buff"
65719,men,opposite of women
65920,men,strong sports passonite competive labor
62311,men,"boys, penis, sperm"
65728,men,"people, fathers, sons, husbands, uncles"
64666,men,"deep voice, large hands, prominent adam's apple, don't have to shave, have a penis"
63292,men,"male, tesosterone"
63034,men,"boys, mean, crazy"
63535,men,"is strong, can be weak, one gender, organs inside, has a penis, has facial hair"
63871,men,"tall, muscular"
65740,men,"boys, guys, football,"
65218,men,"facial hair, male genitalia, deep voices, aren't expected to shave legs or armpits,"
64774,men,What woman was made from. Has a weiner and two nuts.
64546,men,testosterone
62839,men,"are different than women, is a gender, are aggressive, is a group of males, are not females"
65335,men,not females have different genitalia lke females usually and broad shoulders
63541,men,"Vague, politically incorrect, old white guys, power, the only ones who can do something of importance in the situation, leader"
64873,men,"have short hair, can grow beards"
66028,men,"are tall, most have short hair, are muscular"
64498,men,"gender, male, testicles,"
64093,men,handsome
66055,men,"women, chest hair, stength, pride, courage, anger, agression"
62935,men,"Strength, sports, beards, father"
63838,men,mature males
66067,men,"male, adult,"
66061,men,"hard working, tough, important, stubborn, nice, strong"
62797,men,"hairy, big, strong, women"
65656,men,"Tall, Strong, Completive, Athletic,"
65956,men,"male, homosapien, people, gender, opposite of women"
65083,men,cute
63043,men,"boys, big, strong, masculine, husband, boyfriend"
64198,men,"cute, nice, masculine, big, funny, smart. Confusing, jerks, not good at communicating"
64276,men,one of two genders
63475,men,"strong, beard,"
65803,men,Opposite of Women. Males. Have testosterone. Are human. Have two arms and two legs.
65107,men,"strong, hairy, working, manual labor"
66151,men,fatherly
62854,men,football
63199,men,"powerful, dominant, patriarchal"
64702,men,"father, strong, masculine, mustaches, penis, hairy, testicles, judges to make girl or guy babies, king of the house usually"
62827,men,"dominate, opposite of woman, head of the house"
66178,men,A type of gender
63925,men,"masucline, hairy, straight, gay, muscular, large, angry, controling, strict, rude, sexist, racist, kind, nice"
65416,men,"gender, opposite of woman, boys"
63520,men,"man, husband, brother"
64840,men,"gender, testosterone"
65557,men,"bold, protectors,tall,"
64042,men,guy
65449,men,male human species.
63598,men,boys
65311,men,"tough, fighting,smart, ego,"
65692,men,"human, attractive, strong"
66307,men,"have penis, like women, like sports"
64624,men,women
63322,men,have have a penis
64216,men,"power, work, head of house hold"
65152,men,"alpha, group of a species"
62281,men,"strong, human,"
63718,men,"women,macho,head of the household, providers,"
65329,men,"are tall, are handsome, are stupid, muscular"
62557,men,"some wonderful, some horrible"
66346,men,"strong, dominant, friends"
65788,men,"hair, masculinity, women, war, fighting, anger, children, love"
66043,men,penis
64915,men,"strong, egocentric, caring, run the household,"
65023,mustache,facial hair
65662,mustache,scruffy
63859,mustache,facial hair
64606,mustache,"facial hair, brown, masculine, older men,"
64102,mustache,"face, hair, differnet colors, different sizes and shapes, cowboy, shave, cut, razer"
65833,mustache,"hispanics, big hairy men, on faces"
63349,mustache,"facial hair, beard, rough, shave"
65653,mustache,"face, power, father, black, beard, old, wise"
65503,mustache,"small, large, long, hair, men"
65875,mustache,harry
64006,mustache,"hairy, thick, thin"
65893,mustache,"on a man, circus, bikers,"
65719,mustache,hairs under the nose and above the lip
65920,mustache,hair beard old shave go t men
62311,mustache,"facial hair, above lip, itchy"
65728,mustache,facial hair on upper lip
64666,mustache,"coarse hair, above one's lip, mostly on men,"
63292,mustache,"comb, razor"
63034,mustache,"long, hairy"
63535,mustache,"on a persons upper lip, color as their hair, hair, can be shaved, can be grown out"
63871,mustache,men
65740,mustache,"facial hair, trim, full"
65218,mustache,facial hair above the upper lip
64774,mustache,Short hair on upper lip.
64546,mustache,"man, hair, lip"
62839,mustache,"is on a face, facial hair, usually on men, is above lip"
65335,mustache,on males faces usually between the upper lip and the nose can me itchy thick or thin mad of hair
63541,mustache,"annoying, scratchy, what your uncle has, what mexicans and baseball players have, hitlers favorite"
64873,mustache,"grown by men, coarse hair, various colors"
66028,mustache,"on a man's face, is made of hair, is above the mouth"
64498,mustache,"facial hair, the monopoly man, beard, scuffy, under the nose, above the mouth, hiding the lips, getting food stuck in"
64093,mustache,"facial hair, cookie duster"
66055,mustache,"mario, pervert, weirdo, tickle, dirty"
62935,mustache,"bad looking, old, not stylish"
63838,mustache,"Maturity, male"
66067,mustache,"hairy, should be shaved"
66061,mustache,"chuck norris, tough, bushy, mario"
62797,mustache,"hairy, small, long, annoying"
65656,mustache,"Man, Whiskers"
65956,mustache,"hair, on face, can scratch, long, short, thick, thin"
65083,mustache,gross
63043,mustache,"facial hair, brown, blonde, grey, red, black, prickly, soft, grows on men"
64198,mustache,"facial hair, no-shave november, itchy,"
64276,mustache,man
63475,mustache,"thick, bristly"
65803,mustache,Found above the upper lip. Made of hair. Usually found on men. Facial hair.
65107,mustache,"hair, manly, nose, comb"
66151,mustache,hair
62854,mustache,awesome
63199,mustache,"porno, cheesy, November, John Bollinger"
64702,mustache,"hairy, prickly, different colors and shapes, on the face about the mouth and below the nose"
62827,mustache,"facial hair, men"
66178,mustache,facial hair above the lip.
63925,mustache,"hairy, rough, itchy, scratchy, dark, light, neat, ugly,"
65416,mustache,"facial hair, on men, below nose, above mouth"
63520,mustache,"hair, face, upperlip"
64840,mustache,"hair, on upper lip"
65557,mustache,"gross, hairy"
64042,mustache,beard
65449,mustache,"hair on your upper lip, diffrent styles,  reveals your personality, a trend."
63598,mustache,hair
65311,mustache,"cowboy, shady men, business men,"
65692,mustache,"itchy, hair, lips, men"
66307,mustache,"on face, different hair colors, magnum pi"
64624,mustache,beard
63322,mustache,hair found on face directly above the lips
64216,mustache,"facial hair, bad guy, gotee"
65152,mustache,"facial hair, stylized grooming of the hair on the upper lip"
62281,mustache,"hair, face, above lips, from testosterone"
63718,mustache,"richard(friends), Burt Reynolds, mexican, seventies"
65329,mustache,"is hair on lip, is rough, scratchy, black, ugly"
62557,mustache,itchy and tickley
66346,mustache,"hairy, trimmed, hard to grow"
65788,mustache,"Burt Reynolds, hair, man, face, shave"
66043,mustache,hairy
64915,mustache,"hair on one's upper lip, unnatractive, can be a handlebar mustache, a fumanchu, can twist at the ends, hitler mustache,"
65023,navy,armed forces
65662,navy,water
63859,navy,blue
64606,navy,"type of color, football, armed forces, battles on sea, tough men and woman, sacrafice"
64102,navy,"Millitary, use ships, hard work, water sea, Pearl habour"
65833,navy,"Army, color, clothes"
63349,navy,"war, fight, army, marines, air force"
65653,navy,"military, training, sea, hard, ships, distance, blue"
65503,navy,"color, armed forces"
65875,navy,deep blue
64006,navy,blue
65893,navy,"water, army, blue"
65719,navy,People who work in water or ocean to protect our country
65920,navy,college water military boat ocean
62311,navy,"color, branch of army, over sea"
65728,navy,"Military branch of the waters, dark blue"
64666,navy,"a color, a shade of blue, a branch of the military, on boats and water"
63292,navy,"blue, dark"
63034,navy,"blue, dark"
63535,navy,"is a type of blue, color of pants, is a type of military, involves water, type of color"
63871,navy,the navy in the seas
65740,navy,"color, army, ocean, sailors"
65218,navy,"shade of blue, part of United States Armed Services"
64774,navy,Color of blue. Men working at sea to protect the USA
64546,navy,military
62839,navy,"is a military branch, is strong, proud, a shade of blue, patriotic"
65335,navy,a shade of blue and a section of the armed services
63541,navy,"ships, water, seas, battle, J.A.G., wear uniform, all over the world, long times away, expensive, admiral, see the world"
64873,navy,"part of the military, on the water, white suits and hats"
66028,navy,"is a color, is a shade of blue, is dark"
64498,navy,"armed forces, branch of military, at sea, on a boat, seabees, blue, uniforms, service men and women, OIF, iraq, baghdad,"
64093,navy,"Marines, help to fight for our country, on the sea"
66055,navy,"army, boats, ocean, sea, military, guns, anchor"
62935,navy,"water, submarine, war"
63838,navy,"part of the armed forces, sea bound"
66067,navy,"part of governemt, things to do with the sea"
66061,navy,"military, boat, official, tough, water, brave"
62797,navy,"Seals, army, ships, boats"
65656,navy,"Seals, Military, Color, Blue,Boat"
65956,navy,"military, water, protect"
65083,navy,color
63043,navy,"a color, millitary branch, blue, water, fights for the country"
64198,navy,"boats, water, deployment, gone for long periods of time, blue, military"
64276,navy,watercrafts
63475,navy,"protection, ships"
65803,navy,Armed forces. Found in the United States. Males or females can join. Train. Naval Warfare Service
65107,navy,"blue, military, ocean, submarines, ships"
66151,navy,men
62854,navy,blue
63199,navy,"big, water, men, military"
64702,navy,"armed forces, guns, water, boats, nautical miles, heroes, defenders of the country, bearings, direction, moris code"
62827,navy,protecting the us in the waters
66178,navy,are protectors
63925,navy,"water, men, women, ships, airplanes, bombs, guns, backup,"
65416,navy,"armed forces, weapons, military, a color"
63520,navy,"blue, armed forces, over seas"
64840,navy,"military, sea"
65557,navy,"blue, SEALS, ocean, ships, jets"
64042,navy,army
65449,navy,"Army, Usually  water bound, controlled by the president."
63598,navy,water
65311,navy,"color, military, water, ships, aircrafts,"
65692,navy,"color, dark, army branch"
66307,navy,"color, dark blue"
64624,navy,army
63322,navy,"a color, branch of the military"
64216,navy,"ships, work, guns, war, floats"
65152,navy,"color, seafaring gov't sponsored organization"
62281,navy,"armed forces, water based, part of military"
63718,navy,"seal, boats, men and women, submarine"
65329,navy,"is a deep blue, is soft"
62557,navy,military
66346,navy,"water, ships, training"
65788,navy,"ship, cursing, ocean, tattoos, transport, cannons"
66043,navy,boats
64915,navy,"part of the armed forces, on the ocean, out on the sea, navy seals, swimming, training"
65023,near,far
65662,near,close to
63859,near,close by
64606,near,"close to , not far away, descriptor"
64102,near,"far, tells someone where you are, dericetion,"
65833,near,close
63349,near,"close, touch, proximity, location"
65653,near,"glasses, close, within reach, sighted,"
65503,near,"close to, by something"
65875,near,close
64006,near,"close to, aroud"
65893,near,"close by, or far"
65719,near,"opposite of far, close to"
65920,near,close approxmitely almost map directoins
62311,near,"close, distance, position"
65728,near,"not far, close,"
64666,near,"close,"
63292,near,"far, close"
63034,near,"close, not far away"
63535,near,"close to something, trying to find something, involves looking for something"
63871,near,close
65740,near,"close by, adjacent"
65218,near,"opposite of far, close in proximity"
64774,near,Not far. Closr to something.
64546,near,close
62839,near,"is not far, is close, is within a certain distance"
65335,near,close to you close to the finish not far away
63541,near,"close to, attraction"
64873,near,"close, in the proximity of"
66028,near,"is close, not far away"
64498,near,"far, close, together, by, not far, distance, measure,"
64093,near,to be close to something
66055,near,"far, personal space, proximity,"
62935,near,"close, almost there, short distance"
63838,near,"close, not far away"
66067,near,"not far, next to, very close, strong bond"
66061,near,"close, together"
62797,near,"close, soon"
65656,near,"Close, Far"
65956,near,"opposite of far, close, distance, comfort"
65083,near,close
63043,near,"close, coming to you, not far"
64198,near,"close, not far behind,"
64276,near,not far away
63475,near,"close, in reach"
65803,near,Being close to something. Opposite of far. Next to something.
65107,near,"close, almost, safe"
66151,near,close
62854,near,far
63199,near,"close, far, eyes, glasses, distance"
64702,near,close to something or someone
62827,near,close by
66178,near,very close.
63925,near,"close, easy, halfway, completion, hindereness, people,"
65416,near,"close, not far, within arms reach"
63520,near,"not far, close, next to"
64840,near,not far
65557,near,close to
64042,near,far
65449,near,to be close of.
63598,near,far
65311,near,"close to, almost there,"
65692,near,"close, here, by"
66307,near,"close to, almost there"
64624,near,close
63322,near,close in proximity
64216,near,"far, close,"
65152,near,to be close
62281,near,"close, distance,"
63718,near,"far, nearsighted, close, almost there"
65329,near,"right next to me, touching another thing, close, comfort"
62557,near,"Grover, close, opposite of far"
66346,near,"close, arms length"
65788,near,"close, within reach,"
66043,near,close to
64915,near,"not far, close by, walking distance, short drive,"
65023,number,one
65662,number,counting device
63859,number,how many
64606,number,"math, used everyday, 1-100, lucky,"
64102,number,"used in math, universal system, roman,"
65833,number,"phone, cell phone, boys"
63349,number,"1,2,3, count, measure, calculator"
65653,number,"lots, many, favorite number, jersey, football, hockey"
65503,number,"several, identity"
65875,number,4
64006,number,"4, 5"
65893,number,"math, cell phone, quantity"
65719,number,"you can add them. subtract them, multiply them, or divide them"
65920,number,2 5 11 22 michael jordan math science
62311,number,"expression, math, value"
65728,number,"digit, value,"
64666,number,"a digit, not a letter, used to count"
63292,number,"one, two, three"
63034,number,"math, date, phone"
63535,number,"infanite amount, can be counted, involved in buying things"
63871,number,cell phone
65740,number,"amount, total, occurences"
65218,number,"based on different systems, used to count or to assign value"
64774,number,Digit made of 1-9. No end to them.
64546,number,numerical
62839,number,"is a numeral, is to count, something counted"
65335,number,seen in math on a clock to tell your age they arew everywhere in stats
63541,number,"7, a representation, usually in base 10, different from letters, a symbol for a quantity"
64873,number,"used in math and physics, makes up a telephone number"
66028,number,is used to count objects
64498,number,"infinite, google, age, percentage, grade point average, telephone number, address, mileage, miles per hour, rating, social security number"
64093,number,math
66055,number,"sequence, order, math"
62935,number,"phones, area codes, math"
63838,number,"to count,"
66067,number,"mathetical object, part of counting, part of measuring,"
66061,number,"digits, math, phone, payment"
62797,number,"pad, calculator, crunch"
65656,number,"Math, Dance"
65956,number,"letters, words, used to count, used to measure"
65083,number,date
63043,number,"numericals, 1, counting, math, speed"
64198,number,"cell phone, texting, calling, phone bill, free calls after 7 pm. Order, competition, contestants"
64276,number,arabic numerals
63475,number,"infinite, accounting"
65803,number,"The word for one, two, three, four, five, six, seven, ect."
65107,number,"digit, phone, counting, list"
66151,number,27
62854,number,one
63199,number,"infinite, addition, math, phone"
64702,number,"1,2,3...etc, phone, calling, math, equations"
62827,number,digit
66178,number,can be one.
63925,number,"digits, mathematics, theories, algebra"
65416,number,"on shirts, a type of label, in math, counting"
63520,number,"digit, value, math"
64840,number,"integer, mathematical, used everywhere"
65557,number,"1 2 3, count"
64042,number,count
65449,number,"infinte, used in math, counting,  Identification purposes, order"
63598,number,one
65311,number,"phone, girlfriend, humans, government"
65692,number,"math, order"
66307,number,"used to count, infinity, used to measure"
64624,number,letter
63322,number,what we use to count
64216,number,"count, add, subtract"
65152,number,a symbol representing amount
62281,number,"math, used to label,"
63718,number,"lucky number, amount, percentage"
65329,number,"is a variable, is math"
62557,number,infinite
66346,number,"favorite, used to memorize or label"
65788,number,"one, telephone, infinite, definitive, mathematics, astronomy"
66043,number,has to be digits
64915,number,"1, 2, 3, and so on, can be multiple numbers, can be a multiple of two numbers, can be odd or even, go on indefinitely."
65023,once,only do something one time
65662,once,weight
63859,once,only one time
64606,once,"one time thing, before twice,"
64102,once,"how many times, used a lot in fairy tales"
65833,once,"upon a time, it was a one time deal"
63349,once,"one time, first, only, never again"
65653,once,"chance, good, bad, lack, done, finished, over"
65503,once,"number of times, one"
65875,once,pay attention
64006,once,someime
65893,once,only one time
65719,once,only one time
65920,once,1 time in a lifetime weekly dailly
62311,once,"one, occation, time"
65728,once,one time
64666,once,a single time
63292,once,"twice, movie"
63034,once,wedding
63535,once,"one time, in a sentence, describes one, describes chances"
63871,once,beginning of story
65740,once,"Single occurence, upon a time,  is not enough"
65218,once,one time
64774,once,less then twice. more then never. Rare occasion. never happen again.
64546,once,"singular, one time"
62839,once,"only done one time, done one time, happened before"
65335,once,one time often starts off a fairytales
63541,once,"singular, only once?, usually a lie, I only did it once, I'll try anything once"
64873,once,happened only one time
66028,once,happens singularly
64498,once,"one, never again, one time, opposite of twice, upon a time"
64093,once,happened one time
66055,once,"twice, three times, upon a time,"
62935,once,"never again, once in a lifetime, important"
63838,once,one time
66067,once,"only one time, never again"
66061,once,"one, single, happens rarely"
62797,once,"upon a time, twice, one"
65656,once,"One , Story, Fairtytale"
65956,once,"not consistant, never again"
65083,once,alone
63043,once,"one time, in the past, in the future, singular"
64198,once,"accident, not again, mistake, ""one-time-deal"""
64276,once,was before
63475,once,"first, not again"
65803,once,Something only done one time.
65107,once,"single, happened, movie title,"
66151,once,only one time
62854,once,twice
63199,once,"twice, thrice, lonely, experience"
64702,once,"happens one time only, word,"
62827,once,one time
66178,once,only one time.
63925,once,once
65416,once,"one time, not repeated, before twice"
63520,once,"in a lifetime, twice, one time"
64840,once,upon a time
65557,once,one time
64042,once,twice
65449,once,a one time thing.
63598,once,one
65311,once,"not again, on the line, no regrets"
65692,once,"first, begining, start"
66307,once,one time
64624,once,many
63322,once,happened only one time
64216,once,"one a year, birthday, holidays, never again death"
65152,once,only happening one time
62281,once,"one attempt, number"
63718,once,"upon a time, fairytales, in a while"
65329,once,is a time
62557,once,"singularly, only"
66346,once,"before, upon a time"
65788,once,"one time, upon a time, accident"
66043,once,one time
64915,once,"never again,"
65023,rich,lots of money
65662,rich,money
63859,rich,alot of money
64606,rich,"wealthy, big house, lots of money,"
64102,rich,"money, or friends and family, cocolate, a lot of something"
65833,rich,"happy, money, everything you want, celebrities"
63349,rich,"expensive, money, wealthy, items"
65653,rich,"money, is green, coins, power, happy, successful, leadership"
65503,rich,"A lot of money, wealth"
65875,rich,mansion
64006,rich,money
65893,rich,"in flavor, with money, people"
65719,rich,"wealthy, lots of money,"
65920,rich,wealth money mansion limo gold diamonds
62311,rich,"money, abundance, prosperity"
65728,rich,to have an abundance of something
64666,rich,"wealthy, not in financial debt, has nice things, has a lot of money"
63292,rich,"poor, expensive"
63034,rich,"hollywood, big house, money"
63535,rich,"a lot of money, a type of soil, can get people a lot of things"
63871,rich,a lot of money
65740,rich,"expensive, lavish, well off,"
65218,rich,"have alot of money, can afford expensive items"
64774,rich,to have a lot of money. own a lot of things.
64546,rich,money
62839,rich,"has money, monetary wealth, is wealthy, is well-off, is not deficient"
65335,rich,can afford expensive items have lots of money can also be rich in love
63541,rich,"an impossible state, money, wealthy, better than"
64873,rich,"have money, can afford expensive things"
66028,rich,"not poor, has money or possessions"
64498,rich,"money, cars, happiness, stocks, cash, checks, business, good job, large house, tons of money"
64093,rich,money
66055,rich,"poor, corrupt, villanous, theif, crook"
62935,rich,"money, wealth, nice cars"
63838,rich,"loaded, well off, not poor"
66067,rich,"alot of currency, greedy, possibly rude"
66061,rich,"money, wealth, anything, easy, lonely"
62797,rich,"money, greedy, wealthy"
65656,rich,"Poor, Chocolate, Money, Success, Fame, Fortune"
65956,rich,"wealthy, opposite of poor, character, money, opportunities, culture, established"
65083,rich,money
63043,rich,"wealthy, too much flavor, chocolate cake, high in spirit"
64198,rich,"chocolate, desserts, delicious. Money, mansions, designer clothes, materialism"
64276,rich,wealthy
63475,rich,"money, cars"
65803,rich,Have a lot of money. Can afford nice things. Opposite of poor
65107,rich,"money, fancy, gold, safety"
66151,rich,mansion
62854,rich,money
63199,rich,"money, happiness, greed, business, saavy"
64702,rich,has a lot of money in the bank
62827,rich,to have a lot of money and investments
66178,rich,is someone who has money.
63925,rich,"selfishness, power, growth, manisons, hard work, determination, salary, business"
65416,rich,"opposite of poor, lots of money, happiness, result of good work ethic"
63520,rich,"wealthy, stuckup, cocky"
64840,rich,"person, food"
65557,rich,"wealthy, sweet, chocolate, bill gates"
64042,rich,poor
65449,rich,"Dont have to have money to be rich, you can be rich in friends, and family and love, To have a lot of money dosent mean your happy."
63598,rich,poor
65311,rich,"famous people, money, nice things"
65692,rich,"wealth, money, green, famous, luxury"
66307,rich,"has money, buys expensive things"
64624,rich,and famous
63322,rich,abondance of something desired
64216,rich,"money, cars, houses, boats"
65152,rich,"to have some wealth, nickname for Richard"
62281,rich,"money, strong taste"
63718,rich,"poor, donald trump,mansion, escalade"
65329,rich,"is tasteful, thick in taste"
62557,rich,"Opposite of poor, has nothing to do with monetary gain"
66346,rich,"alot of money, nice car, nice house,"
65788,rich,"expensive, big, Chief executive officer, wealth"
66043,rich,you don't have to work for money; your money works for you
64915,rich,"has a lot of money, can do what they want, usually very successful in life,"
65023,room,messy
65662,room,sleep
63859,room,place
64606,room,"square area, inside a hour or building, furniture, people stay in"
64102,room,"sleep, bathroom, bedroom, bed, tv, can hold random stuff"
65833,room,"messy, relaxing, sleep"
63349,room,"shelter, dorm, house, bed room, bathroom, kitchen, walls"
65653,room,"space, is painted, bed, bath, is small, is big"
65503,room,"large, small, space"
65875,room,carpet
64006,room,"big, space"
65893,room,"live in, you can wait in this,"
65719,room,where furniture is located
65920,room,house bunkbed tv books posters
62311,room,"space, building, occupy"
65728,room,"has walls, has a floor, has a ceiling"
64666,room,"has a ceiling,has walls, has a door, has a floor, often has windows, furniture"
63292,room,"space, door, walls"
63034,room,"bed, carper, tv"
63535,room,"has furniture, has a door, has windows, has closets, in a house, has a floor, has walls"
63871,room,"big, furniture, a place where you can go by yourself"
65740,room,"size, drafty, light, dark, open, bedroom, bathroom, living"
65218,room,"sections of buildings, rooms have different purposes based on what is in them"
64774,room,Beds. Has closets. Desks.
64546,room,"four walls, ground, ceiling"
62839,room,"is a space, has four walls, is in a building, is a certain area, has a purpose"
65335,room,a place that has furniture people can congragate in them and chill they are the build up of houses and buildings many different types
63541,room,"singlular, 4 walls, white, enclosure, purposeful, designed, everywhere, where am i, people watching me"
64873,room,"where one stays, in buildings"
66028,room,"has walls, has a door, has a floor"
64498,room,"space, bedroom, bath room, area, home, bed, shower, tv, sink, towels, clothes, closet"
64093,room,"bed, dresser, closet, people, stereo, sleep, get ready to go out, school"
66055,room,"hotel, motel, cheap, numbers, isolation, cube, messy, sanctuary"
62935,room,"where i live, bed, tv"
63838,room,place in a building
66067,room,"space within a structure, interior walls, have a door, used for sleeping areas, used for kitchens, living rooms, all parts of a house"
66061,room,"mine, bed, desk, lamp, clothes, space"
62797,room,"large, small, dorm, living, class"
65656,room,"Bes, Desk, Lamp, Sleep, Privacy"
65956,room,"walls, windows optional, floor, ceiling, objects, furniture, light"
65083,room,walls
63043,room,"where you go, space, has walls"
64198,room,"cozy, homey, sleep, study, alone,"
64276,room,reciptacle for furniture
63475,room,"space, clutter"
65803,room,"Many examples of different types: kitchen, bed, bath. Found in houses or buildings. Where people stay. Opposite of being outside."
65107,room,"box, space, personal"
66151,room,comfy
62854,room,hotel
63199,room,"bedroom, usually square, family place"
64702,room,"walls, door, where you sleep, eat, cook, watch tv, relax, go to the restroom"
62827,room,a place in a building
66178,room,can be a living room.
63925,room,"home, love, comfortable, large, small, dark, bright, colorful, dull, new, old, one-person, multi-person, suite, home, mansion, college, hotel, castle, apartment"
65416,room,"in a home, extra space, bedroom"
63520,room,"bedroom, bathroom, classroom"
64840,room,"rectangular, doorways, enclosed"
65557,room,"big, comforting"
64042,room,door
65449,room,a place where there are walls and usually furniture.
63598,room,box
65311,room,"home, sleep, learn, study, play"
65692,room,"bed, space,"
66307,room,"space, different themes"
64624,room,and board
63322,room,place surrounded by four walls
64216,room,"house, classroom, place to relax, eat"
65152,room,"an interior structure inside a building, containing space"
62281,room,your private sanctuary
63718,room,"bed, bath, living, class"
65329,room,"is an empty space, in a house"
62557,room,"square, rectangle, round, space"
66346,room,"bed, where you sleep, or empty spaces"
65788,room,"roommate, space, things, personal,"
66043,room,holds people
64915,room,"bedroom, classroom, a place where certain things happen,"
65023,scare,haunted houses
65662,scare,holloween
63859,scare,frighten
64606,scare,"frightened, halloween, scream, movies"
64102,scare,"Halloween, masks, coustumes, movies, scream, can be funny"
65833,scare,"scary movies, hiding"
63349,scare,"creepy, halloween, boo, ghost, witch"
65653,scare,"movies, spooked, ghosts, monsters,"
65503,scare,"emotion, scream, fear"
65875,scare,haunted
64006,scare,"afraid,"
65893,scare,"health, at halloween"
65719,scare,afraid of
65920,scare,afriad nervous scream terrror fright
62311,scare,"nervous, sudden, fear"
65728,scare,"frighten, startle"
64666,scare,"to frighten, anxious, fast hearbeat"
63292,scare,"spook, freak out"
63034,scare,"ghost, clowns, hallloween"
63535,scare,"fear, people can get this from others, can involve death"
63871,scare,scary movie
65740,scare,"frighten, spook, Halloween"
65218,scare,to frighten
64774,scare,make loud noises. Monsters. Catch someone off guard.
64546,scare,surprise
62839,scare,"is to frighten, makes suddenly uneasy, frightens, makes heart race"
65335,scare,to be afraid like of a movie or of an object you are scared a lot around halloween
63541,scare,"what the group will try and do to the individual, results in a scream, we fear it yet we want more, girls clutching your arm"
64873,scare,firghtening
66028,scare,"to surprise someone, is frightening, is shocking"
64498,scare,"frighten, halloween, freddy, jason, black cats, terrified, costumes, movies, songs, people, night time, back alleys"
64093,scare,"halloween, monster, costumes, scary movies"
66055,scare,"fear, monster, zombie, halloween, thrilling, fun, excitement, terror"
62935,scare,"Halloween, fun, urban legends"
63838,scare,to put fear in someone
66067,scare,"frighten,"
66061,scare,"upset, mean, cry, mask, monster, dark"
62797,scare,"fear, haunted"
65656,scare,"Scream, Jump, Hide, Run,Scary"
65956,scare,"scream, loud, nightmare"
65083,scare,fear
63043,scare,"to frighten, terrifying, snakes, monsters, the dark, halloween"
64198,scare,"panzy, ghosts, dark, spiders"
64276,scare,freak out
63475,scare,"jump, frighten"
65803,scare,To make someone afraid. What happens in a haunted house. What happens during a scary movie. Can happen to anyone anywhere.
65107,scare,"surprise, frighten, jump, cry"
66151,scare,halloween
62854,scare,mask
63199,scare,"scary, halloween, terrorism"
64702,scare,"state of mind, fear, jumpy, terrified,"
62827,scare,frightened
66178,scare,is something haunted houses do
63925,scare,"fear, fright, worry"
65416,scare,"clowns, happens to small children, running away, fear"
63520,scare,"frighten, creep out, halloween"
64840,scare,frightening
65557,scare,terrify
64042,scare,frighten
65449,scare,to give somone a freight.
63598,scare,frighten
65311,scare,"afraid,, frighten, alert,"
65692,scare,"spooked, startled"
66307,scare,"fear, nerves, shaking"
64624,scare,ghost
63322,scare,creates a panic feeling
64216,scare,"halloween, ghosts, candy"
65152,scare,"fear,"
62281,scare,"afraid, emotion"
63718,scare,"tactics, scaring is mean, haunted houses,  thrill seekers"
65329,scare,"is to disturb another person, accelarted heart rate, sweaty hands, boo"
62557,scare,frighten
66346,scare,"frighten, monsters, spiders, snakes"
65788,scare,"movie, monster, zombie, frighten, halloween"
66043,scare,sneaking up on someone
64915,scare,"to frighten someone. scary movies, Halloween, scary masks, to make someone jump"
65023,scientist,researching
65662,scientist,smart
63859,scientist,experiments
64606,scientist,"makes things, smart, geeky"
64102,scientist,"smart, logical, experiments, researches, has help, can help save people,"
65833,scientist,"smart, white lab coat, goggles, chemicals, experimenting"
63349,scientist,"smart, experiment, tubes, lab"
65653,scientist,"psychology, lab coats, beakers, is chemistry, fire, expirements"
65503,scientist,"smart, experiments, lab coat"
65875,scientist,white lab coat
64006,scientist,"nerd, geek, smart, genious"
65893,scientist,"experiments, chemicals, test tubes"
65719,scientist,someone who conducts experiments to prove a thesis
65920,scientist,smart biology chemistry teacher chemicals
62311,scientist,"smart, studies, science"
65728,scientist,"experiments, lab coats, educated, methodical"
64666,scientist,"does experiments, takes surveys, does studies, gathers information, forms therories, forms hypothesis, takes chances"
63292,scientist,"lab coat, chemistry"
63034,scientist,"chemistry, ecology, biology"
63535,scientist,"smart, involves chemicals, involve science, a study, involves environment, person"
63871,scientist,chemicals
65740,scientist,"investigate, educated, smart, ideas, theories"
65218,scientist,"one who studies science, one who conducts experiments, uses the scientific method"
64774,scientist,Smart.  Highly paid. Logical. Made Frankensteins.
64546,scientist,"smart, helpful"
62839,scientist,"works through problems, learns about the world, uses problem solving"
65335,scientist,a person that performs experiments in science wear long white jackets
63541,scientist,"lab-coat, science, learned, coldplay, medical, military, industry, greatness, introvert, leader, follower, demands trust, works in a lab, works all the time, sees results, conducts experiments, explains"
64873,scientist,studies the world of science
66028,scientist,"works in a lab, tries to make discoveries"
64498,scientist,"college graduate, bachelors, bubbling chemicals, chemistry, equations, science, experiments, problems, solutions"
64093,scientist,"science, studies things to see if they are real or true"
66055,scientist,"glasses, pocket protector, lab coat, smart, dangerous, naive, black hair, gangley"
62935,scientist,"experiment, teacher, chemicals"
63838,scientist,"lab work, theories"
66067,scientist,"expert,"
66061,scientist,"science, proffessor, lab, tests"
62797,scientist,"smart, intelligent, research, observe, study"
65656,scientist,"Experiment, Research, Tests, Chemicals, tubes"
65956,scientist,"intellegent, research, learn, teach, observe, experiment, hypothesis, test, theory"
65083,scientist,future
63043,scientist,"Alber Einstein, smart, devoted, observant"
64198,scientist,"smart, physics, chemistry, anatomy, biology, zoologists, theories, elements, long words"
64276,scientist,interested in the life
63475,scientist,"smart, lab coat"
65803,scientist,Someone who does research. A lot of knowledge in one or more scienes. Found in a labratory.
65107,scientist,"mad, Einstein, chemicals, lab coat, goggles"
66151,scientist,white lab coat
62854,scientist,smart
63199,scientist,"theory, lab coat, experiments, smart, money, crazy"
64702,scientist,"smart, albert einstein, experiment, hypothesis, theories, labs, white coats"
62827,scientist,experiments with new ideas
66178,scientist,invents
63925,scientist,"smart, crazy,loving, thoughtful, dedicated, confident"
65416,scientist,"make predictions, run tests, men or women"
63520,scientist,"experiment, chemicals, magnifying glass"
64840,scientist,"experiments, makes hypothesis, mad"
65557,scientist,"smart, nerdy"
64042,scientist,doctor
65449,scientist,a person who studies science for the betterment  of hummanityor trying to discover the secrets of the world.
63598,scientist,expirment
65311,scientist,"Theories, chemistry, chemicals, study s, outerspace"
65692,scientist,"Lab, research, chemistry"
66307,scientist,"performs experiments, gives instructions, develops theories"
64624,scientist,chemistry
63322,scientist,a person
64216,scientist,"frankenstein, medicne, science"
65152,scientist,person who uses educated theory to answer questions/solve problems/understand the world around them
62281,scientist,"science, researches, makes discoveries"
63718,scientist,"Jekly and Hyde, disease control, frankinstein, zombies"
65329,scientist,"is a person, does experiments, works in a lab, wears a white coat"
62557,scientist,Intellectual
66346,scientist,"smaet, biology, study, research, drugs, cancer, disease"
65788,scientist,"theory, microscope, observe, experiment, mad, spectacles"
66043,scientist,work in a lab
64915,scientist,"someone who discovers things, mad scientists, make potions and mixes,"
65023,short,tall
65662,short,small
63859,short,lower to ground
64606,short,"small, not tall, a type of person"
64102,short,"size, hieght,"
65833,short,"hair, people, kids,"
63349,short,"small, petite, height, tiny, little"
65653,short,"people, clothing, nike, brands, summer, hot, comfortable"
65503,short,"size, heigh"
65875,short,unfulfilling
64006,short,"small, petite, little"
65893,short,"stature, not tall,"
65719,short,opposite of tall
65920,short,midget not long small  jockey quick
62311,short,"measuring, small, below"
65728,short,"not tall, not enough, small"
64666,short,"vertically challenged, not far off the ground"
63292,short,"tiny, little, not tall"
63034,short,"small, miniature"
63535,short,"not long, small, tiny, smaller than something else, people can be this, descibes height"
63871,short,little
65740,short,"small, little, tiny"
65218,short,"opposite of tall, desciption of height/ stature"
64774,short,Not long. Could mean easily angered
64546,short,not tall
62839,short,"is not tall, lacking in height, does not reach, describes height"
65335,short,"small, little, opposite of tall"
63541,short,"not this quiz, brief, less than you would expect"
64873,short,"not being tall, dwarf, not having enough of something"
66028,short,"is small in stature, is not tall"
64498,short,"stumpy, can't see over the wheel, can't see over the counter, fit into small spaces eaasily, height, length, measurement"
64093,short,"small, midget"
66055,short,"simple, plain, quick, fast, minute"
62935,short,"quick, little, height"
63838,short,"little, not tall"
66067,short,"very brief, not long, small, midget"
66061,short,"skinny, small, tiny, funny"
62797,short,"small, tiny, little"
65656,short,Small
65956,short,"opposite of tall, length, not enough, coverage"
65083,short,children
63043,short,"height, not very long, not very tall, minute"
64198,short,sm
64276,short,midget
63475,short,"small, fast"
65803,short,Opposite of tall. A describing word.
65107,short,"jockey, midget, dwarf, oompa-loompa"
66151,short,tiny
62854,short,midget
63199,short,"opposite of tall, little, genetic"
64702,short,"small, little, brief duration in time"
62827,short,"not tall, small,"
66178,short,under a certain height
63925,short,height
65416,short,"small, not average, height, not tall"
63520,short,"small, midget, not tall"
64840,short,small
65557,short,small
64042,short,tall
65449,short,"not big lenght wise, used to day that you fell a little behind,."
63598,short,tiny
65311,short,"tiny, belottle,anger"
65692,short,"small, little, size"
66307,short,"not tall, people, things"
64624,short,stout
63322,short,lacks in height
64216,short,"midgets, women, short bus"
65152,short,"small stature, something that is small, clothing that starts at waist and ends before the knee, unintended electrical ground"
62281,short,"small,"
63718,short,"shorts, petite, change under,"
65329,short,is below average
62557,short,"height, too little"
66346,short,"not tall, tiny, made fun of"
65788,short,"midget, dwarf, child, little, puny"
66043,short,below average height
64915,short,"not tall, small, tiny, a lot of people are shorter than me"
65023,shot,guns
65662,shot,gun
63859,shot,gun
64606,shot,"drink at a bar, gun, could be dead if shot"
64102,shot,"gun fire. weapon, injur, picture, carmera"
65833,shot,"pain, flu season, going back to school, sick"
63349,shot,"gun, bullet, kill, murder, die"
65653,shot,"guns, bars, shotgun, ammo, painful, doctors, fear"
65503,shot,"of alcohol, bullets, gun"
65875,shot,drunk
64006,shot,"try, attempt"
65893,shot,"of alcohol, out of a gun, in basketball, an attempt at something"
65719,shot,"in the arm, to prevent diseases, to prevent flu, given by a doctor"
65920,shot,gun basketball hockey alcohal bullet puck ball soccer
62311,shot,"involves a gun, hurt, bullet"
65728,shot,"bullet, gun, antidote, vaccine, seringe"
64666,shot,"a small glass of strong alcohol, to be wounded by a gun"
63292,shot,"gun, try"
63034,shot,"gun, arrow"
63535,shot,"comes out of a gun, can kill people, can injure people, makes a loud noise"
63871,shot,gun
65740,shot,"injection, whiskey, dose, medicine"
65218,shot,"a vaccination, needles, guns, to have a bullet in you"
64774,shot,1 oz of alcohol. Vaccines are injected through them
64546,shot,"needle, medicine, syringe"
62839,shot,"is to be shot, hit with a bullet, is a chance, comes from a gun, firing of a weapon"
65335,shot,"take a shot of alcohol, can be shot, can take a shot in a sport"
63541,shot,"from a gun or from a bottle, small yet painful, changes its victim, quick"
64873,shot,"shot from a gun, shot of alcohol, unsafe"
66028,shot,"means hit, caused by a gun"
64498,shot,"gun, basketball, soccer goal, wound,"
64093,shot,"nurse, doctor, antibiotic, baby"
66055,shot,"bullet, glass, liquor, guns, speed, scary"
62935,shot,"basketball, gun, party"
63838,shot,"vaccination, gun shot, pellets in a shotgun shell"
66067,shot,"loud, bullet, could be painful, used in guns"
66061,shot,"alcohol, liqour, vodka, rum, gun, bullet, blood"
62797,shot,"gun, bullet, wound, alcohol"
65656,shot,"Medicine, Sick, Vaccine, Flu, Prevention"
65956,shot,"bullet, alcohol, solid, liquid, injure, accuracy, intake, consume"
65083,shot,pain
63043,shot,"has a needle, gives medicine, a gun, a bullet, a gun shoots them, can be painful"
64198,shot,"gun, loud, target. Medicine, ouch, needle, vaccination"
64276,shot,medicine
63475,shot,"needle, virus"
65803,shot,Given with a needle. Can be given if you are sick. Usually get them as a little kid. Vaccinations. Given for the flu.
65107,shot,"pain, flu, medicine, needle, nurse"
66151,shot,pain
62854,shot,gun
63199,shot,"alcohol, gun, bullet, harmful"
64702,shot,"firearm,  alcohol, flu shot, doctor gives them, basketball"
62827,shot,to try and make a basket
66178,shot,can be heard miles away
63925,shot,"gun, grenade, cannon, musket, firearm, wound, death, blood, conflict, people, fighting, anger, jelousy"
65416,shot,"a drink, alcohol, at the bar"
63520,shot,"bullet, gun, alcohol"
64840,shot,"gun, alcohol"
65557,shot,"guns, bullets"
64042,shot,gun
65449,shot,"strong alcohol. usually one once, fired from a gun"
63598,shot,gun
65311,shot,"Guns, pellets, ammo, hunting, war"
65692,shot,"alcohol, drunk, vodka"
66307,shot,"gun, bullet, target"
64624,shot,gun
63322,shot,a drink that is served in small amounts
64216,shot,"alcohol, guns, whiskey, drunk people, death"
65152,shot,"small lead balls, projectiles"
62281,shot,"attempt, try, gun, bullet"
63718,shot,"flu, booster, guns and wounds"
65329,shot,"is a try, an effort"
62557,shot,injured with a projectile
66346,shot,"gun, flu, pain"
65788,shot,"vaccination, flu, hepatitis, painful, needle"
66043,shot,of alcohal
64915,shot,"guns, bullets, video games, can be a shot of alcohol, a shot glass, a shot in the dark"
65023,sly,fox
65662,sly,sneeky
63859,sly,quick to think
64606,sly,"keen, very sneaky, slow movements"
64102,sly,"trait, not much speaking, small voice"
65833,sly,slick and smooth
63349,sly,"sneaky, cheat, liar, bad, evil"
65653,sly,"sneaky, video game, stealing, night, burglary, robbers"
65503,sly,"sneaky, unknown"
65875,sly,sauve
64006,sly,sneaky
65893,sly,"fox, tricky, robbers"
65719,sly,"very sneaky,"
65920,sly,clever smart decitful con fox lie
62311,sly,"sneaky, lie, cuning"
65728,sly,"cunning, deceptive, secretive"
64666,sly,"sneaky, to get away with something, to fool someone"
63292,sly,"fox, sneeky"
63034,sly,"cunning, fox, people"
63535,sly,"sneaky, in movies, in real life, can hurt people, can be bad, sneaky"
63871,sly,sneaky
65740,sly,"fox, smart, cunning, devious"
65218,sly,"clever, sneaky"
64774,sly,Fox. Sneaky.
64546,sly,"secretive, not good"
62839,sly,"is sneaky, is stealth, smooth, skilled, is tricky, done without a hitch"
65335,sly,sneaky try to get away with things
63541,sly,"fox, untrustworthy, a skill that few have"
64873,sly,"sneaky, kids are sly to get what they want"
66028,sly,"is sneaky, is clever"
64498,sly,"sneaky, quick, as a fox,"
64093,sly,can do things without people noticing
66055,sly,"theif, rogue, bandit, liar, cheat, crafty, trickster, schiester"
62935,sly,"clever, funny, quick witted"
63838,sly,sneaky
66067,sly,"sneaky, secrative"
66061,sly,"fox, sneaky, quiet, quick"
62797,sly,"fox, cat, sneaky"
65656,sly,"Fox, Sneaky, Tricks"
65956,sly,"deceitful, misleading, sneak"
65083,sly,untrustworthy
63043,sly,"sneaky, fox, quiet, devious"
64198,sly,"sneaky, swipper, fox, mischevious"
64276,sly,cunning
63475,sly,"secretive, quiet"
65803,sly,Sneaky. Get by without really being noticed. Can be done anywhere. By anyone or anything.
65107,sly,"fox, Sylvester, cunning, sneaky"
66151,sly,sneeky
62854,sly,dog
63199,sly,"cunning, sneaky, robber,liar"
64702,sly,"sneaky, ninja, swift"
62827,sly,untruthful
66178,sly,to be sneaky.
63925,sly,"timy, skinny, charming, loveable, dark, sneaky, sneek"
65416,sly,"sketchy person, avoid, very clevar"
63520,sly,"sneaky, smooth, fox"
64840,sly,"sneaky, deceptive"
65557,sly,"slick, smooth, sweet talker"
64042,sly,cat
65449,sly,"cunning, fast and quick,"
63598,sly,sneaky
65311,sly,"Sneaky, way with words"
65692,sly,"fox, sneaky,"
66307,sly,sneaky
64624,sly,fox
63322,sly,goes unnoticed
64216,sly,"slick, evil, bad guy,"
65152,sly,"clever, nickname for Slyvester"
62281,sly,sneaky
63718,sly,"spy, trickster, liar, decieving"
65329,sly,"is sneaky, is smooth"
62557,sly,"fox, intellegent, crafty, clever"
66346,sly,"fox, smart, cunning"
65788,sly,"slick, unctuous, slimy, creepy"
66043,sly,swiper the fox
64915,sly,"very sneaky, very clever, crooks, thieves, mystery,"
65023,smudge,chocolate
65662,smudge,to smeer
63859,smudge,smear
64606,smudge,"a smear, a mark on clothing, description"
64102,smudge,"messy, uncear,"
65833,smudge,"smear, paintings, pencils"
63349,smudge,"dirt, gross, ugly, clean"
65653,smudge,"art, move, shift, dirty, marker, pencil, marker, crayons"
65503,smudge,"smear, hit with hand"
65875,smudge,messy
64006,smudge,smear
65893,smudge,"on your shirt, dirt, food stains"
65719,smudge,a mark that is smeared
65920,smudge,dirt shirt pen paper hand pants elbow
62311,smudge,"ink, rubbing,  smear"
65728,smudge,smear
64666,smudge,"to smear, not crisp, not precise"
63292,smudge,"mess up, wipe away"
63034,smudge,"mud, dirt, paint"
63535,smudge,"smear something, can be gross, little kids do this, an accident, can be on purpose"
63871,smudge,smear
65740,smudge,"smear, makeup, paint"
65218,smudge,"a smear, imperfection"
64774,smudge,"Smear. To make not clear. To rub., Mark."
64546,smudge,smear
62839,smudge,"is to smear, something smeared, had been wiped out of place, is to make unclean"
65335,smudge,not neat bothersome to some people
63541,smudge,"black, dirty, small temporary, a mistake"
64873,smudge,"to make something unclear, rubbing something around"
66028,smudge,"is a smear, is dirty"
64498,smudge,"dirt, spot, food, rubbed, spread, wiped, on the face, paint,"
64093,smudge,using a finger to mess up something wet
66055,smudge,"grease, oil, work, smell, thick, stain, black, slimy"
62935,smudge,"dirty, not clean, imperfect"
63838,smudge,"dirt, smeared ink"
66067,smudge,"dirty mark, smearing"
66061,smudge,"rub, vague, dirty"
62797,smudge,"ink, mud"
65656,smudge,"Ink, Mud, Dirty"
65956,smudge,"smear, mark"
65083,smudge,wipe away
63043,smudge,"with your finger, blur ink"
64198,smudge,"smear, dirty, make-up,"
64276,smudge,messy
63475,smudge,"annoyance, opaque"
65803,smudge,A smear of something.
65107,smudge,"blur, flaw, dirty, oil"
66151,smudge,a mark
62854,smudge,dirt
63199,smudge,"smear, oil, acne,"
64702,smudge,"blurry, fingerprint, mud, ink, could be anywhere"
62827,smudge,smear
66178,smudge,ink smeared.
63925,smudge,"removable, dark, ugly, germy, noticeable, mean, there, gone"
65416,smudge,"spill, sticky, unclear to see"
63520,smudge,"smear, streak, blur"
64840,smudge,"smear, messy"
65557,smudge,"smear, messy"
64042,smudge,mess
65449,smudge,"a black stain, stinky substance that can poisionus,  sticky, slimy"
63598,smudge,smear
65311,smudge,"smear, stain"
65692,smudge,"make up, eye liner, easer"
66307,smudge,"dirt, messed up"
64624,smudge,smeer
63322,smudge,smearing one substance over another
64216,smudge,"oil, cars, dirty"
65152,smudge,"to smeer, burnt smoky fudge"
62281,smudge,"dirty,"
63718,smudge,"paperwork, dirty face, dirty screen, computer screen is dirty"
65329,smudge,"a black mark, is messy"
62557,smudge,"art, blending, smear"
66346,smudge,"smear, fingerprints"
65788,smudge,"spot, ink, imperfection, grease, mishap"
66043,smudge,dirty
64915,smudge,"usually gross, messed up in a place, paint smudge,"
65023,stone,hard
65662,stone,rock
63859,stone,"hard, rock"
64606,stone,"rock, granite, caves"
64102,stone,"rock, large, smooth, is outside"
65833,stone,"cold, grey, houses"
63349,stone,"rock, marble, hard, heavy, solid"
65653,stone,"rock, pebble, hard, band, music, throw"
65503,stone,"hard, cold, does not move"
65875,stone,grey
64006,stone,"hard, petty"
65893,stone,"ground, buildings, statues"
65719,stone,"found outside, houses are made of it,"
65920,stone,rock hard marble house countertop castle
62311,stone,"cold, hard, rock"
65728,stone,"rock, its hard, to throw rocks at until death"
64666,stone,"hard, cold, smooth"
63292,stone,"rolling, grey"
63034,stone,"rock, grey, hard, outside"
63535,stone,"hard, rock, gravel, can be split, different kinds of these, people make things with them"
63871,stone,"hard, big"
65740,stone,"rock, granite, marble, flooring"
65218,stone,"to throw rocks at someone, a rock"
64774,stone,Rocks. Throw rocks to kill someone.
64546,stone,hard
62839,stone,"is a rock, is hard, can be thrown, comes from the ground, is throwing rocks at others"
65335,stone,a brick its hard can be used to make buildings and gardens very pretty
63541,stone,"hard, rounded, useful, heavy, painful, old, pre-modern, decoration, woman, resource, skip on water, natural, old-school"
64873,stone,"is grey, is hard"
66028,stone,"is made over time, is heavy"
64498,stone,"to throw, rock, in older days to kill, medusa looks at you,"
64093,stone,"rock, outside"
66055,stone,"hard, artistic, formed, gray, cold, icecream"
62935,stone,"hard, skipping stones, stone faced"
63838,stone,"rock, diamond or ruby  in jewlery"
66067,stone,"hard, part of the earth, used in many things"
66061,stone,"rock, hard, heavy, gray, drugs"
62797,stone,"rock, hard, rough, gray, large"
65656,stone,"Wall, Bridge, Rocks, King Arthur"
65956,stone,"solid, object, throw, stack, study, build, damage, protect"
65083,stone,river
63043,stone,"rock, marble, tile, natural, tumbled, rough, hard"
64198,stone,"rocks, throwing, pebbles, skipping rocks, water, ripples"
64276,stone,"hard, cold"
63475,stone,"hard, heavy"
65803,stone,Like a rock. Can be found in the dirt or on the ground. Found by a river. Can be any color.  Is usually round.
65107,stone,"gray, hard, smooth, skipping"
66151,stone,brick
62854,stone,hard
63199,stone,"rock, lottery, rolling, moss"
64702,stone,"rock, decorative, hard, not edible,"
62827,stone,hard
66178,stone,hard rock.
63925,stone,"gray, rock, hard, strong, firm, nature,"
65416,stone,"colorful, rocks, used for counters or floors"
63520,stone,"rock, drugs, headstone"
64840,stone,"hard, a rock, a gem, used to build"
65557,stone,"rock, hard, rough, smooth"
64042,stone,rock
65449,stone,a rock used for construction of a building or art.
63598,stone,rock
65311,stone,"rock, buildings, throw,"
65692,stone,"rock, gem"
66307,stone,"smooth, gray, big"
64624,stone,stick
63322,stone,hard
64216,stone,"rock, granite, counter tops, building"
65152,stone,a rock
62281,stone,"rock, used to build"
63718,stone,"Metal, Marble, floors, greek pantheon"
65329,stone,"is hard, is found in gardens, is a neutral color"
62557,stone,"hard, cold or hot, multiple shapes and sizes"
66346,stone,"rock, large, thrown, used to build"
65788,stone,"castle, diamond, wall, brick, creek, ancient, heavy"
66043,stone,hard
64915,stone,"rock, hard, rough,"
65023,storm,bad weather
65662,storm,rain
63859,storm,raining
64606,storm,"thunder, lighting, rain, scary, in clouds, natural disaster"
64102,storm,"weather, can be rain, harsh winds, can be dust storm, can be lighting storm, scared, deaths, distruction"
65833,storm,"dark, rainy, thunder, yet peaceful to sleep"
63349,storm,"thunder, lightening, rain, down pour"
65653,storm,"rain, wet, thunder, lightning, scary, exciting"
65503,storm,"rain, water, thunder, lightning, loud, calming, puddles"
65875,storm,thunder
64006,storm,"loud, scary, dark, windy"
65893,storm,"warning, watch, lightning"
65719,storm,"something that happens outside, lighting, rain, thunder"
65920,storm,thunder lighting rain snow  cold cloudy
62311,storm,"clouds, precipitation, noise"
65728,storm,"weather, rain, sleet, snow, wind, ice"
64666,storm,"rain, strong winds, thunder, lightening, hail, snow, sleet, clouds"
63292,storm,"clouds, rain"
63034,storm,"thunder, rain, lightening"
63535,storm,"participation, involves weather, can be life threatening, involves rain, involves snow"
63871,storm,"thunder, lightening"
65740,storm,"rain, lighting, thunder, clouds, wind, hail"
65218,storm,"rain, wind, sometimes thunder and lightning"
64774,storm,Scary. Has lightning and thunder and rain.
64546,storm,"thunder, lightening, rain, wind"
62839,storm,"inclement weather, includes rain, sounds terrible, is loud, is unpleasant, dark, cold"
65335,storm,has rain lightning and thunder can be loud and scary to some the sky turns extremely dark
63541,storm,"considered bad weather, people sit inside and watch it, people outside run, powerful, out of your control"
64873,storm,"consists of lightning, rain and thunder, can be serious"
66028,storm,"has lightning, has thunder, has rain, has hail"
64498,storm,"thunder, lightening, rain, snow, hail, sleet, wrecks, falling trees, electricity out, X-men,"
64093,storm,"Rain, hail, tornadoes, thunder, lightning, tsunamis, hurricanes, snow, fog"
66055,storm,"exciting, scary, fun, rain, fury, power, primal, rejuvinating"
62935,storm,"rain, thunder, lightning, interesting,"
63838,storm,weather
66067,storm,"rain, lightning, thunder, destroying, very mild ,very bad"
66061,storm,"rain, cloud, lightning, thunder, wet, dark"
62797,storm,"thunder, lightning, rain, water, loud, long"
65656,storm,"Rain, Thunder, Lightening, Wind, Tornadoes, Summer, Hurricane"
65956,storm,"weather, scary, pretty, view, water, thunder, lightning, rain, tornado, temperature change, clouds"
65083,storm,fear
63043,storm,"thunder, lightning, wind, rain, snow, tornado, hail, cold front"
64198,storm,"loud, sleep, cold, wet, rain, thunder, lightening, clouds"
64276,storm,precipitation
63475,storm,"scary, rain, thunder"
65803,storm,Explaining weather. Can be bad snow. Bad rain. Usually involves clouds. Can involve lightening and thunder.
65107,storm,"lightening, thunder, rain, dark sky, cumulonimbus clouds"
66151,storm,thunder
62854,storm,wind
63199,storm,"gray, thunder, lightening, rain, sad"
64702,storm,"rain, darkness, lightning, thunder, snow, hail, sleet, precipitates"
62827,storm,scary
66178,storm,has lightning.
63925,storm,"dark, huge, confronting, dangerous, bitter, angry, selfish, huge, deadly"
65416,storm,"thunder, lightning, rain, people fear these, bad weather"
63520,storm,"thunder, lightning, rain"
64840,storm,"rain, thunder, lightning, warnings"
65557,storm,"lightning, thunder, rain, wind"
64042,storm,lightning
65449,storm,"a weather occurance diffrent kinds for diffrent regions, like rain storms in the rain forest, Wind storms in the desert."
63598,storm,thunder
65311,storm,"rain, thunder and lighting, tornados"
65692,storm,"loud, dark, rain, thunder, lightening"
66307,storm,"dark, has lightning, has thunder, has rain, electricity"
64624,storm,thunder
63322,storm,occurs outside
64216,storm,"lightening, thunder, rain, wind, sirens"
65152,storm,"a weather event, to move through an area with intent or speed"
62281,storm,"rain, tornado,"
63718,storm,"dangerous, storms can be peaceful, hurricane,thunderstorm, lighting,rain, hail, snow"
65329,storm,"is gloomy, is rain, is thunder, is lightening"
62557,storm,"beautiful, load, wild"
66346,storm,"loud, thunder, lightning, rain"
65788,storm,"thunder, rain, clouds, hail, lightning, tornado"
66043,storm,crazy wind
64915,storm,"loud, thunder, lightening, tornado, rain, ice, wind, causes power outages,"
65023,tear,crying
65662,tear,to rip
63859,tear,"rip, not together"
64606,tear,"water, runs down your face, crying , sorrow"
64102,tear,"wet, waht happend when cry, tear drop earing, clear, salty, sad,"
65833,tear,"saddness or being happy, loss or fullfilment"
63349,tear,"rip, cut, pull, scissors, paper"
65653,tear,"sad, sorrow, rain, wet, eyes, ducts, contacts, pain"
65503,tear,"rip, divide, separate"
65875,tear,saddness
64006,tear,"water, sad, joyful, mad, glad"
65893,tear,"crying, of happiness"
65719,tear,"a liquid substance that comes out of your eye when you are emotional, or when u yawn"
65920,tear,sad cry rip shred upset depressed
62311,tear,"emotional response to stimuli, result of crying, salty"
65728,tear,"to rip, to split, something you cry out"
64666,tear,"salty, falls from eyes, appears when sad, hurt, confused, angered, joyful, relieves emotions"
63292,tear,"rip, in half"
63034,tear,"water, sad, blue, upset"
63535,tear,"split something, rip something, can be a cloth, can be paper, can be a verb, can be a noun"
63871,tear,"water, sad"
65740,tear,"rip, cut, shred,"
65218,tear,"to rip, comes out of tear ducts,  comes out of eyes when crying"
64774,tear,Rip in two. Painful.
64546,tear,"eye, salty, sad/happy"
62839,tear,"is to rip, is a rip, comes from crying, runs from eyes, is to tear something,is  wet"
65335,tear,from crying either from sadness or happiness run down your cheaks
63541,tear,"emotion, a build up, an expression, cant be held back, sad"
64873,tear,"salty water, comes from the eye, happens when someone is sad"
66028,tear,"is salty, comes from your eyes,"
64498,tear,"if your'e crying, or to rip something, running down someone's face, or something is in half"
64093,tear,"crying, to tear a piece of paper"
66055,tear,"sorry, weap, fear, sadness, departure"
62935,tear,"sadness, crying, hurt"
63838,tear,"water coming from the eye, to rip"
66067,tear,"sad, crying, in pain"
66061,tear,"rip, shred, cry, wet, upset"
62797,tear,"cry, sad, happy, sorry, unwell, sick"
65656,tear,"Sad, Cries, Lonely"
65956,tear,"liquid, sad, joy, salt,, water, moisture"
65083,tear,cry
63043,tear,"rip, cry, shred, mentally ripping your heart"
64198,tear,"crying, snot, tissues, red face, mumbling, mooshy words, sad, depressing, relieving, puffy eyes,"
64276,tear,pulling apart
63475,tear,"liquid, sadness"
65803,tear,Falls from eye. What happens if you are sad and cry  Is salty.
65107,tear,"rip, cloth, mend"
66151,tear,sad
62854,tear,rip
63199,tear,"paper, writing, emotion, trees"
64702,tear,"cry, water from eyes, sad, depressed, shows sad emotions"
62827,tear,sad
66178,tear,comes from the eye
63925,tear,"water, sweat, fear, sadness, aner,"
65416,tear,"sad, water from your eyes, emotional"
63520,tear,"cry, grief, sorrow"
64840,tear,"crying, rip"
65557,tear,rip
64042,tear,rip
65449,tear,"water coming down from your eye, usually present with strong emotions."
63598,tear,cry
65311,tear,"sad, hurt, love,"
65692,tear,"rip, cut"
66307,tear,"salty, sad, crying"
64624,tear,drop
63322,tear,make of salt and water
64216,tear,"cry, salty, sad"
65152,tear,"to rip, byproduct of crying"
62281,tear,"crying, emotion, eyes"
63718,tear,"sadness,happiness, event occured"
65329,tear,"is a result of dry eyes, sadness, happiness, is salty"
62557,tear,"drop, saline, crying"
66346,tear,"water, crying, sad, upset"
65788,tear,"crying, sadness, loss, fear, sad"
66043,tear,is made from the body
64915,tear,"sadness, rejection, loneliness, cry, happiness"
65023,theory,belief
65662,theory,idea
63859,theory,thought
64606,theory,"a myth, scientist thinking"
64102,theory,"bad, to help someone, someone to take to, money spent"
65833,theory,an idea trying to be proven to be true
63349,theory,"experiment, thought, idea, hypothesis"
65653,theory,"science, hypothesis, not true, proven,"
65503,theory,experiments
65875,theory,idea
64006,theory,"hypotheses, statement"
65893,theory,"psychologists, an idea"
65719,theory,"a thesis, not true but also not false"
65920,theory,guess accepted science evolution school
62311,theory,"explanation, ideas, possibility"
65728,theory,"thought, idea"
64666,theory,"an idea, it is testible"
63292,theory,"music, physics"
63034,theory,"science, something that is true"
63535,theory,"testing an action, science is involved, poele create these"
63871,theory,point of view from someone
65740,theory,"idea, speculation"
65218,theory,"musical theory, formed from hypotheses, generally accepted rule"
64774,theory,Somes take on something. Science hypothesis
64546,theory,"not concrete, guess, must be proven"
62839,theory,"is an explanation, is not always proven, collection of supported hypothesis, an idea about problem"
65335,theory,"what scientists have already experimented has become this, what we believe is right cause it was proved multiple times"
63541,theory,"A generalized way of thinking that explains a multitude of phemonmena and experiements, what we each have, the result of thinking"
64873,theory,"used in all school subjects, principle of explaination for a subject"
66028,theory,"hasn't been proven, term used by scientists"
64498,theory,"idea, repeated, proven, tested, scientists, philosophy, denied, approved"
64093,theory,"research paper, last sentence of first paragraph"
66055,theory,"hypothesis, formula, idea, principal, philosophy"
62935,theory,"unknown, guess, research"
63838,theory,Ideas
66067,theory,"idea,"
66061,theory,"guess, not proven, believe"
62797,theory,"hypothesis, observation, scientific"
65656,theory,"Science, Guess"
65956,theory,"idea, words, concept"
65083,theory,unknown
63043,theory,"an idea, hypothesis, an experimental thought"
64198,theory,"something that is possible,"
64276,theory,proposed idea
63475,theory,complex knowledge
65803,theory,A hypothesis. Organized thoughts. Researched ideas.  Must have statments to back it up.
65107,theory,"idea, philosophy, opinion"
66151,theory,science
62854,theory,idea
63199,theory,"possible truth, idea, science, facts"
64702,theory,"an opinion, could be false, what you think"
62827,theory,an idea
66178,theory,is a guess.
63925,theory,"thesis, proven, science, mathematics, music, Albert Einstein,"
65416,theory,"prediction, in science,"
63520,theory,"science, idea, beginning"
64840,theory,probable explaination
65557,theory,science
64042,theory,guess
65449,theory,"an idea that can be tested, imnfintie number of them, used for  Scholarly  purposes. can help explain stuff in life."
63598,theory,fact
65311,theory,"guess, thought of how something works."
65692,theory,thought
66307,theory,proven hypotheses
64624,theory,logic
63322,theory,consist of an idea
64216,theory,"laws, hypothesis, not accurate"
65152,theory,"educated idea, research, scientific opinion"
62281,theory,"hypothesis, guess"
63718,theory,"big bang, science,history, evolution"
65329,theory,"is a hypothesis, is made by a scientist, is a guess, is a thought"
62557,theory,best guess
66346,theory,"idea, could be right or wrong"
65788,theory,"idea, proposal, test, disproven, proven, speculation"
66043,theory,hypothesis
64915,theory,"a possible solution to something, a hypothesis that has been tested"
65023,thunder,loud
65662,thunder,lightning
63859,thunder,lightning
64606,thunder,"comes before lighting, during a storm, very loud"
64102,thunder,"storm, after lighting, loud,"
65833,thunder,"dark, loud, being inside"
63349,thunder,"lightening, rain, scare, loud, noise"
65653,thunder,"storm, lightning, loud, scary, rain, outdoors, power"
65503,thunder,"loud, lightning, rain, scary, cold"
65875,thunder,loud
64006,thunder,"loud, rumbling, noisy,  scary"
65893,thunder,"lightning, a sound, storm"
65719,thunder,a loud noise caused by lighting in the sky
65920,thunder,lighting rain cloud flood scary loud
62311,thunder,"after lightning, storm, clouds"
65728,thunder,"lightning sound, storm"
64666,thunder,"comes after lightening, occurs during storms, can be frightening"
63292,thunder,"lightning, rain, storm"
63034,thunder,"rain, clouds, storms"
63535,thunder,"in thunder storms, bad weather, people are scared from this"
63871,thunder,storms
65740,thunder,"lighting, storm , rain, cloud,"
65218,thunder,"follows lightning, hear but can't see, rumble, sound waves"
64774,thunder,Noisy. Makes things shake.
64546,thunder,"loud, ions, rain, storm, lightening"
62839,thunder,"is loud, follows lightning, happens in storms,"
65335,thunder,heard after the lightening during storms
63541,thunder,"how many seconds it takes is how far away the storm is, loud, can be scary can be peaceful, a result"
64873,thunder,lightning hitting something to make  a loud noise
66028,thunder,"heard after lightning, is loud"
64498,thunder,"loud, boom, happens during a storm, occurs before lightening, scary, in the sky, rumbling"
64093,thunder,"storm, lightning, rain"
66055,thunder,"lightning, power, force, fire, destruction, primal"
62935,thunder,"storm, Oklahoma city, Kevin Durant"
63838,thunder,noise produced in thunderstorm
66067,thunder,"loud, scary, cant be seen, only heard, comes after lightning"
66061,thunder,"basketball team, kevin durant, lightning, storm, rain, clouds, dark sky,"
62797,thunder,"lightning, boom, noise, loud"
65656,thunder,"Storm, Rain, Summer"
65956,thunder,"sound, loud, boom, crackle"
65083,thunder,rain
63043,thunder,"loud, storm, trembles, lightning"
64198,thunder,"rain, lightening, loud, dark, cloudy, cold, dangerous, electricity"
64276,thunder,lightning
63475,thunder,"loud,"
65803,thunder,Comes after lighting. What happen before or during a storm. Can scare people. Can be loud.
65107,thunder,"storm, loud, boom, frightening"
66151,thunder,lightning
62854,thunder,struck
63199,thunder,"following lightening, scary,"
64702,thunder,"comes with rain, loud sound, no sight, darkness"
62827,thunder,lighting
66178,thunder,loud
63925,thunder,"loud, frightening, unavoidable, scary, uplifitng,"
65416,thunder,"comes with lightning, storming, loud, people fear it"
63520,thunder,"lighting, storm, rain"
64840,thunder,"loud, startling, lightning, storms"
65557,thunder,"loud, lightning"
64042,thunder,lightinig
65449,thunder,a noise that follows lightning.
63598,thunder,lightning
65311,thunder,"lightning, storms, hurt"
65692,thunder,"storm. lighenting, rain"
66307,thunder,"loud, not seen, during storms, scares dogs"
64624,thunder,storm
63322,thunder,noise
64216,thunder,"lightening, rain, wind, sirens"
65152,thunder,effect of lightning
62281,thunder,"loud, follows lightning,"
63718,thunder,"storms, sleep/nap, peaceful"
65329,thunder,"is loud, is in the sky"
62557,thunder,"Loud, beautiful"
66346,thunder,"lightning, lound, rain"
65788,thunder,"storm, rain, noise, lightning, hail"
66043,thunder,loud
64915,thunder,"loud, followed by lightening, helps you tell how far away the storm is, frightening, during rainstorms,"
65023,trip,vacation
65662,trip,vacation
63859,trip,to go somewhere
64606,trip,"vacation, falling down, airplane or car ride,"
64102,trip,"road, travel, bring food, spend money, vacation time"
65833,trip,"family, pictures, fun and tiring"
63349,trip,"location, airplane, bus, car, road trip"
65653,trip,"fall, shoes, shoelace, pain, sidewalk, embarrassing, vacation"
65503,trip,"destination, car, airplane, vacation, holiday"
65875,trip,long journey
64006,trip,go to
65893,trip,"vacation, and fall, up,"
65719,trip,"vacation, somewhere to go"
65920,trip,florida Ozarks car plane boat fun time
62311,trip,"stumble, object in the way, fall"
65728,trip,"excursion, fall, slip"
64666,trip,"vacation, take leave, to fall or stumble"
63292,trip,"travel, vacation"
63034,trip,"long, boring, car, cross country"
63535,trip,"a vacation, involves family sometimes, cost money, fun to be on"
63871,trip,vacation
65740,trip,"vacation, business, hotel, airplane, taxi"
65218,trip,"vacation, to go somewhere, to travel"
64774,trip,Going somewhere. Falling down stairs
64546,trip,"vacation, car, plane, hotel"
62839,trip,"cause to fall, a fall, is a travel experience, is traveling, is to stumble"
65335,trip,can be short-to the grocery store or long like a vacation a nice time to relax and escape from everyday work
63541,trip,"needs a destination or a direction, taken seldomly, a vacation, round trip"
64873,trip,"car ride, plane ride, going to a destination, fun activities"
66028,trip,is a vacation
64498,trip,"across country, mileage, car, packing, planning, fall, to trip someone,"
64093,trip,"ski, beach, mountains, plane, luggage, family, friends, train, car"
66055,trip,"fall, fun, scrape, cruise, vacation, psycadelic, drugs"
62935,trip,"vacation, falling, road trip"
63838,trip,to travel to somewhere and back
66067,trip,"vacation, free time, should be fun"
66061,trip,"fall, hurt, vacation, fun, tumble"
62797,trip,"vacation, road, fun, boring"
65656,trip,"Vacation, Fall, Break"
65956,trip,"voyage, fall, travel"
65083,trip,vacation
63043,trip,"fall, stumble, embarrassing, to make someone fall"
64198,trip,"vacation, beaches, fun, pictures, relaxing, get away,"
64276,trip,fall over
63475,trip,"relaxation, new places"
65803,trip,To fall over something. Is embarassing. When your foot hits something on the ground.
65107,trip,"travel, transportation, fall"
66151,trip,traveling
62854,trip,far
63199,trip,"vacation, plane, expensive,"
64702,trip,"to fall, to go out on vacation, travel,"
62827,trip,going somewhere
66178,trip,to anywhere in the world.
63925,trip,"foreign, loved ones, relxation, people, money, sights, scenes, toursits, camera"
65416,trip,"out of town, with family, vacations"
63520,trip,"vacation, road trip, travelt"
64840,trip,traveling
65557,trip,"vacation, family"
64042,trip,vacation
65449,trip,"to go somewhere, varies in distance. to fall unexpentanly."
63598,trip,fall
65311,trip,"Vacation, driving, cars, hotels,"
65692,trip,"travel, vacation, fall"
66307,trip,"fall, land on ground, get laughed at"
64624,trip,round
63322,trip,involves going someplace new
64216,trip,"vacation, travel, spend time with family, cars, road trip"
65152,trip,"to fall, vacation, change from off/on and inverse"
62281,trip,"fall, travel,"
63718,trip,"vacation, excitement, money, exhaustion"
65329,trip,"is a vacation, is time off, is relaxing"
62557,trip,vacation
66346,trip,"long, vaction, family, business"
65788,trip,"journey, vacation, voyage,"
66043,trip,should be planned
64915,trip,"to travel, take a trip to somewhere, vacation,"
65023,trophy,gold medals
65662,trophy,win
63859,trophy,award
64606,trophy,"winner, type of reward, athletics or competitions"
64102,trophy,"shiney, honor, hard work, award, engraved names, for acheievments"
65833,trophy,"winner, first place, sports, talent"
63349,trophy,"award, honor, win, achievement"
65653,trophy,"football, sports, award, banquet, fun, achievement, accomplished"
65503,trophy,"gold, large, plaque, name, sports, academics, shiny"
65875,trophy,wife
64006,trophy,"big, small"
65893,trophy,"gold, winning, wife"
65719,trophy,"a reward, metal, object used for sporting or other events"
65920,trophy,win 1st compeiton sport fun determination passion
62311,trophy,"involves winning, tall, shiny"
65728,trophy,"prize, first place, win"
64666,trophy,"to show who has won, given after tournaments, has writing on it"
63292,trophy,"shiny, gold"
63034,trophy,"gold, silver, hard, plastic"
63535,trophy,"a prize, getting first place, can lose this, you win this, a reward,"
63871,trophy,winning prise
65740,trophy,"prize, case, metal, tall, goblet shaped, award"
65218,trophy,a prize won
64774,trophy,Earned for winning something. Could be woman you win with something.
64546,trophy,"winner, award"
62839,trophy,"is a prize, is won, is earned, is given to winners, is prized, is a show piece, is desired, goal of competition, is shiny"
65335,trophy,an item that you get for winning a tournament often gold but doesnt have to be
63541,trophy,"gold, plastic, what you win for playing sports as a kid, prize, only useful for showing off or for remembering another time, the culmination of events"
64873,trophy,"get as a reward of winning, usually from sports or dance"
66028,trophy,"is an award, shows you have accomplished something"
64498,trophy,"prize, winner, competition, medal, spelling bee, athletic game, shiny, gold, silver, name engraved"
64093,trophy,"win a sporting event, scholar event"
66055,trophy,"award, prize, merit, competition, victory, pride"
62935,trophy,"winning, 1st place, State Championship"
63838,trophy,sign of accomplishment
66067,trophy,proud achievement
66061,trophy,"win, the best, award, first"
62797,trophy,"win, victory, accomplishment"
65656,trophy,"Team, Winner, Tournament, Game, Champion, Honor, Award"
65956,trophy,"object, solid, shiny, achieve, earn, win"
65083,trophy,win
63043,trophy,"statue, achievement, an award, something you are proud of"
64198,trophy,"winning, gold, number one, the best,"
64276,trophy,"winning, prize"
63475,trophy,"shiny, accomplishment"
65803,trophy,Given when something good is done. Made of metal. Given as a reward.
65107,trophy,"metal, award, prize, golden"
66151,trophy,win
62854,trophy,wife
63199,trophy,"accomplishment, gaudy, gold, plastic"
64702,trophy,"winning, plastic, hardware"
62827,trophy,to attain
66178,trophy,is received after winning.
63925,trophy,"metal, hard work, determination, success, team, bronze, silver, gold, race, tournament, competition, game. pagent, coach, player,"
65416,trophy,"winning, sports, honor, given to specific people"
63520,trophy,"award, winning, 1st place"
64840,trophy,celebrates achievement
65557,trophy,"prize, reward"
64042,trophy,room
65449,trophy,an achievemnt from a competeion.
63598,trophy,wife
65311,trophy,"Winning, sports"
65692,trophy,"accomplistment, reward, gold,"
66307,trophy,"gained by winning, gold, shiny"
64624,trophy,case
63322,trophy,reward
64216,trophy,"award, prize, sign of win"
65152,trophy,"an award,"
62281,trophy,"reward, joy,"
63718,trophy,"wife, award, proof"
65329,trophy,"is metal, is a reward, is expensive, is shiny, is gold"
62557,trophy,award
66346,trophy,"winner, champion"
65788,trophy,"deer, elk, moose, fish, baseball, hockey, football"
66043,trophy,is shiny
64915,trophy,"something you win when you get first place, everyone strives for the trophy, everyone gets trophies in sofball and soccer as kids, looks good when you put it on your shelf,"
65023,unfair,fair
65662,unfair,not right
63859,unfair,not right
64606,unfair,"pitty, mental thinking"
64102,unfair,"not right, not equal,"
65833,unfair,judgment
63349,unfair,"life, cheat, liar, bad"
65653,unfair,"coin-toss, chance, school, tests, classes, stress"
65503,unfair,"wrong, unjust, no fair"
65875,unfair,useless
64006,unfair,not fair
65893,unfair,"is life,"
65719,unfair,something not right
65920,unfair,unjust not right dumb sports law
62311,unfair,"equal, rules, life"
65728,unfair,"predjudice, racist, sexist, biased"
64666,unfair,"not equal, favorable to one side"
63292,unfair,"not right, bad"
63034,unfair,"losing, getting hurt"
63535,unfair,"not the correct outcome, people complain about this, usually cheating"
63871,unfair,not equal
65740,unfair,"bias, discriminate"
65218,unfair,"opposite of fair, unequal, not desireable, life, not in a person's favor"
64774,unfair,One person gets something another doesnt. Not equil
64546,unfair,"not right, favoritisim"
62839,unfair,"unjust, not fair, given unequally, not equal, not right"
65335,unfair,not fair feel cheated out of something
63541,unfair,"racism, most things, life, complaints, what the loser says, slanted to one side"
64873,unfair,"not just, not fair"
66028,unfair,"is injustice, is not right"
64498,unfair,"not right, unjust, not liking the results, biased"
64093,unfair,not right for someone and right for another
66055,unfair,"cruel, bias, discrimination, bullshit"
62935,unfair,"being cheated, unjust,  not winning"
63838,unfair,"not fair, not legit, cheating"
66067,unfair,"one sided,"
66061,unfair,"not right, angry, annoyed, upperhand"
62797,unfair,"misleading, uncontrolled"
65656,unfair,Life
65956,unfair,"opposite of fair, right, wrong, doesn't satisfy"
65083,unfair,life
63043,unfair,"not just, cancer, sickness, wealth, work"
64198,unfair,"unequal, unhappy, small amount of something"
64276,unfair,unethical
63475,unfair,not following the rules
65803,unfair,Opposite of fair. Something that is not equal. Not given in an even amount.
65107,unfair,"uneven, unjust, wrongful"
66151,unfair,selfish
62854,unfair,game
63199,unfair,"unjust, not right,"
64702,unfair,"cheating, no chance, underdogs"
62827,unfair,not right
66178,unfair,something not deserved
63925,unfair,"not right, biased, boss, recruters, friends, family, studies, school, teachers, love"
65416,unfair,"cheating, makes people unhappy, opposite of fair"
63520,unfair,"unjust, not fair, not equal"
64840,unfair,"a person, a situation"
65557,unfair,biased
64042,unfair,fair
65449,unfair,someone gets special attention and you dont.
63598,unfair,wrong
65311,unfair,"No right, working against, not getting what you want"
65692,unfair,"fixed,"
66307,unfair,"judge, punishment"
64624,unfair,judge
63322,unfair,undeserved outcome
64216,unfair,"not equal, slavery, WWII"
65152,unfair,"senseless, out of turn"
62281,unfair,"sports, judge,"
63718,unfair,"not right, wronged, mistreated"
65329,unfair,"not good, unconsiderate"
62557,unfair,unjust
66346,unfair,"not even, bad, upsettting"
65788,unfair,"unjust, loss, the world"
66043,unfair,unjust
64915,unfair,"someone doing better than you, cheating,"
65023,waiter,job
65662,waiter,food
63859,waiter,worker
64606,waiter,works at restaurant
64102,waiter,"Person, serves, job, wears uniform, friendly, tips, service, food,"
65833,waiter,"food, drinks, restaurants"
63349,waiter,"server, hard worker, tips, restaurant"
65653,waiter,"restaurant, man, job, tips, money, work, annoying"
65503,waiter,"man, woman, food, restaurant"
65875,waiter,nice
64006,waiter,"nice, takes order, tips"
65893,waiter,"restaurant, server, male,"
65719,waiter,a man who works at a food place and takes orders and delivers food
65920,waiter,waitress resturant food soda tip bill
62311,waiter,"restaurant, customers, food"
65728,waiter,"server, brings food/drink"
64666,waiter,"brings food, takes orders, makes drinks, workes in a restaurant"
63292,waiter,"tip, helpful, job"
63034,waiter,"food, restraurant, chairs, customers"
63535,waiter,"takes your order, at a resteraunt, gives you food, gives you water, pay them, tip them"
63871,waiter,takes order at resturant
65740,waiter,"host, restaurant, water"
65218,waiter,"serves you at a restaurant, brings you food, bill, drinks"
64774,waiter,Bring food and drink. Works in a restraunt. Works for tips
64546,waiter,"order, polite"
62839,waiter,"works at a restaurant, makes tips, makes little money, brings food to table, gets custormers drinks, is an occupation, someone who waits tables"
65335,waiter,a person that takes orders at a resturaunt can be a girl or guy
63541,waiter,someone you have to leave a tip for
64873,waiter,serves people
66028,waiter,"brings you food, works in a restaurant"
64498,waiter,"male person to bring you food, resturaunt, olive garden, slow, tip, refills, kind, friendly, talkative"
64093,waiter,"restaurant, black and white suit, food, drinks"
66055,waiter,"servant, friend, kind, helpful, polite, fast, slow, good, bad"
62935,waiter,"restaurant, food, tips"
63838,waiter,someone who takes order and serves
66067,waiter,"work, job, employee,"
66061,waiter,resturaunt
62797,waiter,"waitress, restaurant, tips, food, drinks"
65656,waiter,"Food, Tips, Bow tie, Trays"
65956,waiter,"service, manners of lack of manners, patient, unpatient, attentive, unattentive"
65083,waiter,food
63043,waiter,"waitress, brings food, tends to your needs, takes orders"
64198,waiter,"restarant, food, orders, appetizers, desserts, bill,"
64276,waiter,charming
63475,waiter,"male, takes orders, serves you"
65803,waiter,"Found in a restraunt. Records what you want to drink and eat. Brings you meal, and whatever else you need. Leave them a tip."
65107,waiter,"food, serving, tips, busy"
66151,waiter,trey
62854,waiter,food
63199,waiter,"garcon, tip, food, restaurant"
64702,waiter,"a man, serves food, drinks, takes your receipt, gets paid, gets tips, job, works at a restraraunt"
62827,waiter,male server
66178,waiter,something found in a restraunt
63925,waiter,"nice, caring, needy, food, hard working, determined, balanced"
65416,waiter,"delivers food, serves, happy, male"
63520,waiter,"waitress, restraunt, tips"
64840,waiter,"restaurant, serving, tip"
65557,waiter,"food, polite, service, tips,"
64042,waiter,food
65449,waiter,a person who works at a resturaunt and serves you food.
63598,waiter,waitress
65311,waiter,"restaurant, waiter, food, tips"
65692,waiter,"restaurant, service, food"
66307,waiter,"serves, brings food, brings drink, gets tips"
64624,waiter,busser
63322,waiter,serves others
64216,waiter,"server, alcohol, tipping"
65152,waiter,"male server in a restaurant, someone who waits"
62281,waiter,"carries food, makes money, found in restaurants,"
63718,waiter,"server, food, dinner, tip/gratuity"
65329,waiter,"works at a resturant, friendly, nice"
62557,waiter,"server, staff, works in restaurant"
66346,waiter,"woman, food, order, pay"
65788,waiter,"tuxedo, french, pompous, gratuity, tip, drinks"
66043,waiter,serves at a resturaunt
64915,waiter,"person who waits on you at restaurants, takes your order, serves you food, gives you your check, keeps you happy while you eat"
65023,wet,rain
65662,wet,slippery
63859,wet,damp
64606,wet,"water, slippery,"
64102,wet,"water, not dry, ccan be from swimming"
65833,wet,"damp, swimming, summer, swim suit"
63349,wet,"water, damp, uncomfortable"
65653,wet,"rain, swimming pool, cold, bath, shower, laundry"
65503,wet,"soggy, cold, rain"
65875,wet,water
64006,wet,liquid
65893,wet,"dog, rain, shower, puddle, water"
65719,wet,opposite of dry
65920,wet,water soaked pool splash cup swiming trunks
62311,wet,"damp, water, something got water on it"
65728,wet,submerged in liquid
64666,wet,"liguid, not dry, slick, not solid"
63292,wet,"soaking, water"
63034,wet,"water, fish, sharks, drink, swim"
63535,wet,"can be from rain, can be from a pool, can be from a lake, you get in the water, involves moisture, involves a liquid, can be dried"
63871,wet,cold
65740,wet,"moisture, soaking, damp"
65218,wet,liquid residue on a surface
64774,wet,Makes things slippery. Turns things soggy
64546,wet,"water, moist, drip, towel"
62839,wet,"is moist, is moistened, had liquid on it, needs to dry"
65335,wet,liquid is on you maybe from a pool or shower
63541,wet,"beach, water, wetsuit, girls, makes you colder, not pleasant"
64873,wet,covered in a liquid
66028,wet,"has moisture, is not dry"
64498,wet,"not dry, soaked, shower, car wash, drenched, socks, clothes, hair, body, dripping, water, water balloons, water gun"
64093,wet,water
66055,wet,"moisture, liquid, soaked, slippery, moist, fun"
62935,wet,"water, summer, fun"
63838,wet,"soaked, cold, dripping, slippery"
66067,wet,"water, drenched, dripping, soaked"
66061,wet,"moist, liquid, cup,"
62797,wet,"dry, damp, water"
65656,wet,"Dogs, Swimming, WAter, Ocean, Boat, Towel"
65956,wet,"liquid, opposite of dry, slick"
65083,wet,water
63043,wet,"rain, puddles, water, sweat, snow"
64198,wet,"water, pool, shower, bath, hot tub, sink, precipitation,"
64276,wet,from being in water
63475,wet,"cold, damp"
65803,wet,Get this way with water. What your clothes are when you take them out of the washer. What happens to you when you walk through the rain.
65107,wet,"water, tears, moist, damp"
66151,wet,uncomfortable
62854,wet,pool
63199,wet,"rain, water, shiny, liquid"
64702,wet,"water, to be soaked, drenched, dripping water"
62827,wet,water
66178,wet,can be rain.
63925,wet,"water, moist, mold, flood, rain, clear"
65416,wet,"opposite of dry, spill, water, fresh paint"
63520,wet,"damp, water, soaked"
64840,wet,"water, slippery"
65557,wet,"soggy, damp, drenched, feel heavy"
64042,wet,dry
65449,wet,covered in a liquid substance usually water.
63598,wet,damp
65311,wet,"cold, swimming, shower, soaked"
65692,wet,"water, rain, liquid"
66307,wet,"not dry, water, damp"
64624,wet,cold
63322,wet,involves a liquid
64216,wet,"rain, water, tshirt concert"
65152,wet,"damp, covered in water, sexual arousal in women"
62281,wet,"water, felt"
63718,wet,"water, swimming, seal, oceans,rivers,pools"
65329,wet,"is wet, dripping, heavy"
62557,wet,moist
66346,wet,"water, slimy, cold"
65788,wet,"water, boat, water ski, shower, towel, rain"
66043,wet,covered in liquid
64915,wet,"not dry, water, uncomfortable,"
65023,world,globe
65662,world,round
63859,world,places
64606,world,"what we live on, water and land, holds people and animals"
64102,world,"oval, water, earth, people, can be used for fanstay,"
65833,world,"big, diverse"
63349,world,"globe, country, location, map, land, sea"
65653,world,"ethnicity, population, countries, people, continents, equator"
65503,world,"large, several people on it, water, clouds, oxygen, lakes, houses, countries"
65875,world,globe
64006,world,big
65893,world,"is round, countries, alot of people, cup"
65719,world,"where we all live, ocean, land,"
65920,world,North south west east asia europe antartica
62311,world,"round, countries, natural features"
65728,world,"globe, community, people, land forms"
64666,world,"the earth, it is round, it has seven continents, it has five oceans, it revolves around the sun, it has one moon"
63292,world,"US, China, Austrailia"
63034,world,"water, mountains, dersserts"
63535,world,"everyone is on it, can be left, has land, has water, we live on it"
63871,world,globe
65740,world,"earth, countries, continents"
65218,world,"the planet, the globe, all of the inhabitants of Earth, someone's everything"
64774,world,"Where everyone lives. Earth. Made of a bunch of water, and some dirt."
64546,world,"round, people, oceans, continent"
62839,world,"is the Earth, includes all cultures, is huge, part of the universe, where we are"
65335,world,where we live has bodies of water and land
63541,world,"big round, in space, Earth, where we are, comes in one size the real world, everyone you know is part of it, the bigger picture, more than yourself"
64873,world,"the earth, represented in a globe"
66028,world,"is earth, is round, is huge, has oceans, has land"
64498,world,"globe, united states, 7 continents, bodies of water, 90% water, countries, people, populations, universe, planet"
64093,world,"green and blue, where we live"
66055,world,"globe, planet, sphere, round, whole"
62935,world,"culture, many people,globe"
63838,world,earth
66067,world,"big, different things, water,land"
66061,world,"earth, globe, green, blue, water, land, country"
62797,world,"Earth, globe, planet"
65656,world,"Peace, Ocean, America, Travel, Life, People, Diversity"
65956,world,"global, countries, oceans, land, water, geography, people, animals, cultures, religion, societies, nations"
65083,world,earth
63043,world,"earth, planet, universal, made up of countries, in the solar system"
64198,world,"big, lots of water, lots of people, dirty, lots of germs"
64276,world,our planet
63475,world,"circle, everything"
65803,world,Is a planet. Planet earth. Where people live. Is round. When colored in pictures its colored green and blue. Can be seen from the moon. In outter space.
65107,world,"globe, cultures, countries"
66151,world,earth
62854,world,earth
63199,world,"huge, vast, travel, plane rides,"
64702,world,"where we live, globe, mainly water, people live there, has a core, rotates, revolves around a sun"
62827,world,large
66178,world,is what we live in.
63925,world,"globe, continents, countries, areas, states, sections, counties, cities, towns, streets, homes"
65416,world,"Earth, where we live, oxygen"
63520,world,"earth, water, land"
64840,world,"Earth, globe, geography"
65557,world,"globe, everyone"
64042,world,war
65449,world,a huge place that holds mutple cultures and life. a spherical planet.
63598,world,globe
65311,world,"corrupt, large, resources, populated"
65692,world,"huge, round, planet, astronomy"
66307,world,"has water, has land, people live on it, has mountains, has deserts"
64624,world,peace
63322,world,inhibited by living things
64216,world,"earth, globe, human"
65152,world,"level, planet, environment"
62281,world,"large, continents,"
63718,world,"Disney!, explore, war, peace, power"
65329,world,"is round, where people live, is green, is blue, has water"
62557,world,"Earth, all-encompassing"
66346,world,"sphere, spinning, earth"
65788,world,"people, animals, plants, oceans, countries, continents, atmosphere, diversity"
66043,world,Earth
64915,world,"the earth, many cultures, round,"
65023,worry,scared
65662,worry,paranoid
63859,worry,paranoid
64606,worry,"doubt, in fear of losing,"
64102,worry,"emotion, to be upset over something, to cause alert."
65833,worry,"stress, can't sleep"
63349,worry,"scared, future, worry wart, nervous"
65653,worry,"stress, tests, college, friends, lifetime, bad"
65503,worry,"anxiety, problems, stress, emotion"
65875,worry,stress
64006,worry,fret
65893,worry,"wart, gives you wrinkles, stressed out,"
65719,worry,to be afraid
65920,worry,nervous inticapte wort unsure
62311,worry,"anxiety, problem, danger"
65728,worry,"to be nervous, to be scared"
64666,worry,"causes wrinkles, causes stress, a human emotion,"
63292,worry,"stress, scared"
63034,worry,"anxiety,"
63535,worry,"sense of discomfort, can involve memory, involved in consequences"
63871,worry,"nervous,"
65740,worry,"concern, upset, face"
65218,worry,"to think about over and over, to stress about something,"
64774,worry,to fear about. To be nervous
64546,worry,anxious
62839,worry,"is to stress, to cause stress, is not fun, shows concern, makes someone tense"
65335,worry,scared about something can make yourself shake you are so worried may become this way before a test
63541,worry,"nervous, shaking, the result of unknows in your life, can consume your thoughts"
64873,worry,to be concerned
66028,worry,is concern
64498,worry,"scared, afraid, thought, bothered, problem, conflict, waiting,"
64093,worry,parents worry about kids
66055,worry,"fear, confidense, weakness"
62935,worry,"stress,deadlines, concern"
63838,worry,to think about something
66067,worry,wondering
66061,worry,"anxious, scared, nervous, sweaty, can't think"
62797,worry,"trouble, danger"
65656,worry,"Wonder, Stress, Pace"
65956,worry,"anxiety, anticipation, nervous, stress"
65083,worry,stress
63043,worry,"concerned, on your mind, moms"
64198,worry,"scared, nervous, anxious, panic,"
64276,worry,scared
63475,worry,"scared, nervous"
65803,worry,To think about something a lot with a nervous attitude. When you are scared about something.
65107,worry,"anticipation, anxiety, fear, uncertainty"
66151,worry,nervous
62854,worry,nervous
63199,worry,"stressful, panic, sweat"
64702,worry,"to show compassion, scared, freak out"
62827,worry,to think to much
66178,worry,is a feeling.
63925,worry,"depression, anger, fear, hopelesness, death, wounds, loss"
65416,worry,"sad, fear for another person, not a happy situation"
63520,worry,"worry wart, frantic, anxious"
64840,worry,"anxiety, stress"
65557,worry,concern
64042,worry,nervous
65449,worry,to be scared of something that might haqppened
63598,worry,stress
65311,worry,"stress, not going right, scared"
65692,worry,"anxiety,"
66307,worry,"what moms do, feeling"
64624,worry,scared
63322,worry,unplesant emotion
64216,worry,"scared, frightened, alert"
65152,worry,dwelling upon emotion
62281,worry,"afraid, scared, emotion"
63718,worry,"wort,some, concerned,afraid"
65329,worry,"to stress, no sleep, bite fingernails"
62557,worry,stress
66346,worry,think about something too much
65788,worry,"troubled, anxious"
66043,worry,facial expression
64915,worry,"something's missing, will it turn out like you wanted?,"
