subject_id,word,answer
64018,zebra,"has stripes, black and white, animal, runs, zoo, has babies, africa, wild life"
63382,zebra,"white with black stripes, has 4 legs, has 2 ears, is an animal, has a mane, has a tail, has hooves, is an herbivore, lives in groups"
62671,zebra,"animal, four legs, stripes, black, white, has ears, lives in the wild,"
64279,zebra,"Mammal, Lives in Africa, Black and white, has stripes, has hooves, eats grass, runs on 4 legs, lives in the savannah, is an animal, has live young"
62359,zebra,"Striped, an animal, zoo, black and white"
64897,zebra,"has stripes, black and white, in the wild, 4 legs, has a tail, built like a horse, gallops, prey, eats grass"
62764,zebra,"is striped, is an animal, is a mamal, is black and white,"
62740,zebra,"stripes, black and white, hooves, black mane"
62536,zebra,"an animal, resembles a small horse, striped"
63100,zebra,is an animal
63385,zebra,"has stripes, lives in Africa, is black and white, has hoofs, eaten by lions"
63868,zebra,"striped, animal, not common,"
63502,zebra,"stripes, color, lines"
62938,zebra,"stripes, africa, animal, lives in a zoo, four legs, white & black"
64270,zebra,"striped, is an animal, has hooves, from africa, kinda like a horse, kinda small, eats grass, canters, runs, can be ridden"
62695,zebra,"Black and White, stripes, animal, has hooves, large, grazes,"
62818,zebra,"has stripes, is a mammal, is large, eats grass, lives in africa, is at the zoo, roams around, travels in packs"
63307,zebra,black stripes four legs
62725,zebra,"animal, striped, has fur, lives in the wild, kept in zoos, horse life, four legs, mammal, is an omnivore, has a tail, cute"
63376,zebra,stripped
64441,zebra,is one kind of horse
63928,zebra,"stripes, black and white, horselike, likes open area, has a tail, 4 legs, hooves, eats grass, likes water"
62611,zebra,"stripes, animal, horse, big, eat grass, mammal, run"
64231,zebra,"stripes,mammal,large,two eyes,lives in the wild"
63724,zebra,"an animal, has stripes, black and white, has a tail, has 4 legs, similar to a horse, looks like a referee, hunted by lions, lives in africa, is a mammal"
63919,zebra,"black, white, large, herds, grunts"
64969,zebra,Black and White
64150,zebra,"is an animal, has black and white strips, is a logo, lives in Africa,"
64030,zebra,"striped, black and white, fast, dangerous, at the zoo, dirty, eats a lot, has hooves, looks like a horse, quiet"
64063,zebra,"stripes, zoo, animal, creature"
63160,zebra,"is an animal, lives in the wild, eats other living organisms to survive, breathes oxygen, runs on energy from food and from the sun"
62389,zebra,"an animal, black and white, striped, mammal, pretty."
62602,zebra,physical
64732,zebra,"black, white, four legged, animal, medium sized, hoofed, plant eater, gentle, zoo, desert,"
64327,zebra,"like a horse, has stripes, is exotic"
62545,zebra,"has stripes, is black and white, is a type of horse, is an animal, is a mammal, lives in africa, may be found in a zoo"
65047,zebra,has stripes
63115,zebra,stripes
64963,zebra,"black, white, zoo, wild, eat grass"
65056,zebra,"is a horse, it is striped, it has four legs, it can walk, it lives in the wild, it has a mane, it can neigh, it can run, it is a mammal, it has hair, it can see, it has a tongue, it has predators,"
64282,zebra,"has black or white stripes, is similar to a horse, does not sound like a horse, is a herbivore, is an inhabitant of Africa, can be found in a zoo"
62677,zebra,black and white stripes. four legs. wild animal. grazes. hunted by predators. has tail. has two ears.
65065,zebra,"Has stripes, is black and white in color, resembles the body style of a donkey, is the logo for zebra stripes bubble gum, is  a funny character in themovie madagascar, has a mohawk"
62605,zebra,"animal, runs, has stripes, lives in africa"
64462,zebra,has black stripes
64174,zebra,"Stripes, four legs, Africa, animal, mamal, prey"
62437,zebra,Blank or white stripes
63127,zebra,it is an animal. it has black and white stripes.
64549,zebra,"legs, hooves, head, torso, stripes"
64558,zebra,"is an animal, black and white, wild"
64750,zebra,lives in africa
64504,zebra,"black and white, stipped, four legs, fur,"
62845,zebra,is white and black striped
62722,zebra,"stripes, black and white, mammal, related to horses, not domestic,"
62704,zebra,"Strirped, looks like a horse, four legs, black and white"
65164,zebra,Black and white stripes
63751,zebra,"animal, black, white, stripes, lives in hot climates, used in alot of disney movies, runs, walks,"
64018,house,"is big, tall, small, square, has windows, has furniture, rooms, decoration, yard, paint, garage, doors, kitchen, bathroom, basement, live in it, cook in it, play in it"
63382,house,"has a roof, has walls, has a door, has internal rooms, contains appliances, provides shelter,"
62671,house,"different sizes, shapes, cost money, live in them"
64279,house,"is a structure, has rooms, has floors, has ceilings, has windows, made of wood and concrete, has doorways, has doors, used as a place to live"
62359,house,Home
64897,house,"has rooms, has bathrooms, has windows, has doors, a shelter, front and back yard, garage, made of different materials, furniture, most are near other houses"
62764,house,is made of bricks
62740,house,"door, windows, bathroom, bedroom, living room, office, dining room, kitchen, utility room"
62536,house,"is a building, a place where people typically live"
63100,house,"man-made, where a family can reside, has a kitchen, living room, bathrooms. can be made of brick, cement, wood."
63385,house,"shelter, holds a family, has living space"
63868,house,"home, shelter, brick, stone, food, family"
63502,house,"possessions, items, supplies, necessities"
62938,house,"walls, doors, people live in it, different sizes, different colors, rooms"
64270,house,"place where you live, place your family lives, is big, is white, is modern, is two stories tall, has two floors and a basement, has windows, has doors, have many different rooms"
62695,house,"People live in it, usually sturdy, permanent, has a roof, in a yard, provides shelter,"
62818,house,"family lives inside, has many rooms, has bedrooms, has bathrooms, has a kitchen, has a dining room, has a family room, has lots of furniture, is brick or painted"
63307,house,"roof, doors, windows, and rooms"
62725,house,"where a family lives, windows, furniture, large, shelters, safe zone, protection"
63376,house,foundation
64441,house,is an animal
63928,house,"lawn decor, big, small, home, family, 1 story, 2 stories, long,short, bathroom, bedrooms, kitchen,"
62611,house,"building, stone, big, grey, is in village, is home, is haunted"
64231,house,"Big, small,"
63724,house,"3 dimensional, contains a foundation, made of wood, made of cement, has a roof, has windows, has doors, located in a neighborhood, can have different floors, serves as shelter, is living space"
63919,house,"bathrooms, bedrooms, closets, kitchen, colorful, large, small"
64969,house,Roof and Doors
64150,house,"has many rooms, can be any color, provides a home, outside has a porch, is large or small"
64030,house,"can be any size, any color, is a comforting place to be, a protective wall, a fenced in yard, keeps you warm in the winter, protects you from weather, a place to eat, has many materials it is made of,"
64063,house,"appliances, rooms, family, pictures, bathroom, kitchen"
63160,house,"building, where people live, solid, will not move, warm or cold"
62389,house,"Your home, where someone lives, a location, a shelter, a need, safe place, family."
62602,house,functional
64732,house,"big, homily, sleeping place, family, dinner, dinning room"
64327,house,"it is a structure, made of wood or metal or stone, a place to live"
62545,house,"is a building, has a roof, has windows, contains a family, is a place to live, contains furniture, has doors"
65047,house,where you live
63115,house,windows
64963,house,"brick, siding, wood, stairs, kitchen"
65056,house,"it has a roof, it has a kitchen, it has a bathroom, it is shelter, it has bedrooms, it can have a basement, it can collapse, it has a living room, it has a dining room, it has a fridge, it has sinks, it has floors, it can have stairs, it has chairs,"
64282,house,"is a home, is a building, has windows, has doors, is found in cities, towns, neighborhoods"
62677,house,"runs, has soft muzzle. eats hay. can be ridden. has mane."
65065,house,"A house is a shelter, a covering, a form of protection, a place that inhabits a family or individual, is usually sqaurish in shape, can vary in style and archetectuaral details, a place to rest your head"
62605,house,"has rooms, bathrooms, kitchen, closet, family rooms, living rooms, garague"
64462,house,is a place to live
64174,house,"Home, doors, nails, wood,  family"
62437,house,Foundation and a roof
63127,house,people live in it. it has a roof. it has doors. it has windows.
64549,house,"foundation, floors, doors, windows, roof"
64558,house,"building, colorful, runs on electric, family"
64750,house,provides shelter
64504,house,"home, living, family, good food, roof, comfy bed, t.v., movie nights, thankgiving diiner, family gatherings, warm, cozy, board games,"
62845,house,is usually square shaped
62722,house,"wood, windows, doors, walls, roofs,"
62704,house,"kitchen, living room, dining room, family, pets, bedrooms, bathrooms"
65164,house,place of shelter
63751,house,"roof, doors, garage, floors, walls, bathroom, used for shelter, front yard, back yard, driveway, kitchen, front room, bedrooms, bathroom, laundry room, windows, screen doors,"
64018,fudge,"chocolate, christmas candy"
63382,fudge,rich chocolate
62671,fudge,"dessert, rich, sugar"
64279,fudge,"edible, made of chocolate and dairy, brown, hard or soft"
62359,fudge,"is good, is dark, is chocolate, sugary, sweet, warm,"
64897,fudge,"cake, chocolate"
62764,fudge,"is tasty, is creamy, different kinds, delicious, mouth watering"
62740,fudge,chocolate
62536,fudge,"sweet flavored confectionary item, may be used as a topping"
63100,fudge,"is a dessert or candy, chocolate, made from cocoa beans with some added ingredients, very delicious but depends on the person"
63385,fudge,"candy, marshmellows in it, melts in mouth"
63868,fudge,"candy, chocolate"
63502,fudge,chocolate
62938,fudge,"brown, dessert, christmas time, chocolate,"
64270,fudge,"delicious, brown, chocolatey"
62695,fudge,"candy, chocolate, sweet, edible, can melt, sticky, rich tasting"
62818,fudge,"chocolate, chewy"
63307,fudge,Chololate candy
62725,fudge,"delicious, chocolate, homemade"
63376,fudge,gross
64441,fudge,candy
63928,fudge,"different kinds, can eat, sweet, milk, sugar"
62611,fudge,is messy
64231,fudge,rich
63724,fudge,"type of candy, sugary, different flavors"
63919,fudge,"popsicles, brownies, chocolate, icing"
64969,fudge,Chocolate
64150,fudge,"chocolate, brown,"
64030,fudge,"food, chocolate, yummy, good for dessert, brown, thick, warm"
64063,fudge,"good, tasteful, yum, calories, fattening"
63160,fudge,"chocolate, caramel,"
62389,fudge,"chocolate, yummy, melting"
62602,fudge,functional
64732,fudge,"poop, chocolate"
64327,fudge,"treat, made of chocolate and nuts, baked"
62545,fudge,"chocolate, candy"
65047,fudge,is too rich
63115,fudge,chocolate
64963,fudge,"rich, chocolate, homemade, factory"
65056,fudge,a sweet treat
64282,fudge,"is hot, is solid, is chocolatey, is sweet, smells great"
62677,fudge,chewy. tastes delicious. sweet. soft. warm.
65065,fudge,"chocolate, brown,thick, syrup, used on ice cream,"
62605,fudge,"sweet, yummy, chocolate"
64462,fudge,is yummy
64174,fudge,"Chocolate,"
62437,fudge,"chocolate, tasty, Fudgery"
63127,fudge,sweet. normally unhealthy. is thick.
64549,fudge,"chocolate, tasty, smell"
64558,fudge,"chocolate, edible, soft or solid"
64750,fudge,made of cocoa
64504,fudge,"peanut butter, grandma, yummy, sugar"
62845,fudge,"delicious, sweet"
62722,fudge,"chocolate, brown"
62704,fudge,"chocolate, butter cream, peanut butter, variety, fattening, sweet, yummy"
65164,fudge,candy
63751,fudge,"candy, white, dark, chocolate, delicious, gifts, candystore,"
64018,girls,"feminine, dramatic, shopping"
63382,girls,"have hair, over thinks, can give birth,"
62671,girls,"soft skin, sweet voice, moody, breast, nice body,"
64279,girls,Don't Know
62359,girls,"are fashionable, has long hair,"
64897,girls,"vaginas, boobs, estrogen, babies, longer hair, smaller"
62764,girls,"opposiste of boys, have long hair and wear make-up, like pink"
62740,girls,"female, vagina"
62536,girls,young human female
63100,girls,"are young, before they hit young womenhood or womenhood"
63385,girls,"smarter, less domineering, nurturing"
63868,girls,"drama, giggle"
63502,girls,"nice, talkative, interactive, competitive"
62938,girls,"pretty, prissy, drama, mean, center of attention"
64270,girls,"vagina, wimpy"
62695,girls,"young women, go to school, play with other girls, wear dresses"
62818,girls,"clothes, shopping"
63307,girls,"Smarter, takes better care of themselves, clean, responsible, polite, reliable"
62725,girls,"pretty, young, vibrant, happy, catty, gossip, poor body image"
63376,girls,drama
64441,girls,young female
63928,girls,"adolescene, teenagers,"
62611,girls,"are pretty, slim, long-haired"
64231,girls,long hair
63724,girls,"attractive, interesting, the devil, cant live with 'em cant live without 'em"
63919,girls,"moody, PMS, make-up, dresses"
64969,girls,Eyes
64150,girls,"babydolls, princess, pink"
64030,girls,"gitty, talkative, loud, gossip, perfume, pink, , long hair"
64063,girls,"loud, obnoxious, pretty, nice, mean, 2 faced"
63160,girls,"caring, loved, needs to feel needed"
62389,girls,"female, young"
62602,girls,functional
64732,girls,"smart, elegant, graceful, honest, beautiful, easy to look at, different, gracius"
64327,girls,females before adulthood has been reached
62545,girls,people
65047,girls,Just wanna have fun
63115,girls,beauty
64963,girls,"breasts, pretty hair, has a purse, are shorter than males, jelwery"
65056,girls,fun loving human beings
64282,girls,"are giggly, are dramatic, are cute, are smiley, have an attitude, have nice complexions, have long hair"
62677,girls,people. look pretty.
65065,girls,"women, females, chicks, ladies, smaller built than men, daintier, smart, pretty, feminine, strong, give birth, have babies, nurturers"
62605,girls,prissy
64462,girls,are women
64174,girls,Females
62437,girls,"cute, hot, beautiful, moody, Mothers"
63127,girls,makeup. dresses and skirts.
64549,girls,"human, feminine, gender, face, hair"
64558,girls,"young, feminine"
64750,girls,feminine
64504,girls,"pretty, pink, little"
62845,girls,"pretty, feminine, timid"
62722,girls,"females, wear dresses, have long hair, get dressed up"
62704,girls,"are pretty, some wear heals, wear dresses, have higher voices, care about their looks"
65164,girls,long hair
63751,girls,"females, giggly"
64018,tree,"branches, twigs, leafs, squirrels, fall"
63382,tree,"has leaves, has branches, grows, gets very large"
62671,tree,"green, bark, leaf, trunk, branches, weeping willow,"
64279,tree,"made of carbon dioxide, has leaves, has branches, has roots,"
62359,tree,"is brown, is green, has leaves, turns different colors, blows in the wind, different kinds, animals home, is alive,"
64897,tree,"has branches, leaves, wood"
62764,tree,"has branches and leaves, tall, creates oxygen"
62740,tree,"green leaves, brown trunk, changes colors in the fall"
62536,tree,"vegetation with leaves, branches, a trunk, and bark"
63100,tree,"is a plant, converts carbon dioxide into oxygen uses photosynthesis, been here longer than man"
63385,tree,"has leaves and bark, grown from ground, usually big"
63868,tree,"green, brown, branch, tall"
63502,tree,"branches, limbs"
62938,tree,"green, outside, trunk, leaves, oxygen"
64270,tree,"brown, leafy, old, tall, young, short, wood"
62695,tree,"tall, has leaves, has bark, grows, needs water, needs sunlight"
62818,tree,"large, leaves"
63307,tree,"Tall, branches, green, brown, red, and yellow leaves. Oak tree, weaping willow, elm tree, a fruit tree. Can  be a house"
62725,tree,"has leaves, has bark, provides shade, necessary to live, pretty"
63376,tree,life
64441,tree,plant
63928,tree,"branches, leaves, big, small, heavy, light, green, brown,"
62611,tree,"plant, green, high"
64231,tree,bark
63724,tree,"living thing, has branches, has leaves, has a trunk, has roots, supports life"
63919,tree,"green, bark, oak, ceadar, pine, redwood forest"
64969,tree,Leaves
64150,tree,"large, old, bark, wood, paper,"
64030,tree,"large or small, wood, sap, leaves, photosyntheisis,apples"
64063,tree,"green, oxygen, paper, pretty, tall"
63160,tree,"alive, made of wood, takes in oxygen"
62389,tree,"enviornment, pretty, nature, oxygen releasing"
62602,tree,functional
64732,tree,"big, green, wodden"
64327,tree,"made of wood, grows from the earth"
62545,tree,"a plant, leaves chaning color, branches"
65047,tree,pear
63115,tree,roots
64963,tree,"In the woods, in your yard, makes shade, produces fruit, birds live there, can be huge"
65056,tree,"a unmoving object, a breathing object, photosynthesis maker"
64282,tree,"are ancient, produces oxygen, is a home to squirrels and birds, is tall, has leaves"
62677,tree,used for wood by people. grows. is green and brwon
65065,tree,"tall, provides shade, provides food, provides oxygen, brown, green leafed,"
62605,tree,"leaves, bark"
64462,tree,shades
64174,tree,"Roots, branches, leaves, photosynthesis"
62437,tree,"paper, green, brown, tall, different types, spring and fall"
63127,tree,has a trunk. is green. sometimes produces flowers or fruit.
64549,tree,"roots, bark, branches, leaves, giving"
64558,tree,"green, nature, big, small"
64750,tree,has many branches
64504,tree,"trunk, bark, leaves,"
62845,tree,"big, green, brown"
62722,tree,"are tall, can be big, have leaves, green"
62704,tree,"tall short, big, small, green, brown, many branches, sometimes a few branches, red leaves, brown leaves, orange leaves, yellow leaves, sometimes no leaves"
65164,tree,plant
63751,tree,"is tall, produces leaves, obsorbs water through the trunk, rings determine the age"
64018,string,shoes
63382,string,"ties things, connects things"
62671,string,"on shoe, ties in nots"
64279,string,"made of fiber, can be used to secure objects, can be used to make rope"
62359,string,"can be different colors, cut into the length you want, different kinds, no smell, can be thin, can be thick,"
64897,string,used on many intruments to make sound
62764,string,"many different kinds, are on instruments, is what clothes are made out of, many different colors, textures, and thicknesses"
62740,string,a piece of thread
62536,string,"used to make cloth, used to tie pieces of material together"
63100,string,made of tons of smaller pieces of thread used in sowing or mending materials or to make jewerly
63385,string,"thin piece of cloth, makes up cloth"
63868,string,"cheese, light"
63502,string,"guitar, music, listening"
62938,string,"tie together, shoes, cat toy"
64270,string,"long, really small"
62695,string,"thin, weak, ties things together, found on shoes,"
62818,string,"yarn, crafts"
63307,string,Cord like material that is used to tie things together.
62725,string,"long, used to tie things, comes in many colors, comes in many different forms"
63376,string,tight
64441,string,line
63928,string,"thin, hang with a kite, long, short,"
62611,string,"is long, is made of metal, is strong"
64231,string,thin
63724,string,"piece of material, used to link things together, used to tie things"
63919,string,"kittens, knitting"
64969,string,Fray
64150,string,"makes yarn, a chids toy, long, skinny, any color,"
64030,string,"useful, long, any color"
64063,string,"sewing machine, stitch"
63160,string,"thin, small, easily lost"
62389,string,"rope, thin, tie,"
62602,string,functional
64732,string,"short, shoe string, cat toy"
64327,string,fiberous material
62545,string,used for crafts such as knitting
65047,string,threads
63115,string,fibers
64963,string,"long, made of cotton, made of wool, makes clothing, handmade"
65056,string,"bracelets, rope, knots"
64282,string,"is thin, is soft, is breakable, is simple"
62677,string,long. white. ties things. soft.
65065,string,"long, flimsy, used on shoes, or for tying things together,"
62605,string,"attachment,"
64462,string,is small
64174,string,"Skinny, short or long,"
62437,string,"yarn, ties things, sew"
63127,string,long and thin. used to tie things together.
64549,string,"yarn, cheese, thread"
64558,string,narrow cord or thread
64750,string,used to keep things togeather
64504,string,"light, football team,"
62845,string,"long, thin"
62722,string,"different colors, used to tie things together, fibers"
62704,string,"long, cats like these, sewing"
65164,string,small thread
63751,string,long
64018,splice,the movie
63382,splice,cut in two
62671,splice,"to twist together, wires,"
64279,splice,Don't Know
62359,splice,"is soft, done to make friendship bracelets"
64897,splice,"cut, slice"
62764,splice,slice
62740,splice,"to separate something, comma splice"
62536,splice,to connect two wires
63100,splice,"split, divide something"
63385,splice,"cut, opens things up, made by sharp object"
63868,splice,split and ice
63502,splice,chop
62938,splice,"cut, split"
64270,splice,cut in half
62695,splice,"cut, made by a sharp object,"
62818,splice,"slice, cut"
63307,splice,An unusual word
62725,splice,a piece of something
63376,splice,cut
64441,splice,connection
63928,splice,"connection, material"
62611,splice,is thin
64231,splice,cut
63724,splice,all i can think of is the verb splice. such as splicing cables
63919,splice,"cut, wound"
64969,splice,Correction
64150,splice,"splinter,"
64030,splice,"cut, make halfs, food"
64063,splice,"spice for food, soup, onions"
63160,splice,"cut in half, divide"
62389,splice,slice?
62602,splice,functional
64732,splice,"so dumb movie, soda?"
64327,splice,to cut and then place something in between the cut and then mending the ends together
62545,splice,science
65047,splice,foreinsics
63115,splice,cut
64963,splice,"sharp, cuts wood"
65056,splice,two ropes
64282,splice,is a cut
62677,splice,twisted. used to repair things by people.
65065,splice,"a small piece of something, a small section, and tiny sample"
62605,splice,cut
64462,splice,is torn
64174,splice,Kill
62437,splice,spice
63127,splice,joins things together.
64549,splice,"cutting in two, movie"
64558,splice,"join something together, unite"
64750,splice,to join something togeather
64504,splice,split
62845,splice,"middle, quick"
62722,splice,"cut, split,"
62704,splice,"music, a tape, mixing music"
65164,splice,bring together
63751,splice,"cut, dice, tires"
64018,surgery,"difficult, doctor, life or death, long time, costly"
63382,surgery,"risky,"
62671,surgery,"doctor, operating room, sterile, pain, scary"
64279,surgery,"sterile, serious, important"
62359,surgery,"knives, scrubs, doctors, blood, nurses,"
64897,surgery,"needs medical attention, make you well"
62764,surgery,"careful, dangerous, hope for health, worrying, cut open, sew back together, blood, tissues, nasty insides"
62740,surgery,operation performed by a surgeon
62536,surgery,"procedure where one physically corrects the imperfections of another organism, typically internally"
63100,surgery,operation needed to either repair or take out something to hopefully improve health
63385,surgery,"open you up, fixes something, done by surgon"
63868,surgery,"knives, doctors, surgeons, nurses"
63502,surgery,"problem, solve"
62938,surgery,"save someone, help, doctors, hospital"
64270,surgery,"to cut something or someone open, fix something"
62695,surgery,"done at hospitals, performed by doctor, animals and humans undergo, surgery is an outcome of complication, makes you nervous, medicine accompanies"
62818,surgery,"put to sleep, recovery"
63307,surgery,A procedure used to correct an issue with the body.
62725,surgery,"performed by doctor, scary, drugs, done becuase something is wrong"
63376,surgery,painful
64441,surgery,cut out your skin
63928,surgery,"doctor, hospital, nurses, tools, lights, put out, medicine,"
62611,surgery,"is important, is dificult, is operated with sculp, is painful"
64231,surgery,doctors
63724,surgery,"fixes problems, doctors perform it, requires expertise, many people have it, saves lives, leaves scars"
63919,surgery,"painful, painkillers, scalpel"
64969,surgery,Doctor
64150,surgery,"very complex, use medical tools, saves people,"
64030,surgery,"bloody, helpful, cutting, tools, expensive, doctor, nurse, hospital, rolling bed, sleepy, painful"
64063,surgery,"knife, medicine, hospital, 911, ouch"
63160,surgery,"fix repairs of body, need to be whole again"
62389,surgery,"sick, broken, operation"
62602,surgery,functional
64732,surgery,"scary, helpful, expensive"
64327,surgery,the act of making an incision and fixing or exploring someone's insides
62545,surgery,"incision, doctor, hospital"
65047,surgery,is performed too often
63115,surgery,doctors
64963,surgery,"needles, bed, patient, doctor, sickness, stitches, staples, brain, heart, knee,"
65056,surgery,a medical procedure
64282,surgery,"to cut open, to severe, sharp utensils, sterile, anesthetic"
62677,surgery,used to repair bodies. developed over many years. used in a hospital by people. smells.
65065,surgery,"to cut open, being put to sleep, attempt to make well,"
62605,surgery,"illness, doctor, anistiesia"
64462,surgery,is helpful
64174,surgery,"Hospital, surgeon, gloves, scalpel,"
62437,surgery,"scary, doctors, be put to sleep, change something on or in body"
63127,surgery,doctor. tools. sharp instruments.
64549,surgery,"fix, operation, anesthesia"
64558,surgery,"plastic, orthopedic, hospital"
64750,surgery,to fix a problem
64504,surgery,"bad, pain, recovery"
62845,surgery,"scary, fast, red"
62722,surgery,"getting put under, to fix a problem, remove something, operation, cutting"
62704,surgery,"doctors, hospital, knocked out, needles, medicine, fixing, helping"
65164,surgery,fixing a medical issue
63751,surgery,"getting fixed, correcting a medical problem, enhancing ones looks"
64018,turtle,"creek, water, slow, scared"
63382,turtle,"has a shell, is a reptile, is an herbivore"
62671,turtle,"animal, hard shell, soup, slow,"
64279,turtle,"Edible, green, large, sea turtle or land turtle, many species"
62359,turtle,"is slow, is green, is cute, has a shell, lives in the ocean, lives on the land, is wrinkly,"
64897,turtle,"swims, slow, green"
62764,turtle,"green, cute, small, shell, has tail and four feet, scared, slow"
62740,turtle,"slow, has a shell"
62536,turtle,"reptile, hard shell which may be used to hide in"
63100,turtle,"is an animal, lives in a protective outer covering called a shell"
63385,turtle,"reptile, has shell, slow mover"
63868,turtle,"hard shell, green, slow"
63502,turtle,"shell, slow"
62938,turtle,"green, cross road, animal, four legs, water, eat grass, slow moving"
64270,turtle,"slow, green, small"
62695,turtle,"green, has a shell, can pull its body inside the shell, lays eggs"
62818,turtle,"green, shell"
63307,turtle,"slow, small animal"
62725,turtle,"green, slow, hard shell"
63376,turtle,eggs
64441,turtle,animal
63928,turtle,"green, round, hard shell, 4 legs, 2 eyes, lives in water or land, lays eggs,"
62611,turtle,"is an animal, is green, is slow, eats grass"
64231,turtle,shells
63724,turtle,"green, has a shell, moves slowly, can live very long, sea or land"
63919,turtle,"box, snapping, large, small, soft shell, thick shell, roll over"
64969,turtle,Slow
64150,turtle,"hard shell, soft interior, pets, live on land, lives in the sea"
64030,turtle,"slow, hard shell, warm, lay eggs, green, bite"
64063,turtle,"green, slow, quiet, scared"
63160,turtle,"animal, small, lives in shell, reptile"
62389,turtle,"hard shell, animal, scared"
62602,turtle,functional
64732,turtle,"sea, old, finding nemo"
64327,turtle,"reptile, animal that has defense mechanism of a shell"
62545,turtle,animal
65047,turtle,Ninja
63115,turtle,green
64963,turtle,"green, hard shell, slowly moving,"
65056,turtle,"a slow person, a green reptile, shell"
64282,turtle,"is small, is harmless, is in a shell, is slow"
62677,turtle,has a shell. has four legs. moves slowly. smells like algae. bites.
65065,turtle,"slow, green, shell, tourtoise, scared, hides for protection,"
62605,turtle,"green, shell"
64462,turtle,is slow
64174,turtle,"Slow, green, animal, shell, legs, head"
62437,turtle,"slow, snapping turtle, box turtle, green shell, Franklin"
63127,turtle,is slow. can grow very old.
64549,turtle,"yertle, shell, green"
64558,turtle,"animal, big, small, hard shell"
64750,turtle,slow and steady
64504,turtle,"shell, green, slow,"
62845,turtle,"swim, sea"
62722,turtle,"shell,  are shy, reptile,  get scared easily, green, are pets, hide"
62704,turtle,"hard shell, slow, snapping, land, water, claws, scaly, rough"
65164,turtle,hard shell
63751,turtle,"cute, green, brown, snapping, big, sea"
64018,branch,"tree limb, brown"
63382,branch,"is off a tree, different segment,"
62671,branch,"rope swing, hang on, climb on"
64279,branch,"made of wood, can be burned for heat"
62359,branch,"on a tree, can be thin, can be thick, may have leaves on it"
64897,branch,"part of tree, has leaves"
62764,branch,"tree, has leaves, brown, hard"
62740,branch,limb of a tree
62536,branch,"one of the military services, one bank which is not the center of the company, a limb of a tree"
63100,branch,"is part of a tree, thin and farthest away from the trunk of the tree"
63385,branch,"comes from tree, made of bark and leaves, not main part of tree"
63868,branch,"tree, brown, bark"
63502,branch,tree
62938,branch,"part of tree, part of something, segment"
64270,branch,"of a tree, brown, leafy"
62695,branch,"comes off a tree, has leaves, brown, smaller than a tree, grows outward, has buds, continues to grow,"
62818,branch,"tree, twig"
63307,branch,"tree, extensions, reach out"
62725,branch,"piece of something, a growth"
63376,branch,tree
64441,branch,meal
63928,branch,"tree, brown, leaves, long, short, heavy, light,"
62611,branch,"is long, is on the tree, is brown"
64231,branch,brown
63724,branch,"part of a tree, often sticky with sap, supports leaves, brown"
63919,branch,"government, trees, companies"
64969,branch,Tree
64150,branch,"off a tree, long, short, fire wood, climbing,"
64030,branch,"tree, leaves, brown, hard, carries water, holds birds"
64063,branch,"tree, bark, brown,"
63160,branch,"tree, wood, used for hanging things on, takes in oxygen"
62389,branch,"part of a tree, birds use to make nests,"
62602,branch,functional
64732,branch,"on a tree, leafs, hard, made of bark, deion branch, football"
64327,branch,"part of a tree, made of wood"
62545,branch,"tree, twig, stick"
65047,branch,Michelle
63115,branch,twig
64963,branch,"from tree, wood, leaves"
65056,branch,"parts of a tree, leaves"
64282,branch,"an extension of a tree, a solid piece of wood, something that burns, an extension"
62677,branch,part of tree. moves in wind. used for wood.
65065,branch,"on a tree, long skinny usually, brown with leaves, usually hold the food"
62605,branch,"tree, bank"
64462,branch,is brown
64174,branch,"Tree, leaves, wood"
62437,branch,"of government, on a tree, in your heart like an artery,"
63127,branch,is brown. found on trees.
64549,branch,"tree, leaf"
64558,branch,"tree, government, office"
64750,branch,to derive from the previous path
64504,branch,"tree, bark, wood, birds, leaves, fall, paper"
62845,branch,"small, brown"
62722,branch,"office, trees, limbs"
62704,branch,"long, wood, tree branch, leaves"
65164,branch,part of a tree
63751,branch,"tree, location,"
64018,emergency,"911, panic"
63382,emergency,"something bad, blood, accident"
62671,emergency,"911, red cross, something unexpected and bad"
64279,emergency,Don't Know
62359,emergency,"is danger,"
64897,emergency,"911, need help very soon"
62764,emergency,"911, something urgent, need help fast, stay calm"
62740,emergency,an event that occurs suddenly and needs attending to
62536,emergency,something which warrants immediate response
63100,emergency,event that needs immediate attention
63385,emergency,"serious, need to take action quick, needs attention"
63868,emergency,"ambulance, needs help right away"
63502,emergency,"911, truble"
62938,emergency,"emt, urgent, serious, hospital"
64270,emergency,dire
62695,emergency,"urgent, scary, compelling, call 911, go to the hospital, support is needed"
62818,emergency,"911, help"
63307,emergency,Something that is happening that shouldn't be. Health or danger issues can be an emergency.
62725,emergency,"urgent, when something is wrong, need help quickly"
63376,emergency,problem
64441,emergency,happened suddenly
63928,emergency,"911, police, firefighters, trouble, a problem"
62611,emergency,"is quick, is dangerous, is risky"
64231,emergency,immediate assistance
63724,emergency,"alerted by sirens, dial 911, situation thats urgent, someone in trouble"
63919,emergency,"bad, scary, ambulance"
64969,emergency,Run
64150,emergency,"panic, ambulance, doctor, police,"
64030,emergency,"fast, ambulance, hospital, dotors. EMT"
64063,emergency,"911, help, SOS"
63160,emergency,"help,need to be seen by a doctor immediately"
62389,emergency,immediate attention needed
62602,emergency,physical
64732,emergency,"wreck, scray, sad, fire drill, tornado, hurricane, world trade center"
64327,emergency,"a time of great distress, life or death situation"
62545,emergency,"911, a dire situation"
65047,emergency,Exit
63115,emergency,911
64963,emergency,"lights, hospital, ambulance, sickness"
65056,emergency,an accident
64282,emergency,"is a natural disaster, is a terrorist attack, is a sudden ailment"
62677,emergency,feels hurried. accident. sounds noisy.
65065,emergency,"urgent, important, prayers"
62605,emergency,"911, accident"
64462,emergency,is serious
64174,emergency,"911, pain, ambulance, terror,"
62437,emergency,"crazy, someones hurt, 911, (emergency) vehicle, ambulance, hospital, ER"
63127,emergency,something is wrong. 911 is called. someone is hurt.
64549,emergency,"911, problem, hospital, panic"
64558,emergency,"urgent, 911, help"
64750,emergency,an alarming situation
64504,emergency,"room, bad sisuation, ambulance"
62845,emergency,"red, fast, panic"
62722,emergency,"911, EMT, hospital, room"
62704,emergency,"911, ambulance, hurt, panic, fear, hospital"
65164,emergency,something requiring help
63751,emergency,"important,"
64018,amuse,funny
63382,amuse,"make fun of, laugh"
62671,amuse,"to entertain, enjoy, laugh, smile"
64279,amuse,Don't Know
62359,amuse,Entertain someone
64897,amuse,entertain
62764,amuse,"fun, not boring, exciting"
62740,amuse,to entertain
62536,amuse,"to make someone happy, to make someone entertained"
63100,amuse,"is a emotion, something is humorous, or interesting"
63385,amuse,"to entertain, keep attention"
63868,amuse,"funny, parks"
63502,amuse,"laugh, fun, entertain"
62938,amuse,"aw, like, get attention"
64270,amuse,"funny, entertaining"
62695,amuse,"laughter, fun, enjoyment, hobbies,"
62818,amuse,"funny, happy"
63307,amuse,To be entertained.
62725,amuse,"to be funny, makes you or someone else laugh"
63376,amuse,happy
64441,amuse,make fun
63928,amuse,"funny, interesting, keeps attention"
62611,amuse,is interesting
64231,amuse,entertain
63724,amuse,"all i can think of is the verb, to amuse."
63919,amuse,"amusement park, amusement, fun"
64969,amuse,Smerk
64150,amuse,fun
64030,amuse,"make one laugh, funny, entertainment, loving, good time passer"
64063,amuse,"funny, interested"
63160,amuse,"make laugh, leave feeling happy"
62389,amuse,entertain
62602,amuse,physical
64732,amuse,"jokes, video games, computer time"
64327,amuse,to entertain or to make happy
62545,amuse,to entertain
65047,amuse,an amusement park
63115,amuse,laugh
64963,amuse,"make someone laugh, funny"
65056,amuse,"a funny person, interesting"
64282,amuse,"to laugh, to humor, smile"
62677,amuse,used to entertain. used by people. noisy. happy.
65065,amuse,"entertain, make people laugh, ejoying onesself, parade about,"
62605,amuse,funny
64462,amuse,is likeable
64174,amuse,"Entertain,"
62437,amuse,entertain
63127,amuse,humor.
64549,amuse,"fun, joke, entertain"
64558,amuse,"laughter, funny"
64750,amuse,to make someone laugh
64504,amuse,"happy, fun, entertained"
62845,amuse,"funny, jokes"
62722,amuse,"laughter, funny"
62704,amuse,"laugh, funny, jokes"
65164,amuse,enjoyment
63751,amuse,"entertain, make laugh,"
64018,schedule,"school, weekly"
63382,schedule,lists places to be at certain times
62671,schedule,"organized events, tasks to complete in a certain order"
64279,schedule,don't Know
62359,schedule,"for school, to manage time."
64897,schedule,"school, busy, things you must do"
62764,schedule,"busy, lots to do, dont overlap"
62740,schedule,keeps track of your tasks/activities
62536,schedule,a way to keep track of important times and events
63100,schedule,"used to keep track of where one has to be, helps some to know what day it is"
63385,schedule,"list of things in time limits, used to keep track of things"
63868,schedule,"precise, school, on time"
63502,schedule,"management, time"
62938,schedule,"plan, organizer, daily planner,"
64270,schedule,"time, organization"
62695,schedule,"used to plan in advance, usually on paper, includes calendar, write in it"
62818,schedule,"busy, planner"
63307,schedule,A set description of the things needed to be accomplished and when they are.
62725,schedule,"dates, times, marker, necessary for being aware of where to go next"
63376,schedule,tight
64441,schedule,things you will do
63928,schedule,"time, classes, work,, certain time to be somewhere"
62611,schedule,"is full, is boring"
64231,schedule,time
63724,schedule,"tells you where your going, so you know where to be, can be of classes, can be for work, can be for activities, can be stressful, helps you stay organized"
63919,schedule,"on time, timely manner, plans"
64969,schedule,School
64150,schedule,"time, classes, organization"
64030,schedule,"time, fast, booked, planner, calender, good, helps keep track of things, is a good thing"
64063,schedule,"classes, school, your day, calender"
63160,schedule,"time limits, be there on time"
62389,schedule,"places to be, to do list, where to go when"
62602,schedule,functional
64732,schedule,"school, life, on schedule"
64327,schedule,a list of things that have to be done or haven been chosen to be done
62545,schedule,"school, things to do, stress"
65047,schedule,class and work
63115,schedule,busy
64963,schedule,"list of events, itinerary, daily,weekly,yearly"
65056,schedule,a list
64282,schedule,"is to keep track, is to manage time, is to be on time, is a calendar"
62677,schedule,"used to plan things. used by people, busy. hectic."
65065,schedule,"an agenda, a calendar, with dates, keeps you organized"
62605,schedule,"strict, order"
64462,schedule,is restricting
64174,schedule,"Time, how to spend time"
62437,schedule,"school, life, work, determines everything in your life"
63127,schedule,school. work. feeding times for babies.
64549,schedule,"calendar, dates, times, events"
64558,schedule,"timetable, organization"
64750,schedule,to plan ahead
64504,schedule,"school, life, on time, what to do"
62845,schedule,"organised, neat"
62722,schedule,"organized, time slots, planning"
62704,schedule,"on time, class schedule, college has schedules"
65164,schedule,keep things in order
63751,schedule,"appointment, arrange, fit in, make sacrafice,"
64018,patient,calm
63382,patient,wait
62671,patient,"doctor, waiting room, calm person, reads a magazine"
64279,patient,Don't Know
62359,patient,"is sick, stays in the hospital, sounds tired,"
64897,patient,"emergency, something wrong"
62764,patient,"kind, not quick to overreact, good quality to have"
62740,patient,"doctor takes care of them, usually something wrong with them"
62536,patient,someone whom a doctor assists
63100,patient,is a quality that a most don't possess being able to wait and staying calm
63385,patient,"sick, in hospital, needs care"
63868,patient,"hospital, hurt, confused"
63502,patient,"sick, needy"
62938,patient,"claim, make official, own something"
64270,patient,needs to be examined
62695,patient,"seeing a doctor, asked questions, may have an issue needing resolved,"
62818,patient,"doctor, sick"
63307,patient,"Sick, in need,"
62725,patient,"being calm, holding your tounge, pleasing others over yourself"
63376,patient,waiting
64441,patient,person
63928,patient,"doctor, check up, appointment, nurses, hospital, doctor office,"
62611,patient,"is sick, ia a male"
64231,patient,sick
63724,patient,"someone who needs help, may be sick, at a doctors"
63919,patient,"waiting, waiting for doctor, patient (person)"
64969,patient,Waiting
64150,patient,"doctor, sick, not well, grieving family"
64030,patient,"hospital, sick, needs help, medicine, sad, hurting, lonely"
64063,patient,hospital or doctors office
63160,patient,"person, human being"
62389,patient,"easy going, relaxed"
62602,patient,physical
64732,patient,"hostipital, something i lack, injury"
64327,patient,someone who is being cared for
62545,patient,"calm, able to wait, found in a waiting room at a doctor's office"
65047,patient,the patience of a Monk
63115,patient,kind
64963,patient,"sick, mentally unstable"
65056,patient,an unhealthy human being
64282,patient,"is calm, is subtle, is waiting"
62677,patient,quiet. sedated. waits. under a doctor's care.
65065,patient,"slow to anger, understanding"
62605,patient,"doctor, calm, polite"
64462,patient,is sick
64174,patient,"Hospital, doctors office, sick,"
62437,patient,"calm, hospital, has a problem"
63127,patient,person. hospital. sick.
64549,patient,"hospital, pain, sickness"
64558,patient,"victim, getting worked on"
64750,patient,calm
64504,patient,"virtue, bible, good child,"
62845,patient,"scary, sad"
62722,patient,"tolerant, nice"
62704,patient,"hospital, doctor, sickness, illness, cancer, in pain"
65164,patient,one who seeks help
63751,patient,"hospital, being cared for,"
64018,shoe,"laces, colorful, running, workout, brand name"
63382,shoe,"has strings, worn on the feet,"
62671,shoe,"on foot, many sizes,"
64279,shoe,"foot covering, made of fabric"
62359,shoe,"worn on foot, has different sizes, has different colors, sold in pairs, can be tied, can be velcro, can be slip-ons"
64897,shoe,"socks, feet"
62764,shoe,"goes on feet, buy new shoes at the store, has shoelaces"
62740,shoe,"wear on feet, wear with socks, can be sandals, boots, tennis shoes, etc."
62536,shoe,"article of clothing worn on the foot, typically consists of a sole and a covering which encloses foot"
63100,shoe,something used to protect feet
63385,shoe,"goes on food, worn outside, protects food"
63868,shoe,"high heel, tennis shoe"
63502,shoe,"foot, toes"
62938,shoe,"feet, protective, different types"
64270,shoe,"big, small, colorful"
62695,shoe,"worn on feet, protect your feet, used a fashion, common amongst humans,"
62818,shoe,"heels, sneakers"
63307,shoe,"Protects and supports feet. Stylish, and expensive"
62725,shoe,"protection, fashionable, colorful, comfortable, infinante amount"
63376,shoe,converse
64441,shoe,footwear
63928,shoe,"big, small, expensive, cheap, designer, brand name, ugly,"
62611,shoe,"right, is big, is a training shoe"
64231,shoe,laces
63724,shoe,"made of leather, made of canvas, made of rubber, different colors, different styles, covers your feet"
63919,shoe,"colorful, converse, puma, nike, addias"
64969,shoe,Gum
64150,shoe,"feet, shoe lace, niki, Toms,"
64030,shoe,"comforting, holds feet, warm, helpful, large or small"
64063,shoe,"rubber, laces,nike, expensive"
63160,shoe,small
62389,shoe,"style, clothing, for feet,"
62602,shoe,functional
64732,shoe,"nikes, toms, size 12, do they fit, shoe laces, socks"
64327,shoe,"used to protect feet, worn by humans"
62545,shoe,"a foot covering, athletic wear"
65047,shoe,blue suede
63115,shoe,laces
64963,shoe,"feet, sneakers, tennis, colorful"
65056,shoe,feet protectors
64282,shoe,"is used to protect your feet, is expensive, is important, is different colors, is small, is large"
62677,shoe,used to cover feet. can speak. used by people.
65065,shoe,"sneaker, heel, pump, has soles, has shoe strings, goes on feet,"
62605,shoe,"heel, sandal, flip flops, sneaker, boot, clog, sole, lace"
64462,shoe,annoying
64174,shoe,"Feet, laces, heels, covering"
62437,shoe,"Nike, Addidas, protective, runing"
63127,shoe,put on a foot. protects foot.
64549,shoe,"feet, laces, athletic"
64558,shoe,protects the feet
64750,shoe,used to protect feet
64504,shoe,"fit, sneakers, sandal,"
62845,shoe,"comfortable, protection"
62722,shoe,"feet, sandals, tennis shoes, comfort,"
62704,shoe,"heels, tennis shoes, sandals, flip-flops, many colors, many different styles and variations"
65164,shoe,feet protection
63751,shoe,"left and right, to cover feet, provide protection for feet"
64018,lost,"misplaced, untraceable"
63382,lost,cannot be found
62671,lost,"pet, object, cant find, misplaced"
64279,lost,Don't Know
62359,lost,"person doesn't know where they are, in a confused state,"
64897,lost,cant find there way
62764,lost,"the show, don't know where i am, driving, need a map"
62740,lost,"don't know where you are, confused"
62536,lost,without knowledge of the current condition of creature or item
63100,lost,something that you cannot find or you have missplaced
63385,lost,"not found, gone, missing"
63868,lost,"confused, don't know where to go"
63502,lost,needy
62938,lost,"confused, disoriented, helpless, stranded,"
64270,lost,"the show, amazing"
62695,lost,"unable to be found,"
62818,lost,help
63307,lost,Not able to find your self. A popular TV show
62725,lost,"gone, forgotten"
63376,lost,found
64441,lost,can't find
63928,lost,"t.v. show, wrong directions, does not know where they are at,"
62611,lost,"key, is far away, is an island"
64231,lost,missing
63724,lost,"guys wont admit it, when you dont know where you are,"
63919,lost,"not found, lost dog, lost children, missing"
64969,lost,Found
64150,lost,"tv show, associated with feelings of panic and distress"
64030,lost,"cannot find, not in sight, maybe gone forever, forgetful"
64063,lost,"gone, not found, help, where am I, GPS"
63160,lost,"cannot find, need a new one, forgotten about"
62389,lost,"clueless, unknown where to go,"
62602,lost,physical
64732,lost,"tv show, scary, easy to do, worst feeling"
64327,lost,having something and then not being able to find it
62545,lost,to not know where you are
65047,lost,Fox series
63115,lost,confused
64963,lost,"cant find, looking for something"
65056,lost,"a frightened child, unknown place, unfamiliar place"
64282,lost,"needs to be found, is a television drama by JJ Abrams, is lonely"
62677,lost,feels desperate. unintentional. looks sad.
65065,lost,"with out direction,"
62605,lost,"scared, lonely"
64462,lost,is found
64174,lost,"Unknown, no home,"
62437,lost,"found, scared, abandoned, alone, on an island, T.V. show,"
63127,lost,found.
64549,lost,"show, state unknown, misplaced"
64558,lost,empty
64750,lost,to be without a clear path
64504,lost,"found, t.v. show, blank"
62845,lost,"clueless, compass"
62722,lost,"scared, alone, confused"
62704,lost,"find, confused, forgotten"
65164,lost,can not be found
63751,lost,"cant find, empty"
64018,strange,weird
63382,strange,"out of the ordinary, different"
62671,strange,"unfamiliar,"
64279,strange,Don't Know
62359,strange,"is awkward, is weird, is unusual, foreign"
64897,strange,"scary, msyterious"
62764,strange,"odd, not normal, wierd"
62740,strange,"different, extraordinary"
62536,strange,"different, awkward"
63100,strange,"unusual, out of the ordinary"
63385,strange,"odd, weird, not right"
63868,strange,"weird, smell, awkward"
63502,strange,"different, weird"
62938,strange,"weird, socially awkward, not normal"
64270,strange,different
62695,strange,"unusual, intriguing,"
62818,strange,"abnormal, wierd"
63307,strange,Different from the norm or what we are use to. Out of the ordinary
62725,strange,"something new, something different from noraml, uncomfortable"
63376,strange,weird
64441,strange,something i don't know
63928,strange,"werid, not normal,"
62611,strange,"is weird, is new, is interesting"
64231,strange,odd
63724,strange,"something unordinary, different, doesn't fit in, irregular"
63919,strange,"weird, not normal"
64969,strange,Awkward
64150,strange,"odd, out of place, different"
64030,strange,"out of place, doesn't belong, gives you a funny feeling"
64063,strange,weird
63160,strange,"weird, old, odd, out of place"
62389,strange,"weird, unsure, different"
62602,strange,physcial
64732,strange,"strangers, college, meeting new people, they way things look"
64327,strange,that which does not comply with the social norm
62545,strange,"something that is odd, unusual, or weird"
65047,strange,unusual
63115,strange,unfamiliar
64963,strange,"weird, awakward, not usual"
65056,strange,"a homeless person, an unusual object"
64282,strange,"is weird, is different"
62677,strange,smells. seems odd.
65065,strange,"different, unique, weird, unusual,"
62605,strange,awkward
64462,strange,is odd
64174,strange,"Weird, abnormal, not like everything else, extraordinary"
62437,strange,"weird, different, outcast, loner"
63127,strange,odd.
64549,strange,"odd, unfamiliar, misunderstood"
64558,strange,"odd, weird, out of the ordinary"
64750,strange,not normal
64504,strange,"feeling, werid, abnormal,"
62845,strange,"weird, avoid"
62722,strange,"weird, odd, different"
62704,strange,"weird, different than usual, unknown"
65164,strange,not normal
63751,strange,"different, out of place"
64018,temple,"religious, side of face"
63382,temple,place of worship
62671,temple,"pray, religion"
64279,temple,"sanctuary, quiet,"
62359,temple,to pray
64897,temple,"church, pray, old"
62764,temple,"part of brain, somewhere people worship"
62740,temple,"area in your head, a sacred building"
62536,temple,the area of the head located just above the ear before the forehead
63100,temple,"sacred place, the Lord's house"
63385,temple,"holy place, place of worship, godly"
63868,temple,"church, god"
63502,temple,"god, study, pray, praise, listen, meditate"
62938,temple,"building, jewish, church, worship"
64270,temple,place of worship
62695,temple,"used for religious purposes, people meet there,"
62818,temple,worship
63307,temple,Science hall at MSU. A bony reagon in your body
62725,temple,"place of worship, holy, quiet, large"
63376,temple,worship
64441,temple,place
63928,temple,"religion, Egyptian, big, small, building,"
62611,temple,"is building, is old, is historic"
64231,temple,large
63724,temple,"a place of worship, and ancient building, a building at MSU"
63919,temple,"your body, buildings, head"
64969,temple,Ancient
64150,temple,"God, Jews, Holy Place"
64030,temple,"church, place to see god, peaceful, loving, large, pretty"
64063,temple,"your body is a temple, egyptions, pyrimad"
63160,temple,"for prayer, and quiet thinking"
62389,temple,"Church, place of meeting."
62602,temple,functional
64732,temple,"universty, place to pray, not the place i want to be on a sunday"
64327,temple,"a spiritual place, used for peace"
62545,temple,"a place for worship, a building, a holy place"
65047,temple,religion
63115,temple,point
64963,temple,"god, worship, building, pretty, holy,"
65056,temple,a building
64282,temple,"is holy, is religious, is big, is beautiful, is well-designed, is silent, is dusty, is tall"
62677,temple,sanctuary. has pillars. smells of incense. type of synagogue.
65065,temple,"sanctuary, place of worship, protection, love, kindness, judgement free, a place of wisdom, place of knowledge, place of the Lord, House of God"
62605,temple,worship
64462,temple,is pure
64174,temple,"Room, walls,"
62437,temple,"head, place of worship for religion, Islam, Muslim, Buddhist, gold top"
63127,temple,place of worship.
64549,temple,"worship, religion, steeple top"
64558,temple,"place to worship, building"
64750,temple,a place of worship
64504,temple,"jew, god, worship,"
62845,temple,"pretty, big"
62722,temple,"religious, big,"
62704,temple,"worship, churches"
65164,temple,place of comfort
63751,temple,"place to worship, has a tall steeple,"
64018,dull,"colorless, lifeless"
63382,dull,"not interesting, not sharp"
62671,dull,"not sharp, lame personality"
64279,dull,Don't Know
62359,dull,"is boring, person is calm headed, person has no opinions"
64897,dull,"knife, boring"
62764,dull,boring
62740,dull,not sharp
62536,dull,without excitement
63100,dull,word to describe something that is boring and not exciting easy to forget
63385,dull,"boring, not bright, lackluster"
63868,dull,"bland, boring"
63502,dull,blank
62938,dull,"boring, not fun,"
64270,dull,"ugly, boring"
62695,dull,"boring, unexciting, doesnt hold attention, nothing special"
62818,dull,boring
63307,dull,Not very exciting. Lacking what is needed. A person can be dull if they do not have an exciting personality
62725,dull,"boring, lifeless"
63376,dull,boring
64441,dull,dark
63928,dull,"boring, plain, gray,"
62611,dull,"is boring, is annoying"
64231,dull,boring
63724,dull,"property of a frustrating pencil, often peoples minds,"
63919,dull,"boring, nothing, can't cut"
64969,dull,Faded
64150,dull,not sharp
64030,dull,"not shiny, bland, not interesting, blah"
64063,dull,"grey, not sharp"
63160,dull,"boring, unsatisfying"
62389,dull,"not sharp, boring,"
62602,dull,physical
64732,dull,"school, this survey :-), learning, reading"
64327,dull,not sharp
62545,dull,"boring, not sharp"
65047,dull,uninteresting person
63115,dull,round
64963,dull,"boring, not exciting"
65056,dull,a not so shiny object
64282,dull,"is not sharp, is discolored, is gray, is ragged, is rigid"
62677,dull,boring. not sharp. hard.
65065,dull,"boring. lame, not sharp, a boring person, or a unsharpened knife"
62605,dull,"boring, not bright"
64462,dull,is boring
64174,dull,"Opposite of sharp, boring"
62437,dull,"colors, people"
63127,dull,not shiny.
64549,dull,"fruitless, lame, boring, unexciting"
64558,dull,"boring, life-less"
64750,dull,rounded
64504,dull,"boring, bland,"
62845,dull,"grey, boring"
62722,dull,"not sharp,"
62704,dull,"boring, dark, gray, not fun, not funny, alone"
65164,dull,blunt not sharp
63751,dull,"not sharp, will not cut, needs shaprened, drab"
64018,conference,"meeting, many people, collaborating, conference title for sport, teams in your area/league"
63382,conference,meeting
62671,conference,"group of people, professional, projector, presentation"
64279,conference,"association of people, gathering"
62359,conference,"is a meeting, a round table, meeting with many people, executives"
64897,conference,"buisness, meeting"
62764,conference,"meeting, event, get-together, lots of people"
62740,conference,something that people meet to discuss a common interest
62536,conference,group of people viewing another or several others for the purposes of learning
63100,conference,"meeting so that people can get together to discuss ideas, theories or to make sure everyone is on the same page"
63385,conference,"meeting, has lots of people, usually for a certain subject"
63868,conference,meeting
63502,conference,"meeting, business"
62938,conference,"meeting, people, informational, work,"
64270,conference,"lecture, boring, long"
62695,conference,"meeting of people, usually large group, discuss important issues"
62818,conference,"business people, meeting"
63307,conference,Meeting to discuss or inform something. Can be a group of pepole that are involved in the same things like sports or work.
62725,conference,"many people, meeting together for a common cause, important"
63376,conference,meeting
64441,conference,meeting
63928,conference,"between 2 or more people, meeting, can be on computer or in person"
62611,conference,"is quite, is important, is massive"
64231,conference,meeting
63724,conference,"type of phone call, multiple people sharing their views, used for gaining information"
63919,conference,"people, talking"
64969,conference,Gathering
64150,conference,"meeting, committee"
64030,conference,"long, talking, sitting, notes, not fun, large rooms, cold"
64063,conference,"important, meeting"
63160,conference,"meeting, people talking"
62389,conference,"group conversation, gathering"
62602,conference,functional
64732,conference,"call, meeting"
64327,conference,"a meeting of people, a set delegation or group"
62545,conference,"room, long table, chairs"
65047,conference,call
63115,conference,talking
64963,conference,"tables, in an office, nice chairs, many people"
65056,conference,a meeting
64282,conference,"a business meeting, a group of people"
62677,conference,used to decide things. used by people. feels boring. sounds noisy.used by companies.
65065,conference,"a meeting, a gathering, a place for new learning, new knowledge"
62605,conference,"teachers, parents. talks"
64462,conference,is talking
64174,conference,Meeting
62437,conference,"division of a league, meeting with a lot of people"
63127,conference,people meet with one another.
64549,conference,"group, meeting, conversation"
64558,conference,"meeting,"
64750,conference,a meeting
64504,conference,"call, busniess,"
62845,conference,"long, organized"
62722,conference,"meeting, few or lots of people, talk about tasks and problems"
62704,conference,"business, meeting, official, conservative"
65164,conference,bring together
63751,conference,"talk too, discuss, meet, group of more than one person"
64018,sunset,"colorful, beautiful, beach"
63382,sunset,"lowering of the sun, rising of the moon"
62671,sunset,"ocean, pm, evening, pretty"
64279,sunset,End of day light
62359,sunset,"is pretty, is romantic"
64897,sunset,"sun going down, not as bright"
62764,sunset,"beautiful, orange, pink, yellow, red, purple, sunset over the water"
62740,sunset,"when the sun is going down, occurs at dusk"
62536,sunset,the scene caused by the sun setting for the day
63100,sunset,"is apart of nature, the earth rotates around the sun, when we experience sunsets the other half of the world is experiencing sun rises, it's a time when it gets dark and people go to sleep to get ready for the day to come"
63385,sunset,"means night is coming, pretty sky, sun goes down"
63868,sunset,"pretty, colorful"
63502,sunset,"morning, night"
62938,sunset,"pretty, at night, everywhere, west"
64270,sunset,"beautiful, colorful, bright"
62695,sunset,"daily occurance, colors change, happens in the evening, pretty, relaxing"
62818,sunset,"pretty, beach"
63307,sunset,The sun is rotating. The signaling that it is about to be night time.
62725,sunset,"beautiful, relaxing, sun, the horizan"
63376,sunset,beautiful
64441,sunset,sun droped
63928,sunset,"happens in the eveing, pretty, different colors"
62611,sunset,"is red, is onthe sky, is romantic"
64231,sunset,beautiful
63724,sunset,"occurs at night, sun goes down, light goes away, different colors, beautiful"
63919,sunset,"beautiful, love, sitting outside"
64969,sunset,Sunrise
64150,sunset,"Evening, beautiful"
64030,sunset,"warm, beautiful, beach, sand, clouds, pink, orange, red"
64063,sunset,"sunny, ocean, pretty, view"
63160,sunset,"before night, before dark"
62389,sunset,"pretty, sunny, colorful"
62602,sunset,funcional
64732,sunset,"beautiful, cold, fun to watch"
64327,sunset,when the sun reaches the western horizion
62545,sunset,"night, end of the day"
65047,sunset,Street East and West
63115,sunset,happiness
64963,sunset,"pink, red, before dark, sky, sun going down"
65056,sunset,"a perfect picture, skies bedtime"
64282,sunset,"is red and orange and yellow and pink, and beautiful, and memorable"
62677,sunset,colorful. beautiful.
65065,sunset,"colorful, beautiful, romantic, orange, resting time, relaxing, picturesque"
62605,sunset,beautiful colors
64462,sunset,is beautiful
64174,sunset,"Oranges, pinks, reds, sun hits clouds, dust particles,"
62437,sunset,"pretty, beautiful, sunrise, evening, nighttime"
63127,sunset,bright colors. happens in the evening.
64549,sunset,"orange, nice, tasteful, end of day"
64558,sunset,"Pm, sun going down"
64750,sunset,when the sun moves to the opposite side of the world
64504,sunset,"ocean, rocks, beach"
62845,sunset,"yellow, bright, warm"
62722,sunset,"has pretty colors sometimes, getting dark, in the west"
62704,sunset,"orange, red, yellow, pretty, relaxing, beach"
65164,sunset,different colors
63751,sunset,pretty
64018,doll,"rag doll, children, baby doll"
63382,doll,child's toy
62671,doll,"girl, barbie, dress up, has hair, sleep with"
64279,doll,"toy, made of plastic and fabric"
62359,doll,"is pretty, children play with, play dress up with"
64897,doll,"small, person or animal"
62764,doll,"cute, little girls play with them, small, mini clothes and bottles"
62740,doll,"something a girl plays with, dress them up"
62536,doll,small cloth replica of a human being
63100,doll,"an object to play with, miniature person made out of various materials depending on where and when"
63385,doll,"toy, minature person, girls play with them usually"
63868,doll,"hair, plastic"
63502,doll,"toy, friend"
62938,doll,"girl, toy, dress up, play with"
64270,doll,"has blonde hair, looks like a human, for little girls"
62695,doll,"toy for children, usually a female, entertainment, can be collected"
62818,doll,"little girls, toy, barbie"
63307,doll,"Young girls play toy. Rag doll, baby doll, barbie dalls."
62725,doll,"what little girls love, pretty, perfect, wears dresses"
63376,doll,girly
64441,doll,toy
63928,doll,"barbies, girls, dressing up, playing with"
62611,doll,"Is a toy, is pretty, is blonde, is in a dress"
64231,doll,plastic
63724,doll,"played with, associated with children, a toy,"
63919,doll,"scary, baby like features"
64969,doll,Cotton
64150,doll,"baby, girl, Barbie"
64030,doll,"baby, dress up, play mom, comforting, small, large, soft"
64063,doll,"barbie, ken, fragile, baby"
63160,doll,"plastic, easily broken"
62389,doll,"little girl, scary, toy"
62602,doll,funcational
64732,doll,"stuiped, for girls, fun to blow up, childhood"
64327,doll,an imitation of a real living thing
62545,doll,"toy, girl, barbie"
65047,doll,rag
63115,doll,makeup
64963,doll,"cuddle, little girl's companion, made of cloth, made of plastic, has clothes"
65056,doll,"a mini mannequin, outfits, hair"
64282,doll,"is small, is plush, is happy, is for little girls,"
62677,doll,used to play with by people. cute.
65065,doll,"a childs toy, toplay with, used for imagination expansion, wears dresses or has diapers"
62605,doll,little girls toys
64462,doll,is a toy
64174,doll,"Toy, girly,"
62437,doll,"Barbie, American Girl doll, girls, little girls, Chuckie"
63127,doll,something a child plays with. simulates a real child.
64549,doll,"girl, inanimate, creation"
64558,doll,child's toy
64750,doll,a replica
64504,doll,"house, little girl, dress up"
62845,doll,"pretty, calming, girly"
62722,doll,"girls usually, wear dresses, have hair,"
62704,doll,"dress-up, girls, cute, barbie"
65164,doll,play toy
63751,doll,"play, black, white, asian, hispanic"
64018,simple,"easy, short"
63382,simple,"not hard, easy"
62671,simple,"easy, complete effortlessly"
64279,simple,Don't Know
62359,simple,Has very few features
64897,simple,easy
62764,simple,"not complex, easy, not much to it"
62740,simple,"easy, not hard"
62536,simple,"easy, with little effort"
63100,simple,"is a concept, opposite of complex, easy"
63385,simple,"easy, quick, painless"
63868,simple,easy
63502,simple,"easy, natural"
62938,simple,"easy, not hard,"
64270,simple,easy
62695,simple,"non difficult, easy,"
62818,simple,easy
63307,simple,"Something that is not complex, it is easy to interperate and not full of unnecessary information."
62725,simple,"easy, clear"
63376,simple,easy
64441,simple,happy
63928,simple,"plain, boring,"
62611,simple,"is smart, is concise"
64231,simple,easy
63724,simple,"life, easy, not complicated"
63919,simple,"plain, bland"
64969,simple,Complex
64150,simple,"easy, strait forward."
64030,simple,"plain, pretty, elegant, loving, white, light colors, no jewelry"
64063,simple,"easy, quick"
63160,simple,"easy, fun, don't need to think about"
62389,simple,"Easy to understand, not complex"
62602,simple,physical
64732,simple,"the survey, math, not life"
64327,simple,"easy, not hard"
62545,simple,easy
65047,simple,plain color
63115,simple,easy
64963,simple,"boring, ugly colors"
65056,simple,an easy task
64282,simple,"is not complex, is directions, is clear"
62677,simple,plain. look. asthetic. no frills.
65065,simple,"easy, gravy, piece of cake, wasn't nothin, no problem, also relates to stupid, lame, un educated, basic, boring or dull"
62605,simple,easy
64462,simple,is easy
64174,simple,Easy
62437,simple,"easy, basic, gradeschool"
63127,simple,plain. easy.
64549,simple,"easy, without trouble, unstressful"
64558,simple,"easy, plain"
64750,simple,uncomplicated
64504,simple,"life, not a lot, plain, pretty"
62845,simple,"easy, quick"
62722,simple,"easy, unchallenging, elementary,"
62704,simple,"easy, not hard, not difficult, understandable"
65164,simple,easy to do
63751,simple,"easy, not hard, quick"
64018,puke,"vomit, sickness"
63382,puke,contains stomach acids
62671,puke,"sick, nauseaus, stinky, upset stomache"
64279,puke,Don't Know
62359,puke,"stinks, happens when you eat something bad"
64897,puke,"vomit, throw up, sick"
62764,puke,"gross, drank too much, sick, flu, do it in the toilet"
62740,puke,"vomit, barf, throw up, usually do when sick"
62536,puke,"combination of food, drink, and bile which is expelled from the mouth of an organism"
63100,puke,is a bodily function that occurs when the person is sick or has digested something that the body rejected
63385,puke,"vomit, sickness, need the bathroom"
63868,puke,"nasty, chunky, gross"
63502,puke,vomit
62938,puke,"vomit, smells, caused by many things, food, throw up"
64270,puke,"bile, half digested food, repugnant odor"
62695,puke,"bodily fluid, comes from your stomach, result of sickness, smells bad, unpleasant feeling"
62818,puke,"sick, disgusting"
63307,puke,"Sick, your body is unable to digest the food."
62725,puke,"disgusting, lumpy, sickening, stinks"
63376,puke,vomit
64441,puke,to vomit
63928,puke,"throw up, vomit, comes out of mouth"
62611,puke,"is yellow, is bad smelling"
64231,puke,gross
63724,puke,"has a bad smell, often comes with being sick, can come with drinking, gross to clean up, different textures, different colors, disgusting, nastiest thing in the world"
63919,puke,"vomit, gross, flu"
64969,puke,Vomit
64150,puke,vomit
64030,puke,"gross, acid, stinky, partially digested food, belongs in a toilet, any color"
64063,puke,"gross, disgusting, sick"
63160,puke,regurgitated food
62389,puke,"gross, vomit, sickness"
62602,puke,physical
64732,puke,"nasty,little kids, babies, the pool"
64327,puke,made of partially digested food
62545,puke,"vomit, scared, yuck, sick"
65047,puke,throw up
63115,puke,chunks
64963,puke,"sickness, alcohol, toilet, runny chunky"
65056,puke,already chewed food
64282,puke,"to throw up, chunks, corn, smelly"
62677,puke,throw up. used by animals.
65065,puke,"vomit, through up, hurl, ralph, spit up, get sick, disgusting, nasty, rejection, regergetate"
62605,puke,"sick, gross"
64462,puke,is gross
64174,puke,"Sickness, defense mechanism, e-coli, stomach"
62437,puke,"throwup, disgusting, vomit, green and yellow"
63127,puke,sick. vomit. have the flu.
64549,puke,"vomit, ralph, dispose"
64558,puke,vomit
64750,puke,vomit
64504,puke,"groos, burning feeling, bad night"
62845,puke,"gross, yellow"
62722,puke,"sick, gross, stomachache, food"
62704,puke,"smelly, contains foods and liquids, gross, messy, sick, ill"
65164,puke,sickness
63751,puke,vomit
64018,south,"compass, globe, countries, cold, confederate"
63382,south,away from the north
62671,south,"oppostie of north, part of directions"
64279,south,Don't Know
62359,south,"going down, south pole, hot,"
64897,south,confederacy
62764,south,"opposite of north, hot in the south, a direction, soul food from the south"
62740,south,"a cardinal direction, opposite of north"
62536,south,"the direction opposite of north, area south of the mason dixon line"
63100,south,"cardinal direction along with north, east and west, opposite of north"
63385,south,"opposite north, towards bottom"
63868,south,"below, arkansas"
63502,south,"area, region"
62938,south,"down, confederate, hot, accent, nice, southern bell"
64270,south,southern accent
62695,south,"hot, down,"
62818,south,"texas, country"
63307,south,Opposite of north. Texas is down south.
62725,south,"downward, leads to the coast, fried chicken, accents"
63376,south,"texas, africa, pole"
64441,south,direction
63928,south,"Texas, war, segregation,"
62611,south,"is hot, is yellow, is a direction"
64231,south,down
63724,south,"opposite of north, shows direction, a cardinal direction, used for locating places"
63919,south,"south america, south africa, hell, south korea"
64969,south,North
64150,south,"Mexico, bottom part of a map"
64030,south,"down, florida, beach"
64063,south,"south pole, santa, christmas"
63160,south,"below, the opposite of north"
62389,south,"opposite of north, down. direction"
62602,south,physical
64732,south,"kkk, chicken, slavery, watermelon"
64327,south,"cardinal direction, used to describe regions"
62545,south,"down, under, below"
65047,south,Park
63115,south,desert
64963,south,"warm, sweet tea, more farms,"
65056,south,"south dakota, west, north, east"
64282,south,"Is the Confederate, is slavery, is the Prime Meridian, is the bottom of the compass"
62677,south,under. down. beneath.
65065,south,"dirty south, southern hospitality, spicy foods, jazz, blues, soul food, southern belles, southern gentlemen"
62605,south,"accent, southern bell"
64462,south,is negative
64174,south,"Down, direction"
62437,south,"South Hampton, North East and west, directions, South side"
63127,south,is below the north.
64549,south,"north, east, west, direction"
64558,south,"warm, direction"
64750,south,the opposite of north
64504,south,"mississippi, hot, confedercy, accents"
62845,south,"below, warm"
62722,south,"down, warmer weather,"
62704,south,"country, the beach, confederate"
65164,south,warmer
63751,south,"opposite of north,"
64018,am,who you are
63382,am,morning
62671,am,"morning, sunrise, coffee, breakfast"
64279,am,Don't Know
62359,am,is a chemical sign
64897,am,"I, me, myself"
62764,am,"morning, opposite of pm, ""i am"""
62740,am,a verb that states what you are doing at in the present time
62536,am,a term used to describe the current condition of an individual
63100,am,"word, usually leading up to describing someone generally themselves"
63385,am,"morning, has 12 hours, early"
63868,am,what you're doing
63502,am,morning
62938,am,"i, self, me"
64270,am,time
62695,am,"what something can be described as, a word,"
62818,am,are
63307,am,Going to do something
62725,am,"me, descripes what is being done,"
63376,am,radio
64441,am,copula
63928,am,"time, clock, morning,"
62611,am,"I, to be"
64231,am,person
63724,am,"early in the morning, time you set your alarm for, helps you stay on schedule"
63919,am,"Sam I Am, Am I Sam, Sam Am I, ample, amplitude"
64969,am,Early morning
64150,am,common used word
64030,am,"to be, exist"
64063,am,"morning, tired, coffee, school, alarm clock"
63160,am,noun
62389,am,what you are
62602,am,physical
64732,am,"early in the moring, sleep,"
64327,am,proclomation of self
62545,am,"i am, to be"
65047,am,Dr. Suess books
63115,am,sleep
64963,am,"yourself,"
65056,am,an atom
64282,am,is used to express
62677,am,to be. exists.
65065,am,"are, was, will be,"
62605,am,"Stinks, early"
64462,am,is I
64174,am,"Is, me, real"
62437,am,"I am something,"
63127,am,morning.
64549,am,"I, legend, I'm"
64558,am,"morning, sun rising"
64750,am,self descriptive
64504,am,"I,"
62845,am,"human, anything"
62722,am,"to be, are"
62704,am,"I am, describing"
65164,am,what you do
63751,am,"referring too, pronoun, medafor"
64018,wound,"bleeding, scar, bandaid"
63382,wound,some sort of abrasion on the body
62671,wound,"blood, hurt, pain, doctor, stiches, band aide,"
64279,wound,Don't know
62359,wound,"can be bloody, different sizes, painful, looks bad, could leave scars."
64897,wound,hurt
62764,wound,"hurt, blood, scar, ouch, cut"
62740,wound,something that appears when you hurt yourself
62536,wound,an injury; to inflict an injury
63100,wound,"cut of the skin results in bleeding, can become infected if not taken care of"
63385,wound,"open on body, bloody, needs bandage"
63868,wound,"hurt, scratch, accident"
63502,wound,"soar, tender area, infected"
62938,wound,"hurt, cut, burn,"
64270,wound,injury
62695,wound,"hurts, painful, red, blood comes from, unlpleasant"
62818,wound,"hurt, band aid"
63307,wound,When there is an injury to the body it is a wound.
62725,wound,"blood, stings, needs to be covered, hurts, can be serious"
63376,wound,hurt
64441,wound,injury
63928,wound,"scar, hurt, bandage, blood, doctor,"
62611,wound,"is painful, is bloody"
64231,wound,hurting
63724,wound,"a cut, a bruise, an injury, can be self inflicted, heals"
63919,wound,"hurt, swelling, band-aid, ointment"
64969,wound,Blood
64150,wound,"blood, sore, cut, open, doctor"
64030,wound,"hurt, violence, infection, cut, stitches, blood, hospital, surgery"
64063,wound,"blood, car accident, scratch, hospital"
63160,wound,"cut, hurt, needs attention"
62389,wound,"cut, ill, scar, doctor, stitches"
62602,wound,physical
64732,wound,"cut, scab, bleeding, pain"
64327,wound,an injury
62545,wound,"scar, cut"
65047,wound,an open
63115,wound,blood
64963,wound,"cut, blood, doctor, stitches, hole"
65056,wound,a future scar
64282,wound,"is to bleed, is painful, is going to hospital, is fighting"
62677,wound,hurts. feels painful. used by living things for defense.
65065,wound,"energized, excited, amped, hyper,"
62605,wound,"clock, up tight"
64462,wound,is hurt
64174,wound,"Blood, bruise, scabs, flesh"
62437,wound,"huts, cut, from an accident, stings, antibiotic ointment"
63127,wound,is bloody. causes pain.
64549,wound,"gash, blood, hurt, pain"
64558,wound,"hurt, injury"
64750,wound,a injury
64504,wound,"blood, pussy, gross"
62845,wound,"sore, red, blood"
62722,wound,"hurt, injured, bleeding, stitches"
62704,wound,"surgery, medical attention, gun shot, stabbed, hurt, pain"
65164,wound,injury to something
63751,wound,"open, lasceration"
64018,tape,"duck, strong, fix things"
63382,tape,used to hang/ seal objects
62671,tape,"adheasive properties,"
64279,tape,Don't Know
62359,tape,"is sticky, used to hold things together, you rip it, comes in different brands/kinds"
64897,tape,"video, recording"
62764,tape,"sticky, clear, different kinds"
62740,tape,"duct tape, scotch tape, used to repair rips in papers, hangs things up"
62536,tape,"something which is recorded onto, used to seal packages"
63100,tape,can be either a video to watch or something used to patch up like duck tape
63385,tape,"holds things together, used mostly with paper, sticky substance"
63868,tape,"sticky, music, holds things together"
63502,tape,"stick, piece"
62938,tape,"hold together, many different types, sticky"
64270,tape,"used to connect things, cleer"
62695,tape,"sticky, clear, comes on a roll, used for putting 2 things together,"
62818,tape,"sticky, holds things up"
63307,tape,"Duck, masking, scotch, colord, sticky, medical, holding things together"
62725,tape,"sticky, holds things together, repairs"
63376,tape,sticky
64441,tape,line
63928,tape,"clear, sticky, keeps things together,"
62611,tape,"is black, is plastic, is long"
64231,tape,attach something
63724,tape,"sticky, often on a spool, can be double sided, used for hanging stuff, used for putting things together, can be clear, can be colored, can be duct, can be masking, can be scotch"
63919,tape,"movie tapes, cassette tapes, duct tape"
64969,tape,Duct
64150,tape,"sticky, holds things up or together"
64030,tape,"sticky, helpful, long or short, holds things in place, see through"
64063,tape,"sticky, useful, duck tape,"
63160,tape,"sticky, easily wasted"
62389,tape,"sticky, holds things together,"
62602,tape,functional
64732,tape,"video, audio, tape the game"
64327,tape,a non-liquid adhesive used to bond together objects
62545,tape,"used to connect things, sticky"
65047,tape,cassette
63115,tape,strips
64963,tape,"clear, white, masking, packages, scotch"
65056,tape,"sticky paper, glue's substitute"
64282,tape,"is sticky, is used to hold things together, is clear"
62677,tape,used to put things together. clear. sticky.
65065,tape,"plastic, sticky, rolls out, holds stuff together, creates art work, wraps presents,"
62605,tape,"tear, wound"
64462,tape,is bonding
64174,tape,"Sticky, holds things together"
62437,tape,"sticky, helps connect things, scotch tape"
63127,tape,used to hold things together.
64549,tape,"duct, duck, adhesive, scotch"
64558,tape,"sticky, wide, long,"
64750,tape,adhesive
64504,tape,"deck, duck tape, stick, film"
62845,tape,"sticky, black"
62722,tape,"hold things together, fix things"
62704,tape,"masking, duck, music"
65164,tape,recording device
63751,tape,"masking, clear, electrical tape, sticky, bonds, holds together,mend"
64018,achieve,"award, success"
63382,achieve,accomplish
62671,achieve,"to excell, accomplish"
64279,achieve,Don't Know
62359,achieve,Goals
64897,achieve,"victory, winner"
62764,achieve,"achieve a goal, accomplishment"
62740,achieve,"to accomplish, goals"
62536,achieve,to do well in a given area
63100,achieve,"is a concept, having a goal and being successful making that goal"
63385,achieve,"succeed, to get something"
63868,achieve,"success, accomplish"
63502,achieve,"succeed, rise, win"
62938,achieve,"win, accomplish, finish,"
64270,achieve,"to win, to complete something"
62695,achieve,"accomplishing a goal, proud moment,"
62818,achieve,"goals, success"
63307,achieve,"accomplished, successful, proud, goals"
62725,achieve,"reach a goal, be praised"
63376,achieve,sucess
64441,achieve,prize
63928,achieve,"accomplish, get something done,"
62611,achieve,"is old, is massive"
64231,achieve,accomplish
63724,achieve,"all i can think of is the verb, to achieve"
63919,achieve,goals
64969,achieve,Victory
64150,achieve,goals
64030,achieve,"reach a goal, positive, confidence, good, amazing, smiling"
64063,achieve,"accomplished, graduated"
63160,achieve,"excelling to be the best, hard-work, determination, persistence, press on"
62389,achieve,completing a goal
62602,achieve,physical
64732,achieve,"goals,"
64327,achieve,to attempt something and then succeced
62545,achieve,"to do something, to accomplish"
65047,achieve,unlocked achievements in video games
63115,achieve,goal
64963,achieve,"working hard,"
65056,achieve,"a goal, a dream"
64282,achieve,"to accomplish, to succeed"
62677,achieve,feels estatic. used by living things.
65065,achieve,"success, grasp, hold on to, receive it, victory, mission complete"
62605,achieve,"save, files"
64462,achieve,is positive
64174,achieve,"Finish, win"
62437,achieve,"a dream, accomplish, proud, driven to achieve, work hard"
63127,achieve,goal.
64549,achieve,"succeed, success, win"
64558,achieve,accomplish
64750,achieve,to accomplish
64504,achieve,"over, did it, a+"
62845,achieve,"success, happy"
62722,achieve,"success, accomplish, a goal"
62704,achieve,"everyone wants to achieve, feel accomplished, successful"
65164,achieve,victory
63751,achieve,"accomplish, goal, finish"
64018,road,"straight, curvy, narrow, black with yellow stripes, dashed lines, drive on, cement"
63382,road,"asphalt, concrete, lines,"
62671,road,"drive on, bumpy, paved, traffic, map"
64279,road,"made of concrete or asphalt, go in all directions"
62359,road,"is used to drive on, long, travel, is dark, has white stripes, has yellow stripes,"
64897,road,"cars, pavement, assfault"
62764,road,"long and winedy, drive, car, stay in the lines, don't run off the road, pavement, black with yellow and white lines"
62740,road,"travel on it, gravel, asphalt, interstate"
62536,road,pathway which vehicles may use
63100,road,"is a means to getting around the land quicker, made of cement, used to be dirt, Romans used them"
63385,road,"hardtop usually, takes you somewhere, cars are used on it"
63868,road,"black, yellow stripes"
63502,road,"signs, lights, cars"
62938,road,"drive on it, curvy, lines, leads to destination, travel on it"
64270,road,"assfault, black"
62695,road,"used for driving cars on, black with yellow or white stripes, leads to places"
62818,road,"street, cars"
63307,road,Pavement for transportation devices to get from point A to point B
62725,road,"busy, black, never ending, dangerous"
63376,road,"gravel, paved, two way, four way,"
64441,road,where you walk on
63928,road,"long, short, tar,  gravel, yellow lines, white lines, cars drive on them,"
62611,road,"is bricked, is grey, is a way"
64231,road,lanes
63724,road,"what you drive on, blacktop, painted with stripes, contains lanes"
63919,road,"rumble strips, yellow lines, white lines, cars, semis"
64969,road,Gravel
64150,road,"highway, driving, car"
64030,road,"long, continuing, never ending, hard, black, lines, cars, streets"
64063,road,"signs, curvy, yellow lines, straight, dangerous"
63160,road,"trip, concrete, paint"
62389,road,"guidance, direction"
62602,road,functional
64732,road,"cars, yellow lines, wrecks, scenic"
64327,road,"made of rock, driven on"
62545,road,"trail, interstate, highway, path"
65047,road,yellow and white stripes
63115,road,asphalt
64963,road,"lines, tar, asphalt, concrete"
65056,road,a path to a destination
64282,road,"is lengthy, connects cities and towns, is drove on by automobiles, requires constant repair by government,"
62677,road,hard. used for travel by people. smells of tar. looks black
65065,road,"street, boulevard, avenue, drive, parkway, circle, you walk, ride, drive on it"
62605,road,"blacktop, stripes"
64462,road,is leading
64174,road,"Driving, cars, cities, neighborhood, stripes"
62437,road,"what I drive on, black with yellow lines, Yellow brick road, long, pot holes"
63127,road,driven on. walked on. paved. gravel.
64549,road,"straight, cars, drive"
64558,road,"construction, highway, path to something"
64750,road,a path
64504,road,"trip, tar, hot,"
62845,road,"long, grey, rough"
62722,road,"lanes, white or yellow stripes, cars, driving"
62704,road,"highway, pavement, yellow lines, white lines, vehicles drive on"
65164,road,way of travel
63751,road,"street, used for transportation to get to and from"
64018,cave,"dark, big, echo, bats"
63382,cave,"dark, bats live there, rock"
62671,cave,"dark, cold, wet, bats, rocks, mud, dirt, fun to explore"
64279,cave,"dark, damp, deep in ground, limestone, created by force of water"
62359,cave,"is dark, is scary"
64897,cave,"dark, wet, scary"
62764,cave,"natural, cold, dark, where mining took place, find treasures, hide in a cave"
62740,cave,"underground, cold, stalagmites, stalactites, bats live there"
62536,cave,area underground which can be entered without digging or boroughing
63100,cave,a hole surounded by rock and where all manner of nocturnal animals reside
63385,cave,"hole, dirty, dark, creepy things live in there"
63868,cave,"bats, dark"
63502,cave,"bats, bears, vampires"
62938,cave,"scary, dark, cold, bugs, underground"
64270,cave,"big, dark, has bats"
62695,cave,"dark, damp, cool, water, rocks, animals,"
62818,cave,"caveman, dark"
63307,cave,A hole usually found on a mountain. Bats live in caves. Dark and can be wet
62725,cave,"dark, damp, scary, home for bats, in the woods, provides as a shelter for animals"
63376,cave,"cold, granite, bats, stalagmites, stalactites"
64441,cave,dark place
63928,cave,"dark, bats, big, small, underground, rocks,"
62611,cave,"is stone, is dark, wet, cold"
64231,cave,dark
63724,cave,"part of natural earth, you can hide there, bats live here,"
63919,cave,"Springfield, bats, caverns, tour guide"
64969,cave,Spelunking
64150,cave,"bears, wet, dark"
64030,cave,"dark, bat, wet, muddy, can crawl around in"
64063,cave,"cave man, dirty, smelly, dark"
63160,cave,"rock structure, place for warmth"
62389,cave,"dark, rocks, scary, mineral"
62602,cave,functional
64732,cave,"isolated, scary, trapped, stalagites"
64327,cave,"a hole in the earth, created by erosion or people"
62545,cave,"dark, damp, bats"
65047,cave,bats
63115,cave,wet
64963,cave,"dark, cold, quiet, wet, in rocky places, animals live"
65056,cave,"a dark room,"
64282,cave,"is damp, is dark, is slick, is dim"
62677,cave,dark. echoing. damp. used to hide things. quiet. a hole.
65065,cave,"cool temperature, dark, underground, rocky, wet, spooky, bats, bears, hideout"
62605,cave,"cold, dark, bats"
64462,cave,is dark
64174,cave,"Dark, narrow, wide, bats"
62437,cave,"hole in ground or cliff, scary, awesome, bats, adventures, hidden treasure"
63127,cave,has bats. is dark. is wet. is cold.
64549,cave,"dark, stalagtites, echoes"
64558,cave,"hole in the earth, dark,"
64750,cave,a large hole in the ground
64504,cave,"dark, scary,wet,bat,"
62845,cave,"dark, cold, deep"
62722,cave,"dark, animals living inside, in mountains, men"
62704,cave,"dark, scary, cold, wet, damp, quiet"
65164,cave,dark place
63751,cave,"dark, bats, cold, wet, lime"
64018,ladder,"climb, firefighter"
63382,ladder,"has steps, used to get to high places"
62671,ladder,"climb on,"
64279,ladder,"tall, has rungs, made of many materials, used to get to high places"
62359,ladder,"helix, used to climb, reach things, has many steps, can be extended,"
64897,ladder,"roof, wooden or alluminum, climb"
62764,ladder,"climb up it, careful not to fall off, dangerous, tall, medal or wood, different colors, to get to the roof"
62740,ladder,"has rungs, used to climb"
62536,ladder,equipment with rungs used to move up by climbing
63100,ladder,is man made and used to reach places or things that are beyond our natural reach
63385,ladder,"used to get to high places, lean it against something, climb on it"
63868,ladder,"steps, climb,metal"
63502,ladder,"up, climb, work"
62938,ladder,"paint, get up to places, assist in tasks"
64270,ladder,"metal, wood, long, tall"
62695,ladder,"used to reach high places, has rungs, shaped like A,"
62818,ladder,"climb, tall"
63307,ladder,A tall or short device to get to a spot that is higer than you are able to reach
62725,ladder,"steps, it assists, heavy, tall, sturdy, metal or wood,my dad uses it"
63376,ladder,DNA
64441,ladder,stepladder
63928,ladder,"long, short, construction, firefighters, metal, wood,"
62611,ladder,"is metal, is high, is reliable"
64231,ladder,rungs
63724,ladder,"has steps, used to get to high places, hanging christmas lights, fixing a light bulb, used in yard work, used in construction, used around the house, folds, often extends"
63919,ladder,"tall, short, small, painting house"
64969,ladder,Climb
64150,ladder,"heights, building things, hammer,"
64030,ladder,"tall, holds you up, wood or metal, hard, sturdy"
64063,ladder,"climb, heights, helpful, high"
63160,ladder,"metal, tall, carefully climbed"
62389,ladder,"kids play on it, how to reach a height, looks like DNA"
62602,ladder,functional
64732,ladder,"climbing up, made of wood, falling"
64327,ladder,"used to reach tall places, made of wood or metal and climbed on"
62545,ladder,something you climb
65047,ladder,Fireman's
63115,ladder,steps
64963,ladder,"big, small, steps, construction"
65056,ladder,an object to climb
64282,ladder,"is a series of steps, is made of metal, is useful"
62677,ladder,feels hard. used by people to reach high places. similar to portable stairs
65065,ladder,"tall, steps, used for high rewaching, potentially dangerous, creates height,"
62605,ladder,rungs
64462,ladder,is climbing
64174,ladder,"Steps, up,"
62437,ladder,"firefighter, chutes and ladders, tall buildings,"
63127,ladder,used to climb or get to a high place. has rungs to step on.
64549,ladder,"elevating, ascension"
64558,ladder,something to climb to a higher elevation
64750,ladder,leads to a different level
64504,ladder,"fireman, roof, high up"
62845,ladder,"long, straight"
62722,ladder,"climb, can be very tall, used to reach things up high, rungs"
62704,ladder,"climb, tall, many steps, high in air"
65164,ladder,climbing device
63751,ladder,"steps, climb, handle, height"
64018,find,search
63382,find,look for
62671,find,something you were looking for
64279,find,Don't Know
62359,find,searching
64897,find,"search, look for"
62764,find,something lost
62740,find,recover something that was lost or hidden
62536,find,locate
63100,find,spotted something or stumbled upon.
63385,find,"locate, look for, object unearthed"
63868,find,"something, scavenger"
63502,find,"found, search"
62938,find,"discover, achieve,"
64270,find,locate
62695,find,"something youve looked for, excitement follows"
62818,find,"seek, look for"
63307,find,To look for something.
62725,find,"to discover, to see, no longer lost"
63376,find,stuff
64441,find,action
63928,find,"look for, search"
62611,find,"a key, a way, a hint, makes you happy"
64231,find,encounter
63724,find,"all i can think of is the verb, to find"
63919,find,"found, need, dog"
64969,find,Found
64150,find,"excitement,"
64030,find,"searching, i spy, a long journey"
64063,find,"found it, where is it at,"
63160,find,"discover, happy, not lost"
62389,find,"search, look,"
62602,find,physical
64732,find,"finders keepeers, something u lost"
64327,find,to seach for something and be successful
62545,find,to locate something
65047,find,find and replace on Word
63115,find,search
64963,find,"lost, search for something"
65056,find,"a relief, to seek"
64282,find,"to be happy, to be relieved, to locate"
62677,find,feels happy. used by living things to get what they want.
65065,find,"search, seek out, look for, rummage through,"
62605,find,"search, questions"
64462,find,is relieving
64174,find,Stop looking
62437,find,"search,  happy,"
63127,find,lose.
64549,find,"seek, aquire, get"
64558,find,"looking for something, searching"
64750,find,to seek something
64504,find,"seek, have it,"
62845,find,magnifying glass
62722,find,"look for, someone, answers"
62704,find,"looking for something, lost something, don't know where an item is"
65164,find,locating something
63751,find,search
64018,tissue,"muscle, wrapping, Kleenex"
63382,tissue,sneezing
62671,tissue,"blow nose, soft paper cloth, in a box"
64279,tissue,"tears easily, made of fibers"
62359,tissue,"soft, has a smell, doesn't have a smell,"
64897,tissue,"paper, soft"
62764,tissue,used to blow nose or wipe eyes
62740,tissue,"can be in the body, can be used to blow your nose"
62536,tissue,"used during illness or allergies, used to wipe a nose"
63100,tissue,"makes up the organs in the body, can also be a material used in blowing one's nose"
63385,tissue,"soft paper product, used for nose, used when sick, comes in box"
63868,tissue,"lightweight, sneeze"
63502,tissue,buggers
62938,tissue,"blow nose, snot, tears, use when sick"
64270,tissue,"blow ur nose in it, soft, white"
62695,tissue,"soft thin paper, white, used to blow your nose, comes in a box, found at the store,"
62818,tissue,"kleenex, sneeze"
63307,tissue,A item in your body
62725,tissue,"soft, used for blowing your nose, always out in the winter"
63376,tissue,crying
64441,tissue,gland
63928,tissue,"kleenex, paper, nose, white, comes in a box,"
62611,tissue,"is brown, long, a muscle tissue is red"
64231,tissue,thin
63724,tissue,"fixes sadness, fixes illness, makes you feel better, a kleenex,"
63919,tissue,"presents, tissue paper, blow nose"
64969,tissue,Nose
64150,tissue,"nose, snot,"
64030,tissue,"blowing your nose, white, soft, falls apart, throw away"
64063,tissue,"sneeze, cold, flu, sick"
63160,tissue,"thin, small, always hidden"
62389,tissue,"what you put in bags in wrapping presents, colorful"
62602,tissue,functional
64732,tissue,"snot, soft, winter,"
64327,tissue,"made of paper, used to clean"
62545,tissue,"kleenex, box, paper"
65047,tissue,paper
63115,tissue,snot
64963,tissue,"soft, white, rough, sickness, runny nose"
65056,tissue,unusable napkins
64282,tissue,"is soft, is inside your body, is essential for life, is cloth used to blow nose"
62677,tissue,part of the body. warm. used by animals. white.
65065,tissue,"kleenex, soft, white, aids in cleaning noses, for drying tears"
62605,tissue,"paper, nose"
64462,tissue,is for sadness
64174,tissue,"White, papery,"
62437,tissue,"paper, kleenex, relieves body, white, wipes substances"
63127,tissue,used to blow nose. are soft. are usually white.
64549,tissue,"muscle, kleenex"
64558,tissue,soft paper
64750,tissue,a disposible face cloth
64504,tissue,"clenx, boogers, mother"
62845,tissue,"soft, white"
62722,tissue,"white, soft"
62704,tissue,"wipe your nose with, runny nose, use if someone's crying"
65164,tissue,soft
63751,tissue,blow nose
64018,ashtray,"cigarette ash, trash"
63382,ashtray,"used to hold ashes,"
62671,ashtray,"dirty, ashes, plastic, cigarettes"
64279,ashtray,"sturdy, non combustible"
62359,ashtray,"used for cigarette ashes, smells bad"
64897,ashtray,"smokeing, holds ashes"
62764,ashtray,"nasty, cigarettes, ash, bars, dirty, smelly"
62740,ashtray,where smokers put their ashes
62536,ashtray,used to store waste from cigarette use
63100,ashtray,used to store cigarette butts after someone is through
63385,ashtray,"cigarrette users use them, catch ash from cigarrettes, look like small bowls"
63868,ashtray,"dirty, germs, ash, cigarette butts,"
63502,ashtray,"cigarette, trash"
62938,ashtray,"cigaretts, smells, smoker"
64270,ashtray,"stinks, has cigarrette butts, dirty"
62695,ashtray,"holds ash from cigarettes, circle,"
62818,ashtray,"cigarettes, smelly"
63307,ashtray,"A tray used to put ciggarett, tobacco, and other smokable items ash into."
62725,ashtray,"gross, used for cigarettes, smells, is dirty"
63376,ashtray,nasty
64441,ashtray,something
63928,ashtray,"cigarettes, smelly, ash in the tray, round, square, metal, glass, plastic,"
62611,ashtray,"is grey, is dusty"
64231,ashtray,stinky
63724,ashtray,"holds ash, can be different shapes, used when smoking"
63919,ashtray,"gross, smokers, ashes, smell, stench"
64969,ashtray,Cigarette
64150,ashtray,"smoking cigarettes,"
64030,ashtray,"yuck, cigars, lung cancer, bad, dirty, ashy, powder"
64063,ashtray,"smoke, cancer, cigerate"
63160,ashtray,"small, smoke filled,dirty"
62389,ashtray,"Smoking, gross, dirty, smelly, where smoking buds go into"
62602,ashtray,physical
64732,ashtray,"dont smoke, cigs, cigars,"
64327,ashtray,used to hold ashes of cigarettes or other smoking apparatuses
62545,ashtray,"smoking, cigarettes"
65047,ashtray,smoking environment
63115,ashtray,ashes
64963,ashtray,"cigarette, cigar, metal, glass, built into cars"
65056,ashtray,"a dish, smells gross"
64282,ashtray,"smells, contains ashes, is located in a bar and smoking sections, is useful to smokers"
62677,ashtray,flat. smells of cigarettes. dirty. used by smokers.
65065,ashtray,"for cigarettes to ash in, nasty, dirty, stinky, black, smelly,"
62605,ashtray,"cigarettes, ashes, dirty"
64462,ashtray,is gross
64174,ashtray,"Cigarettes, smoking, trash"
62437,ashtray,"disgusting, cigarettes,"
63127,ashtray,used to hold ashes from cigarettes.
64549,ashtray,"ashes, cigarette, discards"
64558,ashtray,"cigarettes, cigars"
64750,ashtray,fire safety tool
64504,ashtray,"smoke,cirgrates, gross"
62845,ashtray,"gross, grey, smells"
62722,ashtray,"cigarettes, smoking, gross, black"
62704,ashtray,"cigarettes, smelly, dirty"
65164,ashtray,smoking
63751,ashtray,cigerettes
64018,film,movie
63382,film,used to make pictures or motion pictures
62671,film,"movie, negatives"
64279,film,camera film or film of filth
62359,film,"Something you watch, actors, actresses, money, popcorn,"
64897,film,"movies, actors, tv"
62764,film,"video, makes pictures, see through"
62740,film,movie
62536,film,"a thin layer of a substance such as plastic, mold, or bacteria, a video"
63100,film,"motion pictures, entertainment for most people that have movie theaters or players at home"
63385,film,"social event, video, viewed on screen"
63868,film,"old movies, pictures"
63502,film,"movies, actors"
62938,film,"movie, actors, actress, director, plot"
64270,film,"is black, on a reel,"
62695,film,"movie, watched on a tv, used for entertainment, used for education, visual learning"
62818,film,"movie, camera"
63307,film,Documented information that can be replayed on screen. Movies are film.
62725,film,"movies, pictures, tells a story, stores that moment in time"
63376,film,movie
64441,film,movie
63928,film,"movies, actors, actresses, money"
62611,film,"is interesting, short, scary, produced in studio"
64231,film,thin
63724,film,"movies, often brown, contains negatives,"
63919,film,"movies, horror, action, comedy, romantic, western"
64969,film,Movie
64150,film,"used for movies, old,"
64030,film,"movie, entertainment, popcorn, candy, soda"
64063,film,"movie, blockbuster, celebrity"
63160,film,"video, entertainment,"
62389,film,"movie, entertainmen"
62602,film,functional
64732,film,"dark night, memento, prestige, actors ,fun to wath"
64327,film,a movie
62545,film,"movie, camera"
65047,film,a film student
63115,film,negatives
64963,film,"black, has holes, holds movies, holds pictures"
65056,film,a plastic rectangular block
64282,film,"is a story, is slimy, is for entertainment, is to protect,"
62677,film,black. used to store images. invented by people.
65065,film,"a movie, a cinema, entertaining watch on tv or in theatres"
62605,film,"movie, comedy, drama"
64462,film,is entertaining
64174,film,"Movie, actors, music, special effects, moving pictures, producer, theater,"
62437,film,"movie, amazing story telling device, directors, film critics, actors, movie theaters and festivals"
63127,film,movie. something you watch. something you put in your camera.
64549,film,"movie, cinema, action, actors, awards, story"
64558,film,"movie, photography"
64750,film,used to take picyures
64504,film,"moive, strip,"
62845,film,"adventure, calming"
62722,film,"movie, video, pictures"
62704,film,"movie, acting, black and white"
65164,film,many pictures
63751,film,movie
64018,beast,"strong, creature"
63382,beast,"big animal, long teeth, hairy"
62671,beast,"hairy animal, agressive, mean"
64279,beast,Don't Know
62359,beast,"An animal, smells bad"
64897,beast,"creature, monster"
62764,beast,"monster, strong, scary, large, hairy, massive"
62740,beast,"an angry animal, monster"
62536,beast,"dangerous creature, may refer to actual animal/ person or imaginary creature"
63100,beast,"generally is a animal, sometimes used to describe mean people, lives in the wild"
63385,beast,"big, animal, scary"
63868,beast,"scary, beauty"
63502,beast,misunderstood
62938,beast,"strong, scary, good,"
64270,beast,"imaginary, huge"
62695,beast,"scary, might attack you, large, frightening, hairy, loud"
62818,beast,"beauty and the..., hairy"
63307,beast,Big harry monster
62725,beast,"ugly, large, hairy"
63376,beast,tough
64441,beast,big animal
63928,beast,"ugly, mean, loud, big, scary,"
62611,beast,"is an animal, is hungry, is unpredictable"
64231,beast,large
63724,beast,"very strong, intimidating"
63919,beast,"beauty and the beast, big, thick, furry, scary, gentle giant"
64969,beast,Wolf
64150,beast,"wild animal, tiger, lion, bear,"
64030,beast,"scary, huge, big teeth, large claws, in a book ad movie"
64063,beast,"big, hairy, scary"
63160,beast,"animal or human, not wanted to be seen"
62389,beast,"scary, big, manly"
62602,beast,functional
64732,beast,"me, tech nine, animal, altheletes"
64327,beast,"angry, something that is out of control"
62545,beast,a large animal
65047,beast,beauty and the
63115,beast,hair
64963,beast,"big, scary, hairy, tall,"
65056,beast,a scary monster
64282,beast,"is dangerous, is gentle, is in contrast to beauty, is hairy, has sharp teeth"
62677,beast,acts like a brute. animalistic. sounds noisy.
65065,beast,"big, hairy, huge, a monster, unattractive, strong,"
62605,beast,"claws. fur, scarry"
64462,beast,is strength
64174,beast,"Scary, unknown, four legs, animal, dog, insult,"
62437,beast,"scary, big and not human, have no self-control, Beauty and the Beast"
63127,beast,a wild animal. an unrully animal.
64549,beast,"disgusting, tormenting, destructive"
64558,beast,"strong, cruel, creature"
64750,beast,a unpleasant creature
64504,beast,"beauty, furry, scary, harmful"
62845,beast,"scary, big"
62722,beast,"Beauty and the, scary, big, mean"
62704,beast,"scary, hairy, big, monster"
65164,beast,animal
63751,beast,"monster, ugly"
64018,meat,"animal, fat"
63382,meat,"food, carnivores, cannibals,"
62671,meat,"food, from animals, cook, taste good, add flavor, protein"
64279,meat,"edible, red or white, made of protein and fat, high in calorie"
62359,meat,"cows, pork, pigs, beef, steak, food, people eat it, carnivore, unhealthy"
64897,meat,"tasty, cow, chicken, pig,"
62764,meat,"from animals, nasty when raw, people eat, animals eat raw"
62740,meat,"a food group, comes from animals"
62536,meat,"animal muscle, used for food"
63100,meat,food for carnivores and omnivores. provides energy
63385,meat,"comes from animals, something you eat, has protein"
63868,meat,"food, red, white"
63502,meat,"hotdog, hamburger, sausage"
62938,meat,"food, white, red, from animal"
64270,meat,"beef, chicken, food, delicious, cow, pigs, bacon"
62695,meat,"comes off of animals, edible, tasty, common food, thick, chewy,"
62818,meat,"steak, chicken"
63307,meat,"One of the basic food groups. A common type of food. There is meat in cheeseburgers, steak, and tacos."
62725,meat,"delicious, part of an animal, raw, can be cooked, girlling"
63376,meat,food
64441,meat,from animal
63928,meat,"cows, chickens, deer, pigs, can eat,"
62611,meat,"is red, is roasted, is spicy"
64231,meat,thick
63724,meat,"fiberous, red and pink, to be eaten, animal flesh"
63919,meat,"red, dark, white, chicken, beef"
64969,meat,Cow
64150,meat,"come from animals, humans livelihood,"
64030,meat,"yummmy food, cows, ground beef, can be cooked, can go bad"
64063,meat,"uncooked, pink, e coli, burger"
63160,meat,"food, used for eating, not eaten by all, wished for in some countries"
62389,meat,"animals, fatty, food,"
62602,meat,functional
64732,meat,"good to eat, steak, chicken, hamburger"
64327,meat,"eaten by carnivoires and omnivoires, what all animals are made of"
62545,meat,a food that comes from animals
65047,meat,Steak
63115,meat,protein
64963,meat,"beef, chicken, prok, served at dinner, from farms,"
65056,meat,part of an animal
64282,meat,"is chewy, is filled with protein, smells, is red"
62677,meat,is eaten. tastes good. looks colorful. is cooked.
65065,meat,"provides protein, usually bloddy uncooked, from animals, important to nutition, tough,"
62605,meat,steak
64462,meat,is tasty
64174,meat,"Animal, flesh, eat, carnivore"
62437,meat,"Beef, chicken, steak, best food, protein"
63127,meat,dead animal. cooked. raw.
64549,meat,"good, cow, pig, bacon, pork, beef"
64558,meat,"edible, solid, comes from animals"
64750,meat,somethings flesh
64504,meat,"loaf, animals, yummy, protien"
62845,meat,"delicious, sticky"
62722,meat,"animals, cooked in different ways,"
62704,meat,"steak, polutry, protein, burgers, chicken, animals"
65164,meat,protein
63751,meat,"protien, red, white"
64018,zero,"number, worthless"
63382,zero,"nothing,"
62671,zero,"neutral number, before 1"
64279,zero,Don't Know
62359,zero,has no value
64897,zero,"megaman x's sidekick, no value"
62764,zero,"cero in spanish, 0, nothing, nada"
62740,zero,nothing
62536,zero,perfect equilibrium of all numbers from negative to positive infinity
63100,zero,"is a number, beginning of the positive numbers"
63385,zero,"a number, means nothing, holds no value"
63868,zero,number
63502,zero,"number, amount"
62938,zero,"none, gone, not there"
64270,zero,nothing
62695,zero,"a number, represents a non existing value of something,"
62818,zero,nothing
63307,zero,The middle of the numberline. No value
62725,zero,"a number, nothing,"
63376,zero,absolute
64441,zero,number
63928,zero,"nothing, equal to nothing"
62611,zero,"is empty, is nothing, hollow"
64231,zero,round
63724,zero,"a number, not positive or negative, ovular, circular, round, has a center"
63919,zero,"none, zip, zelch"
64969,zero,Nothing
64150,zero,"smallest number,"
64030,zero,"nothing, nada, left without, lonely, empty"
64063,zero,"zip, nada, nothing, gone"
63160,zero,"number, not used for fractions, is not a persons age"
62389,zero,nothing
62602,zero,physical
64732,zero,"zip, goose egg,"
64327,zero,"number, before one"
62545,zero,an absence
65047,zero,no one pays enough attention to zero
63115,zero,none
64963,zero,"cirlce, a number"
65056,zero,a number
64282,zero,"is the number less than one, is nothing"
62677,zero,used to determine the absence of another number. occupies space. used by people. used in math.
65065,zero,"nothing, zilch, nada, nathan, also a texas rap artist"
62605,zero,"nothing, failure"
64462,zero,is neutral
64174,zero,"None, empty, neutral"
62437,zero,"number, candy bar, is nothing"
63127,zero,no value.
64549,zero,"nothing, lacking, absolute"
64558,zero,"number, degree"
64750,zero,nothing
64504,zero,"nothing, doesn't exist"
62845,zero,nothing
62722,zero,"none, nothing,"
62704,zero,"number before 1, 0"
65164,zero,none
63751,zero,"less than one, greater than negative one, empty,"
64018,ship,"ocean, big, sail, titanic"
63382,ship,"large boat, can be used for cargo"
62671,ship,"on water, sail, go fast, enjoy"
64279,ship,"made of wood or fiberglass, floats on water, has engine or sail, waterproof, can be used as living space"
62359,ship,"is large, a boat, holds items, holds people, is on water, exports, imports, trades,"
64897,ship,"moves on water, big"
62764,ship,"large boat, old, sails across the ocean, floats (hopefully), pirates"
62740,ship,"boat, sails on the water"
62536,ship,sea born vessel
63100,ship,"man made, a way to travel across the water mainly the sea probably"
63385,ship,"has captain, in water, holds things"
63868,ship,"boat, floatable"
63502,ship,travel
62938,ship,"on water, to travel, for fishing"
64270,ship,"wooden, metal, for the navy, for fishing, for cruising on the lake, slow, has masts, has engines"
62695,ship,"floats on water, can provide transportaion, large, used by military"
62818,ship,"package, boat"
63307,ship,"A engined device that is used to transport people or other things on the water. You can also ship things to people via plain, car, or train."
62725,ship,"large, sails in the ocean, holds many people"
63376,ship,sea
64441,ship,transportation
63928,ship,"boat, water, ships things, cruises, captains, sailors,"
62611,ship,"is a vessel, is for water, is small, is boat"
64231,ship,hull
63724,ship,"floats in water, holds sailors, holds cargo,"
63919,ship,"ship wreck, sailors, navy"
64969,ship,Buoyancy
64150,ship,"sail, water,"
64030,ship,"water, shrimp, forest gump, wood, sail, motor, sharks, ocean, sun, beach"
64063,ship,"cruise, sunny, water, sink, titanic"
63160,ship,"boat, large, travel on water with"
62389,ship,"water, travel, cruise"
62602,ship,functional
64732,ship,"priate, immigrants, slaves"
64327,ship,a large vessel used to travel or transport things over water
62545,ship,"a type of boat, sailing"
65047,ship,Pirates and Vikings
63115,ship,wood
64963,ship,"floats on water, peaceful, made of wood, on lake, ocean,"
65056,ship,"a boat, sailors"
64282,ship,"sails on water, is made of wood, is large, is a technological feat"
62677,ship,floats. used to transport things.
65065,ship,"boat, yaught, sail boat, canoe, floatation device, on the water, lots of fun, tubing, skiing,"
62605,ship,"mail, freight"
64462,ship,is strong
64174,ship,"Water, floats, captain, steering wheel,"
62437,ship,"captain, cruise ship, pirates"
63127,ship,goes on water. generally big.
64549,ship,"anchor, sail, pirates"
64558,ship,"boat, floats, varies in sizes"
64750,ship,water transportation
64504,ship,"wreck, lobster boat, sea, ocean, wind, waves, seaweed, money, muanty, captian, pirates"
62845,ship,"big, loud"
62722,ship,"Huge, in the ocean, cruises, lots of people"
62704,ship,"big, can float, travel on oceans"
65164,ship,water
63751,ship,"sea, large, water"
64018,fragile,breakable
63382,fragile,"very easily broken,"
62671,fragile,"break easily, handle with care, babies"
64279,fragile,Don't Know
62359,fragile,"glass products, must be gentle with,"
64897,fragile,"glass, handle with care"
62764,fragile,"be gentle, breakable"
62740,fragile,"be careful, can be damaged easily"
62536,fragile,easily broken
63100,fragile,is a concept meaning that an object is breakable
63385,fragile,"breakable, handle with care"
63868,fragile,"easy to break, glass"
63502,fragile,"delicate, flowers"
62938,fragile,"breakable, careful, not hard,"
64270,fragile,easily broken
62695,fragile,"breaks easy, made of glass, be careful, valuable,"
62818,fragile,"weak, frail"
63307,fragile,"Weak, not capable of being handled roughly. Glass or pottery is fragile"
62725,fragile,"small, breakable, old, thin"
63376,fragile,weak
64441,fragile,electrical
63928,fragile,"delicate, damaged,"
62611,fragile,"is easily-hurt, is something of glass, is transparent"
64231,fragile,breakable
63724,fragile,"breakable, on boxes, warning in shipping, delicate"
63919,fragile,"glass, breakable, careful"
64969,fragile,Broken
64150,fragile,"weak, old, precious,"
64030,fragile,"breakable, glass, plates, old things, small things, antiques"
64063,fragile,"old people, glass, dolls"
63160,fragile,"breakable, glass"
62389,fragile,"easy to break, careful,"
62602,fragile,physical
64732,fragile,"the leg lap in a christmas story, glass, laps,"
64327,fragile,"not strong, easily broken"
62545,fragile,"breakable, soft"
65047,fragile,A moving box
63115,fragile,glass
64963,fragile,"breakable, packages, glass"
65056,fragile,baby's fingers
64282,fragile,"is breakable, is glass, is shipped with bubble-wrap"
62677,fragile,can break.
65065,fragile,"breakable, frail, weak, handle with care, gentle, used to expalin a weak object or vulnerable person"
62605,fragile,breakable
64462,fragile,is broken
64174,fragile,"Weak, breakable"
62437,fragile,"delicate, china glass, glass, antiques, some people, things people hold close to themselves"
63127,fragile,delicate. can not be dropped. glass.
64549,fragile,"weak, glass, old"
64558,fragile,"shattered, easily can break, glass"
64750,fragile,breakable
64504,fragile,"babe, life, emotions"
62845,fragile,"soft, breakable"
62722,fragile,"breakable, glass,"
62704,fragile,"glass is fragile, a fragile package, mail with fragile sticker,"
65164,fragile,easily breakable
63751,fragile,"easily to be broken, newborn, old, weak bones,"
64018,die,"casket, funeral, buried, death, illness, heart attack, weapon, tragedy, old age"
63382,die,"death, end of life,"
62671,die,"funeral, casket, no more, worm food, flowers, sad"
64279,die,Don't Know
62359,die,"passed away, deceased"
64897,die,"kill, murder, homicide"
62764,die,"death, sad, mourn, go to heaven"
62740,die,life ends
62536,die,to end life
63100,die,is enevitable
63385,die,"not living, sad, all systems stop"
63868,die,"death, funeral, caskey"
63502,die,"gone, end"
62938,die,"dead, no longer, over, finished"
64270,die,end of life
62695,die,"a single dice, can be rolled, has 6 sides, dots on each side, white with black dots, used in games"
62818,die,"heaven, hell"
63307,die,No longer living. Your heart stops pumping and you stop recieving oxygen.
62725,die,"sad, cold, mourning, shocking, devistating"
63376,die,gone
64441,die,not alive
63928,die,"gone, buried, funeral, death,"
62611,die,"is inevitable, is painful, is not desired"
64231,die,not breathing
63724,die,"used in boardgames, has 6 faces, has numbers 1-6, black and white, 3 dimensional, cubic"
63919,die,"death, scared, suicide"
64969,die,Death
64150,die,"end, tears"
64030,die,"sad, grief, murder, cold, hurtful, changing of a life, ending of a life"
64063,die,"death, sad, mourning, six feet under"
63160,die,"dead, not breathing, quiet, forgotten, missed, held in high regard"
62389,die,"death, way of death, ending"
62602,die,physical
64732,die,"scary, people, halloween"
64327,die,"the act of being dead, to lose all signs of life"
62545,die,"to no longer be alive, to cease to exist"
65047,die,poetry
63115,die,funeral
64963,die,"staining fabric, all colors, will not come out"
65056,die,the black hole
64282,die,"pain, produces tears, coffin, end of existence, a new beginning"
62677,die,feels sad. done to living things. smells.
65065,die,"to go home, to see Jesus, to enter heaven, homecoming, to leave earth, to meet my maker, to see the king,"
62605,die,sickness
64462,die,is gone
64174,die,No more soul
62437,die,"sad, terrible, what happens to everyone, terrifying, scary,"
63127,die,death.
64549,die,"fail to go on, bury, kick the bucket"
64558,die,"death, lost of strength"
64750,die,absence of life
64504,die,"death, killed, gone"
62845,die,"dark, red, sad"
62722,die,"funerals, people, sad, emotional, sick"
62704,die,"passed away, gone, in our hearts"
65164,die,cease to live
63751,die,"deceased, heaven, hell,"
64018,question,"answer,"
63382,question,asks for an answer
62671,question,ask something
64279,question,Don't Know
62359,question,"Unsure,"
64897,question,"ask, interogate"
62764,question,"?, answer, ask, unknown, no such thing as stupid"
62740,question,"want to know something, has an answer"
62536,question,a way to receive information
63100,question,is a inquiry about a certain topic
63385,question,"has an answer, used to learn from, put on tests"
63868,question,answer
63502,question,help
62938,question,"answer, asks, needs information"
64270,question,answer
62695,question,"asked by teachers, comes with an answer, followed by a question mark when written, asked,"
62818,question,"answer, ?"
63307,question,When a person asks you somthing and is wanting an answer
62725,question,"not knowing the answer, can be asked about anything"
63376,question,answer
64441,question,things you asked
63928,question,"has an answer, curious, interested in something"
62611,question,"is an inquiry, is difficult, is long"
64231,question,ask
63724,question,"an unknown, looking for an answer, proposes a thought or idea someone is unsure of or looking for an answer to"
63919,question,"answer, too many, why?, what?, where?, when?, who?"
64969,question,Answer
64150,question,"answer,"
64030,question,"asking about something, good, positive, school, teachers"
64063,question,"what, when, where, who, why"
63160,question,"what,why,how, when, where"
62389,question,what you ask when you don't know
62602,question,physical
64732,question,"to many, school, question mark"
64327,question,a statement requiring an answer
62545,question,"hypothesis, wonder, idea"
65047,question,asking the unknown
63115,question,curiosity
64963,question,"has a question mark, needs an answer,"
65056,question,someone's unknown thought
64282,question,"is used to gain a better understanding, can be short, can be simple, can be complex, should be asked in the classroom"
62677,question,interrogation. used to find things out. sounds higher pitched at the end.
65065,question,"inquiry, question mark"
62605,question,confusion
64462,question,is to inquire
64174,question,"Thinking, asking, don't know"
62437,question,"confused, want to know an answer,"
63127,question,answer. confused.
64549,question,"answer, raised inflection, wonder, curiousity"
64558,question,"asking about something, person can reply back"
64750,question,a query
64504,question,"hard, muliple choice, true false, short answer, knowledge"
62845,question,clueless
62722,question,"confusion, answer, tests"
62704,question,"confused, ask, on tests, ?"
65164,question,seeking answers
63751,question,ask
64018,pancakes,"round, flat, short stack, tall stack, toppings, syrup, breakfast"
63382,pancakes,syrup
62671,pancakes,"syrup, circle, breakfast"
64279,pancakes,"edible, made of wheat, spongy"
62359,pancakes,"Is good, is round, is flat, eaten during breakfast, eaten with syrup and a fork and fruits, sold at iHop and Dennys"
64897,pancakes,"syrup, fluffy"
62764,pancakes,"yummy, for breakfast, topped with syrup"
62740,pancakes,"breakfast food, ready mix, syrup, butter"
62536,pancakes,"a breakfast food, contain carbohydrates"
63100,pancakes,"is food, generally for breakfast but can be consumed anytime of the day, used to gain energy"
63385,pancakes,"made of flour eggs and milk, cooked on stovetop, eaten for breakfast"
63868,pancakes,"chocolate chip, circle, syrup, smells good"
63502,pancakes,yummy
62938,pancakes,"syrup, breakfast, fry, quick to cook, taste good,"
64270,pancakes,"fluffy, buttery, delicious, food"
62695,pancakes,"eaten in the morning, syrup accompanies, breakfast food, can be homemade, tan colored,"
62818,pancakes,"syrup, breakfast"
63307,pancakes,"A common breakfast food. Round and toped with fruit, whiped cream,and suryp."
62725,pancakes,"fluffy, what my grandma makes, comforting, can come in different varieties"
63376,pancakes,delicious
64441,pancakes,cakes
63928,pancakes,"round, gooey, flour, eggs, syrup, different kinds,"
62611,pancakes,"are delicious, are sweet, are for breakfast"
64231,pancakes,round
63724,pancakes,"type of food, breakfast food, made of flour, eaten with syrup, made of sugar,"
63919,pancakes,"small, thick, yummy, breakfast, aroma"
64969,pancakes,Flour
64150,pancakes,"flour, syrup, breakfast food, goes well with bacon"
64030,pancakes,"syrup, grittle, hot, butter, oj, breakfast, coffee"
64063,pancakes,"bananas, chocholate chips"
63160,pancakes,"food, round, made easily and quick"
62389,pancakes,"food, yummy, carbohydrates"
62602,pancakes,functional
64732,pancakes,"yummy, syrup,"
64327,pancakes,"cooked, made of flour eggs and water"
62545,pancakes,"syrup, breakfast food, skillet"
65047,pancakes,Sunday morning
63115,pancakes,syrup
64963,pancakes,"warm, syrup, circles, yellow, golden"
65056,pancakes,breakfast food
64282,pancakes,"are flat, are round, are tasty, smell delicious, are a breakfast item"
62677,pancakes,flat. are eaten. taste delicious. feel warm.
65065,pancakes,"aunt jemimas, fluffy, buttermilk, delicious, buttery, syrup, flat, cooked in skillet, breakfast, quick to make"
62605,pancakes,"startch, syrup"
64462,pancakes,are circular
64174,pancakes,"Food, flour, eggs, milk, breakfast"
62437,pancakes,"delicious, breakfast, can be big or smaller,  I-hop, bacon and eggs, Betty Crocker, aunt Jemima, syrupwaffles"
63127,pancakes,flat and round. normally eaten at breakfast.
64549,pancakes,"tough, syrup, tasty, griddle"
64558,pancakes,"breakfast, edible, fruit"
64750,pancakes,good with maple tree sap
64504,pancakes,"fluffy, butter, syrup, breakfest, hot"
62845,pancakes,"sweet, breakfast"
62722,pancakes,"and sausage, put syrup on them, breakfast food"
62704,pancakes,"syrup, butter, milk, fluffy, yummy"
65164,pancakes,breakfast food
63751,pancakes,"breakfast food, syrup, blueberry, strawberry,  whole wheat"
64018,vomit,"gross, puke, sickness"
63382,vomit,"cause by sickness, can be caused by alcohol,"
62671,vomit,"sick, oatmeal chunks, stinky, drink too much, around toilet"
64279,vomit,"not edible, food particles"
62359,vomit,"Stinks, happens when people are sick, food comes out,"
64897,vomit,"sick, poisoned"
62764,vomit,"puke, gross, when sick"
62740,vomit,"throw up, puke, do when you are sick"
62536,vomit,"combination of food, drink, and bile which is expelled from the mouth of an organism"
63100,vomit,"acid that is convulsed out of the stomach, way the stomach rejects something"
63385,vomit,"comes from the stomach through mouth, sickness, spending time in bathroom"
63868,vomit,"puke, nasty, gross"
63502,vomit,"sick, drunk"
62938,vomit,"drunkeness, beer, sick, throw up, food, stinks,"
64270,vomit,"smells bad, chunky, from your stomach, half digested food,"
62695,vomit,"Smell bad, bodily fluid, caused by sickness, comes from stomach"
62818,vomit,"sick, disgusting"
63307,vomit,another word for puking. You vomit when you are sick or your body is rejecting something.
62725,vomit,"disgusting, unsttractive, happens after you have had to much to eat or drink"
63376,vomit,puke
64441,vomit,though out
63928,vomit,"throw up, comes out of the mouth, puke,"
62611,vomit,"is disgusting, is yellowish-green"
64231,vomit,gross
63724,vomit,"puke, throw up, smells, disgusting, different colors, different textures"
63919,vomit,"gross, sick"
64969,vomit,Smells
64150,vomit,"gross, digested food, smells horrible, looks gross."
64030,vomit,"gross, sick, thermometer, temperature, hot, bowl, medicine, hospital"
64063,vomit,"gross, sick, hung over, flu"
63160,vomit,"puke, regurgitated food"
62389,vomit,"gross, throw up, being ill, smelly, stomach problems"
62602,vomit,physical
64732,vomit,"gross, cleaning it up, drunkin parties"
64327,vomit,made of partially digested food
62545,vomit,"scared, yuck, sick"
65047,vomit,a lot like puke
63115,vomit,pink
64963,vomit,"from sickness or alcohol, chunky, runny, in toilet"
65056,vomit,chewed food
64282,vomit,"is puke, is chunks, is smelly, is gross, is distance"
62677,vomit,smells bad. looks worse. feels disgusting. used to remove things from stomach
65065,vomit,"to throw up, to puke, regergetate, to get sick, rejection of food, nasty"
62605,vomit,"puke, gross"
64462,vomit,is sickness
64174,vomit,"Puke, defense, everything comes back up"
62437,vomit,"puke, throwup, disgusting, green and yellow"
63127,vomit,sick. symptom of the flu.
64549,vomit,"puke, ralph, toilet"
64558,vomit,food coming out of the mouth
64750,vomit,when our food goes backwards
64504,vomit,"gross, smelly, dis colored,"
62845,vomit,"smells, green"
62722,vomit,"puke, sick, gross, food"
62704,vomit,"sickness, sick, puke, throw-up, gross, smelly, contagious"
65164,vomit,sickness
63751,vomit,"expelling bodily fluids, too much too drink, sick, pregnacy,"
64018,sword,"sharp, long, fighting"
63382,sword,metal blade
62671,sword,"sharp, long, handle, ninja"
64279,sword,"heavy, sharp, long, used to cut"
62359,sword,"medieval, knights, fighting, battle, war, kills, is bad, ninjas"
64897,sword,"fighting, sharp"
62764,sword,"sharp, pointy, knight, in museums, metal, fancy designs, heavy, dangerous"
62740,sword,"weapon, has a pointed end"
62536,sword,oversized knife used for fighting
63100,sword,"used as a weapon before guns, medival times"
63385,sword,"weapon, used before guns, very sharp"
63868,sword,"sharp, heavy"
63502,sword,"sharp, kill"
62938,sword,"pirate, stab, fight"
64270,sword,"sharp, long, big, heavy"
62695,sword,"sharp, made of metal, has a grip on the end, used in fighting, dangerous"
62818,sword,"sharp, pirate"
63307,sword,"weapon, fighting, anger, agression"
62725,sword,"sharp, knife, medievel, long"
63376,sword,fight
64441,sword,kinfe
63928,sword,"sharp, long, Iron Age, Middle Age, used to kill,"
62611,sword,"is metal, is sharp, is a weapon, is old"
64231,sword,sharp
63724,sword,"sharp, shiny, has a blade, has a handle, sharp point, deadly"
63919,sword,"sharp, movies, knights"
64969,sword,Excailbur
64150,sword,"fighting, sharp, shiny, two edged,"
64030,sword,"knife, hurtful, long, sharp edge"
64063,sword,"fencing, pirates of the carribian"
63160,sword,"thick metal object, used to hurt others, should not use if untrained"
62389,sword,"weapon, old fashion,"
62602,sword,functional
64732,sword,"halo, sharp,pirates,"
64327,sword,"sharp, made of metal, used in battle"
62545,sword,"knife, weapon"
65047,sword,"is usually pronounced like ""sord"""
63115,sword,sharp
64963,sword,"sharp, shiny, has a handle,"
65056,sword,"a metal knife, a weapon"
64282,sword,"is sharp, is used in combat, is metal, is shiny, is sheathed"
62677,sword,sharp. can cut. long.
65065,sword,"long, metal, sharp, used for battle, used for cutting or stabbing individuals, and old time weapon,"
62605,sword,"sharp, cutting, wars"
64462,sword,is sharp
64174,sword,"Shiny, metal, fighting, battles, weapons"
62437,sword,"sharp, kills, medieval weapon, japanese, knights and armor, silver, long blade"
63127,sword,sharp. used to stab. used to defend self.
64549,sword,"cut, kill, chop, destroy"
64558,sword,"tool, fighting, sharp"
64750,sword,a weapon
64504,sword,"fight, war, china, cut"
62845,sword,"sharp, dangerous"
62722,sword,"fighting, sharp, dangerous"
62704,sword,"sharp, silver, long"
65164,sword,sharp object
63751,sword,"sharp,"
64018,slip,"fall, slippery"
63382,slip,fall
62671,slip,"wet, stairs, slimey, funny to watch"
64279,slip,Don't Know
62359,slip,"you fall, water, puddle, banana"
64897,slip,"paper, small, message"
62764,slip,"slimey, fall"
62740,slip,"fall accidentally, something a woman wears under a dress/skirt"
62536,slip,an article of clothing worn as under a dress
63100,slip,is when someone loses their footing maybe on some unknown liquid or solid
63385,slip,"fall, something slick made you trip, usually ends badly"
63868,slip,"lightweight, fall"
63502,slip,"fall, loose"
62938,slip,"fall, piece of paper, wear under dress"
64270,slip,fall
62695,slip,"worn under a dress, used when clothing is see through, women wear, silky"
62818,slip,"fall, slippery"
63307,slip,"Falling. You can fall when the floor is wet, if you trip, or if you lose your balance."
62725,slip,"slick, fall, dirty"
63376,slip,paper
64441,slip,moving
63928,slip,"paper,"
62611,slip,"is a stumble, is painful, is wet"
64231,slip,fall
63724,slip,"a piece of pipe, used to bind pieces of clay together,"
63919,slip,"fall, slippery, wet"
64969,slip,Fall
64150,slip,"girl, skirt,"
64030,slip,"under dress, comfortable, makes you prettier, warm, long or short, clothing"
64063,slip,"fall down, accident, embarrassed"
63160,slip,"fall, hurt self"
62389,slip,"wet,"
62602,slip,physcial
64732,slip,"pool, water, slippery, dip"
64327,slip,to slide and fall
62545,slip,"under a dress, falling"
65047,slip,Wet floor
63115,slip,fall
64963,slip,"white, black, under dress,"
65056,slip,"slip n slide, fallen, an accident"
64282,slip,"is a note, is an accident caused by something wet or slick, can be dangerous,"
62677,slip,fall. slippery. hurts.
65065,slip,"silky, white, black, neautral, lace ends, worn under skirts dress and tops, covers"
62605,slip,"falling down, dresses"
64462,slip,is to fall
64174,slip,"Fall, paper, under the dress,"
62437,slip,"fall, slippery, do something accidentally, wet"
63127,slip,something someone wears under a skirt or dress.
64549,slip,"light, nightwear, slide"
64558,slip,narrow piece of something
64750,slip,a pass
64504,slip,"banna, water, hurt, pain,"
62845,slip,"sore, clumsy"
62722,slip,"fall down, on ice, wet floor"
62704,slip,"fall, tripping, slipping on ice"
65164,slip,to fall
63751,slip,fall
64018,syrup,"sticky, brown, runny, warm, cold, pancakes, waffles, put on breakfast foods"
63382,syrup,pancakes
62671,syrup,"brown, oozy, sugar, waffles, pancakes"
64279,syrup,"sticky, edible, tasty, many flavors"
62359,syrup,"is sticky, has different flavors, eaten with pancakes, eaten with waffles, can be hot, can be room temperature."
64897,syrup,"pancakes, waffles"
62764,syrup,"sticky, sweet, delicious"
62740,syrup,"maple, put on pancakes or waffles"
62536,syrup,sweet item used to top food items
63100,syrup,"what is put on pancakes, sugary and sweet"
63385,syrup,"used in morning, mostly sugar, used on pancakes"
63868,syrup,"waffles, sugary"
63502,syrup,"pancakes, waffles"
62938,syrup,"on pancakes, breakfast, sticky, brown, good,"
64270,syrup,sweet
62695,syrup,"sticky, sweet, gooey, comes in bottle, used to put on breakfast food,"
62818,syrup,"sticky, goes on pancakes"
63307,syrup,Very gooy like substance that you use on most breakfast foods.
62725,syrup,"for waffles and pancakes, sweet, warm, sticky, comforting"
63376,syrup,sticky
64441,syrup,sweet
63928,syrup,"pancakes, waffles, medicine, can be eaten, dark, light, sweet,"
62611,syrup,"is chocolate, is sweet, is thick, is dark"
64231,syrup,sticky
63724,syrup,"sticky, associated with pancakes, sugary, brown or blackish"
63919,syrup,"thick, sticky, butter syrup"
64969,syrup,Maple
64150,syrup,"pancakes, corn syrup, vanilla"
64030,syrup,"pancakes, food, ihop, waffles, butter, early morning, coffee, sugar, milk, OJ"
64063,syrup,"sticky, pancakes, waffles, breakfast"
63160,syrup,"for food, sticky"
62389,syrup,"sweet, sticky, good, pancakes"
62602,syrup,functional
64732,syrup,"pancakes, fork knife, sticky"
64327,syrup,"thick, sugary, brown"
62545,syrup,"pancake, breakfast"
65047,syrup,chugging
63115,syrup,sugar
64963,syrup,"thick, maple, sticky"
65056,syrup,a sugary dressing
64282,syrup,"is sticky, is flavorful, is used on waffles and pancakes"
62677,syrup,sweet. delicious. used to season food. sticky.
65065,syrup,"used on pancakes, thick, rich, sweet, brown from maple tree"
62605,syrup,"sticky, sweet"
64462,syrup,is sticky
64174,syrup,"Sticky, sweet,"
62437,syrup,"Aunt Jemima, pancakes and waffles, breakfast, maple syrup, canada, sugar"
63127,syrup,put on top of waffles and pancakes. is sticky.
64549,syrup,"maple, viscose, sticky, tasty"
64558,syrup,"liquid, edible"
64750,syrup,the sap of a maple tree
64504,syrup,"waffles, butter, breakfest"
62845,syrup,"sweet, sticky"
62722,syrup,"used on pancakes and waffles, breakfast"
62704,syrup,"sweet, pancakes, buttery, maple flavored"
65164,syrup,sweet liquid
63751,syrup,"maple, pancakes, french toast, waffles"
64018,bother,relative
63382,bother,inconvienent
62671,bother,"to annoy, pester,"
64279,bother,Don't Know
62359,bother,"is annoying, is exasperating"
64897,bother,"annoy, bug"
62764,bother,"""don't bother me"", bug, annoy, ""go away"""
62740,bother,immediate male relative
62536,bother,male relative of same generation in immediate family
63100,bother,something is that irritating or a nuisance
63385,bother,"sibling, has the same genes as you, has same parents"
63868,bother,"big brother, protective"
63502,bother,"to burden, upset, irritate"
62938,bother,"annoy, get on nerves,"
64270,bother,annoy
62695,bother,"hassle, something you dont want to do, annoying, inconvienence"
62818,bother,irritate
63307,bother,Something that is a pain to you that you do not want around but will not leave
62725,bother,"pester, not wanted, annoying"
63376,bother,annoy
64441,bother,disturb
63928,bother,"annoy, interrupt, in the way,"
62611,bother,"is older, is smart, family"
64231,bother,annoy
63724,bother,a person who gets on your nerves
63919,bother,"annoy, siblings, friends"
64969,bother,Older
64150,bother,"family, protector"
64030,bother,"friend, older or younger, sports, protective, smart, immature"
64063,bother,"annoying, insect, bug, buzzing in ear"
63160,bother,pest
62389,bother,"sibling, boy child,"
62602,bother,functional
64732,bother,"something i wish i had, big brother, brothers in a frat"
64327,bother,"to annoy or pester, unwanted"
62545,bother,"to annoy, irritate"
65047,bother,winnie the pooh
63115,bother,annoyance
64963,bother,"loving, support, older, younger"
65056,bother,"a pet peeve, annoyance"
64282,bother,"to abuse, to annoy, to disrupt"
62677,bother,feels annoyed. used against people.
65065,bother,"annoying, pest, like a fly, a loud noise, a nusance"
62605,bother,"annoying, pushy"
64462,bother,is kind
64174,bother,"Male, mothers son, fathers son,"
62437,bother,"disrupt, annoy, make mad"
63127,bother,a male sibling.
64549,bother,"companion, ally, friend"
64558,bother,annoying
64750,bother,to annoy
64504,bother,"roommate, annyoed"
62845,bother,"annoyed, inpatience"
62722,bother,"mean, protective,"
62704,bother,"loving, older, sibling, nice, role model"
65164,bother,annoying
63751,bother,"boy, male"
64018,wimp,"scared, not brave, affraid"
63382,wimp,not strong
62671,wimp,"soft, scared person,"
64279,wimp,Don't Know
62359,wimp,"is weak, is quiet,"
64897,wimp,"nerd, glasses, high pants, gets beat up"
62764,wimp,"skronny, little, chicken, too scared, made fun of, poor kid"
62740,wimp,someone who cannot stand a lot of pain or activity
62536,wimp,a person without strength
63100,wimp,"term used to describe someone who is not daring, used in name-calling and sometimes bullying"
63385,wimp,"weak, bullied, small"
63868,wimp,can't do much
63502,wimp,"loser, careless, weak"
62938,wimp,"won't stand up for self, scared, push over, nerd"
64270,wimp,cowardess
62695,wimp,"cries a lot, whines, small, helpless, complains,"
62818,wimp,"loser, lazy"
63307,wimp,Someone who is week and not able to perform to others standards in school sports or life
62725,wimp,"kid who doesn't stand up for themselves, kid who is picked on, a sad person"
63376,wimp,weak
64441,wimp,losser
63928,wimp,"scared, delicate"
62611,wimp,*don't know the meaning of the word*
64231,wimp,baby
63724,wimp,"easily shaken up, scared, backs down"
63919,wimp,"whinny, lazy, nerdy"
64969,wimp,Nerd
64150,wimp,"small,"
64030,wimp,"coward, not willing, scared, small, bullied"
64063,wimp,"scrawny, little, nervous"
63160,wimp,"loser, not cool, needs a friend"
62389,wimp,weak
62602,wimp,physical
64732,wimp,"little kids, bullies, lunch money"
64327,wimp,a person lacking strength
62545,wimp,"scared, person"
65047,wimp,young boy
63115,wimp,afraid
64963,wimp,"not strong, quiet , shy,"
65056,wimp,a scrawny person
64282,wimp,"to cry, to be fragile, to hurt, to be alone"
62677,wimp,scared. coward. runs away.
65065,wimp,"punk, pussy, dork, basic, bitch, cant fight, scared acting, not tough,"
62605,wimp,girly
64462,wimp,is weak
64174,wimp,"Baby, shy, emarassed"
62437,wimp,"crybaby, lazy, scared of everything, sheltered"
63127,wimp,"a ""sissy."" a coward. someone who is afraid."
64549,wimp,"lazy, lack of strength"
64558,wimp,weak
64750,wimp,used to enforce dominance
64504,wimp,"meak, small, sof spoken"
62845,wimp,"scared, small"
62722,wimp,"not cool, baby, loser, weak,"
62704,wimp,"scared, shy, not brave, not tough, not confident"
65164,wimp,weak
63751,wimp,cry
64018,it,"thing, the clown"
63382,it,a thing
62671,it,"an object, something referred to or about, adams family"
64279,it,Don't Know
62359,it,is an object.
64897,it,"thing, objects"
62764,it,"a word, a thing, used to describe something unknown"
62740,it,subject pronoun for an object
62536,it,anything person place or thing which a name is not known for or has already been referred to
63100,it,"general term, substitutes for he, she,"
63385,it,"has many meanings, used a lot, my word for a girl i don't like"
63868,it,sex
63502,it,"item, one"
62938,it,"thing, mass, takes up space, idea"
64270,it,anything
62695,it,"can be many different things,can describe what your talking about"
62818,it,thing
63307,it,Is a clown.
62725,it,"anything, one thing"
63376,it,is
64441,it,anything
63928,it,"a thing, something"
62611,it,"is a dog, lies, is small"
64231,it,something
63724,it,"the thing your always lookin for but cant find, that word you cant think of, somethin that isnt important enough to be named"
63919,it,"clow, can't describe it any other way"
64969,it,Other
64150,it,"anything,"
64030,it,talking about something in particular
64063,it,"thing, that, this, what,"
63160,it,"person, human"
62389,it,a certain thing
62602,it,physical
64732,it,"thing, if u dont no what it is"
64327,it,used to describe any object
62545,it,"that, thing"
65047,it,something else
63115,it,clown
64963,it,"no gender,"
65056,it,unknown boy or girl
64282,it,describes something
62677,it,used for description. word.
65065,it,"a character of the Adam's Family, an object, a thing, an unknown tangible piece"
62605,it,things
64462,it,is that
64174,it,Thing
62437,it,"the movie It, an object, everything"
63127,it,it
64549,it,"is, it's, one"
64558,it,"represents a person, a group, idea, etc"
64750,it,a thing
64504,it,"is,"
62845,it,anything
62722,it,"pronoun, non descriptive,"
62704,it,"anything, an item, an animal, subject"
65164,it,anything
63751,it,something
64018,male,"masculine, egotistical, strong, brave"
63382,male,"contains sperm, muscular,"
62671,male,"xy chromosone, penis, testicles, hairy, manly, deep voice, muscular, sports,"
64279,male,Don't Know
62359,male,"has short hair, is tall, is strong, wears pants,"
64897,male,"strong, hunter"
62764,male,"boy, has penis, opposite of female"
62740,male,"boy, penis"
62536,male,organism which contains only testes
63100,male,"can be animal or human, opposite of females, generally protective, some become alpha in their territory."
63385,male,"testosterone, dominate, protector"
63868,male,"testosterone, sex"
63502,male,"boy, man"
62938,male,"tall, player, sports, selfish"
64270,male,"penis, muscles"
62695,male,"hairy, dominant, strong, deep voice, a human, aggressive, facial hair,"
62818,male,"sporty, muscles"
63307,male,"Testosterone, masculine, agressive, competitive, care free"
62725,male,"large, older, facial hair, strong"
63376,male,female
64441,male,opposite to female
63928,male,"penis, man. boy, sports, tall ,short, big, small,"
62611,male,"is tall, is courageous, is strong"
64231,male,testosterone
63724,male,"dominant, in charge, wears the pants in the relationship, a gender"
63919,male,"masculine, muscles, testosterone"
64969,male,Hair
64150,male,"not female, testes, facial hair, macho"
64030,male,"guy, immature, messy, rude, tall, strong, blue"
64063,male,"big, strong, muscular"
63160,male,"human, XX, role model in life"
62389,male,"boy, man, guy"
62602,male,functional
64732,male,"strong, masculine, testorone"
64327,male,having the male sexually reproductive organs and xy chromosome
62545,male,"man, masculine"
65047,male,genitalia
63115,male,muscles
64963,male,"penis, more dominate, tall"
65056,male,a masculine person
64282,male,"is opposite of female, has a penis, is dominant, is arrogant, is tall"
62677,male,men. ooposite sex. sounds noisy. smells.
65065,male,"men, boys, bigger built than women,, more hairy than women, facial hair, deep voices, emotionally unattached,"
62605,male,"pigs, dogs"
64462,male,is a boy
64174,male,Boy
62437,male,"dominant, bigger"
63127,male,has a penis.
64549,male,"man, boy, gender"
64558,male,"strong, muscular"
64750,male,masculine
64504,male,"boy, love, big, strong, testoserome"
62845,male,"strong, muscular"
62722,male,"boys, men, lower voices, muscles"
62704,male,"boy, testosterone, cologne"
65164,male,strong
63751,male,"boys, tough"
64018,empty,darkness
63382,empty,"not full,"
62671,empty,"hollow, box with nothing in it, emotionless,"
64279,empty,Don't Know
62359,empty,Contains nothing
64897,empty,"alone, missing something"
62764,empty,"gone, no more, missing"
62740,empty,"nothing inside,"
62536,empty,with no substance inside a container
63100,empty,"opposite of full, nothing"
63385,empty,"nothing, hollow, meaningless"
63868,empty,"nothing, open"
63502,empty,none
62938,empty,"gone, over, not there"
64270,empty,gone
62695,empty,"nothing inside, holding nothing, lack of objects"
62818,empty,room
63307,empty,To not be full. You can feel empty when you are lost or confused. The cup is empty when you drink all of the water.
62725,empty,"nothing there, open space"
63376,empty,full
64441,empty,full
63928,empty,"gone, not full"
62611,empty,"box, room, hollow sound"
64231,empty,no more
63724,empty,"not full, empty space, the stadium at a royals game"
63919,empty,"none, gone, not full"
64969,empty,Nothing
64150,empty,"gone,"
64030,empty,"nothing, lonely, hungry, sad, need someone, sad, depressed"
64063,empty,"gone, nothing left, needs more, sad"
63160,empty,"not full, without object"
62389,empty,"nothing in it, zero"
62602,empty,physical
64732,empty,"the glass, thoughts, emotions"
64327,empty,the state of not being filled
62545,empty,not full
65047,empty,gas tank
63115,empty,air
64963,empty,"nothing inside, all gone,"
65056,empty,waste basket
64282,empty,"is lonely, is valueless, is void,"
62677,empty,without things. space. blankness.
65065,empty,"nothingness, all gone, with out, alone, depressing, needs encouragement"
62605,empty,"sad, lonely"
64462,empty,is sad
64174,empty,"Bare, nothing inside"
62437,empty,"nothing in it, lost in the world, feel bad and sad, nothing to it"
63127,empty,nothing is in it.
64549,empty,"lacking, containing nothing"
64558,empty,nothing
64750,empty,not full
64504,empty,"stomach, gone, not there, depress,"
62845,empty,"nothing, glass"
62722,empty,"not full, lacking"
62704,empty,"none, gone, blank"
65164,empty,no more left
63751,empty,"none, gone, by bye"
64018,tupperware,"extra food, packing food"
63382,tupperware,"contains food, is made of plastic, used for storage"
62671,tupperware,"plastic, storage, leftover food, fridge"
64279,tupperware,"plastic, used to heat food, used to contain food"
62359,tupperware,"stores food, has different sizes, has different brands, is washable, is dishwasher safe, comes in different sizes, comes in different colors, is disposable"
64897,tupperware,"dishware, holds food"
62764,tupperware,"plastic, microwavable, leftovers are stored in here"
62740,tupperware,kitchen container used to store food
62536,tupperware,brand of container used to seal food
63100,tupperware,"is man-made, used to store excess food so that it will keep fresh"
63385,tupperware,"made of plastic, holds food, hard to find lid for"
63868,tupperware,"glad, plastic, lid"
63502,tupperware,"food, cookies, sugar"
62938,tupperware,"container, holds stuff, microwaveable, lids"
64270,tupperware,"plastic, stores food"
62695,tupperware,"made of plastic, has lids usually, holds food usually,"
62818,tupperware,"holds food, stores things"
63307,tupperware,Used in the kitchen. They are appliances. Used to store food or other small items
62725,tupperware,"holds food, plastic, smells, microwaveable"
63376,tupperware,cook
64441,tupperware,plastic
63928,tupperware,"plastic, dinnerware, cookware, lids, tupperware parties, glass, plates,"
62611,tupperware,*don't know the meaning*
64231,tupperware,plastic
63724,tupperware,"holder of leftovers, can be rectangular, can be oval, 3 dimensional, often clear"
63919,tupperware,"plastic, container, lid, clear"
64969,tupperware,Leftover
64150,tupperware,"container, cooperation,"
64030,tupperware,"hold food, can be any size, has a lid, keeps food fresh. used for household food, smooth. reusable"
64063,tupperware,storage for food
63160,tupperware,"plastic, for keeping food in, round or square"
62389,tupperware,"storage, plastic,"
62602,tupperware,functional
64732,tupperware,"food, heat up, mircowave"
64327,tupperware,"made of plastic, used to hold left over food"
62545,tupperware,"container, storage, food"
65047,tupperware,never can keep the top with the bottom
63115,tupperware,plastic
64963,tupperware,"containers, storage devices, clear, holds left overs"
65056,tupperware,plastic boxes
64282,tupperware,"is clear, is durable, is used to store food"
62677,tupperware,plastic. used for storing things. hard. usually clear. container.
65065,tupperware,"plastic, or glass, with lids, keeps food fresh, storage, older women's parties"
62605,tupperware,leftovers
64462,tupperware,is plastic
64174,tupperware,"Plastic, leftovers, kitchen"
62437,tupperware,"Glad, plastic, keep food fresh longer"
63127,tupperware,used to hold food.
64549,tupperware,"spoon, fork, knife"
64558,tupperware,plastic contain to store items
64750,tupperware,to save for later
64504,tupperware,"work, school lunch, kept togther"
62845,tupperware,"plastic, strong"
62722,tupperware,"bowls, storage containers, food"
62704,tupperware,"leftovers are in tupperware, plastic, lid, bowl"
65164,tupperware,food storage
63751,tupperware,"containers, plastic, dishwasher safe, guarantee,"
64018,gloves,"warm, fingers, winter"
63382,gloves,"keep hands warm, protective covering"
62671,gloves,"on hands, leather, pair"
64279,gloves,"made of many materials, used to protect hands, have 5 finger spaces on each hand, come in many sizes"
62359,gloves,"used during winter, keeps hands warm, protects from hard surfaces,"
64897,gloves,"covers hands, keeps hands warm"
62764,gloves,"used to protect hands, used to keep hands warm during winter"
62740,gloves,"go on your hands, often used to keep warm"
62536,gloves,"articles of clothing worn on the hands, to protect from dangers in environment including cold, harmful substances, or physical dangers"
63100,gloves,"is a object used for protection of your hands, can be made of leather, cotton, animal skins."
63385,gloves,"protects the hands, made of strong substance, used during winter or hard labor"
63868,gloves,"warm, cold weather"
63502,gloves,"hands, fingers, protection"
62938,gloves,"on hands, keep warm, fingers,"
64270,gloves,"warm, protective"
62695,gloves,"made for hands, worn when cold, used for protection, comes in different colors, 5 fingers, tight fit, one size fits all, different for men and women"
62818,gloves,"rubber, safety"
63307,gloves,"Protect your hands from weather. You wear them when you are working with chemicals or the body. You can wear them when you are gardening, or working out."
62725,gloves,"warmth, protection, plastic, is a barrier"
63376,gloves,"hands, blisters, rough"
64441,gloves,put on hand to keep warm
63928,gloves,"rubber, cloth, wool, protects hands, keeps hands warm, ugly, pretty, different designs, different colors, mittens"
62611,gloves,"are weared on hands, are warm, are woollen"
64231,gloves,protection
63724,gloves,"covers hands, used in gardening, used in dishwashing, used in sports, 5 fingers"
63919,gloves,"doctors, nurses, hair stylists"
64969,gloves,Protection
64150,gloves,"hands, fingers, warm"
64030,gloves,"wrap, smooth, comforting, warm, winter, snowman, sledding"
64063,gloves,"cold, winter, soft, fuzzy"
63160,gloves,"for warmth, grip, protection"
62389,gloves,"warm, stylish, protection"
62602,gloves,functional
64732,gloves,"rubber, fit to the hand, rip easy"
64327,gloves,"used to protect hands, made of different plyible plastics"
62545,gloves,"finger covering, used in the cold"
65047,gloves,mittens
63115,gloves,protection
64963,gloves,"hands, warm, colors"
65056,gloves,hand protectors
64282,gloves,"have five fingers, have one size, are soft, are used to protect your hand"
62677,gloves,feels soft. used by humans to protect hands. used for working. used to be used for social functions.
65065,gloves,"they go on hands, they are worn for fashion or for protection, plastic, rubber, laytex, cotton, leather, lace"
62605,gloves,"warmth, hands"
64462,gloves,protect
64174,gloves,"Hands, covering"
62437,gloves,"wear when it's cold, baseball glove, gardening gloves"
63127,gloves,used when it is cold outside. keeps hands warm.
64549,gloves,"protection, fingers"
64558,gloves,"protective gear of the hands, baseball glove"
64750,gloves,cover hands
64504,gloves,"baiting, winter, cold,"
62845,gloves,"clean, warm"
62722,gloves,"hand, fingers, warm, laytex"
62704,gloves,"wear in winter time, they are warm, come in solid colors, come in designs"
65164,gloves,hand protection
63751,gloves,"used to provide coverage, used to provide warmth"
64018,ax,"sharp, tool"
63382,ax,"cuts wood,"
62671,ax,"cut trees, long handle, sharp, swing it"
64279,ax,"sharp, heavy, large"
62359,ax,"is sharp, used to cut wood, used to break down items, firefighters have one,"
64897,ax,chops wood
62764,ax,"used to chop down trees, sharp, in the woods"
62740,ax,used to cut wood
62536,ax,"weapon, used to cut trees"
63100,ax,tool used in war and to cut objects such as trees
63385,ax,"sharp, cuts down trees, red blade with wood handle"
63868,ax,cut wood
63502,ax,wood
62938,ax,"cut, hack,"
64270,ax,"sharp, heavy"
62695,ax,"used to chop wood, sharp, can be dangerous, tool, made of steel"
62818,ax,"tool, cut"
63307,ax,"Cutting wood, or used as a weapon. Tool for men at farms"
62725,ax,"strong, used to cut things, a mans tool"
63376,ax,wood
64441,ax,heavy knife
63928,ax,"sharp, big, small, tool, cuts wood, trees,"
62611,ax,*I don't know what ax is*
64231,ax,cutter
63724,ax,"a tool, used to cut things, often in scary movies"
63919,ax,"logging, loggers, lots of time, wood stove"
64969,ax,Lumber
64150,ax,"trees, firewood, sharp, tool"
64030,ax,"tool, hard, cold, hangs up in shed, sharp, helpful"
64063,ax,"heavy, powerful, cuts"
63160,ax,"used for cutting, wooden, metal"
62389,ax,"cutting tool, weapon,"
62602,ax,functional
64732,ax,"sharp, killing weapon, trees"
64327,ax,"used for chopping/cutting, made of metal and wood"
62545,ax,weapon
65047,ax,melee weapon
63115,ax,wood
64963,ax,"tool for cutting wood, is sharp, has a handle"
65056,ax,a strong cutting utensil
64282,ax,"is a tool to chop wood, is a weapon, has a shaft and head, is sharp, is made of a metal, is obsolete,"
62677,ax,sharp. can chop things. used by people.
65065,ax,"sharp, heavy, used for cutting wood, logo for silver dollar city, associated with old time tool, wooden handle, sharp metal head"
62605,ax,"trees,lumber"
64462,ax,is destructive
64174,ax,"Tool, weapon, steel, handle, sharp"
62437,ax,"murder, cuts trees and logs, lumberjack, deoderant spray"
63127,ax,used to chop wood. sharp.
64549,ax,"pick, chop, wood, cut"
64558,ax,"tool, sharp, cuts through things"
64750,ax,a tool used for distructive purposes
64504,ax,"cut, wood, timber"
62845,ax,"sharp, grey"
62722,ax,"chop wood, sharp, dangerous"
62704,ax,"wood, metal triangle on end, fireword, cutting, chopping"
65164,ax,wood chopping
63751,ax,"sharp, weapon, used to chop down wood"
64018,small,"children, toys, objects, grapes"
63382,small,"tiny, fits in tight spaces"
62671,small,"tiny,"
64279,small,Don't Know
62359,small,"is tiny, unseen"
64897,small,tiny
62764,small,"tiny, little, not big"
62740,small,minute in size
62536,small,"opposite of large, without substantial size"
63100,small,"a size, description of something"
63385,small,"tiny, takes up little space"
63868,small,"short, little, cute"
63502,small,"little, tiny"
62938,small,"little, tiny, not big"
64270,small,tiny
62695,small,"hard to see, have to squint, may overlook, below average"
62818,small,"tiny, little"
63307,small,"Not large. Microscopic, not very detailed."
62725,small,"short, skinny, thin, breakable"
63376,small,tiny
64441,small,opposite to large
63928,small,"tiny, little, not alot,"
62611,small,"rock, butterfly, hair"
64231,small,not big
63724,small,"something not big, not very much space, not very much volume"
63919,small,"tiny, mini, miniture"
64969,small,Tiny
64150,small,"not big, little"
64030,small,"little, tiny, shrimp, cant reach"
64063,small,"little, short, tiny"
63160,small,"tiny, lost without knowing"
62389,small,"little, short, skinny,"
62602,small,physical
64732,small,"short, tiny, brain"
64327,small,"not big, lesser from your perspective"
62545,small,"tiny, miniscule"
65047,small,size
63115,small,tiny
64963,small,"tiny, little, fragile"
65056,small,a mouse
64282,small,"little, tiny, not large, is simple"
62677,small,not large. tiny. miniature.
65065,small,"little, tiny, petitie, miniature, fun-sized, dwarfish, munchkin, children, babies,"
62605,small,"mouse, short, thin"
64462,small,is cute
64174,small,"Little,"
62437,small,"little, baby, kid, child, itty bitty, cute,"
63127,small,not big.
64549,small,"little, tiny, dwarf"
64558,small,"tiny, narrow"
64750,small,something thats not as big as other things in its environment
64504,small,"little, petit, children"
62845,small,"tiny, mouse"
62722,small,"little, short"
62704,small,"a mouse, a petitie person, shoe size, babies"
65164,small,little thing
63751,small,"tiny, baby"
64018,cabbage,"food, rolls"
63382,cabbage,vegetable
62671,cabbage,"vegatable, soup, contains water"
64279,cabbage,"green, edible, grown in garden,"
62359,cabbage,"is food, is green, is a vegetable, is good for you, kimchi,"
64897,cabbage,"green, smelly, nasty"
62764,cabbage,"is a vegetable, is green, is grown in a garden, is eaten by rabbits, is crunchy, is similar to lettuce, contains a lot of water, takes sun to grow"
62740,cabbage,"vegetable, green"
62536,cabbage,"similar to lettuce, edible"
63100,cabbage,"is a veggie, green, put in gardens to be harvested and eaten"
63385,cabbage,"green, in salad, grown from ground"
63868,cabbage,"vegetable, gross"
63502,cabbage,"food, vegetable"
62938,cabbage,"vegetable, leaf like, nasty"
64270,cabbage,"green, leafy, watery, is food"
62695,cabbage,"vegetable, green, leafy, bitter, edible, natural"
62818,cabbage,"green, vegetable"
63307,cabbage,"Vegtable, smells bad, corn beef"
62725,cabbage,"lettuce, vegtable, used in salads"
63376,cabbage,brocolli
64441,cabbage,vegetable
63928,cabbage,"green, round, leaves, came from seeds,"
62611,cabbage,"is a vegetable, is green, is small, grows in the garden"
64231,cabbage,green
63724,cabbage,"not very appealing, used in casseroles, used in salads, usually green, can be red"
63919,cabbage,"purple, green, rabbits, gardens"
64969,cabbage,Green
64150,cabbage,"vegetable, green, salad,"
64030,cabbage,"food, rabbits, garden, green, in salad, healthy"
64063,cabbage,"salad, green, lettuce"
63160,cabbage,"food, green, does not taste good"
62389,cabbage,"food, gross, green, lettuce"
62602,cabbage,functional
64732,cabbage,"nasty, green, vegetable"
64327,cabbage,"a vegetable, leafy and green"
62545,cabbage,vegetable
65047,cabbage,is in Eggs rolls
63115,cabbage,vegetable
64963,cabbage,"green, garden, oval,"
65056,cabbage,lettuce's sister
64282,cabbage,"smells, is green, is crunchy"
62677,cabbage,is eaten. used for food. is green. cole crop.
65065,cabbage,"green, round, vegetable, in the ground, smells funny, used in soups"
62605,cabbage,"gross, green"
64462,cabbage,is gross smelling
64174,cabbage,"vegetable, green, grows, plant"
62437,cabbage,"lettuce, cabbage patch kids"
63127,cabbage,vegetable. used to make a salad.
64549,cabbage,"vegetable, salad, green"
64558,cabbage,"edible, leafy, green"
64750,cabbage,used to make sauerkraut
64504,cabbage,"green, yucky"
62845,cabbage,"green, healthy"
62722,cabbage,"green, vegetable, healthy"
62704,cabbage,"vegetable, green, used in coleslaw,"
65164,cabbage,green vegetable
63751,cabbage,"vegetable,"
64018,feet,"size, shoe, socks"
63382,feet,"have toes, used to walk"
62671,feet,"walk on, shoes, socks, different sizes"
64279,feet,unit of measure or body part
62359,feet,"needed to walk, contain five toes"
64897,feet,"shoes, socks, five toes, ball, toenails"
62764,feet,"smelly, weird looking, nasty, used for walking, have toes, connected to ankles"
62740,feet,"body parts, have 10 toes, wear shoes on them"
62536,feet,"appendages connected to legs, length of measurement"
63100,feet,"is part of the human and animal anatomy, used to walk places and helps maintain balance"
63385,feet,"on bottom of legs, has toes, helps you walk"
63868,feet,"toes, little, gross"
63502,feet,"sweaty, stinky"
62938,feet,"body, nasty, toes, different sizes"
64270,feet,"ugly, long, short, fat, skinny"
62695,feet,"part of the body, used for walking, have 5 toes on each, 2 feet are common for humans, shoes cover them"
62818,feet,"gross, toes"
63307,feet,What you use to walk. At the inferior portion of the body
62725,feet,"on the body, 10 toes, smelly, needed to walk"
63376,feet,clean
64441,feet,tools
63928,feet,"10 toes, conected to the ankles, small, long, narrow, wide,"
62611,feet,"are trained, big, strong"
64231,feet,toes
63724,feet,"most people have two, used to walk, used to stand, have toes"
63919,feet,"gross, nasty, fungus, large, small, average, wide"
64969,feet,Flat
64150,feet,"two, toes, shoes,"
64030,feet,"helpful, stinky, has 5 toes. comes in many sizes, can be covered and protected with shoes"
64063,feet,"big, small, smelly, pedicure, spa"
63160,feet,"small or large, warm and cold at times, part of human body"
62389,feet,"what you walk on, how you balance, toe"
62602,feet,functional
64732,feet,"big, hairy, toes"
64327,feet,the part of the body used to walk on
62545,feet,"at the bottom of your body, used for walking, toes"
65047,feet,pointed
63115,feet,toes
64963,feet,"toes, smelly"
65056,feet,"a smelly body part,"
64282,feet,"are ugly, are useful, have five toes, are dirty"
62677,feet,used by animals to walk. smells. feels. part of the body.
65065,feet,"ten toes, you walk on them, they carry you, pedicures, lighter on the bottoms, strong,"
62605,feet,"stink, shoes"
64462,feet,are strong
64174,feet,"Toes, skin, tissue, muscle"
62437,feet,"bottom of body, hands, shoes, needed to stand and run, can be nasty"
63127,feet,usually have 5 toes on each foot.
64549,feet,"toes, shoes, socks"
64558,feet,"support of body, 10 toes,"
64750,feet,used to stand
64504,feet,"gross, smell, pedicure"
62845,feet,"irregular, pale, toe nails"
62722,feet,"are used to walk, wear socks and shoes on them, have toes"
62704,feet,"12 in, big, small, smelly, gross,hairy, smooth"
65164,feet,shoes
63751,feet,"two, wears socks, shoes, toes,"
64018,quiet,"silent, library"
63382,quiet,"no sound, peaceful"
62671,quiet,"not loud, as a mouse, library, peaceful"
64279,quiet,Don't Know
62359,quiet,"no sound, not talkative"
64897,quiet,"soft, piano"
62764,quiet,"not loud, soft voice"
62740,quiet,not a lot of noise or sound
62536,quiet,without sound
63100,quiet,"absences of disturbing noise, can be peaceful"
63385,quiet,"no noise, silence, hear your thoughts"
63868,quiet,"soft, listen"
63502,quiet,peaeful
62938,quiet,"not loud, doesn't talk, simple"
64270,quiet,"no talking, no noise"
62695,quiet,"no sounds, peaceful, relaxing,"
62818,quiet,"mouse, sneaky"
63307,quiet,"To be calm. Not talking, not moving"
62725,quiet,"no noise, happens in a library, needed to sleep"
63376,quiet,peaceful
64441,quiet,silent
63928,quiet,"whisper,"
62611,quiet,"is in a library, is boring"
64231,quiet,peaceful
63724,quiet,"peace, relaxation, alone time"
63919,quiet,"no noise, reading, library"
64969,quiet,Silence
64150,quiet,peaceful
64030,quiet,"no sound, peaceful, loving, baby sleeping, time to think"
64063,quiet,"shh, no noise"
63160,quiet,"silent, not talkative, without words, a state of peace"
62389,quiet,"silent, not loud"
62602,quiet,physical
64732,quiet,"sleep, study, family time"
64327,quiet,"the absence of sound, not loud"
62545,quiet,"not talking, without noise"
65047,quiet,Library
63115,quiet,silence
64963,quiet,"no one talking, nothing can be herd"
65056,quiet,"a mute, nap time,"
64282,quiet,"is hushed, is silent, is whispered, is distant"
62677,quiet,solitude. peace. without sound.
65065,quiet,"calm, relaxed, shy, at ease, chill"
62605,quiet,"mouse, wisper"
64462,quiet,is calm
64174,quiet,"No noise, peace"
62437,quiet,"ssshhh, library, older people, shy people"
63127,quiet,necessary in a library.
64549,quiet,"low volume, characterless"
64558,quiet,no noises
64750,quiet,without sound
64504,quiet,"girl, little, soft spoken"
62845,quiet,"mouse, silence"
62722,quiet,"shy, reserved, observant,"
62704,quiet,"whispering, during a test, when someone else is talking"
65164,quiet,calmness
63751,quiet,"no noise, listen, dont talk, pay attention"
64018,search,"google, look"
63382,search,to look for intently
62671,search,"to search for, word search, treasure map"
64279,search,Don't Know
62359,search,looking for
64897,search,"find, look for something"
62764,search,"look for, find it"
62740,search,to look for
62536,search,to look for
63100,search,act of looking for someone or something
63385,search,"look for, walk around picking up things, missing item to find"
63868,search,"google, looking for something"
63502,search,"look, gaze"
62938,search,"look for, discover, find, seeking something"
64270,search,look for
62695,search,"paying closer attention, trying to find something, used when an object is lost"
62818,search,"find, google"
63307,search,To look something up. Trying to find something
62725,search,have to do becuase something is lost or you can't find it
63376,search,hard
64441,search,looking for
63928,search,"look for,"
62611,search,"zoom, is fast, is scrupulous"
64231,search,look for
63724,search,an expedition to find someone or something
63919,search,"found, lost and found, missing children"
64969,search,Found
64150,search,"to look diligently,"
64030,search,"to find, lost person, lost object, could last a long time, light house"
64063,search,"find, lost,"
63160,search,"discover, find, learn"
62389,search,"google, looking for something,"
62602,search,physical
64732,search,"engine, goole, ask jeeves, wikopedia"
64327,search,to have lost something and to try to find it
62545,search,"look for, find"
65047,search,blank bar on Google
63115,search,team
64963,search,"look, discover"
65056,search,"task-bar, resources"
64282,search,"to find, to locate, to seek out, is used to find something"
62677,search,used to find things. used by living things. noisy. desperate.
65065,search,"seek, find, look for,"
62605,search,"internet, lost people"
64462,search,is to find
64174,search,"Looking, moving things, trying to find,"
62437,search,"find, want an answer, need something, lost something, look"
63127,search,to find something or someone.
64549,search,"find, seek, quest"
64558,search,looking for something
64750,search,to look for
64504,search,"enigine, google, find, know more"
62845,search,google
62722,search,"find answers, use books or internet,  the web"
62704,search,"google, internet, yahoo, ask, library catalog"
65164,search,to look for
63751,search,"look, obtain, wonder, find,"
64018,rock,"solid, big, bold"
63382,rock,"hard, made of minerals,"
62671,rock,"hard, wierd shapes and sizes"
64279,rock,"made of minerals, come in a variety of sizes, can be used as a doorstop, hard, can be broken into pieces"
62359,rock,"is hard, is near the lake, is grey, hurts,"
64897,rock,"solid, hard, pointy"
62764,rock,"hard, from the earth, heavy, don't throw at people"
62740,rock,"stone, boulder, pebble, sedimentary, igneous, metamorphic"
62536,rock,large piece of solid earth
63100,rock,"is a nonliving object in nature, hard, comes in many colors depending where you are. can be smooth or rough and can be made of different materials"
63385,rock,"earth, ground, hard, solid"
63868,rock,"hard, music"
63502,rock,"ground, earth, floor, grass, nature"
62938,rock,"round, everywhere, on the ground, smooth, hard"
64270,rock,"dull, small"
62695,rock,"had, found outside, made of combined materials, dirty, rough, natural, commonly found"
62818,rock,"stone, woods"
63307,rock,Music that involves instruments rather than a DJ beat.
62725,rock,"hard, smaller piece of the earth, solid"
63376,rock,hard
64441,rock,music
63928,rock,"large, small, heavy, light, different kinds, different colors, volcanic, around for years,"
62611,rock,"loud, exciting, is music, produced with instruments"
64231,rock,hard
63724,rock,"studied in geology, all around us, most of the world,"
63919,rock,"music, hard, granite,"
64969,rock,Hard
64150,rock,"Element, the earths core, hard, can be pretty, useful tool,"
64030,rock,"hard, outside, string, can break, useful, landscaping, trees, plants"
64063,rock,"rock n roll, bret michales"
63160,rock,"solid, outside, not for toy"
62389,rock,"hard, minerals, rough, strong, stable"
62602,rock,functional
64732,rock,"wwe fighter, solid, fun to throw, weapon,"
64327,rock,"mineral, what the ground or earth is made up of"
62545,rock,"nature, rock music"
65047,rock,paper scissors
63115,rock,hard
64963,rock,"hard, big, small, grey, red, brown,"
65056,rock,a hard object
64282,rock,"is solid, is big, is small, can be heated, can be melted, can be cooled, are located all over the world"
62677,rock,hard. used for decorative purposes by people. comes from bigger rocks.
65065,rock,"foundation, sturdy, hard, on the ground, stones"
62605,rock,"hard, cold"
64462,rock,is stable
64174,rock,"Strong, stone, earth"
62437,rock,"bottom, are hard, can be thrown, the Wrestler"
63127,rock,it is hard. it can be in many shapes. it comes in different colors. they are hard.
64549,rock,"stable, finite, ordinary"
64558,rock,"solid, forms a hill or mountain, sharp or smooth"
64750,rock,hardened minerals
64504,rock,"star, ocean, solid, never broken"
62845,rock,"hard, grey"
62722,rock,"is hard, different kinds, different shapes, gravel"
62704,rock,"smooth, rough, big, small, round, oval, variety"
65164,rock,hard object
63751,rock,"stone,"
